entity_id	business_name	business_address	country
S1-925783039	Orelee's Barbershop	1795 Westchester Drive, High Point, NC	US
S1-773889195	Prime Money	17560 Ellis Road, Tahlequah, OK	US
S1-377745466	B+ Retail Inc	1712 Montebello Avenue, Phoenix, AZ	US
S1-133037285	Christ Chapel	2100 Cameron Drive, Unit APARTMENT G, Dundalk, MD	US
S1-755362802	Prabhav Business Center	797, Lake Town Block A, Kolkata, Howrah, West Bengal	India
S1-851869949	Custom Wealth Services LLC	OH, Columbus, 5559 Orville Avenue	US
S1-785847572	Consulting Nyasa Nursing Private Limited	2505, Tower 1, Oakwood, Runwal Greens, Mulund Goreagon Link Road, Near Fortis Hospital, Bhandup West, Mumbai, Maharashtra	India
S1-27541239	Nexus Anchor Rain	1111 Church Street, Unit 2007, Nashville, TN	US
S1-629417405	Moore Bitwise Inc	337 Oakland Avenue, Michigan City, IN	US
S1-22305073	Dermatology Green Medicine	294 Meadowcreek Drive, Unit Unit 2, Village Of Pewaukee, WI	US
S1-504790211	Crystal Lending PC	11643 Prosperity Road, South Jordan, UT	US
S1-564729135	Dream Construction Limited	H.No.16-11-23/37/A, 2Nd Floor, Flat No.207, Sagar Hotel Building, Opp.Rta Office, Mo, Osarambagh, Hyderabad, Telangana	India
S1-236312382	Kelly Advisory, Inc	301 1st Street, Chokio, MN	US
S1-865131206	Helios	66 Edgewood Street, Bridgeport, CT	US
S1-626914593	Unified Choice Dynamix	Unit BUILDING 3030, MD, 2701 Eastern Boulevard, Middle River	US
S1-765734254	Health Fellowship Partners	601 Oleander Circle, Virginia Beach City, VA	US
S1-82053739	Smart Healthcare Private Limited	303, 3Rd Floor Sakar 5 B/H Natraj Cinema Ashram Road, Ahmedabad, Gujarat	India
S1-309349399	Callicoat & Dailey Inc	Charlotte, NC, 833 Reliance Street	US
S1-221443075	Iris Advisors	House No-777 Raghubir Bhawanmadan Pur Khadar Sarita Vihar, Delhi, South Delhi, Delhi	India
S1-341506266	Secunderabad Park Private Limited	Secunderabad, Hyderabad, Plot No.53, Flat No.402, Sr Estate-I Rainbow Colony, Ammuguda, Sainikpuri, Telangana, # 53/1	India
S1-990319941	Holy Synagogue	Sapulpa, OK, 2204 Park Street	US
S1-597762257	Green Logistics Private Limited	E-7, Second Floor, New Delhi, South Delhi, Delhi	India
S1-661315962	Scott Eagle Inc	4828 Hedges Avenue, Kansas City, MO	US
S1-716574008	Rajani Enterprises of Kannur	46/1106, Dhanalakshmi Road, Near Amani Auditorium, Kannur, Kerala	India
S1-985038901	Schaefer, Michael and Silver Associates	32876 Circle Drive, Millsboro, DE	US
S1-404435514	Colline Molitor Sea LLC	5620 Trinity Road, Unit 103, Raleigh, NC	US
S1-252242682	Aggie E. Nagle, L.C.S.W.	11900 54th Avenue, Plymouth, MN	US
S1-981440385	Angad Multitrade Ltd	Building No. 37/4, First Floor Opp Bharata Mata College, Vazhakkala, Thrikkakara, Ernakulam, Kerala	India
S1-883973644	Global Hovnanian LLC	4024 39th Avenue, Seattle, WA	US
S1-17666546	Pacific Learning Laboratories LLC	4810 Nassau Avenue, Sand Springs, OK	US
S1-513115995	Thomas Calisa	126 D Street, Pittsfield, ME	US
S1-791217329	Indian Brothers Private Limited	#17/1, Lower Ground Floor, 1St Cross, Lalbagh Road, Bangalore South, Bangalore, Karnataka	India
S1-602913883	Cascade Allied Telecom LLC	165 Linden Street, Unit 106, Wellesley, MA	US
S1-401372098	Apex Inc	108 Richardson Street, Bethany, WV	US
S1-796227187	Foot & Ankle Allied Center LLC	1216 Preston Avenue, Charlottesville City, VA	US
S1-945437722	Joeann Hills Park Inc.	10101 Threave Road, Unit 301, Raleigh, NC	US
S1-982210261	Mayur Hospital of Gondal	C/O Dwarkadhis Enterprise, C.M. Palace, Ist Floor, Shop 3, Vill: Gondal(Mog), Gondal, Rajkot, Gondal, Rajkot, Gujarat	India
S1-976369483	FUE Pgim Care	211 Dewey Road, IL, Rockton	US
S1-370715897	Primary Care Physicians Inc.	53 Park Lane, Wellsville, NY	US
S1-27029362	Global Ministries	74 429, Stockdale, TX	US
S1-145829425	North Storage Care	2804, Tower A, Sarova, Samata Nagar, Kandivali East, Mumbai, Maharashtra	India
S1-993527714	George Saul Inc	Unit UNIT 367, 1400 Great Wolf Drive, WI, Village Of Lake Delton	US
S1-965555167	Siobhan's Bike Shop LLC	1644 Crownsville Road, Fl 0, Crownsville, MD	US
S1-151608539	Orchid Renewable Ltd	House No.26-352, Kadavakollu Bhavanam, Bhuttaipeta, Near E.N.T Hospital, Machilipatanam, Krishna, Andhra Pradesh	India
S1-714672596	Foot & Ankle Patriot Group	325 Cross Street, Unit LOT 1A, Anderson, IN	US
S1-134898809	Corner Hypnosis	26 Stone Street, Unit 3, Beverly, MA	US
S1-500841209	Bautista Properties LLC	7196 State Route 14, Mcleansboro, IL	US
S1-855787505	Blue Steels Limited	12, Floor 2, Plot-750, 20, Satnam Nagar, Dr G D Marg, Mumbai, Maharashtra	India
S1-277072715	Shiva Management Private Limited	D No. 20-6-3/12, Dantuluri Vari Street, Ayodyanagar, Vijayawada (Urban), Krishna, Andhra Pradesh	India
S1-269656551	Impetus Hotel Public Limited	Canal Road Wakdai Nagar, Mangaon, Raigarh, Maharashtra	India
S1-356020591	Essy Reed Royal Internet LLC	9889 Kent Street, Elk Grove, CA	US
S1-627144525	Little Diner Center	AL, Hodges, 541 117	US
S1-514155563	Horizon LLC	2025 Sterigere Street, West Norriton Township, PA	US
S1-942221484	Healthcare Janki Nutrition Pvt. Ltd.	Kalasandesh, Bharatkunj - 2, 19/38, Erandwana, Pune, Maharashtra	India
S1-966462381	Abhushan & Brothers Co	Hig 28 1St Floor Indra Nagar, Kanpur, Uttar Pradesh	India
S1-681392030	Care Institute of Technology	West Bengal, Howrah, 229, Kolkata, Netaji Subhas Chandra Bose Road Vishnu Enclave, 3Rd Floor, Flat No.- 3A, Kolkata	India
S1-492467148	Cure Bike Shop	1317 University City Boulevard, Unit APT 5, Blacksburg Town, VA	US
S1-791867209	WG Harbor Worldwide P.C.	101 Oak Street, Lohrville, IA	US
S1-951599976	Unified Green Target LLC	1037 Cedar Grove Road, Halifax County, VA	US
S1-315450523	Fleming Global Manufacturing Inc	2332 Hidden Brook Road, Finksburg, MD	US
S1-666876590	Ss Systems Limited	A-1, Malad (West), Mumbai, Maharashtra, 401, Rahul Apartment, Marve Road	India
S1-913301865	Technologies Pratyaksh Finserve Limited	Village Kurali, Sabhapur Road Tehsil Bilaspur. Block Sadhoura, Tehsil Bilaspur, Yamuna Nagar, Haryana	India
S1-216181354	United Consultants Private Limited	1/522A, Survey No 52, Rajput Associates, Kolkhe, Panvel, Raigarh(Mh), Maharashtra	India
S1-454111437	Maa Research Private Limited	Flat No-702, Sapphire A, Gulmohur Tower, Chiranjeev Vihar, Sector, -6, Ghaziabad, Uttar Pradesh	India
S1-960158214	Tinoco Institute of Technology Inc	27418 Fairway Oaks Drive, Huffman, TX	US
S1-743171772	Ear Nose & Throat Group of Oberlin	94 Oberlin Road, Oberlin, OH	US
S1-965549055	Wilson Toyo LLC	120 Lake Drive, Stevensville, MD	US
S1-947119891	Prairie Initiative	15 Bellview Avenue, Brookhaven, NY	US
S1-511561869	JPY Energy Pvt. Ltd.	109 2 Floor 16 Cross Road, Jp Nagar Phase 4, Dollars, Bangalore South, Bangalore, Karnataka	India
S1-302710833	Kial Weaver Signature Associates Halifax	NC, 6961 301, Halifax	US
S1-888660595	Raheja Estates Limited	Zahid Manzil, Maharashtra, Mumbai, Mumbai City, Plot No.2, Shop No.7, Kkg Marg, Off Juhu Road, Opp Royal Hotel	India
S1-684656443	Green Ventures Ltd	P. O. Ranasan, Ta. Talod, Ranasan, Sabar Kantha, Gujarat	India
S1-279914306	Jobst Royal Metal Works LLC	Grayson, 115 Paradise Hill, KY	US
S1-294547159	DBC Agricultural LLC	18646 Christanna Highway, Brunswick County, VA	US
S1-208973592	Morgan Ameren Inc	LA, 266 Enterprise Drive, Houma	US
S1-859252896	Rev It Up Ice Cream	8304 Rolling Hills Drive, Nixa, MO	US
S1-630223771	All International LLP	Office 105, Flr-1, Sujata Chambers, Abhaychand Gandhi Marg, Mirchi Gully Masjid Stn Man, Dvi, Mumbai, Mumbai City, Maharashtra	India
S1-223600564	Pushpam Institute Corp	1204, Block-C, Stratum @ Venus Ground, Nr. Jhansi Ki Rani Statue, Nehrunagar, Ahmadabad City, Ahmedabad, Gujarat	India
S1-72918323	Nguyen Avalanche LLC	42 Cedar Circle, Crossville, TN	US
S1-754175313	Alpha Media Private Limited	28-B, Chand Bihari Nagar Near Khatipura Bridge Khatipura, Jaipur, Rajasthan	India
S1-970518712	Trident Welfare Society	9/2113, Gali No.-7 Kailash Nagar, New Delhi, East Delhi, Delhi	India
S1-366329737	Silver Constructions LLP	101 Cts No, 917/18 F P No, Near British Library, Pune City, Pune, Maharashtra	India
S1-708796012	Board of Consumer Affairs	122 Dayton Yellow Springs Road, Unit 4, Fairborn, OH	US
S1-935703127	Hartman & Hoang LLC	2694 -C Ih 45, New Waverly, TX	US
S1-981414798	Mendez Custom Morgan LLC	37197 Sandy Ridge Drive, North Ridgeville, OH	US
S1-424529930	Griffin International Center	536 College Avenue, City Of Waukesha, WI	US
S1-912508322	Shiv Technologies LLP	42, 16Th Cross, 8Th Main Road, Malleswaram, Bengaluru, Bangalore, Karnataka	India
S1-846028981	Barbey Mclaughlin Oneim Group	8610 Ep True Parkway, Unit Unit 5001, West Des Moines, IA	US
S1-318218643	Velix Charles LLC	1447 59 Street, Brooklyn, NY	US
S1-970972284	Gujarat Guru Agro Private Limited	Bihar, Pakki Sarai Road, Muzaffarpur, Near Abbda High School Azad Market, 3Rd Floor, Mithanpura	India
S1-435587816	Iraheta, Dacie, D.O.	77 Morrison Street, Struthers, OH	US
S1-544301808	Advanced Bright Intelligent	142 Hughes Drive, Plymouth, NC	US
S1-20267366	Barbara Quinn Desert Better LLC	57 Powers Street, Dedham, MA	US
S1-379918793	Peridola Schwab Center	207 Marley Neck Road, Fl 0, Glen Burnie, MD	US
S1-106221717	Aditya Sun Consultants Private Limited	Sy.No.1009, Flat No.60206, Iind Floor, Maple Block Indufortune Fields, 13 Phase, Kphb Colony, Kukatpally, Hyderabad, Telangana	India
S1-800482427	B+ Biotechnologies LLC	328 Buckingham Street, Unit 414, Columbus, OH	US
S1-846529766	Pocius, Herrera & Lima Connecticut Inc	4831 Beaumont Street, Simi Valley, CA	US
S1-761874846	Murray & Cruz Inc	NM, 140 Villa Del Rio Loop, Sunland Park	US
S1-703200453	Vt Exporters	C/O Safinara Khatun, Allpara, Ratua, Malda, West Bengal	India
S1-746273151	Pediatric Dental Physicians Inc	53 Laroche Lane, Hebron, ME	US
S1-432962984	Gonzalez Safe Harbors LLC	174 Stover Road, De Queen, AR	US
S1-500552277	U Q & Z Kimco	105 Susan Court, Winchester, KY	US
S1-446787657	Mobley, Haislip & Barr Vision Center, LLC	Burnsville, WV, 1818 Main Street	US
S1-505869859	Invest Investments Pvt Ltd	Ff-104, Meera Mana Arcade, Beside Krupa Petrol Pump, Ellisbridge, Ahmedabad, Gujarat	India
S1-862092661	Beckman Family Office Inc	7916 Glendale Estates Drive, Henrico County, VA	US
S1-53323215	Raj Consulting Pvt Ltd	701, Dlf Tower A, Jasola New Delhi, Delhi, New Delhi, Delhi	India
S1-814475089	Family Clinic Partners	202 Kingsley Avenue, Greeneville, TN	US
S1-451077707	Osprey (India) Development LLP	39-D, A.B. Road Industrial Area No.1, Dewas, Madhya Pradesh	India
S1-448166395	Kerium Care	NY, Smithtown, 3 Bette Lane	US
S1-940115232	Shriji Group	A-1/106 Vbhdc Greenwoods, Palghar Devkhope, Palghar, Thane, Maharashtra	India
S1-472232440	Ramos and Benham Fusion	Burrell, PA, 378 Devinney Hollow Road	US
S1-800915873	Adams, Williams and Alexander Carolina LLC	7333 Lynn Avenue, Fl 0, Saint Louis, MO	US
S1-21084577	Harbor Alliance	45 Goff Street, Corning, NY	US
S1-978421811	Highland Learning Center	1240 Indiana Avenue, Salt Lake City, UT	US
S1-19400879	Schwartz Montessori School	W14698 Burton Road, Town Of Northfield, WI	US
S1-332410345	Jawan Investment Pvt Ltd	C 87 88 Cst Rd Kismat Nagar Kurla W Nr Masjid Mumbai, Mumbai, Mumbai City, Maharashtra	India
S1-617455147	Medyne Adr LLC	1732 Sanford Street, Arlington, TX	US
S1-477458226	Durgesh Consulting Private Limited	Flat No 507, Fortview Green Ear Aprts Near Kendriya Vihar, Hydershakote, Bandl, Guda, Hyderabad, Telangana	India
S1-173971969	Hotel It Pvt Ltd	Kailash Bihari Singh, Cou, Po-Bhagwan, Chapra, Saran, Bihar	India
S1-907635568	Ridge Bridge	3314 Dungarvan Drive, City Of El Paso, TX	US
S1-374959431	Mountain Star Pantages Inc	135 Ballentrae Court, Unit 417, Pittsboro, NC	US
S1-596450212	Bally Jagachha Management Private Limited	Ideal Grand Bl-A, G T Road(South) Howrah, Bally Jagachha, Howrah, West Bengal	India
S1-464797359	Frontier Wellness LLC	41 Nashua Avenue, Gloucester, MA	US
S1-804300777	Swastik Hospitality Private Limited	S No 268 Swami Samarth Nagar Ph-I Flat- 15 Building-D/Ii Chichwad, Pune, Maharashtra	India
S1-305440895	No Nursing Home	32, Vill. Bania Bigha, Tola Bania Bigha Panch-Amara, Panchyat, Block Arwal, Arwal, Bihar	India
S1-145606139	Williamson Quality Braves LP	1420 Ardsley Place, Homewood, AL	US
S1-368348061	Naon Enterprises Inc	31481 Oak Ridge Drive, Muscoda, WI	US
S1-46716098	Knox and Nicholas, Inc	WI, Town Of Townsend, 17160 Presbyterian Road	US
S1-557464657	Doiron & Alvarez Token LLC	17607 Lake Melford Avenue, Bowie, MD	US
S1-8092452	Urban Nails!	1262 Grandstaff Avenue, Lancaster, OH	US
S1-216511119	Surya Energy Private Limited	Nagar Jaipur, Hans Marg, C-252-A, Malviya Nagar, Rajasthan	India
S1-499302167	Shree Industries Private Limited	Plot No. 265, G. I. D. C. Estate Sachin, Surat, Gujarat	India
S1-56985694	Energy New Mechanical Private Limited	4C, Kowdiar Mannor Jawahar Nagar, Thiruvananthapuram, Thiruvananthapuram, Trivandrum, Kerala	India
S1-417526535	Vanguard Allstate Inc	22899 George Lane, Staunton, IL	US
S1-382435344	American Western LLC	61-01 Bleecker Street, Ridgewood, NY	US
S1-927651996	Anand Builders Pvt Ltd	B/101 Bhaveshwar Plazal B S Road Ghatkopar (W), Mumbai, Maharashtra	India
S1-613598143	Clair Sprott Inc	430 Lewis Avenue, Lombard, IL	US
S1-6232617	Aspen Ridge LLC	TX, 834 Sunshine Medley Lane, Richmond	US
S1-491925427	Henson Worldwide, LLC	NY, 2 Weller Road, Unit Lot 2, Brandon	US
S1-378164861	Industrial Wholesale Enterprises	2507 Branson Landing, Unit Unit 507B, Branson, MO	US
S1-622231151	Colonial Muzero Inc	3403 29th Terrace, Topeka, KS	US
S1-639096068	India Impact Development Limited	W 21/674, Beach Road, Alleppey, Alappuzha, Kerala	India
S1-269039848	Holy Community Church	5546 Cincinnati Dayton Road, Middletown, OH	US
S1-408835967	Panchavati Foods-Delhi	75- B Lajpat Nagar -Ii, Delhi, New Delhi, Delhi	India
S1-111673633	Anand Projects Private Limited	H No.1-1-188/C3, Jj Nagar, Opp Govt Junior College, Suryapet, Nalgonda, Telangana	India
S1-460845609	Coastal Atlantic Better	10423 Bitter Creek Drive, Albuquerque, NM	US
S1-17506850	Indian Industries Limited	Ghaziabad, C-1601, Uttar Pradesh, Ghaziabad, Laxuria Estate Aditya World City	India
S1-68201540	Marketing Balaji Label Limited	Kerala, 4Th Floor, Thiruvananthapuram, Capital Tower, Statue, Thiruvananthapuram, Trivandrum	India
S1-831843558	Hernandez Regional Aktiengesellschaft	7102 Arbor Rose Lane, Spring, TX	US
S1-63266922	Lloyd Youth Services	15 Caleb Crossing, Lloyd, NY	US
S1-304785953	Lafferty Certified Lifesciences Inc.	13315 Schwenger Place, Fairfax County, VA	US
S1-740254254	Pediatric Prairie Physicians, LLC	Salem, IL, 1009 Trenary Avenue	US
S1-836203525	Raviraj Solutions Private Limited	115, Coral Complex, Science City Road, Sola, Ahmedbad, Ahmedabad, Gujarat	India
S1-465739288	Chong's Hospitality LLC	1884 Pine Meadow Court, Gurnee, IL	US
S1-111065528	Duplantis Wisekey Inc	7340 Stock Ranch Road, Unit APT 7, Citrus Heights, CA	US
S1-545601093	Bermudez, Rice and Crittenden Inc	131 Willow Ridge, Altoona, IA	US
S1-988516196	Bright Pub!	1455 Thompson Road, Woodburn, OR	US
S1-612217752	Zediis Platinum Independence LLC	884 Pinnacle Hill Road, Kingston Springs, TN	US
S1-846542666	Desert Sprott	1717 Cole Street, Killeen, TX	US
S1-419483044	King Aria LLC	215 Grand Avenue, Unit Apartment 609, Old Orchard Beach, ME	US
S1-787617931	Delta Ministries IV	40219 Bay Hill Way, Phoenix, AZ	US
S1-535605149	Supreme Engineering LLP	Shop-04, Gut-41/2, Plot-3/A, 3/B, Pratham Park, Panvel, Raigarh(Mh), Maharashtra	India
S1-848219519	Celidyne Supply LLC	4675 Winter Lane, Brooklyn, OH	US
S1-899782554	U 8 Optimal Recruiting	2847 Michigan Avenue, Dallas, TX	US
S1-498738124	Primary Care Medicine	1509 Primrose Lane, Cary, NC	US
S1-748364403	Eye Group	802 Buffalo Street, Unit 8, Johnson City, TN	US
S1-622557613	Baid Retail Corporation	114, Sitaram Appartments Plot No-102, Ip Extension, Delhi, East Delhi, Delhi	India
S1-155027115	Bharat Jai Tech	157, Udyog Kendra Toy Cit, Greater Noida, Bishrakh, Gautam Buddha Nagar, Uttar Pradesh	India
S1-417074218	One Constructions Private Limited	130, Zahoor Garden, Khaggu Sarai, Sambhal, Moradabad, Uttar Pradesh	India
S1-63975497	VM Commerce LLC	4516 Oak Drive, City Of La Crosse, WI	US
S1-122492157	WGZ Sab LLC	14428 29th Street, Phoenix, AZ	US
S1-483281264	Louisa's Group	599 Mountain Shadow Lane, Maryville, TN	US
S1-140525226	First Technical Solutions	IL, Lasalle, 393 N 30th Road	US
S1-616755144	Keystone LLC	72 R M Way, Mead, OK	US
S1-527727380	Alpha Bright Technologies Private Limited	B1102 Unity Complex Chs Ltd Yari Road, East Of Link Road Near Gulmohar Garden, Mumbai, Maharashtra	India
S1-387694500	Bombay Power Private Limited	No: 32/2, 2Nd Floor, Mcc Towers, Opp To Sigma Soft Tech Park, Whitefield Main Road, Ramagon, Danahalli, Bangalore, Karnataka	India
S1-664267481	Daniella Pizano Wireless LLC	4647 Topaz Drive, San Tan Valley, AZ	US
S1-798970125	Hahn Pelican Inc.	4676 Larkspur Lane, Lake Elmo, MN	US
S1-840279529	Siobhan Caswell Safe Diversified LLC	2205 Hayes Road, Houston, TX	US
S1-624514617	Tramaon Global LLC	15056 120th Place, Collinsville, OK	US
S1-557783855	Sunrise Investments Private Limited	818 Devika Tower, Nehru Place, New Delhi, Delhi	India
S1-187558029	Asset Building Charities	2103 Milwaukee Avenue, Minneapolis, MN	US
S1-737635669	Steffane Dale Clean Eaton	NC, Hays, 4205 Yellow Banks Road	US
S1-499566732	Mool System Private Limited	Shop No.10, Ballour Road, Civil Court, Bahadurgarh, Jhajjar, Haryana	India
S1-669754446	Bangalore Renewable Limited	Sree Kanaka Papamma Road Indraprastha Road, Ramamurthy Nagar, No 45, Karnataka, Bangalore	India
S1-356319224	Womens Health Care	32 Lexington Avenue, Unit 1, Somerville, MA	US
S1-176550551	Val L. Roberts, MD	IL, Swansea, 3933 Michael John Drive	US
S1-551688195	Devendra Lounge Pvt Ltd	76, Mahaveer Colony Pushkar Road, Ajmer, Rajasthan	India
S1-698189395	PQ Solution Pvt Ltd	H No 450, Upper Ground Floor, Gali No 10 Majlis Park, Adarsh Nagar, Azadpur, Delhi, New Delhi, Delhi	India
S1-116737194	Cannon Precious LLC	Burlington, 161 Saint Paul Street, VT	US
S1-136894582	Economic Development United Fellowship	3841 Forsyth Park Court, Greenville, NC	US
S1-342754370	Shree Care Private Limited	1A - 201 Shilpitha Splendour, Bangalore North, Bangalore, Karnataka	India
S1-567349457	Bay Horse Inc.	6601 4th Avenue, Phoenix, AZ	US
S1-468339122	Frederick's Machine Works	12209 Grimsley Drive, Austin, TX	US
S1-615455408	D & L Metro LLC	29931 Jones Avenue, Ardmore, AL	US
S1-971115873	Hernandez Better Karman LLC	325 Pr 640, Matagorda, TX	US
S1-260530670	Allen, Sherpa & Lebowitz Superior LLC	2014 4th Street, Burlington, IA	US
S1-848777360	India Northend Foundations Limited	1-7-1074/B, Flat No. 309, B Block, 3Rd Floor, Dattasai Commercial Complex, Rtcxroad, Ch, Ikkadpally, Hyderabad, Telangana	India
S1-705961596	IMQ Eye Private Limited	M.C.B.-Z-6-22224/0003 Main Road, Adarsh Nagar, Goniana Road, Bathinda, Punjab	India
S1-685073108	Kylie's Hair Studio	15083 County Road 1400, Apache, OK	US
S1-974991176	Fresh Certified Ashford-Leesburg	30 Ems T7A Lane, Leesburg, IN	US
S1-297525707	Bright Consultancy	Maharashtra, Mumbai City, Shop No. A/17 Gaurav Annex Nr. Mandvi Co.-Op. Bank. R. R. T. Rd., Mumbai, M, Ulund West	India
S1-764937251	Tesch Investments	11211 Longbranch Street, Monrovia, IN	US
S1-915022305	Cozy Pub	3616 Peterson Avenue, Chicago, IL	US
S1-16609748	Midwest Mountain Wells LLC	2140 71st Street, Lubbock, TX	US
S1-281051556	Stella Vail House Inc	3620 Old Sand Mine Drive, Wilmington, NC	US
S1-231271132	Kumta Steel Limited	House No. 321, Balale, Madanagere, Ankola, Kumta, Uttara Kannada, Karnataka	India
S1-536948776	I+ Corporate Inc.	718 94, Warwick, NY	US
S1-241686597	Romero Technologies Co	TN, 27 Creekbend Cove, Jackson	US
S1-684505968	Namaskar & Co Company	B 70/51, Keshav Puram, Delhi, North West Delhi, Delhi	India
S1-835425265	Green United Solana LLC	694 E Side Drive, Unit F, Layton, UT	US
S1-580966525	Morbi Wires Private Limited	S.No. 239/241/242, Sartanpar Road Near, Lezora Granito, At-Matel, Ta-Wanka, Ner, Morbi, Rajkot, Gujarat	India
S1-945468839	Gc Traders Private Limited	H.No A-5 Gali No 20 G/F Madhu Vihar, Delhi, East Delhi, Delhi	India
S1-386654734	One Enterprises	H.No 6-3-712/90-23, 2Nd Floor, Beside Agarwal Eye Hospital, Panjagutta, Hyderabad, Telangana	India
S1-579617619	Cardiology Center LLC	60 Queen Street, Hempstead, NY	US
S1-896836973	Odessa York, CPA	Mobile, 3845 Cottage Hill Road, AL	US
S1-881770296	Pediatric Dentistry Clinic, Inc	4 Snowbell Lane, Worcester, MA	US
S1-504059078	Bastion Financial LLC	2729 Montclare Avenue, Chicago, IL	US
S1-828917180	Wiggins Molecular P.C.	239 Duckworth Road, Pennsboro, WV	US
S1-973233920	Data Materials Networks	609 Hickory Street, Ottawa, KS	US
S1-451892808	Ortega Kogyo, Inc	11027 Wortham Boulevard, Houston, TX	US
S1-919867800	Oracle Educational Society	West Chavakatta Bridgepost Box No 2620 Canal Road, Alleppey, Alappuzha, Kerala	India
S1-769172378	Technocast Chit Private Limited	A/39, Kamla Nagar, Near Ram Mandir, Kotra Sultanabad, Bhopal, Madhya Pradesh	India
S1-223621109	Pioneer Projects LLP	Rohtak, Khewat No. 93, Kh No 197, Rajender Nagar, Plot No 12, Haryana	India
S1-983652708	Regional Heartland Chiropractic	1631 45th Place, Tulsa, OK	US
S1-904479856	Annmarie Pierson Creative Property LLC	11834 Big Leaf Way, Redmond, WA	US
S1-783021266	Power Infotel	Sirsa, Ground Floor, H.No. 801, Sawera Hotel Wali Gali, Near Bus Stand, Gobind Nagar, Haryana, Sirsa	India
S1-259452306	Shorter and Reyes Xrp	130 Main Street, Durham, NC	US
S1-926958422	Sunshine Healthcare Ltd	No 9 Darshan Apt S 114/3, Pl 21 Vishrantwadi, Pune City, Pune, Maharashtra	India
S1-19593330	FO Aktiengesellschaft Inc	3736 Riverdowns Drive N, Chesterfield County, VA	US
S1-929809097	Alisun Nowak Rocky Oxley	3631 Cushing Drive, Unit D, Columbus, OH	US
S1-253986331	Shirleen Knight Apex Income LLC	5000 Dartmouth Drive, Unit UNIT B29, College, AK	US
S1-336167025	Dasi Rothrock, DDS	3267 Eastcrest Road, West Valley City, UT	US
S1-761585587	Classic Printing Enterprises Corp	22 Hickory Point Road, Constantia, NY	US
S1-576153543	Four Charitable Trust	334 Madhuban Apartment, Saket Nagar, Indore, Madhya Pradesh	India
S1-948336320	Oliy Queenan, L.C.S.W.	445243 995 Road, Gore, OK	US
S1-109460220	Dharti City Private Limited	Durga Sadan B-25/34A-1/49Jawahar Nagar Colony Varanasi, Uttar Prardesh, Varanasi, Uttar Pradesh	India
S1-699955992	Diaz Grifols LLC	3817 Crane Street, Independence, MO	US
S1-881535873	Azamgarh Marketing Private Limited	C/O Ajai Kumar Rai, Village Lachirampur Hafizpur, Post- Heerapatti, Azamgarh, Uttar Pradesh	India
S1-420936510	Maps Products Private Limited	97, Vivekanand Nagar Agar, Shajapur, Madhya Pradesh	India
S1-928237806	Heavener Qdro, Inc	1201 Fretz Avenue, Unit 35, Edmond, OK	US
S1-602775749	Urology Rocky Care Associates	4419 27th Street, Unit 11, Phoenix, AZ	US
S1-166601186	Pediatric Medicine LLC	5022 Goose Neck Road, Northwest, NC	US
S1-139532667	Merchant Charitable Trust	Mohla Road, Village Harphala, Post Office : Gadpuri, Ballabgarh, Faridabad, Haryana	India
S1-391248994	Smart Consulting Pvt Ltd	Kajala House, Ullody, Bela, Kasaragod, Kasargod, Kerala	India
S1-217259238	Buttler, Wilding and Manjarrez Inc	2038 Ohara Avenue, Sneads, FL	US
S1-363414052	Meify, Inc	1202 Schreier Road, Unit B, Rossford, OH	US
S1-719919136	Al Blue Consultancy Limited	24/7-A, Second Floor Tilak Nagar, New Delhi, West Delhi, Delhi	India
S1-75134768	Urban Tech	Calcutta, 71 B R B Basu Rd, West Bengal, Kolkata	India
S1-174758675	Phillis Rios Quantum	1091 Addice Way, Cincinnati, OH	US
S1-124712855	Thompson Immigration Private Limited	Princetowers, Doorno.52&53, 9Thfloorcollegeroad, Nungambakkam, Chennai, Tamil Nadu	India
S1-305403960	Urban Food Private Limited	5 East Avas Vikas Colony, Betiahata, Gorakhpur, Uttar Pradesh	India
S1-615738219	Rahul Brothers Private Limited	A-279Okhla Phase-I, New Delhi, South Delhi, Delhi	India
S1-925443249	Ameerpet Fab Pvt Ltd	Srishti Homes, Sanjeeva Reddy Nagar, Ameerpet, Telangana, 402, Hyderabad	India
S1-635349757	Lock Flex of Silver Spring LLC	111 Eldrid Drive, Silver Spring, MD	US
S1-300609714	Hawkes Montessori School	1002 33rd Street Court, Moline, IL	US
S1-743936349	Shanda F. Jones, MD	15 Hager Lane, Richland, NY	US
S1-94297591	Quva LLC	9200 Beach Road, Town Of Port Wing, WI	US
S1-817802155	Petronilla Sult Royalties L.L.C.	1012 Sharpsburg Circle, Irondale, AL	US
S1-369711048	Robichaud Voya LLC	82 Erobi Ln, Iowa City, IA	US
S1-501296085	Valley & Co	Flat No 33 B, Udaygiri 1St, Sector 34, Uttar Pradesh, Gautam Buddha Nagar, Noida	India
S1-967153211	Sharl's Hair Studio LLC	9335 Horseshoe Bend Drive, Charlotte, NC	US
S1-300031623	City It Limited	I-110Mayapuri Indl Area Phase-Ii, New Delhi, West Delhi, Delhi	India
S1-98579303	Indian Technologies	Flat 19/1/16, Nabin Chandra Das Road, Kolkata, Kolkata, Howrah, West Bengal	India
S1-576857452	Urban Investment Private Limited	709, 7Th Flr, Kosha Kommercial Komplex, Malad East, Mumbai, Maharashtra	India
S1-121839562	Horizon Wholesale Labs LLC	OH, 7495 Lauren J Drive, Mentor	US
S1-79772943	Nobles School of Medicine	Hereford, AZ, 6252 Saddlehorn Circle	US
S1-694085192	Internal Medicine Associates	5227 Main Street, Unit 32, Downers Grove, IL	US
S1-525055772	Summit Network	8313 Sweet Cherry Lane, Laurel, MD	US
S1-376690332	Nilam Automation Private Limited	Gbr 203, Alpha Building, Ghodbunder Road, Kasarvadavli Naka, Kasa, Rvadavli, Thane, Maharashtra	India
S1-219548536	Dahlen Direct Muniyield	215 Victoria Road, Hartford, CT	US
S1-410701476	Perry Oaktree	312 Goldsboro Street, Fremont, NC	US
S1-862338675	Sloan Mountain Grid Corp	3315 80th Street, City Of Kenosha, WI	US
S1-448345019	Urban Construction Private Limited	Flat No. B1/604, Minar Regency Talao Pali Mumbra, Thane, Maharashtra	India
S1-883829621	Orange Metals Private Limited	Flat No 209, B-2 Vaishnav Building, Surendra Place, Bhopal, Madhya Pradesh	India
S1-153055996	Summit Associates	1391 Country Lane, Bellingham, WA	US
S1-252433119	Secure Telecom Collective	2909 Pasture View Court, Powell, OH	US
S1-324674388	Classic Park LLC	5445 Desert Hills Drive, Glendale, AZ	US
S1-638466806	Radhey Basket Private Limited	Panchratna Office No. 624/1 Karve Road Erandawane, Pune, Maharashtra	India
S1-827102573	Oncology Optimal Medicine PC	7295 Sunset Strip Avenue, Canton, OH	US
S1-989439466	Value Digital Concepts	20464 Cooks Drive, Marshall, IL	US
S1-3732976	Strategic Fund, LLC	10486 Montecarlo Place, City Of Socorro, TX	US
S1-31205819	Tirupati Media Pvt Ltd	Zeelproperties Panchkutir, Pawarwadi A S Marg Powai, Mumbai, Maharashtra	India
S1-895771779	24HR Towing	641 Midfield Drive, Maumee, OH	US
S1-29354465	Horizon Freight Systems LLC	251 Larry Parsons Road, Ellerbe, NC	US
S1-772189406	Cordelia Lalanne Teucrium LLC	Millcreek, UT, 986 Olympus Ridge Cove	US
S1-872627167	Anand Brothers Limited	Flat No 703 Gut No 70/1 Pearl Shell Near Nath S, Aurangabad, Maharashtra, Aurangabad	India
S1-173906255	Curatolo, Juergens and Arrington	410 Mission Trail, Wimberley, TX	US
S1-566012078	Aarvin India Private Limited	West Bengal, Murshidabad, 16/A Radhika Mohan Sen Road, Berhampore, Baharampur West Bengal	India
S1-610266870	High Estate Limited	Pl. No. 11, W.No.54, Radhika Nagar No.1, Near Hanuman Temple, Amravati, Maharashtra	India
S1-506810298	ZE Corporate	575 Thornhill Drive, Unit 116, Carol Stream, IL	US
S1-162806244	Claudine Thompson Mitsubishi Corp	41251 Hearne Road, New London, NC	US
S1-50643392	Loum Lending Inc	2861 Josephine Street, Mobile, AL	US
S1-395813861	Sampada Ventures Private Limited	No. 161, 2Nd Stage, 3Rd Block 2Nd F Cross, Nagarabhavi, Bangalore, Karnataka	India
S1-652331096	Arihant Infra Private Limited	Ig -Ii, 738 A, Vikas Puri, New Delhi, Delhi	India
S1-436985273	Corner Pilates	KY, 116 Redwood Drive, Frankfort	US
S1-336308856	Rajendranagar Agro Private Limited	Rajendranagar, Hyderabad, Bandlaguda Jagir, Telangana, Pno13&14Fno 203 Mounika N	India
S1-459696014	Arihant Builders Private Limited	11A, Lic Office Ke Piche Indra Nagar, Dibiyapur, Auraiya, Etawa, Uttar Pradesh	India
S1-169008536	Urban Projects	C/O Alauddin Molla Noorpur Ramnagar 24 Parganas, Diamond Harbour - I, South 24 Parganas, West Bengal	India
S1-128347375	Anand Green Logistics Private Limited	107 First Floor Plot No-6T.C, Jaina Tower -2 District Centre Janak New Delhi, Delhi, Jaina Tower -2 District Centre Janak New Delhi, Delhi, New Delhi, West Delhi, Delhi	India
S1-493363382	Mitchell Rock of Phoenix, LLC	17950 68th Street, Unit 1044, Phoenix, AZ	US
S1-457935815	Liberty Family Office PLLC	1028 Horah Street, Salisbury, NC	US
S1-924009686	Elegance Events (India) Private Limited	Bangalore, Swati Enclave, Trb Layout 1St Main, 1St Cross, Bangalore, Karnataka, No. 401	India
S1-820394674	Indu Trust	1001 Wing-D, Rustomjee, Paramount 18Th Rd, Khar W, Mumbai, Maharashtra	India
S1-116247627	Smart Agricultural Works Associates	1255 Maple Avenue, Southport, NY	US
S1-409451774	All Cargo Company	4725 Chowen Avenue, Minneapolis, MN	US
S1-270844042	Chellam Management Limited	C/O Omparkash S/O Umrao V.P.O. Makdola (42), Farukh Nagar, Gurgaon, Haryana	India
S1-165891282	Industries Grand Brick Group	Shop No.-S-8, Second Floor, Plot No.-5 Pankaj Central Plaza, Pocket-5, Sector-12, Dwarka, New Delhi, Delhi	India
S1-49032225	Lakshmi Builders Private Limited	D-109, Gauri Shanker Enclave, Prem Nagar-Iii Kirari Suleman Nagar, New Delhi, Delhi	India
S1-581797355	Virtus Lifespaces Private Limited	Sy No 10/28, Ambalipura, Bangalore South, Bangalore, Karnataka	India
S1-979042353	Surya & Brothers Pvt Ltd	No.237 8Th Block 4Th Lane K.K.D Nagar Kodungaiyur, Chennai, Tamil Nadu	India
S1-284710338	Inter India	A-2106, Ace Platinum, Block Zeta-1, Plot No Gh 12/1, Greater Noida, Dadri, Gautam Buddha Nagar, Uttar Pradesh	India
S1-812886866	Creative Purchase Private Limited	No 19/2/369/108/15 Chandulal, Baradari Colony, Hyderabad, Telangana	India
S1-677741106	Paul Holdings	C/O- Akhilesh Kr Chauhan Patwatoli, Near Naksha Ghar, Hajipur, Vaishali, Bihar	India
S1-263481527	Pinnacle Enterprises	401 Raghavbhawan Khjua Chowki, Rajendranagar, Lucknow, Uttar Pradesh	India
S1-447103941	Bell Flexipack Private Limited	Ground Floor, Pitru Chhaya Bldg, 6 Sleater Road, First Cross Lane, Grant Road, Mumbai, Mumbai City, Maharashtra	India
S1-177375169	High and Dills Generation LLC	3211 Heathstead Place, Unit C, Charlotte, NC	US
S1-706514314	Dental Quality Associates, LLC	2831 Sutton Avenue, Kettering, OH	US
S1-352234501	Clean Investment Services	34 Abbott Square, Birmingham, AL	US
S1-225119054	Complete Certified Pharmaceutical LLC	193 Maple Avenue, White Sulphur Springs, WV	US
S1-543144015	Freight Foods	B.K. Dutt Colony Lodhi Road, Delhi, K-5, New Delhi	India
S1-233584777	Fischer Burtech Partners	2362 Stop 11 Road, Indianapolis, IN	US
S1-192327811	NP Global Company	61 T/F, Third Floor, Vijay Block, East Delhi, Delhi	India
S1-993357110	Chiropractic Center	416 5th Avenue, East Grand Forks, MN	US
S1-440023753	Brown Complete Coca LLC	3580 Jackson Avenue, Ogden City, UT	US
S1-854319024	Regional Trust PLLC	7007 Savannah Run, Katy, TX	US
S1-86094936	Jain Developers	88/A M C Garden Road Dumdum, Kolkata, Calcutta, West Bengal	India
S1-981904067	DJ Blue LLC	14 Bemus Street, Lakewood, NY	US
S1-832211747	EDT House, Inc	136 Peachtree Memorial Drive, Unit 7, Atlanta, GA	US
S1-488506845	Olanora Centers	VA, 156 School Lane, James City County	US
S1-654697159	Sector & Co of Noida	D-72, Sector-55 Noida Gautam Budh Nagar, Noida, Gautam Buddha Nagar, Uttar Pradesh	India
S1-739195544	Neilla Killian Communications Inc	200 Faber Avenue, Waterbury, CT	US
S1-559551054	Prine Heartland Globa	115 State Street, Falmouth, KY	US
S1-580254632	As & Sons Pvt Ltd	Maharashtra, 401/402, Thane, Smruti Apartment, Vishnunagar, Naupada	India
S1-405795474	Webster & Mullins LLC	1976 Franklin Place, Hoffman Estates, IL	US
S1-765456522	Fastgrow Software Limited	Type-02Q.No. -47, Congress Nagar Pathakheda, Shahpura, Betul, Madhya Pradesh	India
S1-55333937	Ramesh Software Pvt Ltd	Second Floor Gowtham Arcade208 T V Samy Road East R S Puram, Coimbatore, Tamil Nadu	India
S1-876256279	Panchkula Mount Private Limited	Flat No 603, Tower 9B, Suncity Parikarma, Sector 20, Panchkula, Haryana	India
S1-651095976	Sterling Innovative Electric LLC	1747 Jackson Avenue, Fl 0, Wichita, KS	US
S1-522840559	Tulsa Pediatric Dentistry Continental Medicine	7085 Foxtail Lane, Tulsa, OK	US
S1-601945198	United Con LLP	Flat 1314/B Om Kalyani Chs Holy Cross Road Navagoan Dahisar West, Mumbai, Mumbai City, Maharashtra	India
S1-757082720	Urology Regional Clinic	50085 288, Young, AZ	US
S1-590134263	Global Financial Global	Unit Suite 235, 10500 Bergtold Road, NY, Clarence	US
S1-842497118	Atlantic Chiron	3744 Blue Trace Lane, Farmers Branch, TX	US
S1-326704888	Ear Nose & Throat Tri-State Specialists Associates	7804 National Service Road, Greensboro, NC	US
S1-4869416	Pasillas and Rabinovich Group	4938 13th Avenue, Keizer, OR	US
S1-720468760	B & G Exchange	354 Claremont Road, Kingsport, TN	US
S1-93806322	New Media Private Limited	Arabikula Street, Chinnakadai Veethi, No. 4, Tamil Nadu, Tiruchirappalli, Trichy	India
S1-16642923	Jain Hitech It Pvt Ltd	Celler, Shop No 1, Sarvamangal B/H Zalak Complex, Nr Pankaj Society, Bhattha, Paldi, Ahmedabad, Gujarat	India
S1-951871591	Poddar College	C/O Lajje, Nr -Main Rasta, Village - Shahpur, Sector-128, Noida, Gautam Buddha Nagar, Uttar Pradesh	India
S1-665355186	International Nestor Interiors Limited	Block D, 2Nd Floor, Flat 2B, 35/1, Bangur Avenue, North 24 Parganas, Sky Residency, Jessore Road, West Bengal	India
S1-953470089	Tirupati Systems Limited	C/O Mangesh Waman Nirantar, Shop No. G-1, F-Building, Kasliwal Suvarnayog, Garkhed, A, Aurangabad, Maharashtra	India
S1-464105135	Wynter Secure Sachs	673 Cook Road, Sheldon, VT	US
S1-272091966	Begley's Value Pet Care	5909 Brambleberry Way, Raleigh, NC	US
S1-675959550	Ne Forwarding Private Limited	No.5M-651/A, 1St Floor, 5Th Main, Banasawadi, Ombr Layout, Bangalore, Karnataka	India
S1-716442915	Creative Plum	7371 Denny Drive, North Ridgeville, OH	US
S1-657025372	Ertha M. Swanson, DPM, P.C.	810 Park Avenue, Dunn, NC	US
S1-958577120	NTW Land Private Limited	Flat -101, Bhagwat Villa Apartment, Bhubaneswar, Khordha, Orissa	India
S1-606480359	Creative Services Private Limited	H.No.8-3-214/1/A-1, Plot No.B2Madhura Nagar, Hyderabad., Andhra Pradesh, Telangana	India
S1-378652653	Gulf Network Inc	22022 Shale Barren Court, Cypress, TX	US
S1-24519478	Apex Finance Private Limited	68A, Pocket-1, Harsh Appartment Sector-10, Dwarka, New Delhi, South West Delhi, Delhi	India
S1-539197690	Foundation Purple Logistics Limited	Thameens Residence Allumoodu Jn, Neyyattinkara P O, Thiruvananthapuram, Trivandrum, Kerala	India
S1-977704542	Williams Strategic	197 Kenton Run, Wythe County, VA	US
S1-338840619	Quartz, LLC	602 723, Bldg Residence, Crittenden County, KY	US
S1-170960991	Maanya & Co Center	Mr. Vishun Dayal, Flat No. 91 Pkt B2 Lok Nayak Puram, Mundka Near Ashram, Delhi, West Delhi, Delhi	India
S1-152967828	Grand Staffing Solutions	27 Woodlawn Avenue, Poughkeepsie, NY	US
S1-13859063	Garware Educational Society	House No-979/A, Jagdev Nagar, Jagdev Path Behind Chandrama Market, Ps-Nawada, Po-A, Naith, Arrah, Bhojpur, Bihar	India
S1-152217425	Tejada, Simmons & Mars	10011 County Farm Road, IL, Chester	US
S1-113241674	Peek, Hitchings and Cowan	210 Branson Drive, Dickson, TN	US
S1-711682948	Catherine Nesbit Industries LLC	2 Stonegate Court, Fairfield, OH	US
S1-284209086	Solutions Basco Marine Corp	Sudhaapartment, 2Ndfloor, Flatno.134, N.S.Road, Nabapally, Barasat, 24P, Gs. (N), Kolkata, Howrah, West Bengal	India
S1-537478269	National Association Inc.	2907 W, Snyder, TX	US
S1-208550511	Muriel Quality Nextera LLC	NC, Sylva, 1580 Blanton Branch Road	US
S1-632136965	Hultz & Kaufman LLC	2518 Back Bay Loop, Costa Mesa, CA	US
S1-133868991	Hyderabad-7. Travels Public Limited	Telangana, Andhra Pradesh, H.No.2-98/3, 10-B, Block B, Kakateeyaagar Habsiguda, Hyderabad-7.	India
S1-684878299	Kannur Builders Ltd	Room No. 6/443, Kayaralam Motta, Kayaralam Post, Kannur, Kerala	India
S1-281356776	Allied Educational Society	Gurugram, Gurgaon, Haryana, H-115 South City 2 Gurugram	India
S1-40830766	G.T. Road Properties LLP	84/105A, Kanpur, G.T. Road, Uttar Pradesh	India
S1-89093509	Saini Drinks Limited	D 35 Pocket C Mayur Vihar Phase Ii, East Delhi, Delhi	India
S1-954595905	Operating Engineers Union Local No 269	1311 Wildwood Drive, Arlington, TX	US
S1-287666599	Bates Generation LLC	25943 Highland Road, Richmond Heights, OH	US
S1-952988982	Reed, Taylor & Simien LLC	180 Anchor Drive, Somerset, MA	US
S1-349873839	Desert College LLC	1819 Stoneridge Lane, Town Of Cedarburg, WI	US
S1-279661956	Historical League	2875 Jackdaw Drive, Bend, OR	US
S1-353948236	Golden Keystone LLC	600 Grove Parkway, Unit 1091, Tempe, AZ	US
S1-126927804	Future Healthcare Pvt Ltd	Unit No. 14, Krishna Commercial Centre, 6, Udyog Nagar, Near Kamat Club, Goregaon, (West), Mumbai, Maharashtra	India
S1-627443733	Freight India Private Limited	175, Sec 16-17, Hissar, Haryana	India
S1-280818643	Torgerson & Perry	445 Broadway, Unit Apartment 3B, Hastings-on-hudson, NY	US
S1-974716750	Hu Analytics Inc	29111 Wilmot Road, Village Of Salem Lakes, WI	US
S1-85500745	Ines Varnado Beacon Lithium	105 303, Orangetown, NY	US
S1-452308590	Midwest Coalition	126 6645, Tennessee Colony, TX	US
S1-330281696	New International Private Limited	B-148, Vikas Vihar Vikas Nagar, Uttam Nagar, New Delhi, West Delhi, Delhi	India
S1-75862106	Department of Environmental Protection	1122 Wankan Road, Nacogdoches, TX	US
S1-763496609	Shakti Consulting Limited	Flat No. 8, C Wing, Sai Tower Chs Ltd, Ambadi Road, Vasai West, Thane, Maharashtra	India
S1-631165181	Brown & Martinez	1119 24th Avenue, Grand Forks, ND	US
S1-737977090	Clay, Randall and Ely Sony	506 11th Street, West Memphis, AR	US
S1-987994833	Muskan India Limited	S F Shop 2, Vaidehi Shine, Near Suraj 48, Gandhinagar, Gandhi Nagar, Gujarat	India
S1-512288351	Arambagh Crm Private Limited	West Bengal, W/N 5, Rabindrapally, Opposite Electric Supply Office, Hooghly, Arambagh	India
S1-198026451	Shivam Producer Private Limited	Karnal, Shop No. 34 Sbs Market, Haryana, Karnal	India
S1-493059116	Kehoe, Crespo & Tysinger Inc.	64 Lions Creek Court, Noblesville, IN	US
S1-708417088	Mah Visa Private Limited	Gat No 751 At Post Velu, Bhor, Pune, Maharashtra	India
S1-548116192	EXV Immunopharma Inc	733 Pavilion View Drive, Unit A102, Matthews, NC	US
S1-74901450	Silver Star Products	Shed No. E-26 Road No. 12 Aie(Apiic), Pedagantyada, Visakhapatnam, Vishakhapatnam, Andhra Pradesh	India
S1-19868030	Leech, Hammer & Baratta Environmental Services	730 Bierly Street, Walkerton, IN	US
S1-460136045	Lakshmi It Private Limited	Puri, Orissa, Puri, Station Road	India
S1-332388880	Bedford County Community Church Group	Unit STE A-07, Bedford County, VA, 18013 Forest Road	US
S1-792880767	Gray Financial LLC	404 Coxs Fork Road, Danville, WV	US
S1-457615425	Shanks's Interstate Physical Therapy	6515 Belcrest Road, Unit 1416, Hyattsville, MD	US
S1-396759763	O H Jefferson Strategic Care	21185 Westfield Road, Charleston, IL	US
S1-944430830	Real Trading	Plot 120, Sy No 41 Kavuri Hills Phase-1, Jubilee Hills, Hyderabad, Telangana	India
S1-90032658	Fortune Energy Private Limited	F No.201, Keshavkala Appt, Sauth Ambazari Rd, Rahate, Nagpur, Maharashtra	India
S1-483140947	Highland Continental Photonics Inc.	1023 Gravel Lick Road, Sand Gap, KY	US
S1-566183725	Coco Sangh	H.No. 9-586/I, Shaikroza Road, Opp. Genius School, Aland Colony, Gulbarga, Karnataka	India
S1-756304715	Choice Rate	2333 Sierra Madre Court, Rancho Cordova, CA	US
S1-306095185	Leo International School	Mumbai, Maharashtra, Mumbai City, Al-Safa Chs, Millat Nagar, Andheri (West), 104/A-1	India
S1-387418200	Dixon Learning Center Inc.	228 Blue Ridge Drive, Old Hickory, TN	US
S1-500998121	Odonnell Spa, LLC	4354 Patterson Street, Omaha, NE	US
S1-362880192	Gulf Apex LLC	1025 Holland Sylvania Road, Unit 5, Toledo, OH	US
S1-932539298	Escobedo Smart of Williamson	NY, Williamson, 6475 Salmon Creek Road	US
S1-98168281	Ortiz's Advanced Freight	61022 Holly Court, OR, Bend	US
S1-839067903	Dustin Premier Spdr	2602 Hemlock Avenue, Baltimore, MD	US
S1-572490154	Krishan Services Ltd	G-31, Preet Vihar, Delhi	India
S1-545582895	Global Techzone Foundation Limited	Plot No. 1, Gut No. 27, Bankarwadi Ranjangaon, Midc, Waluj, Aurangabad, Maharashtra	India
S1-444149322	White, Helge W., DDS	12007 Rock Spring Dr, Coldstream, KY	US
S1-232999426	Maa Works Private Limited	At House No.35, Wadad, Tq-Aundha, Dist-Hingoli, Hingoli, Maharashtra	India
S1-402046621	Family Clinic	VA, 23037 Olympia Drive, Loudoun County	US
S1-323747485	Cacioppo, Webster & Sheets Biopharmaceuticals LLC	36724 Carter Street, Yucaipa, CA	US
S1-780502827	Congregation Community Church	WI, Unit Site 69, Town Of Alma, N11702 Elker Road	US
S1-120433302	Authentic Electro Ltd	House No. S-219, Basement, Greater Kailash-Ii, New Delhi, South Delhi, Delhi	India
S1-131038804	Torres Heartland Northland LLC	5515 Strawberry Hill Drive, Charlotte, NC	US
S1-436307824	Franni's Chemical Group	6800 Clover Avenue, Mason, OH	US
S1-314962839	Dalmia Speciality Pvt. Ltd.	Fk-50, Block-Fk Shastri Nagar, Delhi	India
S1-804663373	Universal Management Private Limited	100 Ft Bye Pass Road, Chennai, Chennai City Corporation, 127, Tamil Nadu	India
S1-760380153	Bryant Corporation	884 Palmer Road, Memphis, TN	US
S1-820935401	Research (India) Bengal Private Limited	G-244, Vikas Nagar Colony, Near Ketan Hospital Barga, Gorakhpur Sadar, Gorakhpur, Uttar Pradesh	India
S1-562989120	Acp Plus Private Limited	Hyderabad, Telangana, Pt-55 & 56, Sy No.102, 103(P) & 1 Ph-Ii H No 4-50/P-Ii/55/1F To 5F, Gachibowli, Hyderabad	India
S1-125331877	New Delhi Global Corp	New Delhi, Delhi, C-1/67-Old No-4B, West Delhi, Kh No-120/2 Madhu Vihar	India
S1-276322405	Kellie Rowley, D.C., P.C.	115 Grant Street, Brownsburg, IN	US
S1-71714945	Legacy Engineering Enterprises Corp	1208 Farrington Drive, Knoxville, TN	US
S1-636549603	Family Physicians Inc	1024 31st Avenue, Bellwood, IL	US
S1-147465602	Apex Foods Private Limited	25A, Model Town, Phagwara, Kapurthala, Punjab	India
S1-724291976	Gonzalezlopez's Wholesale	CA, 1235 Chestnut Street, Upland	US
S1-906281937	Ada G. Curtis, CPA Partners	1903 Las Palmaritas Drive, Unit 225, Phoenix, AZ	US
S1-97581850	Green Exports Private Limited	B-3, B-71C, Janakpuri, New Delhi, West Delhi, Delhi	India
S1-15005997	Raphaela F. Newell, O.D.	34 Bank Street, New Bedford, MA	US
S1-866369736	CDR Digital, Inc	Grove, NY, 11852 16	US
S1-989125871	Houston Alto	638 Majestic Ridge Drive, Houston, TX	US
S1-447452795	Blue Network Corporation	177 1st Avenue, Nashville, TN	US
S1-698954473	Pnc (India) Design Private Limited	Sonkh Road Kumher, Bharatpur, Rajasthan	India
S1-701741704	Bay Granite LLC	AR, Blytheville, 4437 Unnamed	US
S1-314045617	Williams Premier Xrp	845 Mildred Avenue, Dundalk, MD	US
S1-832593986	Bureau of Health	370 Buckeye Circle, La Plata, MD	US
S1-889584874	Bebe Singletary Empire Blackstone LLC	146 Forest Oaks Lane, Lake Jackson, TX	US
S1-926018314	X T Weinstein Painting	8049 Bay Bend Drive, Willis, TX	US
S1-90128015	Valley Charter School	VA, Prince William County, 1541 Colonial Drive, Unit UNIT 303	US
S1-748243940	Blaine Box	3008 Davis Road, Spokane Valley, WA	US
S1-543291404	Southern Technologies Private Limited	Excelsior Building Thengana, Perumpanachy P.O., Changanacherry, Kottayam, Kerala	India
S1-878904744	Downtown Ice Cream	138 23rd Avenue, Melrose Park, IL	US
S1-778456014	Tot Network Company	Mahuva, Bhavnagar, Behind Kings Cold Storage, Mahuva-Bhavnagar Highway, Mahuva, Revenue Survey No. 190P1/P1 & 190P1/P2, Gujarat	India
S1-887285254	Frontier Resilience LLC	6022 Railroad, Wallis, TX	US
S1-387008828	Shyam All Finance Private Limited	248/1731 Fakirmohan Nagar, Balasore, Orissa	India
S1-338441694	Prime Engineering Limited	Burdwan, P.O.- Joteram, Dist- Purba Bardhaman, Burdwan, Bardhaman, West Bengal, Vill- Nandur	India
S1-407730822	Anant Trade Private Limited	Kaushik Sadan, Subhash Nagar Makrana Tehsil Makrana, Nagaur, Rajasthan	India
S1-584442364	Ar Law Chambers	Mr-3/242 Mahalaxmi Nagar, Indore, Madhya Pradesh	India
S1-590082446	First Food Private Limited	20, Baranashi Ghosh Street, Kolkata, Kolkata, Howrah, West Bengal	India
S1-629969170	Keelia White Smart Futurewave Inc	12 Haffards Street, Unit 1N, Fall River, MA	US
S1-883468618	Tmr (india) Private Limited	Plot No. A 390 391, Riico Growth Centre, Swaroopganj, Hamirgarh, Bhilwara, Rajasthan	India
S1-904228116	Office of Aging	2637 Greenbrier Drive, Hinton, WV	US
S1-805104360	Mcleod Cardiology	1000 Taywood Road, Unit 112, Englewood, OH	US
S1-224534945	Gitanjali Realestate Private Limited	Khasra No 950, 950 Me And 951, Village Kilhora Jalalabad Hapur, Hapur, Ghaziabad, Uttar Pradesh	India
S1-631840437	Romero and Almendares Enbridge LLC	4695 Shagbark Court, City Of Brookfield, WI	US
S1-117902162	Atharva Promoters (India) Pvt. Ltd.	215, Vats Market Pitam Pura, Delhi	India
S1-381957415	Digital Care Limited	Flat No. 1 Sumangal Resi. Ulka Nagari, Aurngabad, Aurangabad, Maharashtra	India
S1-258353664	Porur Vyapar Private Limited	No.137, Gandhi Street, 2Nd Main Road Subhashri Nagar, Mugalivakkam, Porur, Chennai, Tamil Nadu	India
S1-745976550	Driver, Lewis & Harris	230 Arbor Drive, Carmel, IN	US
S1-164240371	Family Association	OH, Fl 3, Columbus, 5059 Enclave Boulevard	US
S1-346603579	Reliable Quality Motors LLC	Utica, 21 Rose Place, NY	US
S1-328371553	Rajdhani Holdings	Noida, Uttar Pradesh, Habibpur, Greater Noida, C/O Daya Chandra R/O Shop No.5 D Sharma Market, Gautam Buddha Nagar	India
S1-542424915	Taravi Andfinance	Office No. A-508, 5Th Floor, Shiv Chamber Plot No. 21, Sector-11, Cbd Belapur, Navi Mumbai, Mumbai City, Maharashtra	India
S1-116081375	Kestex Park	6334 Chandler Street, Cincinnati, OH	US
S1-956108284	Gunina Travels Private Limited	Panchsheel Greens, Gautam Buddha Nagar, Uttar Pradesh, Gautam Buddha Nagar, 1403 Type C I 14Th Floor	India
S1-599703679	Moylan Argentina L.L.C.	OK, Spiro, 24062 Tucker Road	US
S1-159067707	Parth Technologies (India) Private Limited	C/O Karan Singh Parmar Shop No. 08, Ramayan South Katara Hills, Bhopal, Madhya Pradesh	India
S1-590285242	Netta Giddings Spire	254 Capitol Drive, Village Of Hartland, WI	US
S1-378978603	QH Vendome, L.L.C.	Katy, TX, 21342 Bending Green Way	US
S1-730858380	Silver Consultants Private Limited	# 4, New Vinoba Basti, Sri Ganganagar, Sriganga Nagar, Rajasthan	India
S1-101076392	Straight Edge Pub	515 Monroe Avenue, Mcalester, OK	US
S1-635491453	Bay Investment LLC	820 Chicago Avenue, Downers Grove, IL	US
S1-148845479	Nowaczyk Continental Neurosciences, Inc.	524 Fifth Avenue, City Of Stevens Point, WI	US
S1-29696416	Silver Exports Private Limited	Noida, Gautam Buddha Nagar, Jasas C-58/8, Sector-62, Uttar Pradesh, A-101	India
S1-684012770	PCO Golden Oncology, Inc.	4204 Applegate Lane, Suitland, MD	US
S1-71172417	Tirupati Estate Private Limited	Flat No: 302, Foor No 3, Krishna Kunj, Gokuldham, Film City Road, Goregon, Mumbai, Mumbai City, Maharashtra	India
S1-8813651	High Industries Private Limited	42/333 Sant Tukaram Nagar, Pimpri, Pune, Maharashtra	India
S1-183363639	Metro Green Biosciences, Inc	1617 Woodbridge Court, Leesburg Town, VA	US
S1-999555430	Diamond Marine Products LLC	3768 Oleander Avenue, Corvallis, OR	US
S1-633779655	Aspen Zhejiang LLC	24304 33rd Avenue, WA, Spanaway	US
S1-913042783	Quality Crest	5653 Myers Court, Virginia Beach City, VA	US
S1-558031216	50/53 Mobility	MO, Saint Louis, 588 Garden Avenue	US
S1-690538628	Hydro Krupa	4-139, Maruthi Nagar, Guduru Mandal, Guduru, Krishna, Andhra Pradesh	India
S1-86804153	Regional Cornerstone Citizens LLC	1300 Winding Creek Road, NC, Granite Quarry	US
S1-92768400	Weiss Transport Inc.	15208 178th Avenue, Gig Harbor, WA	US
S1-246225268	Wooten Continental Enterprises Inc	AZ, Prescott, 469 Miracle Rider Road	US
S1-979509841	Golden Medical Alliance	307 Riggs Road, Unit 419, Washington, DC	US
S1-942087593	Wells Management P.C.	1343 Highway 88, Pencil Bluff, AR	US
S1-566485202	New Life Synagogue	2035 Litchfield Dr, Hiawatha, IA	US
S1-360188878	Good Constructions	C/O Jaharoom Bee Qureshi Near Jobat Tent House, Rajiv Colony, Deodara, Mandla, Madhya Pradesh	India
S1-607646145	Gleda Engle Heritage Fuels Inc	847 Horseman Drive, Rock Hill, SC	US
S1-422926253	Sky Enterprises Pvt Ltd	A- 42, Ground Front Side, Dayal Bagh Faridabad, Faridabad, Haryana	India
S1-92729851	Capital Council Inc	221 Main Street, Florence, KY	US
S1-674558177	Synergic Lifestyle Private Limited	5Th Floor, Kailash-B, 5, Sumangalam Society Opp. Drive In Cinema, Drive In Road, Ahmedabad, Gujarat	India
S1-126393436	Al Trading Private Limited	Maharashtra, Mumbai, T G Shah Buildingsecond Floor Pydhonie Chowk, Mumbai	India
S1-806365059	Jaganath Dev Pvt Ltd	14/3A Gariahat Road, Kolkata, Calcutta, West Bengal	India
S1-180523534	Piedmont Trust III	WI, N16040 State Highway 13, Park Falls	US
S1-713966229	Red Vision Construction Private Limited	Plot No E 3/4 Floor- 1A Purnendu Nagar Po Anishabad, Patna, Bihar	India
S1-790887991	Agni College	37/3, Kala Complex Fourth Avenue, Ashok Nagar, Chennai, Tamil Nadu	India
S1-46049969	Dynamic National Westin LLC	Charles City, 2163 Old Highway Road, IA	US
S1-106691524	Saiprasad Online Private Limited	215/275/4 B S Palya, Bangalore, Karnataka	India
S1-183540234	Hussain (thrissur) Private Limited	Yasmin 0131 Umar Sardar, Road Near Azad Hind Club, Barrackpur - I, North 24 Parganas, West Bengal	India
S1-545370440	Oliver Springs Urology Precision Care PC	628 Sleepy Hollow Road, Oliver Springs, TN	US
S1-410040347	Temple Synagogue	10202 W Maple Road, Omaha, NE	US
S1-174390454	Awesome Trading Private Limited	F.No.404 And 405, 4 Th Floor Maithri Vihar Complex, Ameerpet, Hyderabad, Telangana	India
S1-695737678	Paschal and Liu Associates	Albemarle, 1006 Charlotte Road, NC	US
S1-143410687	Sanders Superior Data LLC	1522 Aberdeen Road, Unit APT. 13, Hampton City, VA	US
S1-690898835	Yee Royal Factory LLC	124 Walcott Avenue, Staten Island, NY	US
S1-196054265	Healy Endocrinology	30 Coolidge Road, Winchester, MA	US
S1-710909094	Halley Parker American Corporation	4502 Indian School Road, Unit 221, Phoenix, AZ	US
S1-171653159	First Hospitality LLP	Wz-351, Delhi, Shakurpur Village, Delhi	India
S1-861378966	Matrix Sangh	House No. A-408A New Ashok Nagar, New Delhi, Delhi	India
S1-60629534	Delta Center	26 Brookdale Street, Valley Falls, RI	US
S1-679782609	Creative Semiconductor Ventures Inc	10864 Prairie Rose Road, Frisco, TX	US
S1-150829563	Verron Software, LLC	25432 Park Avenue, Buckeye, AZ	US
S1-986863583	Caldeon Duke Inc	8747 Santa Ridge Circle, Elk Grove, CA	US
S1-67904101	Pc Industries Group Pvt. Ltd.	A3/605 Purvanchal Heights, Greater Noida, Gautam Buddha Nagar, Uttar Pradesh	India
S1-552720726	ZX Chit Private Limited	50/1112, D11 2Nd Floor, Muhammad Haji Building Station Junction, Edappally P.O, Kochi, Ernakulam, Kerala	India
S1-531110798	Clarabelle's Signature Home Improvements	118 Main Street, St Charles, MO	US
S1-88905792	Sunderban Welfare Society	Lucknow, T C- 46, Lucknow, Uttar Pradesh, Vibhuti Khand, Gomti Nagar, Lucknow	India
S1-403028834	Piedmont Construction LLC	OK, 917 Linn Lane, Yukon	US
S1-279014952	Kt Animation Private Limited	Flat No-124, Cate Iii Sfs Hauz Khas, New Delhi, South West Delhi, Delhi	India
S1-66101502	Lemay Quetta LLC	1 Spring House Road, Lutherville, MD	US
S1-419304665	Akola Glove LLP	168 Tambaour Road, Near Goverment Hospital, Biswan, Sitapur, Uttar Pradesh	India
S1-189831319	Jai Foods Private Limited	Netawar, Post - Belaon, Siwan, Siwan, Bihar	India
S1-464514986	Valley Fund	97 Cass Avenue, Cheektowaga, NY	US
S1-418896338	Miller Rocky Ses LLC	401 Cascade View Drive, Ronald, WA	US
S1-492793391	Audio Infrastructure Limited	Ernakulam, Iv E Fourt Floor Rds Retreatchittoor Road Kacheripady, Kerala, Ernakulam	India
S1-648894561	Supreme Consultants Private Limited	236 & 237, The Galleria Dlf, Second Floor, Mayur Vihar Ext-1, Noida Link Road, New Delhi, East Delhi, Delhi	India
S1-143671838	Svs Lal LLP	Pune, Plaza, Sn -27 (Pt) Plot-3, Pune City, Maharashtra, Office No 612 Clover Hill	India
S1-851799346	Mountain Animal Hospital Associates	5389 Ferndale Road, Ferndale, WA	US
S1-804171096	Uptown Yoga!	8001 Coastal Highway, Unit C, Ocean City, MD	US
S1-751608780	Day Maintenance LLC	485 Ruby Raymond Road, Waterbury, VT	US
S1-163766842	Star Offshore Care	235 Sunset Avenue, Wenatchee, WA	US
S1-569100881	Resorts Traders Pvt Ltd	Office No.9, Miragaothan Mahajanwadi, National Highway, Mira Road East, Thane, Mumbai, Mumbai City, Maharashtra	India
S1-104955523	Infotech Engineering Pvt. Ltd.	H No 555, 556 Budhwar Peth, Pune City, Maharashtra, Ground Floor Shop No 2A, Pune	India
S1-291991311	Physical Therapy Coastal Group	710 7th Avenue, Mandan, ND	US
S1-364278564	Mount Chapel	151 32 Parkway, Mt Orab, OH	US
S1-965040695	Icon Jewellers Limited	Vishranti Apartment, Near Anand Nagar Garden, Anand Nagar, Vasai (, Thane, W), Maharashtra, 4	India
S1-509571057	Keystone Summit Platforms	356 Racetrack Road, Unit #13, KY, Henderson	US
S1-150821320	CI Consulting Private Limited	84/63 H.No. 264 Tejab Mill Campus Anwarganj, Kanpur Nagar, Kanpur, Uttar Pradesh	India
S1-78166516	Faque Capital Partners	275 Midway Oval, Groton, CT	US
S1-112860356	Good Logistics Private Limited	Office No 1405, Kamdhenu Commerz Premises, Sector 14, Plot No 02, Panvel, Raigarh(Mh), Maharashtra	India
S1-419129929	Ali Green Edp LLC	217 Valleys Edge Street, Mcminnville, OR	US
S1-40045119	Chloette Mason Allied Tree LLC	1 Overland Street, Boston, MA	US
S1-837908386	A Cure 3 You Inc.	103 Hampton Lee Court, Unit 1A, Cary, NC	US
S1-967500830	Cozy Tavern!	505 White Street, Unit 505, Floydada, TX	US
S1-718976444	Mumbai Bharat Pvt. Ltd.	702 Sneh Building, Anandnagar Near Mohan Soc, Dahisar East, Mumbai, Mumbai City, Maharashtra	India
S1-304297041	Shivam Projects Private Limited	Howrah, Kolkata, Ground Floor Princeton Club 26 Prince Anwar Shah Road, West Bengal, Kolkata	India
S1-177943533	Orbyn Federal	606 Panama Court, Granbury, TX	US
S1-868064087	Kashish Fuel Private Limited	Chennai, Tamil Nadu, 3/171 Silicon Valley Q Block I. T. Highway Old Mahapalipuram Road, Thuraipakkam	India
S1-409256428	Future Projects Private Limited	No-10, West Karikalan, Street, Adambakkam, Saidapet, Kanchipuram, Tamil Nadu	India
S1-631031485	Federal Arrow	91 1170, Logan City, UT	US
S1-16807998	Innovative Payment Digital	1202 Scottsboro Road, Unit C, Marion, IL	US
S1-600462984	Babb S. Johnson, DO, DDS PC	231 Wildcat Lane, Little Sandy, KY	US
S1-240050566	Frontier Holdings	216 Jefferson Pike, Lavergne, TN	US
S1-840622396	Gulf Kochav	1801 Baker Boulevard, Carthage, MO	US
S1-130034572	Piedmont Alliance V PC	Weddington, 1224 Willow Oaks Trail, NC	US
S1-164072881	Bennett's Transport	46 Village Gate Boulevard, Delaware, OH	US
S1-587645790	Bjr Impex Private Limited	C Block Jaldarourkela, Sundargarh, Orissa	India
S1-577250550	Pixels Public School	92/110, Nehru Place, New Delhi, South Delhi, Delhi	India
S1-487652257	Vedyne Detailing LLC	24W 740 Argyle Avenue, IL, Roselle	US
S1-281725882	Chennai Developmentcompany Private Limited	No.4, Raniji Nagar Annex 1St Street, Madananthapuram, Porur, Chennai, Tamil Nadu	India
S1-562163221	Good Constructions Limited	F-35A, S/F, Abul Fazal, Enclave Part 1 Jamia Nagar, Okhla, Char Minar Masjid, Delhi, South Delhi, Delhi	India
S1-92502000	Gadin (India) Electricals Public Limited	30 Apaki Industrial Premises Co-Op Socy. Ltd., Sidhpura Ind Estate Masranilane, Mumbai, Mumbai City, Maharashtra	India
S1-268149339	North Enterprises Private Limited	Bid, Vadvani, 360, Maharashtra, Khadaki Tq Dharur Beed	India
S1-667406578	Miles and Wright	28 County Road 5100, Cleveland, TX	US
S1-908498505	LO Venture LLC	620 2nd Street, City Of Baraboo, WI	US
S1-156883486	Gainey, Shanahan and Brown Chs Inc	604 Grand Lake Boulevard, West Chicago, IL	US
S1-368846142	Metro Ubs	203 Westminster Avenue, Syracuse, NY	US
S1-231101064	Daisi Tate Ocean	922 Van Buren Avenue, Dixon, IL	US
S1-372903225	Elevate Professional Center	74B, Lowther Road, Allahabad, Uttar Pradesh	India
S1-621386822	Anand Impex Private Limited	15 809 Mhb Colony Kher Nagar, Bandra East M, Mumbai City, Maharashtra	India
S1-238012566	Baldwin Superior Farms LLC	5016 85, New Salem, ND	US
S1-96384915	Urban Agro LLP	C/O Shree Chand, Vill Maithna Inder Singh, Meerut, Uttar Pradesh	India
S1-307702274	Da (India) Agro Limited	Flat No 1703, Brighton Tower, 2Nd Cross Lane, Lokhandwala Complex, Mumbai, Maharashtra	India
S1-933356469	Agasti & Sons	Bangalore, Unit-G2 Ground Floor, Karnataka, No. 35/1 And 35/2 Sgr Dental College Main Road, Munnekolal	India
S1-164830224	Reliable Ameren	902 Ocean Avenue, West Haven, CT	US
S1-100405609	Capital Network III LLC	3216 Frinks Street, Raleigh, NC	US
S1-234407650	Choice Iron LLC	KS, Sedgwick, Fl 0, 11750 Ridge Road	US
S1-725482440	Guru International Private Limited	Plot No - D-13/5, 13/6 13/7 Ttc Indl Area Turbhe, Navi Mumbai, Thane, Maharashtra	India
S1-192345497	Wildlife Center	7 Demar Road, Lexington, MA	US
S1-622515318	City Food Private Limited	Telangana, K.V.Rangareddy, Serilingampally, Fno B 305 3Rd Floor, Ramky One Kosmos	India
S1-59409377	Alyss Lopez Dbdr Corp	2220 Jackson Avenue, Hempstead, NY	US
S1-319952925	Pinnacle Federal Lionheart Inc	1785 Vizaleea Drive, Dubuque, IA	US
S1-111867989	Sujal Technologies Company	G-1, Akruti Height Road No.3 Rajendra Nagar, R Nagar, Patna, Bihar	India
S1-580992307	Creative Baba It Private Limited	D220, S/Floor Defence Colony, New Delhi, South Delhi, Delhi	India
S1-684624531	Raj Global Private Limited	C/O Lhadom Wangdi, Patel Road, Behind Sn Bose, Siliguri, Darjiling, Darjeeling, West Bengal	India
S1-744424482	Nelson Classic Ship Inc	4715 Overview Drive, Fayetteville, NC	US
S1-160617128	Winners Marketing Private Limited	Kh. No. 26/12/1 Ground Floor, Shahbad Daulatpur, Delhi, North West Delhi, Delhi	India
S1-388951829	Bastion Japan Ltd	422 165th Street Court, Spanaway, WA	US
S1-502282153	Garland's Diamond Catering Inc	1402 Ravencrest Apts, Frankfort, KY	US
S1-554328643	A Complete Gen LLC	1225 Providence Terrace, Fairfax County, VA	US
S1-959189311	Allied Pembina	Nashville, 519 Yokley Road, TN	US
S1-355110377	Anchor Medical Systems PC	258 Meadowbrook Lane, Nelson County, VA	US
S1-419243203	Mcdonald Companies	337 Main Street, Unit 1, Medford, MA	US
S1-791484925	International Vision Technologies Pvt Ltd	Shop No 50, Shivam Reality Shri Sharan Business Park, Changodar, Ahmedabad, Gujarat	India
S1-607311453	Family Horizon Associates LLC	Springfield, MO, 737 Westbypass	US
S1-823066174	Consultants Magnificent Marketing of Jabalpur Private Limited	C/O Sandeep Dubey Chatr Pal, Udna Sadak, Jabalpur, Madhya Pradesh	India
S1-169036830	C 5 H Ingredients Inc	232 Hoot Owl Circle, Quinlan, TX	US
S1-345107626	Childress Translational LP	5600 S 3rd St, Louisville, KY	US
S1-748540962	Swastik Sun Investment Private Limited	H.No. B 1 Plot No. 8 1St Floor Extended Lal Dora Santnagar Parwati Anch, Al Burari, New Delhi, Central Delhi, Delhi	India
S1-277014552	Tech Consulting Private Limited	Pl No. 1, Fl No. 2, Priyanka Kunj Co-Op Hsg. Soc., Kothrud, Pune, Sr. No. 5, Pune, Maharashtra	India
S1-912273534	Davis & Lucia Inc	IL, 1240 Beacon Ridge, Troy	US
S1-456715439	Moses Corporation Center	6397 Murphy Drive, Victor, NY	US
S1-637465929	Healthcare Kay Consulting Limited	Office No. 307, W Mall, Pearls Corporate, Mangalam Palace Sec-3, Rohini, New Delhi, Delhi	India
S1-526349990	Peak Cloud Concepts	736 Ardmore Lane, Shelbyville, KY	US
S1-296323848	Modern Consulting Private Limited	Bangalore Rural, Bengaluru, Karnataka, 29/1 Ground Floor Hosur Main Road Old Chandapura Anekal Taluk	India
S1-547546143	Delhi It Private Limited	West Delhi, G-106, Nandram Park Uttam Nagar, Delhi	India
S1-80960427	Hari Ram Infrastructure Private Limited	No.29 Moore Street, Chennai, Tamil Nadu	India
S1-609323033	Batts Global	362 Ocean Parkway, Berlin, MD	US
S1-523354110	Alpha Sky Logistics Private Limited	9/192/A, Lakshmi Building, Poovambayi, Panangad, Koyilandi, Kozhikode, Kerala	India
S1-231416129	Midwest Association	Unit STE 101, TX, 1404 Clarewood Drive, San Marcos	US
S1-460133008	Lo Blackrock Inc	9950 N Shore Road, Waconia, MN	US
S1-676648395	Bhubaneswar India	Rev. Plot No. 1063, Duplex No. 40, Golden Arena, Balianta, Bhubaneswar, Khordha, Orissa	India
S1-972836911	First Rapid Xsolla Corp	104 Lanita Drive, Roland, OK	US
S1-292830915	Heritage Therapies Inc	2115 Pennsylvania Avenue, Baltimore, MD	US
S1-51101506	Krishna Media Pvt Ltd	House No. 8.64, Kva House Naduvattom - Karinkallthani Road Ayilakkad Po, Malappuram, Malappuram, Malapuram, Kerala	India
S1-509332273	Kolkata Animation Private Limited	Kolkata, B Block, 1St Floor, Suite-7, Kolkata, West Bengal, Howrah, 1 Chandney Chawk Street	India
S1-127222577	Shivam City Products Private Limited	Safa Building Airport Road, Ramanatkara, Calicut Dt, Kozhikode, Kerala	India
S1-589521969	Ranice Haw Star Mfa	TN, 200 Stewarts Chapel Road, Flintville	US
S1-208167915	Steel Welfare Society	Plot No K-4 1465 Kalinga Vihar, Bhuabneswar, Khordha, Orissa	India
S1-420226248	Rhea Karg Continental Technical LLC	Colerain, NC, 204 Dew Drop Road	US
S1-512080827	Komal Fusion Private Limited	H.No.12-2- 709/C/1, Flat No.2, 2Nd Floor, Sai Teja Apartments, Padmanabhanagar, Mehadipatnam, Hyderabad, Telangana	India
S1-151302070	Diamond Sterling Systems	1257 Spotswood Drive, Orange County, VA	US
S1-670025586	Inox Management Private Limited	14, Hamam Street, Fort, Mumbai, Maharashtra	India
S1-529148390	PG Contractors Private Limited	Sube Singh X3-4624 Rohtak, Haryana, Rohtak, Haryana	India
S1-12487330	Upkar Success Private Limited	Radhabhawan, Jatarprinters, Girjakundward Nearmahavirvyayayamshala, Seoni, Madhya Pradesh	India
S1-831133424	Metropolitan Trust	175 Amherst Mobile Homes, Amherst, OH	US
S1-671445253	Metro Care, LLC	MA, 500 Quincy Street, Abington, Unit 3-C1	US
S1-700600281	Smith and Martin LLC	4 Peter Scott Drive, Cornwall, NY	US
S1-857022301	Zepheus Barings LLC	1633 James Drive, Crawfordsville, IN	US
S1-64140802	Hailee Willsey Innovation LLC	1120 Cedar Street, Jourdanton, TX	US
S1-690449852	Jeannette White Anchor System P.C.	51 Howard Street, New York, NY	US
S1-391697975	Marketing Nalin Chemical Private Limited	Flt No- E 219, Walchand Co, Kashmira Rd Oppkamla Park, Thane, Maharashtra	India
S1-486510827	Creative Developers Private Limited	2, Floor-5, 72 Keshari Bhavan, Shaikh Memon Street, Zaveri Bazar, Kalbadevi, Mumbai, Mumbai City, Maharashtra	India
S1-516705356	Tele Future (India) Ltd	No127, Sriananthammalcompx Arcot Road, Virugambakkam, Chennai, Tamil Nadu	India
S1-275228042	Primary Care Specialists Inc.	807 Calvert Drive, Bismarck, ND	US
S1-612138552	Harini & Co	15/1-1, Malviya Nagar, New Delhi, Delhi	India
S1-571214733	Wooten Atlantic Bhav	Albuquerque, 2009 Pinonwood Avenue, NM	US
S1-906686327	Happy Cleaning Service, LLC	15 Pirates Cove, Hampton City, VA	US
S1-939880982	Montiq Treasury LLC	Columbus, IN, 735 Whitfield Drive	US
S1-60980827	Bhavishya International School	B-104, Second Floor, Okhla Industrial Area, Phase-1, Delhi, South Delhi, Delhi	India
S1-476385483	Urology Pioneer Associates LLC	1365 Western Avenue, Unit Apartment 15, Saint Paul, MN	US
S1-359497386	Shakti Global	2-40-314/C Ambedkar Nagar, Balamrai, Gymkhana, Hyderabad, Telangana	India
S1-791947968	Hem Educational Society	2, Gulmohar Soc., Mithbunder Road Thane East, Thane, Maharashtra	India
S1-2106291	Jai Producer Private Limited	Vishalaxmipur, Ashram More 24 Kakdweep Parganas South Wb, Kakdweep, Parganas South, West Bengal	India
S1-802762694	Mamie Dsouza Management Inc	416 Castle Street, Knoxville, TN	US
S1-763758768	Empire Travel	136 County Road 4002, Chilton, TX	US
S1-368557784	Bhagwati (India) (madras) Limited	F547 Ph8A, Indl Area Mohali, S.A.S.Nagar (Mohali), Rupnagar, Punjab	India
S1-801306682	Perfect Foundation	Chennai, No.388/8, 200 Feet Road, S.Kolathur, Tamil Nadu, Chennai	India
S1-910150597	Regional Aria, LLC	711 Vintage Hills Way, Unit 302, Knoxville, TN	US
S1-204397870	Advanced Food LLC	5877 Glennon Drive, Galloway, OH	US
S1-853669737	Jackson Wood Private Limited	Ground Floor, Office No12, Sunstar Tower Near Ioc Qtr., Panchayat Nagar, Rajkot, Gujarat	India
S1-170998977	Bridges and Baker	Ofallon, 2404 Meadow Pointe Drive, MO	US
S1-72369296	Enterprises Mittal Developers Private Limited	Haryana, Orchid Centre, Near, Iilm Institute, Sec 53, Tf, Dlf Qe, Gurgaon	India
S1-114279394	Stoddard Hickman House Clinic	NY, 285 5th Street, Smithtown	US
S1-558634684	Prime Food Private Limited	Plot No. 23, Zone-1 M.P. Nagar, Bhopal, Madhya Pradesh	India
S1-185338284	Aditya Sai Management Limited	Royal Space Bldg No, 154/20, 3Rd Flr, 5Th Main, Bangalore South, Bangalore, Karnataka	India
S1-352005417	Wildrick and Sands LLC	25481 151st Drive, Surprise, AZ	US
S1-870254921	Vm India Private Limited	Kanjirathani, Vattakkunnu, Kappur P.O, Ottappalam, Palakkad, Kerala	India
S1-574943722	Hayes Unified Regions LLC	12 School Square, Unit 2, Winchendon, MA	US
S1-829163315	Silver Barbershop PC	230 Chapman Drive Extension, Asheville, NC	US
S1-657654513	Rodriguez, Watson and Anderson LLC	740 Western Avenue, New Lenox, IL	US
S1-623261026	Orthopedic Care	827 Elmhurst Road, Des Plaines, IL	US
S1-393157555	Golden Ice Cream!	307 Belleville Street, Freeburg, IL	US
S1-528999441	Pacific Can	903 Main Street, Bourbon, IN	US
S1-445131173	Luque Prairie Evolution Clinic	8261 Henry Circle, Anchorage, AK	US
S1-906572599	Z & B Entergy	6801 35th Avenue, Fl 1, Lacey, WA	US
S1-720173062	Maurita's Crystal Wellness Inc	20198 Brookview Square, Loudoun County, VA	US
S1-779180246	Infratech Seva Samiti	Rzp-1/29, New Roshan Pura Nazafgarh, New Delhi, South West Delhi, Delhi	India
S1-812486340	Fortune Consultants Private Limited	House No. 6, Road No. 5, East Punjabi Bagh, New Delhi, West Delhi, Delhi	India
S1-585692765	Golden Construction Technologies LLC	AZ, Sierra Vista, 1381 Jasmin Drive	US
S1-358447941	6-Star	1304 105th Place, Unit 1004, Mesa, AZ	US
S1-206894799	Dynamic Exports Pvt Ltd	#56, Saint Thomos School Road, Industrial Suburb, Vishweshwara Nagar, Mysore, Karnataka	India
S1-27158214	Darby Thomas News LLC	125 Seward Street, Smyrna, TN	US
S1-196578854	Young Joint LLC	116-38 Merrick Boulevard, Jamaica, NY	US
S1-624045976	City Medical Centre	Andhra Pradesh, Revenue Ward 23, Vijaya Lakshmi Puram, Bapatla, Guntur, 14-5-26	India
S1-362520	Empire Dental Associates	765 400, UT, Spanish Fork	US
S1-463548524	Swastik Shyam Enterprises Private Limited	Flat No-501, B-Wing, Barcelona, Off Madh Road, Bhd Madh Church, Malad (W, Est), Mumbai, Mumbai City, Maharashtra	India
S1-897226407	Lv Industries Group Private Limited	A 19, Ground Floor, Fiee Complex, Suite 1247, New Delhi, South Delhi, Delhi	India
S1-645713459	Ellis, Chavis and Renfro Hyperliquid Partners	4759 Mayfield Road, South Euclid, OH	US
S1-229555888	Rapid Quality Made LP	6 Wildwood Lane, Goshen, MA	US
S1-68456921	Dynamic Hospitality Private Limited	2Nd Floor, Trivedi Bhawan, Pghpl Group Campus, Opp. Western Gate A.N. College, Boring R, Oad, Patna, Bihar	India
S1-992003464	Aashi & Co Corp	Row House 10Syno246/1Mani, Konda Chitrapuri Colony, Rangareddy, Telangana	India
S1-912947277	Biomedical Institute of Technology Pvt Ltd	Plot No10, Kila No69, 1St Floor, Hans Enclave, Sadar Bazar, Gurgaon, Haryana	India
S1-417264639	Melton Workshop PLLC	9326 Hemphill Drive, Fort Wayne, IN	US
S1-470845482	Sft Finance Private Limited	Paldi, National Design Business Incubator National Institute Of Design, Gujarat, Ahmedabad	India
S1-987779515	Landeros, Liza N., D.C.	3400 Country Club Road, Tucson, AZ	US
S1-509283665	Bay Pinnacle Horizon LP	2450 County Road 022, TX, Jasper	US
S1-619895264	Dudley Invesco	2807 7th Avenue, Birmingham, AL	US
S1-17339733	Pediatric Dentistry Care Associates Inc	Norwich, CT, 59 Grant Court	US
S1-647059934	ZJ Desert Plutonian	11602 Bannerstone Street, Marana, AZ	US
S1-161901150	Ia & Co	6 Flr, 603, B & C Wing, C 66, G Block One Bkc, Opp. Bank Of Baroda, Bandra (Ea, St), Mumbai, Mumbai City, Maharashtra	India
S1-241742700	Linderman Rapid Pennantpark Inc	Cedar Rapids, IA, Unit 3, 2134 N Towne Ct NE	US
S1-512634625	Ironclad Lending LLC	OH, Hamilton, 736 East Avenue	US
S1-37213524	Surgical Clinic Clinic	864 Country Road, Brookhaven, NY	US
S1-916773322	Integrated Myers Group	311 Glenn Avenue, Unit 33, Auburn, AL	US
S1-263724589	Gadaon	TX, 900 30, Garland	US
S1-734453985	Kriste Ross Elite Auto Glass LLC	9837 Peakview Avenue, Unit D03, Cherry Creek, CO	US
S1-722883348	Red Nails LLC	1319 Ety Pointe Drive, Lancaster, OH	US
S1-309101313	Uniglobe Properties Limited	C/O-Suryadev Kumar, Patel Colony, Patna Sadar, Sampatchak, Patna, Bihar	India
S1-266640251	Game Consultancy Private Limited	Delhi, South Delhi, Kh No-185, Lane No-3 U/G/Fr/S, Saidulajab, Delhi, B-39	India
S1-619068107	Reinecke Capital Inc	251 Polk Street, Gary, IN	US
S1-706856946	Safe Vanguard Properties LLC	488 Lakeside Drive, Latonia Ky, KY	US
S1-774836812	Weiler Blue Brokerage PLLC	132 Danforth Street, Portland, ME	US
S1-452691275	Dd Memorial Trust	Hotel Swati 21/6 Chhoti Gwal Toli Near Sarvate Bus Stand, Indore, Madhya Pradesh	India
S1-277375862	Human Rights Initiative Associates	1302 Fair Street, Unit D, Marion, IL	US
S1-110602510	Real Alpha Media Private Limited	House No C-262, Siddharth Nagar, Jaipur, Rajasthan	India
S1-770963722	Howard, Smith and Anderson, Inc	71 Hemlock Place, Middletown, CT	US
S1-341378122	Bumoex Corporation	Chagrin Falls, OH, 8850 Taylor May Road	US
S1-202909837	Sevue Family Office Inc	Baltimore, MD, 2102 Patapsco Avenue	US
S1-520992658	Value Retail Global Inc.	2518 Young, Colville, WA	US
S1-277391322	Dynamic Textile Networks LLC	18848 250 Road E, Danvers, IL	US
S1-638110492	Super Care Limited	Kalkaji, New Delhi, Delhi, J-86	India
S1-844896591	Modern Packaging Global PC	8935 Georgetown Pike, Fairfax County, VA	US
S1-245014023	Keva Trust LLC	11451 Cherry Hill Road, Unit 203, Beltsville, MD	US
S1-790771894	Nexnet Family Office LP	1330 Dale Avenue, Stephenville, TX	US
S1-437422427	Scholarship Fellowship	8 Jan Sebastian Way, Unit 6, Sandwich, MA	US
S1-870525516	Geo Brothers	Ernakulam, 36/1924 Sky Marks Chammani - Complx Judges Avenue Cross Rd (Sebastian Rd) Kochi, Ernakulam, Kerala	India
S1-382138150	Amrit Open Private Limited	Room No.6, Kashinath Patil Chawl, Opp Sapana Hotel, S V Road, Mumbai, Mumbai City, Maharashtra	India
S1-470699785	Krystyna's Energy Inc	NY, Unit Apartment 206, 183 Main Street, Fredonia	US
S1-696598587	Bell Controls LLC	136 Donegal Avenue, Thousand Oaks, CA	US
S1-960756168	Board of Public Works	13265 601, Midland, NC	US
S1-842881175	Mandie Cannon, DO	3315 Nelson Road, Town Of Algoma, WI	US
S1-42596820	Lakshmi Construction Private Limited	B-11/C-2, Malviya Nagar, Ind. Area, Jaipur, Rajasthan	India
S1-360871186	Naya Bas Eye LLP	290, Naya Bas, Alwar, Rajasthan	India
S1-868335410	Dorman Crest Group	5943 Otis Court, Columbine, CO	US
S1-780893579	Godbole City Corp	Building No. 61/245- B2, Zeia Arcade, Church Landing Road, Pallimukku, Kochi, Ernakulam, Kerala	India
S1-372897884	Brigit Brown Montreal	1890 Marble Ridge Drive, Rockingham County, VA	US
S1-582550646	U A & O Securities PLLC	514 Snow Mass Lane, Yakima, WA	US
S1-761888543	Jhk Industries Private Limited	P-3, New C.I.T.Road Second Floor, Kolkata, Kolkata, Howrah, West Bengal	India
S1-430842276	North Solutions Private Limited	Plot No. 18 Bhaisaura, Gomti Nagar Extension, Lucknow, Uttar Pradesh	India
S1-533701421	First Cartesian LLC	586 Country Way, Sanford, NC	US
S1-140574806	Agneta Allen Shore	216 Eagle Lane, Pittsylvania County, VA	US
S1-388312190	Esparza, Kwon & Omara Sciences LLC	226 Barefield Drive, NC, Millers Creek	US
S1-767371184	Khush Memorial Trust	House No 8-B Jr Coconest, Marasur, Anekal, Bangalore, Karnataka	India
S1-395950954	Aragon Biotech L.L.C.	8231 Rebecca Woods Drive, Bartlett, TN	US
S1-691555791	Kopf Labs	Spring, TX, 74 Slatestone Circle	US
S1-793019850	Rocky Trust, LLC	846 217, Claverack, NY	US
S1-975506716	Radharani (India) Green Private Limited	Door No:6-21, C.Kothapalli, Chapalamadugu Gram Pancha, Markapur, Prakasam, Andhra Pradesh	India
S1-495990882	Primary Care Choice Clinic LLC	10508 Farm To Market 1130, Orange, TX	US
S1-666435696	Apex Pinnacle Music Group	NC, Albemarle, 29569 Forrest Road	US
S1-129027978	Express Construction LLC	430 Haldimand Avenue, Hamilton, OH	US
S1-922994065	Amethi Finance Limited	Amethi, Uttar Pradesh, Sultanpur, C/O Narsingh Yadav Ramganj Ram Awadh Rampur Ramganj	India
S1-623350674	K 7 Classic Painting LLC	3615 Jefferson Street, Kansas City, MO	US
S1-753180274	Helios LLC	306 Wrights Lane, Bldg BRIAN GRIFFITH DENTISTRY, Prestonsburg, KY	US
S1-617270478	Aasara Brothers Private Limited	No:2 Shah Sultan Complex 17/1 Ali Asker Cross Road, Cunningham R, Oad, Bangalore, Karnataka	India
S1-334052695	Guru Constructions Private Limited	Plot No 13, Pushpak Nagar, Lokhande Mala, Nashik, Maharashtra	India
S1-102971431	Delhi Hospitality Private Limited	West Delhi, Delhi, 25/2-W-1 West Patel Nagar	India
S1-948624922	Smart Hall Inc.	935 Sycamore Avenue, Corvallis, OR	US
S1-638785454	Gs Hospitals Private Limited	H.No-30, Ward No-16, Near Ice Factory Near Hindalco Petrol Pump, Hindalco City, Renukoot, Sonbhadra, Uttar Pradesh	India
S1-455885431	Lyrial Aria	21406 Catalina Circle, Rehoboth Beach, DE	US
S1-312194988	Dios Hospital	Bardhaman, West Bengal, Bijon Kumar Dey, Bulchandrapur, P O-Painta, Burdwan, C/O	India
S1-745218864	Yodha Associates Private Limited	M.A. Sarani, Bisharpara, North 24 Paraganas, North 24 Parganas, West Bengal	India
S1-576426786	Jennings, Seaver & Powell Corp	7159 Sagert Street, Unit #106, Tualatin, OR	US
S1-298951977	Family Associates of New Hartford	20 Canterbury Road, New Hartford, NY	US
S1-380060263	Devashish Plaza Private Limited	B-3 Horning Stars T Road Mahim, Mumbai, Maharashtra	India
S1-603442937	Skill Agro Private Limited	3/101 Shree Krishan Avenyu Face, Limbodi, Indore, Madhya Pradesh	India
S1-795245610	Village Of Howard Regional Midwest Chiropractic	1844 Maplewood Avenue, Village Of Howard, WI	US
S1-873852360	Pune City General Private Limited	Cts No. 15, F.P. 17, Plot No. 2, Erandwane, Karve Road, Pune City, Pune, Maharashtra	India
S1-144718195	Golden Pizza	1101 22nd Avenue, Battle Ground, WA	US
S1-518394026	One Healthcare	E50, 3Rd Floor, Ihfd, Nagar, Pallavaram, Kanchipuram, Tamil Nadu	India
S1-703428973	WXP Commercial LP	Lavergne, 132 Vaughnwood Drive, TN	US
S1-478051664	Cruz Rare	8120 Holly Crest Drive, Chattanooga, TN	US
S1-95925372	Temple Presbyterian Church	11802 Hickory Drive, Fort Washington, MD	US
S1-436247714	U C Oliver Popular LLC	10222 Southwind Lane, Unit UNIT 1024, AZ, Scottsdale	US
S1-993604636	Nanak & Partners Pvt Ltd	288-B, Vivek Vihar, New Sanganer Road, Jaipur, Rajasthan	India
S1-515624637	Mireles Generation LLC	2114 S 3rd Street, Unit 5D, Shelbyville, IL	US
S1-295377582	Hotel Gujarat Management Private Limited	9Th Avenue Business Park, No. 3, Unit No. 503, 5Th Floor, K.P. Puttanna Chetty Road, 5Th Main Road, Bangalore South, Bangalore, Karnataka	India
S1-616628716	Apt Holdings	First & Second Floor, Shop No. 25, Malik Singh Complex, Sector-17, Kurukshetra, Haryana	India
S1-187058094	Ahmedabad Innovators Center	Indochem House 8 Sundarvansociety Opp Gujarat Vidyapith Ushmanpura Ashram Road, Gujarat, Ahmedabad	India
S1-557975484	Tathastu Traders Pvt. Ltd.	Plot No.84/C, Phase -I, I.D.A Jeedimetla Quthubullapur, Medchal- Malkajgiri Dist., Hyderabad, Rangareddy, Telangana	India
S1-487154804	Behavioral Health Medicine LLC	2770 163, Colorado City, TX	US
S1-536638885	Mega Advisors Limited	A-99, Karan Vihar Ph V, New Delhi, Delhi	India
S1-511863452	Pediatric Dentistry Prime Center Center	Grove City, OH, 4749 Barnwood Drive	US
S1-956446110	Dns Institute	Room No 18/498 B31 Bus Stand Shopping Complex, Koyilandy, Kozhikode, Kerala	India
S1-889448973	YRI Spices Private Limited	Unit No.903, Remi Commercio Bldg, Plot No. 14, 9Th Floor, Shah Industrial Estate, Andheri West, Mumbai, Mumbai City, Maharashtra	India
S1-925403791	12 30 Bhav	50 200, Unit OFFICE, Farmington, UT	US
S1-234200441	Packer Broadband LLC	535 Cox Lane, Minor Hill, TN	US
S1-354705482	Safe First Rockwool	323 Lake Elaine Road, Shelbyville, TN	US
S1-37630161	Schiller Interprivate Partners	34 Indian Summer Court, Deatsville, AL	US
S1-763611874	Reina's Summit Engineering	MD, 4637 Harwich Drive, Waldorf	US
S1-285739773	Gobind & Sons	C/O Gaurav Kumar, Chand Choura Morcha Gali, Gaya, Bihar	India
S1-119279828	Patterson Travel	12962 Black Hills Drive, MN, Burnsville	US
S1-432139268	Clark & Hebert Jpmorgan LLC	7815 Mirage Valley Drive, Dallas, TX	US
S1-580205927	Indo Projects Pvt Ltd	Sy No:710, Near Nuthankal Rice Mill Nuthankal, Medchal, Rangareddy, Telangana	India
S1-119171444	Fresh Equity Laboratories	17834 Parker Road, Homer Glen, IL	US
S1-584177675	Bangalore Vintrade Pvt Ltd	Ice Queens Amber No.006, 1St Cross, Omkar Nagar, Arekere Mico Layout Bannerghatta Road, Bangalore, Karnataka	India
S1-761930510	Summit Anchor Good Inc	1101 Fulton Street, Hempstead, NY	US
S1-197922151	Orbelle Quality Inc	6110 Trotting Place, Greensboro, NC	US
S1-256602729	Developers Inova Preservation Ltd	F/2, 1St Floor, Ashokraj Building, Off S. V. Road, Goregaon ( West), Mumbai, Mumbai City, Maharashtra	India
S1-274090278	Baba Marketing Private Limited	Hyderabad, H No 4-6-158/44 Plat No 44 Durga Nagar Nacharam, Hyderabad, Telangana	India
S1-312481466	C I Fisher Allstate	111 Liberty Street, Victoria, TX	US
S1-906079981	Radhakrishna Ship Private Limited	108 B, Devika Tower, New Delhi, South Delhi, Delhi	India
S1-193918319	Keiser Abrdn LLC	15013 93rd Street, Vancouver, WA	US
S1-928870866	Maddie Alexander Strategic Bitwise PLLC	821 Parkplace Ri, Princeton, TX	US
S1-613445780	Radhey Advisors	M-18 And M-19 Half Ground Floor, Connaught Circus, New Delhi, Central Delhi, Delhi	India
S1-461369552	Zemanek Lithium P.C.	1401 Union Street, Lincoln, IL	US
S1-38402575	White Marketing Private Limited	S. No 142/4, Cts No 5102, Fl No 1001, Bld No C, 10Th Floor, Aishwaryam Ventures, Pune City, Pune, Maharashtra	India
S1-37338275	Mjm Energy Private Limited	2104 Delmar Tower 2, Salunkhe Vihar Road, Near Reliance Mart, Pune, Maharashtra	India
S1-543127091	Painters Local 46	6446 Ranier Lane, Maple Grove, MN	US
S1-340996011	IWM Hotels Private Limited	House No 13Bank Enclave, Delhi, East Delhi, Delhi	India
S1-606725408	Green Consulting Pvt Ltd	M-171, Greater Kailash-Ii, New Delhi, Delhi	India
S1-945115789	Volt Traders LLP	S. No. 464, Gouri Kirana Store, Tukaram Nagar, Shivaji School Road, Talwade, Pune, Maharashtra	India
S1-639012333	Oncology Care	1809 Spencer Street, Greensboro, NC	US
S1-473235417	Bowling Tire Shop, Inc	415 Perfect Run, Mountain Rest, SC	US
S1-930984906	Shiv Blue Agro Limited	B-154, Basement Dayanand Colony, Lajpat Nagar Iv, Delhi, South Delhi, Delhi	India
S1-862093695	Loveron LLC	39 River Oaks Drive, Unit C, Greensboro, NC	US
S1-749000475	Anish Polytechnic Private Limited	F-12/1, Nimmco Tiles Compound, Kalawade Naka, Midc, Tarapur-Boisar, Thane, Maharashtra	India
S1-369632481	Grajales, Miller and Fuente PLLC	901 Yoakum Hollow Road, Jacksboro, TN	US
S1-430604402	Countryman Oxford Inc	12360 502, Unit Gw2h, Venus, TX	US
S1-538780979	Dwarka & Sons Private Limited	C/O Vithal Gangaram Damgude H No 134 At Asni Taluka Velha, Pune, Maharashtra	India
S1-416469670	North Ventures Limited	H No, Je-33 A, New -127-Old Kh-55 Khirki Extension, Delhi, South Delhi, Delhi	India
S1-351025388	Clyus Americas LLC	8913 Stowers Lane, Collinsville, IL	US
S1-960355473	Visionary & Sons Private Limited	Ground Floor, Incor Opulence Gunjur Palya Road, Gunjur Village, Varthur, Bangalore, Flat No.G05, Karnataka, Bangalore	India
S1-453223583	Varshika Services Private Limited	Bh. Ranibag Street, Amrut Sweet Vari Galima, Porbandar, Gujarat	India
S1-571115458	Highland Fund LLC	CT, 62 Lake Drive, Madison	US
S1-143265439	Drayex Armour	312 Derby Lane, Unit 202, Lexington, NC	US
S1-220020462	Red Pizza	15 Wells Avenue, East Hartford, CT	US
S1-803676246	Laxmi Perfect It Private Limited	Uttar Pradesh, Noida, 16Th Avenue, Gaur City 2, G.Noida West, Gautam Buddha Nagar, H-18057	India
S1-510772858	Life Agro Private Limited	35, 26/2A/2, Anand Nagar, Pathardi, Tal. Pathardi, Pathardi, Ahmed Nagar, Maharashtra	India
S1-549011344	Delta Tactical	2169 Stringtown Road, Grove City, OH	US
S1-350245409	Select Broadcast Networks	671 Main Street, Chartiers Township, PA	US
S1-373457471	Vadodara Finance Private Limited	Ark 04Th Floor Subplot No1 Of Plot No A/27, 28 & B/ 29-32 Part Shri Krishna Ind Estate Opp B, Idc Gorwa, Vadodara, Gujarat	India
S1-554902174	Arabela's Properties Inc.	4216 29, Crossville, AL	US
S1-966940882	Fine & Co	Bangalore, Karnataka, Prestige Falcon City, Kanakapura Main Road, Konanakunte Cross, Bangalore, Flat No. 51262	India
S1-241670741	Biriva L.L.C.	Unit 1156, AZ, Phoenix, 24250 23rd Avenue	US
S1-758075760	Bharat Investments	No 7, 3Rd Floor, N.W.A Club Road Market Sector Iv Market, West Punjabi Bagh, New Delhi, Delhi	India
S1-773320212	Marathon Infoway Private Limited	A-304, Pushpvan Apt. Nr. Ioc Pump Bodakdev, Ahmedabad, Gujarat	India
S1-881005414	Liberty Montessori School	217 Talahi Road, Vienna Town, VA	US
S1-100302483	Indrva Recycling Ltd	B/3, Axay Park Society, Nr Jakatnaka Gorwa, Vadodara, Gujarat	India
S1-692096873	Surgical Partners, L.L.C.	972 1285, Clinton, UT	US
S1-919267939	LX Electricalsprivate Private Limited	M- 59 Baludhyan Road Uttam Nagar, New Delhi, West Delhi, Delhi	India
S1-524979710	Platinum Aerospace Partners PC	114 Lindsay Court, Thomasville, NC	US
S1-886802071	Infrastructure Industries Pvt. Ltd.	F.No 504, Svp Residency, Pno162A, Addagutta Society, Tirumalagiri, Hyderabad, Telangana	India
S1-95264755	Krishna Memorial Trust	Parippallil House Tiruvalla Po, Paliakara, Pathanamthitta, Kerala	India
S1-558011533	Mumbai Infra Limited	B/103 Nirman Palacejijamatamarg Pump House Andheri East, Mumbai, Maharashtra	India
S1-874413333	Primary Care Classic Associates LLC	James City County, VA, 3005 London Company Way	US
S1-671129885	Mara M. Snell, DMD	15911 Bazelbriar Lane, Missouri City, TX	US
S1-803808238	Prairie Tidewater Inc	5414 Glover Park Drive, Upper Marlboro, MD	US
S1-620608935	Urban Bistro PLLC	8560 9, Lewis, NY	US
S1-951609532	Chemico Traders Private Limited	Site # 677, 1St Floor, 27Th Main Road, 13Th Cross Road, Hsr Layout, Sector 1, Bengaluru, K, Arnataka, Bengaluru, Bangalore, Karnataka	India
S1-568217118	Simms Osisko Inc	3113 Springdale Avenue, Glenview, IL	US
S1-946744214	Btm Hitech Private Limited	C-2, Sanjay Enclave, Main Rajapuri Road, New Delhi, West Delhi, Delhi	India
S1-596007326	Best Lakshmi Power Private Limited	A/203, Sunrise Plaza, Kasturi Garden, Ssm Road, Behind Maxus Mall, Bhayander W, Est, Bhayander, Thane, Maharashtra	India
S1-104226194	Global Lotus Construction Pvt Ltd	A-212, Malhotra Complex, Gali No. Â 01, Vikas Marg, Shakarpur, Laxmi Nagar, East Delhi, Delhi	India
S1-987152524	Preferred Education Global LLC	Columbus, OH, 1290 London Drive	US
S1-589253257	Future Management Private Limited	C/O Shalini Singh, Village-Rampur Post- Bacchawan, Varanasi, Uttar Pradesh	India
S1-445455950	Blue Bike Shop	807 Jackson Boulevard, Unit 1-3, Jonesborough, TN	US
S1-198728897	Luciana Williams Landscaping LLC	7165 Burke County Road, Hickory, NC	US
S1-279971988	Lee & Ginder, Inc.	460 Sunaire Terrace, Cincinnati, OH	US
S1-479239049	Palakkad Techno Private Limited	No.12/189, Kelath Parambil (H), Kondurkara P.O Karakkad, Kalladipatta (Via), Palakkad, Kerala	India
S1-108314429	Supreme Dream It	Office No F-39, First Floor Eternity Commercial Premises, Lbs Marg, Teen Hath Naka, Thane, Maharashtra	India
S1-700882543	Frontier Rent Inc	2785 14, Unit 1, Reidsville, NC	US
S1-805440050	Williams Automotive LLC	1157 Officers Row, WA, Vancouver	US
S1-710147242	ZM Gems Pvt Ltd	No. 257, Mezzanine Floor, 9Th A Main 3Rd Block, Jayanagar, Bangalore, Karnataka	India
S1-465082733	Sales Consultants Private Limited	137, Sarabhai Society, Vadodara, Gujarat	India
S1-402994011	Puhl Global, Inc	1411 Seneca Court, Granbury, TX	US
S1-236963798	RO Atlantic Galaxy Inc	2119 Tipton Street, Seymour, IN	US
S1-680585243	National Platinum Qdro Inc	MO, 105 Azalea Street, Duenweg	US
S1-392245358	Physical Therapy Crystal Center	17 Ave H, Markham, TX	US
S1-521730978	Real Ace Investment Private Limited	9-E Sunita Apartmentcumballa Hill 62 Pedder Road, Mumbai, Maharashtra	India
S1-103952189	Liex PC	9448 Lovat Road, Fulton, MD	US
S1-691021205	Narvaez Vanguard Solutions	1070 County Road 2269, Cleveland, TX	US
S1-532630246	PV Finance Pvt Ltd	S. No. 222/2, Kambagi, Bijapur, Bijapur(Kar), Karnataka	India
S1-63162461	Apex Wholesale Concepts LLC	160 Brook Farm Road, Boston, MA	US
S1-367965660	Poole, Goe and Voss, LLC	195 Myers Drive, Gurley, AL	US
S1-731133418	Lockport Arts Charities	542 4th Street, Lockport, IL	US
S1-885630742	Clyara Motors LLC	216 Lake Avenue, City Of Crandon, WI	US
S1-807555566	American Cardiology	555 Woodside Avenue, Park City (summit Co), UT	US
S1-401836525	Interstate Charities	170 Tiffany Nicole Lane, Lexington, TN	US
S1-796024407	Celinka Walters Ramaco LLC	2929 Dougherty Ferry Road, Unit APT 110, Saint Louis, MO	US
S1-149887453	International August Heights Public Limited	Plno.7, Srushti Bangalow, Srno.119/4, Opp.My World, Haveli, Pune, Maharashtra	India
S1-823731657	CLI Taxable LLC	13274 Highway 51, Unit 5, Atoka, TN	US
S1-578641214	Sbi Traders Private Limited	Maharashtra, Raigarh, Plot No-40, Krishna Heights, Sector-17, Ulwe Road, Flat No-1104, Ulwe	India
S1-549086594	Sun Marketing Private Limited	D- 8, Gf, Pandav Nagar, East Delhi, Delhi	India
S1-21590818	D J & I Lng	26363 Carondelette Drive, Orange Beach, AL	US
S1-555090350	Star Consultancy LLP	103 Raja Gardenring Road, New Delhi, North Delhi, Delhi	India
S1-557511474	Raut Sangh	Perecherla, Guntur, Andhra Pradesh	India
S1-576220090	Premia Gaushala Private Limited	C-126, Third Floor, Naraina Industrial Area, Phase-I, New Delhi, South West Delhi, Delhi	India
S1-299278979	Siri Industries Limited	H. No. 223 Korain, Fatehpur, Uttar Pradesh	India
S1-202490639	Future It Private Limited	Shop No. 2, Ground Floor, Baba Arcade, B-Wing, Plot No. 711 & 712, Sector 11, Vashi, Navi Mumbai, Maharashtra	India
S1-122618676	Rodgers Westin Inc	936 Emmer Street, Rolesville, NC	US
S1-144979450	Sanjay Seva Samiti Corporation	Ff-8, Devkrupa Flora, Opp. Astha Complex, Ahmedabad, Gujarat	India
S1-877733833	Torrens Preferred Nano	1895 Garretts Bend, Sod, WV	US
S1-51525259	Gsm Builders Private Limited	Lg5, Toral Apt, Station Road Navsari, Navsari, Gujarat	India
S1-945650918	Continental Family Office LP	135 Fred Drive, North East, MD	US
S1-947166860	Apoorva Works Private Limited	22/2791, Old Y Block, 6Th Street 12Th Main Road, Anna Nagar, Chennai, Tamil Nadu	India
S1-243140298	Kestrel PLLC	9308 Cherry Hill Road, Unit 523, College Park, MD	US
S1-694979060	Raj One Technology Pvt Ltd	C/O M/S Jindal Industries, Vill Alamgarh Abohar, Abohar, Firozpur, Punjab	India
S1-429112441	Alankar Webtech of Berhampur	Gajapati Nagar-1St Lane Berhampur, Berhampur, Ganjam, Orissa	India
S1-246462346	Empire American Vision Center LLC	8 Derry Park Drive, Unit 17, Middleborough, MA	US
S1-232082545	Pinnacle LLC	1656 Crooked Fork Road, Weston, WV	US
S1-186761262	Jodhpur Health Private Limited	B-35-36 Industry Estate, Jodhpur, Rajasthan, Jodhpur	India
S1-100146655	Bricklayers Local Union 428	4268 Davis Hill Road, Scio, NY	US
S1-341291980	Oncology Care LLC	8905 Penrith Drive, Spotsylvania County, VA	US
S1-572730139	Kraft, Jobina, CPA Care	512 Colvard Woods, NC, Durham	US
S1-594141325	Veterans Center LLC	1940 Mary Queen Road, City Of Green Bay, WI	US
S1-401761505	Moran Staffing LLC	1902 Shamrock Road, Dothan, AL	US
S1-820196196	Mohanlalganj Infra Private Limited	Beli Kalan, Gosainganj, Mohanlalganj, Lucknow, Uttar Pradesh	India
S1-81981566	American Oxley LLC	W197N4950 Hickory Street, Unit Apartment 303, Village Of Menomonee Falls, WI	US
S1-92690219	All Vanguard Pinnacle	15641 Regian Drive, Lindale, TX	US
S1-888167789	Eye Clinic Center	501 Harris Street, Madill, OK	US
S1-942011133	Modern Systems Private Limited	196-A Gujrat Societykanta Kunj Sion West, Mumbai, Maharashtra	India
S1-142288436	High Laxmi Investment	Faizabad, Uttar Pradesh, C/O Shri Amar Nath Shiv Nagar Colony, Faizabad, Pahar Ganj	India
S1-119783341	Sun Consulting Limited	Ix/6372, Ground Floor, Netaji Gali, Gandhi Nagar, East Delhi, Delhi	India
S1-328164935	Fiix LLC	4922 Port Royal Road, Unit A, Spring Hill, TN	US
S1-926243009	Linzy's Regional Pet Care LLC	Reynoldsburg, 6451 Old Church Way, OH	US
S1-376882708	Unified Aerospace Studios	1121 500, Unit 18, Salt Lake City, UT	US
S1-400092918	Metropolitan Supply Dynamics Inc	284 B Commercial Street, Unit 2, Provincetown, MA	US
S1-419235241	Zirain Eco Limited	T-Hub Foundation 1/C 83/1, Level 6 Raidurg, Panmakth, Shaikpet, Hyderabad, Telangana	India
S1-724315493	Cobalt LP	3300 204th Street, Unit ROOM 12, WA, Lynnwood	US
S1-336476210	Gonzalez Index of Englewood	607 Taywood Road, Englewood, OH	US
S1-977818366	Dental Allied Medicine	5262 Clematis Way, West Jordan City, UT	US
S1-347171620	Firefighters Local 584	3494 State Rt 41, Troy, OH	US
S1-346929118	Nectar & Associates of Phulwari	C/O Ratnesh Kumar, F.No-415B Lotus Apartment, Phulwari, Patna, Bihar	India
S1-561269090	Sirius	9102 Trickle Trace Trail, Round Rock, TX	US
S1-640578446	Physical Therapy Medicine of Methuen LLC	59 Ford Street, Unit D, Methuen, MA	US
S1-317610576	Fatehnagar Power Pvt Ltd	C/O Kamal Nayan Agarwal Kalyan Furniture, Main Market, Fatehnagar, Udaipur, Rajasthan	India
S1-398084502	Halcyon LLC	6600 Capitol Drive, Greenbelt, MD	US
S1-429137290	Xenon Products Limited	Block A-5, Mianwali Nagar, Paschim Vihar, West Delhi, Delhi, New Delhi, H.No. 10	India
S1-256480068	Kshatriya (India) Logistics LLP	H.No.24 A T Umbarni, Village Tal Kalyan Dist, Kalyan, Thane, Maharashtra	India
S1-375348297	United Foods LLC	4455 Hodge Road, Memphis, TN	US
S1-415042128	Ujala Public School	Thrissur, Room No.6/404 D1 Mary Land Complex, Thrissur, Kerala, Venginessery P O	India
S1-410228098	Caa Center	VA, Campbell County, 1310 Chapel Grove Road	US
S1-460033462	FYJ Apparels Private Limited	No.1 19Th Street K.K.Nagar, Chennai, Tamil Nadu	India
S1-317952287	High Food LLP	No 25/18, W H Hanumanthappa Road Gandhinagar, Bangalore, Karnataka	India
S1-615534064	Bidar Resources Private Limited	Houseno.40, Humnabad Road, Sidda Basava Colony, Bidar, Karnataka	India
S1-616272752	Continental Leapfrog	372 Round Pond Lane, Greece, NY	US
S1-441322	Evangeline Chase Invesco LLC	13809 43rd Avenue, Spokane, WA	US
S1-391141182	East Beyond	2950 Dothan Street, Memphis, TN	US
S1-950174003	HTP Technology Private Limited	Patparganj, 344, New Delhi, Sita Ram Appartments Plot No- 102, Ip Extention, Delhi	India
S1-175633133	Suyash Ventures Private Limited	D.No.9-47/36/3, Gf-103, Dtr, Mansion, Vaibhav Nagar, Visakhapatnam (Rural), Visakhapatnam, Vishakhapatnam, Andhra Pradesh	India
S1-644411036	Steele Express Bhav LLC	400 6th Street, Scotts Mills, OR	US
S1-762958682	Bharathi Pharmaceuticals LLP	H No. S No. 140 A/3/1, Green Park, Morewadi Road, Kolhapur, Maharashtra	India
S1-78424718	Lord Engineering Corporation	5/157, Madarwadi, Farrukh, Uttar Pradesh, Farrukhabad, Uttar Pradesh	India
S1-925057409	Portillo & Pierre Processing	Unit 2821, OK, 157 Stonebridge Boulevard, Edmond	US
S1-181609420	India Ssp Sea Limited	81, Western Gateway Road, M.P. Sharma Compound, Meerut, Delhi	India
S1-613244295	Mountain Cornerstone Constellation, LLC	3170 Farm Road 125, Springfield, MO	US
S1-441593499	Mathis Colonial Fitness Corp	305 Downing Glen Drive, Morrisville, NC	US
S1-506720235	Strategic Pioneer Priority Inc.	1216 Lakeside Drive, Harpers Ferry, WV	US
S1-735268637	Unified Tri-State Uranium	3669 Shoal Creek Road, Goodspring, TN	US
S1-67628861	Nsn Scientific (India) Private Limited	1St Flr, Kagalwala House, C Block, Metro Es 175, Cst Road, Kalina, Santacruz East, Mumbai, Mumbai City, Maharashtra	India
S1-951104915	Hancock and Cummings	4721 Emerald Avenue, Mesa, AZ	US
S1-867129763	Lopez International PLLC	6014 Merwin Chase Road, Brookfield, OH	US
S1-211026051	Gandhinagar Trading Private Limited	B 306 Swagat Rainforest 2, Koba - Kudasan Highway Opp. Swaminarayan Dham, Kudasan, Gandhinagar, Gandhinagar, Gandhi Nagar, Gujarat	India
S1-650106134	Testa Analytics	1777 Orlando Road, Columbus, OH	US
S1-110295930	PF Bread LLC	Jonesborough, TN, 492 Taylor Bridge Road	US
S1-954886409	Novial Hills LLC	OH, Columbus, 507 Evergreen Terrace	US
S1-911365600	Palacios Signature Ship Inc	18665 Rosman Highway, Sapphire, NC	US
S1-796183067	Gillett, Agyeman and Gagliardo Maywood LLC	7108 2nd Street, Fl 1, Scottsdale, AZ	US
S1-401074421	Chau Minerals LLC	1620 Belmont Street, Unit B, Washington, DC	US
S1-147057413	PK Premier Morgan LLC	4420 Beaver Vista Road, Rimrock, AZ	US
S1-397900824	FFB Construction Pvt Ltd	Delhi, Shop No 133, 1St Floor, Vardhman Premium Mall, North West Delhi	India
S1-241872490	Diaz, Winn and Gomez PC	Fuquay Varina, NC, 1204 Tobacco Barn Road	US
S1-571376605	Sunshine Health Private Limited	C-380, D.S.I.D.C. Narela Industrial Area, Narela, North Delhi, Delhi	India
S1-25587016	Beacon Highland Solar LLC	69 Brayton Avenue, Unit 3, Fall River, MA	US
S1-335752330	Ranna Brill Certified Vulcan Upper Allen Township	413 Reservoir Road, Upper Allen Township, PA	US
S1-339696594	Montex Mckinley	6655 Juniper Avenue, Twentynine Palms, CA	US
S1-277159753	Bayer Golden Pelican Inc	1715 Woodbrooke Drive, Salisbury, MD	US
S1-652651286	Mumbai Marine Pvt Ltd	Godown No-2A Sunderville, Mumbai, Maharashtra, Mumbai City, Co-Operative Society Ltd S.V.Road, Next To Vijay Sales, Santacruz, (West)	India
S1-931180841	Pegasus LLC	1115 Carroll Street, Brooklyn, NY	US
S1-943874235	Shakti Global LLP	B-19, 1St Floor, Commercial Complex Dr Mukherjee Nagar, Delhi, North West, Delhi	India
S1-909532705	Perea Liberty Bioscience, LLC	N4752 Christopher Road, Town Of Lowville, WI	US
S1-716346194	Enus Creative Peace Associates	754 Quinnipiac Lane, Unit Unit B, Stratford, CT	US
S1-920710760	Kalyankari Sangh Care	D-81-Old-D-422 Siddharth Nagar, Jaipur, Rajasthan	India
S1-735283511	Maa Surya Services Limited	Nagpur, Dhantoli, 8-Meera Appartment Opposite Yashwant Stadium, Maharashtra	India
S1-541962667	Prime Pinnacle Chs LP	8540 Robinia Street, Fontana, CA	US
S1-158306158	Beacon Property Brands Inc.	1061 Shannon Avenue, Barberton, OH	US
S1-330916229	Juliane's Painting PLLC	18935 Pasadena Avenue, Maricopa County, AZ	US
S1-124208550	Aurlie Barton Twelve Inc.	Kansas City, 3131 139th Street, KS	US
S1-476022166	Elite Environmental Worldwide	87 Conner Road, Campbell County, VA	US
S1-491232871	Marthena Mowrer, P.A.	AR, 2703 55th Street, Rogers, Unit Apt 203	US
S1-307045007	Sandoval First Pelican Inc.	485 Gettysburg Drive, Sylva, NC	US
S1-862715502	Skytech Vinimay Limited	House No. 18-P, Sector-45, Gurugram, Sector -45, Gurgaon, Haryana	India
S1-663284662	Krishna Infra Private Limited	24/1/1, Alipore Road, 3Rd Floor, Kolkata, Kolkata, Howrah, West Bengal	India
S1-435735212	Juniper	12831 6th Street, Unit Suite B, Lillian, AL	US
S1-368357600	Prakruti India Corporation	Icono One World Centre, #03, Plot No.21, Sector 24, Turbhe, Navi Mumbai, Thane, Maharashtra	India
S1-51590630	Cobalt Inc	936 Cascades Drive, Mckinney, TX	US
S1-51122580	Dhairya Industrial Private Limited	6/6 Viveknagar Jadavpur, Kolkata, South 24 Parganas, West Bengal	India
S1-730279779	Anallise Martinez Blue Fuse LLC	Jacksonville, NC, Unit 201N, 203 Valencia Drive	US
S1-357200984	Economic Development Center	658 Harmony Drive, Roseburg, OR	US
S1-533049965	Innovative Hospitality Private Limited	101/106 Anjani Complexparrera Hill Road Off Andheri Kurla Road Andheri East, Mumbai, Maharashtra	India
S1-178488255	Thattamala P.O Foundation Private Limited	Thattamala P.O, Kerala, Building No.Vp Ix/9B Nadayil Vadakkathil, Devi Nagar-09, Palathara, C/O Jayalal, Kollam	India
S1-223283080	Young Builders, Inc	1935 Apache Boulevard, Unit 3005, Tempe, AZ	US
S1-684205378	Primary Care Health	633 Main Street, Cairo, OH	US
S1-325106163	Premier Marketing Private Limited	956/34, Cherickal House, Cherickal Lane, Pallom, Kottayam, Kerala, Kottayam, Kerala	India
S1-973414824	Premier Minerals Inc	34815 Schwalm Road, Kenai Peninsula Borough, AK	US
S1-149302771	Dermatology Associates Inc	660 Forest Glen Drive, Valparaiso, IN	US
S1-950101048	Anand Services Private Limited	209 G.K.House, 187A Sant Nagar East Of Kailash, Newdelhi, Delhi	India
S1-809295456	Indrya (india) Pvt Ltd	1835C Ward Bhausingi Road, Kolhapur, Karvir, Kolhapur, Maharashtra	India
S1-23124190	Madyne L.L.C.	519 Solberg Drive, Kalispell, MT	US
S1-234439628	Solstice Clinic	337 Central Avenue, Unit Unit A, Lawrence, NY	US
S1-524765559	Anand Food Private Limited	Room No 201, Sai Malhar Sadan, Phoolpada Road Virar East, Mumbai, Mumbai City, Maharashtra	India
S1-796310218	Squitieri's Smart Pet Care LP	204 Cheryl Avenue, Bedford, TX	US
S1-719801396	Jarlova Uranium Inc	2340 Georgetown Avenue, Toledo, OH	US
S1-201376315	E/I World	VA, 117 Elliot Street, Augusta County	US
S1-289717548	Eustacia D. Ortiz, D.C., PC	1680 Hendersonville Road, Unit G6, Asheville, NC	US
S1-739118392	Silver Energy Private Limited	508, 5Th Floor, Paras Trinity, Sector-63, Gurgaon, Haryana	India
S1-996684915	Agrawal Solutions Pvt Ltd	51/B Embassey Apt 46 Nepean Sea Road, Bombay, Mumbai City, Maharashtra	India
S1-898355913	Maxy Freeman Pacific Odyssey P.C.	111 Boardman Street, Unit 1, Boston, MA	US
S1-563382731	Montgomery Preparatory Academy	El Paso County, TX, 444 Claiborne Street	US
S1-264272517	Primary Care Center Inc	18285 Crestline Drive, Lake Oswego, OR	US
S1-47921351	Sarasansh Polymers	5, Chandwar Gate, Firozabad, Uttar Pradesh	India
S1-961941107	Solanki Trust	No.4 (Kalabhyraveswara Temple Premises) Double Road 4Th Stage, Beml Layout, Rajarajeshwari N, Agar, Bangalore, Karnataka	India
S1-423126373	Purva Brothers Private Limited	C-101 Bhukant Vihar, Awho Lda Colony, Lucknow, Uttar Pradesh	India
S1-316932948	Dev Enterprises	Plot No -1.2.3 Annta Enclave Pol No-1/13, Bulandshahar, Up, Bulandshahar, Bulandshahr, Uttar Pradesh	India
S1-216179293	Johnson Exchange	8145 Ice House Canyon Road, Globe, AZ	US
S1-160840431	AI Stellar Co	1112 Lancaster Way, Sacramento, CA	US
S1-820630138	HZS Vii LLC	Charlotte, NC, 1421 Seneca Place	US
S1-878632015	Cresent Sweets Ltd	No.14, Avaiyar Street, Subramaniar Nagar Z1, Suramangalam, Krishnagiri, Salem, Tamil Nadu	India
S1-795631320	Smart Trading Private Limited	Flat No-1/22, Vijaya Enclave Nb, Bangalore South, Bangalore, Karnataka	India
S1-381177686	Software El Fruits Ltd	Shop No. G-14, Riddhi Siddhi Tower Sector 5, Vidhyadhar Nagar, Jaipur, Rajasthan	India
S1-354038358	Apeksha Technologies (India) Care	14 Shreya Nagar, Hubli, Dharwad, Dharwar, Karnataka	India
S1-337240153	Huff Allegro	7261 Mimosa Lane, Dallas, TX	US
S1-975769032	Barahona Metropolitan Public	338 Woodcrest Street, Rialto, CA	US
S1-891539767	Nabha Marketing Private Limited	2E/14, First Floor Jhandenwala Extension, New Delhi, Delhi	India
S1-212949733	Jhajjar Solutions Private Limited	V.P.O. Chaman Pura, Jhajjar, Haryana	India
S1-384388496	Big Builders Private Limited	S/O Bhairu Lal Joshi Shiv, Shankar Temple Ward 29, Bijainagar, Ajmer, Rajasthan	India
S1-212460801	Clyyn Pan PLLC	209 Simpson Road, Marlborough, MA	US
S1-722578559	1488 Center Place Holdings	1202 Dry Creek Road, Ellensburg, WA	US
S1-422936323	Ivenic Enterprises	101 Sessions Avenue, Enterprise, AL	US
S1-645147697	Wildlife Center	1020 43rd Street, Minot, ND	US
S1-25965321	Jayam Advisors Pvt Ltd	No.71, Ist Floor 3Rd Main, Prashanthanagar, Bangalore, Karnataka	India
S1-658336143	Bharat Projects Private Limited	Wz-1390/12B, Near Janakpuri D Block Pankha Road, Nagal Rai, New Delhi, West Delhi, Delhi	India
S1-251311978	Banks and Ratcliff Bread LLC	1504 2nd Avenue, Eugene, OR	US
S1-589634567	D 5 W James LP	232 Belt Boulevard, Richmond City, VA	US
S1-942301043	Qunaque Realty LLC	102 Spencer, Mesa, AZ	US
S1-392902135	Sampat Enterprises LLP	Plot No. 22, Harikrishna Enclave, Shivaji Nagar, Nagpur, Flat No. 601, Nagpur, Maharashtra	India
S1-745300796	Supreme Perimeter Inc.	159 Allen Road, Bldg POST OFFICE, Billerica, MA	US
S1-869118709	Southern Healthcare Private Limited	D-10 Empire Residency Nea, R Agarwal Public School, Indore, Madhya Pradesh	India
S1-219401270	Calodyne LLC	1729 Foxhall Drive, Rocky Mount, NC	US
S1-471497067	Bombay Media LLP	Fattepuria Niwas Old Cotton Market, Wardha, Maharashtra	India
S1-895337107	Belicia's Jewelers	2590 Twin Landing Cove, Fl 0, Annapolis, MD	US
S1-735713081	Mount Cathedral	4130 18, Unit Unit C, Edmeston, NY	US
S1-30166617	New Life Cathedral	Houston, TX, 5610 Truett Street	US
S1-351491429	Chhpyana Marketing Partners	Uttar Pradesh, Chhpyana, F-25 Khn No 273 Khatu Shy, Ghaziabad, Chipyana Buzurg	India
S1-749745623	Borst and Simmons	2 Cranford Drive, Clarkstown, NY	US
S1-64966742	Blue Travel LP	13108 Mulranny Drive, Homer Glen, IL	US
S1-279736597	Atlantic Coalition II LLC	210 Beech Street, Newport, KY	US
S1-344557977	Smart Industries Private Limited	D-32, New Ashok Nagar New Delhi, New Delhi, East Delhi, Delhi	India
S1-104662239	Highland Dynamic Sports	Newport News City, VA, 1354 24th Street	US
S1-307708702	Apple Vanijya (India) Corp	14F/1M Dum Dum Road, Kolkata, Howrah, West Bengal	India
S1-482286138	Dermatology Care Associates	35080 N Fork Road, Kenai Peninsula Borough, AK	US
S1-122637196	Classic Atlantic Prime LLC	48 Atlantic Drive, Split Pine, WV	US
S1-821523654	Bath County All Emerging	150 Old Germantown Road, Bath County, VA	US
S1-184201555	Y 4 Anchor Series	25870 Unity Lane, Unit 63, West Harrison, IN	US
S1-470841570	Cultural Institute	4065 Boulevard Place, Indianapolis, IN	US
S1-166332747	Orthopedic Cascade Clinic LLC	11203 Lynette Court, Spotsylvania County, VA	US
S1-791107630	Paschim Puri Pumps Private Limited	205, Capital Tower, Inder Enclave, Paschim Puri, New Delhi, Delhi	India
S1-354336647	Green Solutions LLP	C2Hiramanek Soc Nr Sharda, Petrol Pump Chandkheda, Ahmedabad, Gujarat	India
S1-360225492	Best Shivam Solutions Private Limited	Plot No: Idco Plot No. 19/A Ganeshwarpur, Januganj, Balasore, Orissa	India
S1-570676783	Samidha & Associates Private Limited	House No 115 Kargaina Pilibhit, Pilibhit, Uttar Pradesh	India
S1-109545202	Diamond Nutrition Technologies Inc.	801 Cannonside Dr, Louisville, KY	US
S1-728032080	Roopesh (india)	1014, 10Th Floor, B Wing Mittal Tower 6/47, Mg Road, Banglore., 6/47, Mg Road, Banglore., Karnataka	India
S1-985181624	Pulp Servicesprivate Private Limited	Plot No. 247, Industrial Area Nangla, Faridabad, Haryana	India
S1-407845038	Ballard, Gradilla and Mccarthy Inc	930 Clarice Street, Grand Prairie, TX	US
S1-549370199	Gonzales Holdings Group Inc	220 Ruthann Drive, Lucasville, OH	US
S1-476132624	Jamison, Zimmer and Juarez Inc	Unit APT F, 7783 Newport Way, IN, Indianapolis	US
S1-598823125	Vision Specialists of Willow Springs Inc	8623 Arizona Trail, Willow Springs, IL	US
S1-546751738	Holloway Medical	Everett, 121 Linden Street, Unit 2, MA	US
S1-564193651	First Textile Partners LLC	27081 Shirley Avenue, Euclid, OH	US
S1-882796400	Helpful General Private Limited	2803, Redwood, Runwal Greens, Mulund-Goregaon Link Road, Bhandup West, Mumbai, Mumbai City, Maharashtra	India
S1-387747643	Bonney Lake Veterans Guild	12404 208th Avenue, Bonney Lake, WA	US
S1-64915886	All Golden Trading	Madhya Pradesh, 91, Indore, Saket Nagar	India
S1-901695846	Lopez, Cortez and Custard LP	5 Industrial Loop Road, Hannibal, MO	US
S1-657278286	Katrine's Cascade Services	129 Wamel Way, Cedar Creek, TX	US
S1-863544866	Grand & Sons Private Limited	D-516, Site C Surajpur, Housing Greater Noida, Noida, Gautam Buddha Nagar, Uttar Pradesh	India
S1-355053030	Sb Advisors	142B Gali No.6 Vipin Garden Extention, New Delhi, West Delhi, Delhi	India
S1-943567301	Mary Murphy, O.D., P.C.	581 Noble Commons Circle, Supply, NC	US
S1-549730361	Velasco Financial, LLC	Mentor, OH, 8385 Munson Road	US
S1-596431100	Smart Education Systems	2007 Mechanic Court, Vacaville, CA	US
S1-521605108	Mayur & Co	S-1, Dda Local Shopping Compex, Mayur Vihar, Phase-1, Delhi, East Delhi, Delhi	India
S1-289853373	Dynamic Investment Pvt Ltd	Flat No.A 202, Swapnadeep Apartment Kacheri Road, Near Station, Karjat, Raigarh, Maharashtra	India
S1-474310615	Pytel, Clark & Deloach Regions LLC	33 Sausalito Drive, Amherst, NY	US
S1-988797326	Malad West Communications Private Limited	Mumbai, 2 Darnus Niwas Yashoda Smruti, Maharashtra, Malad West, Nadiadwala Chl No 2 S V Rd	India
S1-703703543	Cultural Charities Inc.	142 32nd Avenue, Eugene, OR	US
S1-280987053	Wang Housing LLC	5602 Grimes Avenue, Harlingen, TX	US
S1-126920508	Hotel Shiva Tech Private Limited	Bihar, Patna, 212, Ashiana Tower, Exhibition Road, Phulwari	India
S1-271585788	Tirupati Power	West Delhi, Wz-2D, New Delhi, Nangli Zalib B-1 Janak Puri, Delhi	India
S1-204931911	Vimoix Smart Wholesale	NC, 55 Garner Road, Selma	US
S1-178384024	Advait Spinners	12, House No.-24, Street No-12C, Sepco Township, Durgapur Mc, Bardhaman, West Bengal	India
S1-856667356	Laxmi Services Limited	W/O Balwinder Ram, Shop No. 5 Railway Road, Garhshankar, Hoshiarpur, Punjab	India
S1-732613749	Strategic Equity Enterprises	1128 Wooddale Church Road, Knoxville, TN	US
S1-380839864	Baptist Crystal Services	5284 6150, Hooper, UT	US
S1-486296456	Asset Building Fellowship	1510 Beaumont Street, Sheppard Afb, TX	US
S1-852026470	Arya Traders Company	Unit No.301 To 304, 3Rd Floor, Cresent Royale, Cts No 7201N3, Vill.Oshiwara, Taluka Andheri, Veer, A Desai Rd, Off New Link Rd Andheri West Mumbai, Mumbai City, Maharashtra	India
S1-895409233	Elysia's Therapy Corp	584 Christine Drive, Vacaville, CA	US
S1-797931932	Electronic Wellness Networks, Inc	11903 Oak Street, Jenks, OK	US
S1-584499457	Tucker Heritage Restaurant LLC	4777 Casey Lane, Phoenix, AZ	US
S1-298019640	Harding, Perrine L., MD	2844 Neely Store Road, Rock Hill, SC	US
S1-92668465	Garciamartinez & Schorr Holdings LLC	2204 Lea Crest Drive, Dallas, TX	US
S1-562441786	Appleby and Salgado Suma	11657 Breyman Avenue, Portland, OR	US
S1-560649724	Snyder Brookfield	775 Chatham Avenue, Elmhurst, IL	US
S1-834788095	Sanchez Crystal Royce	323 32nd Avenue, IA, Clinton	US
S1-589719894	Dulcinea Thomas Rmg P.C.	9488 Schmidt Road, West Sparta, NY	US
S1-772116613	Behavioral Health Silver Clinic Inc	13822 Northvalley Drive, Hagerstown, MD	US
S1-966027321	Probst & Duran Newhold LLC	Boston, 31 Floyd Street, MA	US
S1-577969980	North Arrow LLC	44 Seward Avenue, Port Jervis, NY	US
S1-673553033	Transnational Impex (India) Private Limited	112/340, Swaroop Nagar, Second Floor, Kesa Colony, Kanpur Nagar, Uttar Pradesh	India
S1-206477802	Rocky Institute	13 Ralph Boulevard, Unit Unit 214, Ramapo, NY	US
S1-298646564	Zar Academy Private Limited	Ram-Krishna, Co-Operative Society, Near Durga Chowk, No. 20, Gorewada, Maharashtra, Nagpur	India
S1-777555607	Digital Ventures Limited	New Delhi, Hari Nagar Extention Baderpur, South Delhi, 12-C, Delhi	India
S1-388246740	Krajewski Strategic Miluna	106 Potash Bay, Addison, VT	US
S1-379154805	Banuelos Resources	1640 Maiden Lane, Albemarle County, VA	US
S1-947431711	Halcium Fisheries	713 W First St, Madrid, IA	US
S1-737368602	Knobloch & Foster Inc	17142 58th Street, Bellevue, WA	US
S1-706591875	Congregation Lutheran Church	Unit 22, 7905 Crows Nest Court, Laurel, MD	US
S1-365672071	Hari Enterprises Private Limited	No. 29, K.H. Road, Bangalore South, Bangalore, Karnataka	India
S1-603318865	Shoshana Rude Express Limited LLC	21215 Cold Spring Lane, Cornelius, NC	US
S1-630839433	Chiropractic Associates Inc.	511 55th Street, Renton, WA	US
S1-721254668	Ss Estate Private Limited	1/1/1B Paikpara Row, Kolkata, Howrah, West Bengal	India
S1-676187388	Ajc Projects Private Limited	6-106, Srinivasa Nagar Colony Ghandamguda, Hyderabad, Telangana	India
S1-537121104	EM Beneficial Pvt. Ltd.	Ground Floor 1448, Sector-6, Karnal, Haryana	India
S1-299628100	GZO Tri-State Home Improvements LLC	729 Harry Shirley Road, Kearneysville, WV	US
S1-995742594	Jo Ann Avants Multimedia Inc	108 Sudbury Lane, Unit Apartment B, Amherst, NY	US
S1-392214139	Jk College	515, Palm Spring Centre, Link Road, Malad West, Mumbai, Maharashtra	India
S1-952136084	Golden Wellness International LLC	4871 Hannover Avenue, Fl 0, Saint Louis, MO	US
S1-582600323	Lingle & Hara Opportunity LLC	MT, Florence, 16210 Queen Anne Lane	US
S1-967514668	Chiropractic Center of Keller	3813 Drexmore Road, Keller, TX	US
S1-157183174	Vinny Fernandez Advisory Associates	142 W Grandiflora Drive, Wallace, NC	US
S1-836401682	Express Aerospace Associates Inc.	107 Beaver Creek Drive, Portland, TN	US
S1-412010600	Anc Trading Private Limited	Nashik, Shop No.1 Ganesh Nagar Tq Kalwan Dist Nashik, Nashik, Maharashtra	India
S1-552549808	Primary Care Physicians of Yelm	10049 Terra Court, Fl 1, Yelm, WA	US
S1-226564818	Literacy Fund LLC	414 B White Oak Street, High Point, NC	US
S1-473606105	Kinna Stewart Centurion LLC	34800 Lake Shore Boulevard, Unit 101~104, Eastlake, OH	US
S1-55790876	Darcy Hyperliquid Inc	62 Fountain Lane, Avondale, WV	US
S1-442205824	Orthopedic Specialists PC	Andover, VT, 2448 Hill Road	US
S1-567672228	Mains All Carlyle	2008 Th Jones Mill Way, Salado, TX	US
S1-858093716	Secure Nutrition Services	1405 Hearn Avenue, Bessemer, AL	US
S1-817125131	Element	6 Portland Avenue, Old Orchard Beach, ME	US
S1-168226168	Vista & Sons LLP	A/36 Pallaspali, Near Air Port, Bhubaneswar, Khordha, Orissa	India
S1-927776130	Golden Hypnosis	2194 Kevos Pond Drive, Poulsbo, WA	US
S1-597401517	Red Hypnosis	552 Mill Creek Road, Dongola, IL	US
S1-30151590	Juliette's Security Services	5507 194th Lane, Maricopa County, AZ	US
S1-175016539	Seneva LLC	2810 Golden Drive, Seattle, WA	US
S1-585509512	Urban Energy Private Limited	C-37 Surajmal Vihar, Delhi, East Delhi, Delhi	India
S1-898630961	Best Infra Limited	Naman Centre, C-31, Bandra Kurla Complex, G-Block, Opp Dena Bank, Mumbai, Maharashtra	India
S1-580432162	Stephens and Billington LLC	7530 Kane Court, Northfield, OH	US
S1-88817160	Natka Beagle Pinnacle Hologram	1040 Cleveland Street, City Of Wisconsin Rapids, WI	US
S1-227354877	Shanie Garrett, D.O.	40 William Street, Unit 409, MA, Wellesley	US
S1-553712807	Meon	2221 24th Street, Muskogee, OK	US
S1-388700492	Shakti Care Private Limited	Plot No.3 Survey No.90/4 &91/2Dam Road Villae Manor Taluka Palghar Dist.Thana 4, 01403, Thane, Maharashtra	India
S1-238511000	Miller, Cathers & Silverman	Woodburn, 4502 Center Street, IN	US
S1-626922669	Vineeta Hospital Pvt. Ltd.	5/504, Swami Samarth Darshan, Sant Sena Maharaj Marg, 2Nd Kumbharwada, Girgaon, Mumbai, Kolhapur, Maharashtra	India
S1-428709431	Mclaurin Dynamic LLC	2530 Main Street, Hurricane, WV	US
S1-299742816	Physical Therapy Green Specialists LLC	26600 Maryland Camp Road, Millsboro, DE	US
S1-383350674	Dental United Care LLC	Pattonville, 1429 County Road 14500, TX	US
S1-909955989	New Consultancy LLP	Shop No. 17, Gopal Arcade Poll No. Z-27Ext, Jabalpur, Madhya Pradesh	India
S1-216798062	Synlinor Partners LLC	446 West Court, Fl 0, Glen Burnie, MD	US
S1-772468356	Bajrang Shankar	Shop No. 120, Citadel, Palace Orchard Hsg. Soc., S. No. 09, Undri, Pune, Maharashtra	India
S1-908800416	Northern Hamilton Inc	146 12th Street, Unit A, New Philadelphia, OH	US
S1-27002930	Benton Wholesale	Sterling Ranch, 8445 Old Ski Run Circle, Unit 102, CO	US
S1-615389185	Dawson Investments Inc	123 3rd Street, Molalla, OR	US
S1-674323954	Patriot First Publishing Inc	132 Sugar Toms Lane, Oyster Bay, NY	US
S1-404818756	Green Complete Hair Studio Care	6918 Raceway Court, Mason, OH	US
S1-85210897	Life & Brothers Limited	C/O Santam Singh D Arora Cross Collage Road Opp Jakattithal Road, Valsad, Gujarat	India
S1-625041866	Super 44 Auto Body Clinic	387 Marguerite Avenue, South Floral Park, NY	US
S1-784078088	Silver Abrdn LLC	221 Parkway Drive, OK, Moore	US
S1-661173194	Zeal Transport Company	Madhya Pradesh, Jabalpur, H.No.136, Ravindra Nagar, Adhartal	India
S1-21376915	Jai Tirupati Services Private Limited	Plot No.7/2, Ground Floor, Amar Jyothi Colony, Tirumalagiri, Hyderabad, Telangana	India
S1-857915278	Chandravi Investment Ltd	Survey No.34/8, Mitcon College Balewadi, Baner, Pune, Maharashtra	India
S1-535787043	Summit Freight P.C.	6507 Western Avenue, Chicago, IL	US
S1-582702190	KKX State Inc	205 D M Court, AR, Pearcy	US
S1-72252837	Upper Strategic Navios Inc.	3915 Shane Court, Denison, TX	US
S1-557729317	Buor Holding Company LLC	139 Hampshire Road, Methuen, MA	US
S1-44450013	Hyacinth Teague, D.C., PC	7640 Casablanca Drive, Tucson, AZ	US
S1-244210172	Sky Producer Pvt Ltd	Own House, Koparkhairne Village, Nr.Hanuman Mandir Koparkhairne (West), Navi Mumbai, Raigarh, Maharashtra	India
S1-545839168	Merla Bagwell Complete Media, Inc	85 India Row, Unit 30-E, Boston, MA	US
S1-829420372	Dental Physicians LLC	245 Indian Lake Boulevard, Unit E308, Hendersonville, TN	US
S1-424170762	Martinez Advanced Miluna PLLC	314 Iroquois Road, Hillside, IL	US
S1-859740925	Rohini Gum Pvt Ltd	G-7, Shanti Apptt., Plot No. 7/1 Sec. - 13, Rohini, New Delhi, Delhi	India
S1-285660164	Sunrise Dynamic Trading Private Limited	38 Baroda Avenue, Garia, Kolkata, Parganas South, West Bengal	India
S1-722435697	Innovative Integrated Dome Inc	218 Railroad Avenue, Souderton Borough, PA	US
S1-28205922	Green Aerospace Company	Richmond, KY, 613 Beaumont Court	US
S1-829987371	Amber Sizzle Inc	2128 Elmwood Drive, Isle Of Wight County, VA	US
S1-385338713	Safe Pioneer Legato LLC	21107 Deodora Drive, Chesterfield County, VA	US
S1-271520763	Kota Technologies Sangareddy Private Limited	7-121 H.No 3-12/A Ameenpur Village Patancheru Mandal, Sangareddy, Medak, Telangana	India
S1-702535028	Leyla's Advertising	683 Bluebird Lane, Cincinnati, OH	US
S1-864658047	Radhekrishna & Co	958 Nana Peth Melani Park Flat No A 3, Pune, Maharashtra	India
S1-701003373	Sampson & Cunningham LLC	23560 259th Street, Mc Louth, KS	US
S1-924467624	Midwest Federation	6815 Hartwood Lane, Fairfax County, VA	US
S1-818679709	Naylor Pediatrics, Inc	1225 Hollywood Avenue, Dallas, TX	US
S1-106011786	Continental Printing Studios	7258 Highway 144, Philpot, KY	US
S1-546702803	Shaikpet (india) Private Limited	Tvr Mansion, Plot No.666, Rd No.34, Near Madhapur Metro Station, Shaikpet, Hyderabad, Telangana	India
S1-658439443	Central Products Private Limited	C/O Satendra Verma, 224, Nizampur Malhaur Nizampur, Lucknow, Uttar Pradesh	India
S1-608967311	Dimond & Sons Private Limited	73, 6 Th Cross, Ramachandrappa Layout, Bangalore, Karnataka	India
S1-680008372	Solar Solutions Private Limited	8124, Sector - C, Pocket - 8 Vasant Kunj, New Delhi, South West Delhi, Delhi	India
S1-621761582	Dynamic Properties Pvt Ltd	39-17-48/1, Main Road, Near 48 Busstop, Visakhapatnam (Urban), Visakhapatnam, Vishakhapatnam, Andhra Pradesh	India
S1-349458496	Clear Construction Holdings	3706 Nanz Ave, KY, Saint Matthews	US
S1-851769617	Ear Nose & Throat Group LLC	225 Mcalpine Drive, Fl 0, Saint Louis, MO	US
S1-156869488	Salim College Inc.	11115 Heartleaf Aster Way, Cypress, TX	US
S1-727634534	Pichardo, Meeker & Peterson LLC	1058 Linden Avenue, Wilmette, IL	US
S1-853993166	Education Clean Alliance Group	89 Meadowbrook Country Club Estate, Ballwin, MO	US
S1-882698520	Peoples & Mulligan Associates	TX, 8215 Canja Drive, Fort Worth	US
S1-893318925	Straight Edge Book Store LP	MD, 1333 Yorktown Road, Fl 0, Annapolis	US
S1-948768038	Happy Tattoo	17062 Rand Drive, Fountain Hills, AZ	US
S1-513693430	Tao International PLLC	149 Levi Lane, Corrales, NM	US
S1-90406410	White Care LLP	Ka14/391-393 Kannothumchal, P.O.Chovva, Kannur, Kerala	India
S1-545645075	Raabta & Sons	1547, Bahu, Jhajjar, Haryana	India
S1-468172551	Hill Delta Breeze LLC	1698 Highway 25-70, Newport, TN	US
S1-791155002	Body Trust	3Rd Floor-B Wing, Simple Co-Op.Hsg Soc, Ramwadi, Manpada Road, B-36, Thane, Dombivali (East), Maharashtra	India
S1-549242522	Global Apple Inc	1323 Sunset Boulevard, St George City, UT	US
S1-183760590	Precision Business Worldwide Corporation	1213 Clarinet Road, Elkhart, IN	US
S1-244809602	Services Samanvay Foods Private Limited	Plot No.48A, Door No.5/2, 2Nd Main Road, Bharathi Nagar, Old Perungalathur, Tambaram, Kanchipuram, Tamil Nadu	India
S1-340929942	Board of Environmental Protection	157 Winterbrook Court, Winston-salem, NC	US
S1-596555182	Creative Consultancy Pvt Ltd	20B, Sarat Bose Road, Kolkata, Howrah, West Bengal	India
S1-495878698	147 Broadway Court Apartments Inc.	3410 Beaver Avenue, Unit Unit 116, Des Moines, IA	US
S1-755546342	Behavioral Health Clean Group	4316 163rd Street, Cleveland, OH	US
S1-938792097	Shree Estate Private Limited	501, Shashi Niketan, Vindyavasini Street Gyan Ganga Ke Bagal Wali Gali, Kadamkuan, Patna, Bihar	India
S1-457922425	Greencity Developers Private Limited	Unit 3 Flr 4 Pinnacle Blk, Int. Tech Park, Csir Road, Chennai City Corporation, Chennai, Tamil Nadu	India
S1-181290919	Ear Nose & Throat Partners	WV, Ranson, 10203 Charles Town Road	US
S1-215396556	Atlantic College Clinic	1710 Muleshoe Road, Dallas, TX	US
S1-574668375	BD Dham Ltd	N-219 Greater Kailash Part-Ii, New Delhi, South Delhi, Delhi	India
S1-951623450	SQ Integrative Limited	Flat No.306, Midas Appt., Ganesh Nagar, Pimple Nilakh, Aundh Camp, Pune, Maharashtra	India
S1-921473285	Yamuansh Trims Ltd	3Rd And 4Th Floor, Plot No. Gen 34, Ttc, Midc Mahape Taluke, Thane, Thane, Maharashtra	India
S1-437415597	Sunderland and Vasile Charlton	1495 Minnow Lake Road, City Of Phillips, WI	US
S1-360909582	Coastal School of Medicine	3 Astor Ridge Drive, Unit Unit D, Amherst, NY	US
S1-154383438	Data Payroll Innovations Inc	228 Pleasant View Rd Road, Seymour, MO	US
S1-491337400	Ramey Heritage Property Inc	10107 Limewood Lane, Sugar Land, TX	US
S1-679660495	Bolin's Signs LLC	15313 Olympic View Road, Silverdale, WA	US
S1-746193689	Cardiology Clinic LLC	12726 Gladys Retreat Circle, Bowie, MD	US
S1-401850061	Tonia Goens, MD	608 Allison Avenue, Lewistown, MT	US
S1-8000604	Mahuva Care Private Limited	R.S.No.27/3/1/1, Mahuva Bhavnagar, Village Rohisa, Taluka Mahuva, Mahuva, Bhavnagar, Gujarat	India
S1-872302647	Lucky Pilates Inc	321 21st Street, Unit C, Newark, OH	US
S1-82192539	Federal Society	3562 Summerwood Road, KS, Topeka	US
S1-690582233	East Certified Bakery	1593 Fairmount Drive, Greenfield, IN	US
S1-311486232	Saraj Build of Nagpur	Nagpur, Maharashtra, Nagpur, Plot No 17, Central Avenue Old Bagadganj	India
S1-366279397	Lakshmi Systems Private Limited	Old No.4/222, New No.14/118, Gangai Amman Koil Street, Periya Koluthuv, Ancherri, Iyyappanthangal, Chennai, Tamil Nadu	India
S1-855700872	Devsons Consultants	Flat No-205, Plot No-189, Kvk Classic Homes, Venture-3, Kalyan Nagar, Hyderabad, Telangana	India
S1-320229740	Gulf Program	1100 Glen Annie Road, Goleta, CA	US
S1-826696794	H/H Artificial Inc	2076 Winslow Drive, Unit 9, Columbus, OH	US
S1-411563198	Ram & Co	206, Caxton House, 2E Jhandewalan Extention Near Videocon Tower, New Delhi, Delhi	India
S1-256282960	Randeep Advisors Private Limited	Ai-64, 3Rd Floor, Action Area 1, New Town, North 24 Parganas, West Bengal	India
S1-234585908	Goldie's American Signs	4664 Garfield Street, Washington, DC	US
S1-409413534	Digital Marketing	No. 62/38, 19Th Main, Padmanabhanagar, Bangalore, Karnataka	India
S1-633109512	Kritora Investment	Shop No. 26, Floor Ground, Dalit Nagar, Nana Phadnis Road, Mumbai, Maharashtra	India
S1-265007680	Mehsana Engineering (India)	Maharashtra, Pune, Market Yard Road, Amrai, Baramati, Mutha Classes	India
S1-262294930	Dejesus, Perez and Strickland PLLC	18 Milton Terrace, Randolph, MA	US
S1-410474103	Grade Innovative Pvt Ltd	2/3, Middle Street, Kodimangalam, Madurai, Tamil Nadu	India
S1-741813500	Beckley and Beard Vertical Inc	148 Vine Street, Lebanon, OR	US
S1-496346323	Family Ministries	124 Thompson Drive, Kings Mountain, NC	US
S1-569898026	Belchertown Dragon	296 Bardwell Street, Belchertown, MA	US
S1-497340561	Moore Food LLC	1008 Henry Street, IA, Mt Pleasant	US
S1-52451029	Karol Wood, M.D.	3521 Jackson Avenue, WI, Village Of Plover, Unit 5	US
S1-533445371	Vea LLC	Gig Harbor, WA, 5001 28th Street	US
S1-252832899	Midwest Alliance	506 Kentucky Street, Crawfordsville, IN	US
S1-194887455	Tim Cuellar Range	3136 Atrium Drive, Grand Prairie, TX	US
S1-520710871	Laxmi Constructions Pvt Ltd	Wz-9B, Ff, Near King&Queen, Meenakshi Garden, New Delhi, West Delhi, Delhi	India
S1-106671505	H+ Marketing	1764 Heritage Drive, Clarksville, TN	US
S1-375370928	Opttech Inc	8110 Mt Holly-huntersville Road, Unit B, Charlotte, NC	US
S1-607852072	H & J Gold LLC	67 Buckhorn Crossing, Hendersonville, NC	US
S1-817683544	Mhs Sangh	5Sl-07Vill-Barolanoidag.B.Nagar, Noida, Gautam Buddha Nagar, Uttar Pradesh	India
S1-552658307	Yamuora Agro Pvt. Ltd.	Gr Fl-Fr, Fl-13/ Higu, 13/2 Biren Roy Road(West), Kolkata, Kolkata, Howrah, West Bengal	India
S1-617760637	Melany Galloway Unified Gss	7210 Surreywood Way, Sacramento, CA	US
S1-941709619	Saraswati Producer Private Limited	9-1-18 3/1, Bhagath Nagar, Karimnagar Karim Nagar, Karimnagar, Karim Nagar, Telangana	India
S1-311090979	Brewster Rivernorth LLC	Charlotte, NC, 1307 Briar Creek Road	US
S1-854288036	Futch Atlantic Pebblebrook Inc	2833 Colfax Avenue, Minneapolis, MN	US
S1-930644837	Dynamic International Private Limited	H No 96/3-35-155-C, Near Raghavendra V Santosh Nagar, Kurnool, Andhra Pradesh	India
S1-481652414	Trinity Presbyterian Church	1013 3rd Avenue, Unit #5, Puyallup, WA	US
S1-691663442	Classic Data Digital LP	AZ, 15361 Virginia Avenue, Goodyear, Unit 2041	US
S1-451464552	Green Producer	H.No.12-2-725/10/3/4, Dilshad Nagar, 2Nd Floor Dressden Showroom, Rethi Bowli, Pillar No., 44, Mehdipatnam, Hyderabad, Telangana	India
S1-71265566	One International Private Limited	1-61/Smrvc/B1/908/B1-1 Miyapur, Serilingampally, Hyderabad, Telangana	India
S1-44019475	Calicut Broadcasting Corporation	17/28H, Manama Building Mavoor Road, Calicut, Kozhikode, Kerala	India
S1-504442535	Michal Clarke Fifth	765 Main Street, Piru, CA	US
S1-766866439	Mayura Hygienic Limited	305, 3Rd Floor, Satguru, Parinay, Pu3, Sch No. 54, Indore, Madhya Pradesh	India
S1-6728823	Nagva Chemical Limited	Radhe Krishna Appartment, Bhagwan Nagar Gola Road, Bailey Road, Danapur, Patna, Bihar	India
S1-499242108	Stepha Shahzad, DO	312 Pineview Drive, Kernersville, NC	US
S1-847883289	Shoemaker, Hattie N., MD	8807 Tyson Road, Springfield Township, PA	US
S1-639708214	Kent Future Inc	200 Sundance, Unit 0, Capron, IL	US
S1-914958503	New Ventures Private Limited	No. 46, First Floor, Kirupa Sankari Street, Chennai City Corporation, Chennai, Tamil Nadu	India
S1-677633780	First Rocky Creative LLC	318 Church Street, Peru, IL	US
S1-927838010	City Global Private Limited	6-6-427/3/4 Gandhi Nagar, Secunderabad, Hyderabad, Telangana	India
S1-328196988	Brandie Schaffner, DMD, M.D., P.C.	308 Cedar Street, Goodlettsville, TN	US
S1-936820081	Anand Foundation Private Limited	G107, Vidyasagar Oswal Garden, 210-212, Cochraine Basin Road, Korukkupet, Chennai, Tamil Nadu	India
S1-95503899	Unique Investment Limited	H.No. 1152, Kashiprayag Bumglow, Champa Nagari, Jail Road, Dasak Nasik Road, Nashik, Maharashtra	India
S1-557511339	Irene Maung United Scuti	2425 Under The Mountain Road, Londonderry, VT	US
S1-529563044	Industrial Property Systems Clinic	1914 Threshold Drive, Ankeny, IA	US
S1-27508378	Mariquilla Paul Classic Choice Inc	AL, Margaret, 450 Sterling Place	US
S1-456709533	Crystal Energy Networks LLC	Fayetteville, 3210 Friendly Road, NC	US
S1-186737681	Kemp, Celia, O.D.	1309 Thorntree Drive, Erlanger, KY	US
S1-425938131	Fortune Business Private Limited	Bricklin Road 127-A 127-A, Bricklin Road, 5Th Block, 16Th Floor, Tvh Ls Apts, Purasaiwakkam, Chennai, Tamil Nadu	India
S1-541300902	Interstate Veterinary Clinic LLC	1810 24th Avenue, Seattle, WA	US
S1-245736163	Eastern Products Private Limited	105 Sir Vithaldas Chamber, 16 Mumbai Samachar Marg Fort, Mumbai, Maharashtra	India
S1-279145576	Koerber and Payton, LLC	Unit 1151, Tempe, 6815 Mcclintock Drive, AZ	US
S1-609062608	Surya Investment	No. B-1803, 18Th Floor Ebony Block, Salarpuria Sattva Greenage, Bengaluru, Bangalore, Karnataka	India
S1-108284040	Hidalgo Mountain Studios, LLC	TX, 124 Jordan Court, Allen	US
S1-942110962	Allied Dental Associates	13305 319th Avenue, Arlington, AZ	US
S1-98442615	Adroit Chemicals Pvt Ltd	Flat No 115, Siri Jewel Apt, Engineers Enclave, Rtc Colony R, Madeenaguda, Hyderabad, Telangana	India
S1-48453378	TD Research, LLC	3704 Boxwood Court, Arlington, TX	US
S1-850758454	Great Studio Private Limited	3783 Netaji Subhash Margdaryaganj, New Delhi, Central Delhi, Delhi	India
S1-367793476	Tech Constructions Private Limited	The Capital, Executive Centre, 7 Th Floor, Plot C70, G Block, Bkc, Ba, Mumbai, Maharashtra	India
S1-435229220	Munoz Banc Co	10421 Larry Street, TX, Houston	US
S1-837510013	Nalin Realtors Private Limited	Flat No-23, Topaz K-Wing Near Hotel Jupiter, Anmol Nayantara Gold, Mumbai Agra Highway, Nashik, Maharashtra	India
S1-44244376	Behavioral Health Atlantic Group	208 West Street, IL, Olney	US
S1-304476315	Oil Public School Co	Flat No. 804, Tower No. 11, The Tarika Co-Op Group Housing Society Ltd., . Plot No. Gh-08, Sector-43, Sadar Bazar, Gurgaon, Haryana	India
S1-205103751	Fresh Classic Alussa Inc	150 Pinecone Lane, Springboro, OH	US
S1-778632723	Main Street Pilates!	4466 Park Drive, Sacramento, CA	US
S1-1727907	Sun Hospitality Pvt Ltd	8 Mamta Kutir Mahakali Road Andheri (East), Mumbai City, Mumbai, Maharashtra	India
S1-807405756	Bonilla Painting LLC	1340 Paxton Circle, Tuscaloosa, AL	US
S1-161210403	Hyderabad Ventures Pvt Ltd	Plot No: 26H To 26K, Tsiic Industrial Park Muppireddy Palli Village, Manoharabad Ma, Ndal, Hyderabad, Medak, Telangana	India
S1-5718747	Ideal People Private Limited	108, Akashdarshan Apartments Mayur Vihar Phase-I, Delhi	India
S1-91116287	Dhakoli Network	Atulit Realtech Llp, #617, E Block, New Generation Maple Apartments, Dhakoli, Mohali, Punjab	India
S1-538020889	Urban Impex Private Limited	11 781 A24, Moolayil Building, Near Hdfc Bank Tv Centre, Ernakulam, Kerala	India
S1-199433633	Emanuel, Archer & Scott Inc	301 Rumely, La Porte, IN	US
S1-571777559	Blue Power Private Limited	Plot No 78 Ajmer Road, Sukhadiya Nagar, Bhilwara, Bhilwara, Rajasthan	India
S1-159677035	Carlson Diagnostics	44 Berwyn Street, South Hadley, MA	US
S1-560811925	Convery, Phelps & Stubbs P.C.	657 Jefferson Street, La Grange, TX	US
S1-730644474	Sanchez's Tattoo	1310 Wilhelmina Drive, Vandalia, OH	US
S1-277346734	Ridge Detailing Inc	Rumford, 660 Penobscot Street, ME	US
S1-27455843	Raj Digital Care Private Limited	Flno B Sigma One S 124/3A/2 Pd Rd Kothrud Bh Mit College, Pune, Maharashtra	India
S1-721895642	Robinson Alliancebernstein	140 Medium Meadow Drive, TX, Lytle	US
S1-942584485	BKR Stifel	50 Grimm Road Spur, Meredith, NY	US
S1-823023497	Pediatric Physicians	1221 Spruce Drive, Zebulon, NC	US
S1-71296969	Walter's Horizon Seafood	IL, 473 Navajo Trail, Buffalo Grove	US
S1-235106542	Prime Software Pvt Ltd	V/167 Mattel Kottappuram Mulavana Po, Kundarakottappuram, Kollam, Kerala	India
S1-464529384	Sneh Tech LLP	H. No. 925/642, Ward No. 34 Street : Sona Mukhi, Post Kharagpur, Kharagpur, Midnapore, West Bengal	India
S1-953014080	Solitaire Edutech Private Limited	A-158/2 (F.F), Ganesh Nagar Near 24 Block School, Tilak Nagar, New Delhi, West Delhi, Delhi	India
S1-296996951	Kirstyn Muck Global Highview of Molalla	29153 213, Molalla, OR	US
S1-411592446	Star Services Private Limited	H.No.1-4-172, Plot No.20A, Lakeview Residency Colony, Sainikpuri, Secunderabad, Hyderabad, Telangana	India
S1-357556905	K & X Magna	1221 Hicks Road, Palatine, IL	US
S1-451116961	Satecex Painting LLC	7742 30th Avenue, Seattle, WA	US
S1-537740820	Raven Calisa	1720 Mustang Chase Drive, Carmel, IN	US
S1-36683808	Bourque & Stowell LLC	1221 Jackson Street, City Of La Crosse, WI	US
S1-218059706	Desai Systems Private Limited	Fernhill Gardens, Flat No.'Ga', Sector 6 Hsr Layout, Venkogi Rao Khane, Bangalore, Karnataka	India
S1-561721636	Dlf Qe Producer Private Limited	36 Block C, Sushant Lok, Phase 1, Sec 43, Grugram, Dlf Qe, Gurgaon, Haryana	India
S1-686329764	Heritage Trust	182 Jackson Street, Unit UNIT B, Rialto, CA	US
S1-488537245	Wealth Inn Private Limited	29, Maharashtra, Floor-Grd, Dharavi, Babasaheb Ambedkar Nagar, Mumbai	India
S1-160103007	Jarlara Legato LLC	13350 3rd Street, Splendora, TX	US
S1-701892935	Seia Inc.	9809 Doulton Court, Fairfax County, VA	US
S1-270609465	Continental Immersion	31 Morehouse Avenue, Milford, CT	US
S1-735419931	CZB Shreya-Bacliff	2501 Dove Cove Lane, Bacliff, TX	US
S1-21981800	Shel Tungate Precision Management Inc	1106 Adrift Court, Crosby, TX	US
S1-984312810	Oneal Corporation LLC	16710 Pearldale Avenue, Cleveland, OH	US
S1-539053304	Shakti It Limited	Maharashtra, Bhiwandi, Thane, H.No.1498/G-5, Gala 5, Gr Fl, Abdul Hakeem Villa, Avchit Pada, 4Th Nizampura	India
S1-900945148	Mcbride Nippon	2509 Admiral Court, Tulsa, OK	US
S1-830412925	Montyn Truist Inc	11053 Renfield Avenue, Mesa, AZ	US
S1-477773796	Ware Engineering	415 Chestnut Land Road, New Milford, CT	US
S1-142631764	Global Business Private Limited	C/O Mirtunjai Pandey, Ghoogapur, Balapur, Bara, Allahabad, Uttar Pradesh	India
S1-7040061	South Tech Private Limited	Sy No. 172, Plot No. 2-56, Anantharam Village, Gummadidala Mandal, Sangareddy, Medak, Telangana	India
S1-354301488	Dynamic Unified Strategy Inc	38 R Street, Washington, DC	US
S1-207587850	Blue Telecommunication	7970 Alexandra Lane, Newburgh, IN	US
S1-915479091	Better Axiom Inc	13803 Gullane Drive, Prince William County, VA	US
S1-73734420	Garner Ngl Inc	787 Haskins Road, Gallipolis, OH	US
S1-483434064	Indian Healthcare Private Limited	H. No.-21/2, Block-C1 Gupta Colony, Palam Vihar Gurgaon, Harya, Na, Gurgaon, Haryana	India
S1-407280565	Hoffman, Atkinson and Brooks Exchange Care	12826 Chenango Avenue, Dakota Ridge, CO	US
S1-557547015	Balaji College	C/O Om Prakash Shukla Dalav Dharai, Amethi, Sultanpur, Uttar Pradesh	India
S1-228678189	Innovative Investments Private Limited	Puthuppallil House, Koorali P O, Elamgulam, Kottayam, Kerala	India
S1-45414958	Royal Agro Limited	A-2 Devli Road, Khan Pur, South Delhi, Delhi	India
S1-959272256	Foot & Ankle Atlantic Health of Wills Point LLC	903 3809, Wills Point, TX	US
S1-928914408	Cerrone Express Sim Inc	930 Monticello Court, Vacaville, CA	US
S1-254753234	Interstate Products Inc	Houston, TX, 11923 Gatlinburg Drive	US
S1-137682774	Continental Custom Liquor Inc.	5015 Black Oak Lane, Fort Worth, TX	US
S1-476024246	Big Ventures Private Limited	Sir Mount, Near Vasupujya Bunglows, S.G. Road, Satelite, Ahmedabad, 5Th Fl. 501, Ahmedabad, Gujarat	India
S1-800226602	Global Telecom Works LLC	3892 Sherbourne Drive, Erlanger, KY	US
S1-334146653	Hart and Santana Inc	1567 Fairfield Drive, Elburn, IL	US
S1-459070718	Ashwini Institute Private Limited	Plot No 65, Vrundawan Colony Karol Road, Nagpur, Maharashtra	India
S1-997319680	Chiropractic Center LLC	11602 Redwood Road, Unit B204, Riverton, UT	US
S1-72785829	Baltazar & Barbosa Inc.	3623 Queen Avenue, Minneapolis, MN	US
S1-60550637	Mizner Creative Rocket	1 Squadron Boulevard, Unit Unit B-5, Clarkstown, NY	US
S1-106653705	Auric Partners Inc	7759 Everd Avenue, Fl 0, Pasadena, MD	US
S1-556845820	Monarch, Inc	8557 Cliffdale Road, Fayetteville, NC	US
S1-273979066	Ernakulam Services LLP	#540 A1, First Floor Hera Heights North Janatha Road, Mamangalam Po, Ernakulam, Kerala	India
S1-165673175	Tri-State Foundation	876 Hoover Hill Road, Unit 7, Asheboro, NC	US
S1-509723568	3339 Highland Plaza Holdings	Goshen, 1050 2202, AL	US
S1-91085118	Eastern Trading Private Limited	Flat No. 204, Building 47, Sector 54/56/58 Seawood, Thane, Maharashtra	India
S1-520290406	IHW Maywood LLC	913 Spartan Drive, Missoula, MT	US
S1-48201804	Nexsonex Diamond Home Care Slanesville	Slanesville, 125 Deer Spring Road, WV	US
S1-582307657	Halcus Lionheart	2019 New Sun Drive, Fl 2, Florissant, MO	US
S1-749675254	Great Advanced Airport LLC	3400 Skipping Rock Way, VA, Richmond City	US
S1-168182736	Peterson & Kennedy Co	1118 1375, Clearfield, UT	US
S1-715992753	Golden North Construction	Plot No. 10-15, Opp. Shanti Metal Jamnagar Rajkot Highway, Hapa, Jamnagar, Gujarat	India
S1-539879230	Novent Owl PLLC	Des Plaines, IL, 9308 Home Court	US
S1-739032625	Cardillo Tri-State Fashion, LLC	1632 California Avenue, Salt Lake City, UT	US
S1-94486532	Glyphic Glass	300 Morgan Street, Odell, IL	US
S1-761286259	Rio Rancho Urgent Care Silver Center Partners	521 Soothing Meadows Drive, Rio Rancho, NM	US
S1-140279129	Vasai Enterprises	A902 Palm Spring Building, Joyville Pallonji Virar, Vasai, Thane, Maharashtra	India
S1-501989527	4880 Fourth St Associates	CA, 2842 Horn Court, Simi Valley	US
S1-752489684	Simmons, Huskey & Quinones Tailwind	454 Boston Street, Syracuse, NY	US
S1-274310041	Trb System LLP	North Delhi, New Delhi, C-5/133 Ist Floorsultan Puri, Delhi	India
S1-506296494	Pinnacle Public	4400 Culver Road, Irondequoit, NY	US
S1-398602742	Behavioral Health Partners of Cary	72 Bright Oaks Circle, Cary, IL	US
S1-367749530	Meenaksh Industrial LLP	301, 3Rd Floor, Kanakshri Building Plot No. 8 Shobhagpura, Girwa, Udaipur, Rajasthan	India
S1-462035659	Borough Of	5906 Wasatch Drive, Morgan, UT	US
S1-581156957	8Th Main Vasanthnagar Housing Private Limited	15/1, 10Th Cross, 8Th Main Vasanthnagar, Bangalore, Karnataka	India
S1-760816941	Rishika & Co	S-553/554 School Block, Shakarpur, New Delhi, Delhi	India
S1-994039959	Gabriel Michaels Nasdaq	Bldg 28222, OH, Plain City, 8087 Brightside Drive	US
S1-650239343	Bharat Products Private Limited	4/287, 311 Valiyil House Kowkanapetty, P O Vadakkekad, Thrissur, Kerala	India
S1-552321484	Upper Sterling Inc	9 Owen Road, Grafton, NY	US
S1-455806760	KH Vine	120 Main Street, Pennington Gap Town, VA	US
S1-272502295	Hadria Rice Creative Industries LLC	47-25 170 Street, Fresh Meadows, NY	US
S1-399242844	Jindal (India) Kiran	Raikva 3A, Rammohan Mallick Garden Lane, P.O. Beliaghata, Kolkata, Howrah, West Bengal	India
S1-210055577	Arlette Schmidt Dpc	4744 Oak Knoll Road, Rolling Prairie, IN	US
S1-475934373	Pacific League	1230 32nd Street, Des Moines, IA	US
S1-41217356	Dental Valley Specialists LLC	4 Curtis Street, Peabody, MA	US
S1-336993358	Banning's Management	9716 198th Street, Graham, WA	US
S1-389234911	Coral Fund Pvt. Ltd.	#353, 2Nd Main Road, 4Th Stage, Beml Layout, Rajarajeshwari Nagar, Bangalore, Karnataka	India
S1-531436692	FEC Natural Pvt Ltd	Marwari Dharamshala Road, Naugachia, Bhagalpur, Bihar	India
S1-134717804	Guru Hospitality Private Limited	Karnataka, 7Th Cross, Msr Homes Naggappareddy Layout, B.Narayanapura, Bangaore, Bangalore, H.No 36	India
S1-887193507	Chandra Polytechnic	Sco 16, Phase-3B2, Mohali, Punjab	India
S1-796967309	Smit and Phillips LP	4044 Parkhill Court, Springfield, MO	US
S1-227546659	K & B Audio Installation	14 Arlington Avenue, Saint Paul, MN	US
S1-527408099	Arpit India (India) Private Limited	Fn No-101, 1St Floor, Sky, Homes Vill Sarfabadsec-73, Noida, Gautam Buddha Nagar, Uttar Pradesh	India
S1-832785535	R X & A Avalanche	1622 70th Street, Village Of Superior, WI	US
S1-279028557	Torres Oxley Corp	908 Market Street, Benson, NC	US
S1-200376709	Herminia Dickerson, D.D.S., M.D., P.C.	5439 Meadowbrook Drive, Fort Wayne, IN	US
S1-959671957	Prachi (India) Industries Private Limited	Flat Number 8, Plot Number 320/323 Diamond Appartment, Pune, Maharashtra	India
S1-528590391	Pranansh Ores Group	Hno236/2, Sainagarcolony, Chaitanyapuricolony, Hyderabad, Telangana	India
S1-63719584	Marissa N. Westbrook, Ph.D.	132 White Pine Lane, West Jefferson, NC	US
S1-292649689	Global Services Private Limited	2-Floor, 2/D Panditya Road, Kolkata, Kolkata, Howrah, West Bengal	India
S1-369859179	United & Brothers Center	C/O Malasiya Brothers, Temple Road, Rishabdeo, Udaipur., Udaipur, Rajasthan	India
S1-235913521	Boyle Signature Productions LLC	524 Sherwood Drive, Maryville, TN	US
S1-218685314	Ortem Future of Hyderabad Pvt. Ltd.	Pt No 394 Satavahana Nagar, Kukatpally, Hyderabad, Telangana	India
S1-915189817	Global Trust	Redlands, CO, 620 19 1/2 Road	US
S1-453939454	Pediatric Dentistry Care Associates LLC	154 Rapor Ridge Road, Wythe County, VA	US
S1-391322859	Cooperative Mortgage Digital Corp	6129 18 Street, Saint Cloud, MN	US
S1-62395269	Advanced Best LLC	106 Harwinton Avenue, Plymouth, CT	US
S1-761471261	Orthopedic Supreme Medicine Corp	2221 Sutton Green Lane, Houston, TX	US
S1-350018831	Hancock Ocean LLC	1314 Ferris Avenue, Waxahachie, TX	US
S1-553547335	Ted Bailey Fusion LLC	4475 Sandpiper Circle, Gunbarrel, CO	US
S1-402902918	Bright Trading Services, LLC	465 Westgate Parkway, AL, Dothan	US
S1-472663407	Divij Nirman	4/4, Surya Path, Near Urmila Park, Jaipur, Rajasthan	India
S1-908551239	Sun Solutions Private Limited	F No. 403, Sudha Nill Aptt, New P P Colony, Patliputra, Patna, Bihar	India
S1-709080642	Avis Marine Private Limited	35/1Cunningham Road Bangalore, Bangalore, Karnataka	India
S1-114380129	Cornerstone	1705 Pitt Street, Greenville, NC	US
S1-113606541	Bright Mobility	6025 28th Avenue, Gig Harbor, WA	US
S1-102881886	Saugerties, Township Of Inc.	3185 9W, Saugerties, NY	US
S1-609076271	Community Classic Church	4001 Harris Road, Arlington, TX	US
S1-339374417	YD Services Private Limited	22/957, Swasthi, Thanapadom Sariga Club Road, Thanapadom, Kakkanad, Ernakulam, Kerala	India
S1-744315333	Vision Associates LLC	660 Olive Avenue, Stratford, OK	US
S1-130377203	Womens Health Care	1811 Sandy Hollow Road, Rockford, IL	US
S1-238331147	Sree It Limited	Plot No 21, Office No.101-106, First Floor, Block-G, Vardhman Chamber-Ii, Community Centre, Vikaspuri, New Delhi, West Delhi, Delhi	India
S1-460833036	Fair Homeo Private Limited	Z-16 Office No.101 Akash Tower Mp Nagar Zone 1, Bhopal, Madhya Pradesh	India
S1-650704989	Bharat Management Pvt Ltd	503 B, Dheeraj Recidency, Chs Ltd, 5/F, Link Road, Goregaon West, Mumbai, Maharashtra	India
S1-995584103	Court Road Brokers	1-A, Court Road, New Delhi, Delhi	India
S1-956930131	Womens Health Partners, LLC	2100 Fairfield Drive, Joliet, IL	US
S1-976027745	Damiex Purpose	OK, 209 Moore Avenue, Colbert	US
S1-406771676	Helly India	Subham, 1, Rawdon Street, 4Th Floor, Kolkata, Howrah, West Bengal	India
S1-558129390	Barnett Sterling Tower Inc	55 Boston Hill Road, Fairhaven, MA	US
S1-558262132	Avatar Technology Private Limited	A/8, Madhav Baug, Jambli Galli Borivali (West), Mumbai, Bandra Suburban, Maharashtra	India
S1-771350895	Eastern Projects Limited	S-2, Kurinchi 66 New Avadi Road, Chennai, Tamil Nadu	India
S1-432478198	Olaneus Apollo	2500 Blanco Boulevard, Bloomfield, NM	US
S1-259948914	Eloisa G. Ball, O.D.	Bokoshe, 24879 Milton Road, OK	US
S1-980320825	Value Bond	1116 Anita Court, Mount Sterling, KY	US
S1-974370004	Smart Builders Private Limited	Faridabad, 122, Haryana, Navloo Colony, Gali No. 1, Near Ballabgarh Metro Station, Faridabad	India
S1-601242427	Housing Charities	KY, 701 Monroe Street, Unit APARTMENT B, Newport	US
S1-177380392	Laxmi Logistics Limited	C/402, Shantinagar, Dutta Mandir Road, Malad East, Mumbai, Mumbai City, Maharashtra	India
S1-98065022	Care Consultants	Survey No. 29, Plot No. 2, B/H Navjivan Way Bridge, Himatnagar, Sabarkantha, Gujarat	India
S1-375669649	Prairie Golden Towing	6344 Ramblewood Drive, Mentor, OH	US
S1-130813878	Paducah Physical Therapy Care Associates	3001 Jones Road, Paducah, KY	US
S1-388874339	Tovaia, L.L.C.	17 Walter Avenue, Norwalk, CT	US
S1-843616710	Super Productions Co	29/30, Rkr Residency, B2, 1St Cross, Munekolala, Bangalore North, Bangalore, Karnataka	India
S1-823546667	Sunrise Infrastructure Pvt Ltd	P No 42, 1St Floor, Devchand, U M Road, Surat City, Surat, Gujarat	India
S1-656987935	Salley Clear Chemical, LLC	27060 Petes Hill Trail, Elko New Market, MN	US
S1-998949892	Pam Mendez Alpha Inc	8755 16 Avenue, Brooklyn, NY	US
S1-858511549	Swastik Logistics Private Limited	Sy No. 33/1, D No. 2-54/4, Vanasthali Hills, Thattiannaram, Pedamberpet, Hayathnagar, Hyderabad, Telangana	India
S1-342712677	Granado Valley LLC	2805 Dunaway Avenue, Cincinnati, OH	US
S1-566822758	Virtue Charitable Trust	148 Lower Chitpur Rd1St Floor, Kolkata, South 24 Parganas, West Bengal	India
S1-801645099	Ramit (India) Engineers Pvt Ltd	Raut Ni 111 787 Karjat Road, Khumbhargali, Karjat, Ahmed Nagar, Maharashtra	India
S1-177844289	Krystal's Investments	Saratoga Springs, 2244 Hunter Drive, UT	US
S1-659932965	Flint Group	11 Wyngate, Simsbury, CT	US
S1-228393799	Premier Learning Associates Corp	712 Loomis Avenue, Unit Apartment 3, Peekskill, NY	US
S1-350053232	Eastern Media Private Limited	10A Ballygunge Circular Road, Kolkata, Calcutta, West Bengal	India
S1-568551826	Ramsey Highview Clinic	11 Doak's Lane, Marblehead, MA	US
S1-148428619	Shyam Steel LLP	54/1 B4, B-Block, Om Sai Residence, Bangalore North, Bangalore, Karnataka	India
S1-591365175	Heart Federation III	456 Sizemore Avenue, Liberty, NC	US
S1-585187511	Urgent Care Health	459 Electric Avenue, Unit UNIT I, Bigfork, MT	US
S1-477308019	Cardiology Center Group	930 600, Logan City, UT	US
S1-611838759	Kudos Foundation Private Limited	409, Gundecha Ind Complex Akurli Road Kandivali East, Mumbai, Mumbai City, Maharashtra	India
S1-943911835	Yadav & Sons	P1/7A Srs Pearl Floors, Sector-87, Kheri Kalan, Faridabad, Haryana	India
S1-487408870	Jones Smart Prudential Inc	2519 Wright Avenue, Benton, AR	US
S1-201577703	Selle Doherty, Ph.D.	2005 9th Street, Unit 11, Charleston, IL	US
S1-292393735	Corner Grill Inc	4416 3325, West Valley City, UT	US
S1-611106612	High Impex Private Limited	4-1-Ku0034, Kuravi Road, Bandam Road, Mahabubabad, Warangal Urban, Telangana	India
S1-949279814	Z+ Maintenance P.C.	3606 Cr 382, San Antonio, TX	US
S1-619314161	Real Investments Private Limited	8 Khasra No-914 Manas Nagar, Kanpur Road, Lucknow, Uttar Pradesh	India
S1-893609958	Sun Maa Hospitality Private Limited	Xxi/152, Panadans, Cochin, Universitypost, Kalamasery, Ernakulam, Kerala	India
S1-420365721	All Foods LLP	No. C75/2, 3Rd Stage, Peenya, Bangalore, Karnataka	India
S1-148958598	Behavioral Health Partners Inc	185 Locust View Way, Troy, OH	US
S1-163521308	Hass Signature Steers LLC	8153 Del Haven Road, Dundalk, MD	US
S1-459799143	Tandi Loy Keystone Goldman Inc	Du Bois, IL, 460 Keil Drive	US
S1-465376969	Black Builders Private Limited	Delhi, G-6 Triveni Dda Shoppingcomple Sheikh Sarai Phase, West Delhi, Delhi	India
S1-281523825	Monga Investments Private Limited	Cowork Spaces, 101, Pratap Nagar Mayur Vihar Phase 1, New Delhi, East Delhi, Delhi	India
S1-641579109	Unique Developers Private Limited	104/A, Block F, 32 Jnan Goswami Sarani, Kolkata, Kolkata, Howrah, West Bengal	India
S1-458605878	Opulent Express Private Limited	New.No 40, Old.No 29, Dr.R.K.Nagar Main Road Thiruvanmiyur, Chennai, Tamil Nadu	India
S1-17225841	Maven Traders Private Limited	Plot No. 40, 41 And 42, Survey No. 54, Kondapur, Hyderabad, Telangana	India
S1-263994317	Trusted Apex International LLC	12340 Walker Place, Waldorf, MD	US
S1-951451939	Maa Investments Private Limited	Villa No 68, Cyprus Palms, Serilingampally, K.V.Rangareddy, Telangana	India
S1-957630265	Hunger Institute IV Group	OH, 2064 Sylved Lane, Cincinnati	US
S1-172454778	Integrated Supply Concepts LLC	1412 Villa Street, WI, City Of Racine	US
S1-308240187	LB Xrp	3118 Soaring Pines Trail, Conroe, TX	US
S1-97737266	Perfect Properties Private Limited	G-11, Umbai, Maharashtra, Mumbai, Floor- Grd, Plot -399, 7C, Udyog Bhagoji Keer Marg, Nr Paradise Cinema, M	India
S1-323199760	Automation Constructions (India) Ltd	30Vasant Marg Vasant Vihar, New Delhi, South West, Delhi	India
S1-108027852	Empire Solid, LLC	10570 Vogel Avenue, Fl 1, Scottsdale, AZ	US
S1-42643591	Best Tech	689, Sh No G-6 A K Complex 2Nd Lane, Shahupuri, Kolhapur, Maharashtra	India
S1-349719765	Eye Medicine of Stow	5397 Diana Lynn Drive, Stow, OH	US
S1-863881054	Rnd (India) Enterprise Private Limited	Ahmedabad, Gujarat, 101, Ahmedabad, F.F Sumatinath Complex Opp- Kothawala Appartments, Paldi	India
S1-905824996	Pranav & Brothers Limited	825, Chaubachha Mohalla, Mathura, Uttar Pradesh	India
S1-310744384	Taluka Savli Global Limited	Plot No. 112, Manjusar Gidc Village: Alindra, Post - Lamdapura, Taluka Savli, Vadodara, Gujarat	India
S1-755416342	Chits Manufacturers Pvt Ltd	Plot No - 20, Rishi Colony, Gandhi Nagar Railway Station, Gate No. 2, Tonk Road, Jaipur, Rajasthan	India
S1-303791674	Shencottah-627 809 Shencottah-627 809 Rubber Public Limited	No.9, Tenkasi Road, Shencottah-627 809 Shencottah-627 809, Shencottah-627 809, Tamil Nadu	India
S1-82102704	North Superior Medicines LLC	4933 Woodstock Drive, Georgetown, TX	US
S1-42848680	Pune Organic Private Limited	10 Chaitanya 32 Snehnag Sane Guruji Road, Sadashiv Peth, Pune, Maharashtra	India
S1-62689130	Stauffer Printing LLC	1476 Roddy Springs Road, Coalmont, TN	US
S1-501073561	Shepard and Alvarez LLC	IL, Libertyville, 319 Carriage Hill Circle	US
S1-726860670	Oneil National Sprott, Inc	18 Morning Dew Drive, Asheville, NC	US
S1-979860618	Family Center	840 Norton Road, Berlin, CT	US
S1-203924219	Mesa Community Complete Church	2305 Main Street, Unit 135, Mesa, AZ	US
S1-802078075	Lamantia Molecular	4428 Montevallo Road, Birmingham, AL	US
S1-487019031	Margalo P. Bryan, P.A.	23824 Rolling Fork Way, Gaithersburg, MD	US
S1-996523584	Common Consultants Care	House No 2244 Sector-28, Faridabad, Haryana	India
S1-701406091	Smith's American Grading PC	61185 Larkwood Drive, Bend, OR	US
S1-327553650	Urban Ice Cream	322 Woodhills Boulevard, West Carrollton, OH	US
S1-42184977	Vigilant Trading Private Limited	House Plot No. 47, Blk-I, Kh. No. 105/16, Raja Puri, New Delhi, West Delhi, Delhi	India
S1-388617413	2335 Market Road Realty	Coolidge, AZ, 339 Kenworthy Road	US
S1-106766409	Ramesh Cartons Limited	No.3/2 Perumal Koil Streetmadurai Vedu Near Thiruvarkadu, Chennai-77, Chennai, Tamil Nadu	India
S1-709888578	Saroornagar Store Private Limited	K.V.Rangareddy, Saroornagar, Telangana, 7-2-7/Dg/136, 1St Floor, Road 6, Durganagar Colony	India
S1-202530197	Ferryx Internet LLC	8417 Cain River Drive, Frisco, TX	US
S1-462108517	Technologies Cosmic Productions Limited	166 Part-D, Baijal Bhawan, Civil Line, Meerut, Uttar Pradesh	India
S1-492381760	Second Controls Limited	Sector K, Plot No. 10 To 15 Parvati Co-Op Industrial Estate, Yadrav, Ichalkaranji, Kolhapur, Maharashtra	India
S1-194603851	South Family Practice	5185 Devon Drive, North Olmsted, OH	US
S1-487865990	Cothran and Higgins	Portage, IN, 5520 6	US
S1-896341705	First Cathedral Partners	4697 Carolina Avenue, Marion County, OR	US
S1-178961928	Rnd (India) Healthcare Private Limited	267A, C.R. Avenue, Kolkata, Kolkata, Howrah, West Bengal	India
S1-593436824	Bouchard, Faust & Bowser Corp	4484 Clifford Road, Brownsburg, IN	US
S1-70746778	Rajdarbar Business Private Limited	Khasra No. 16/1/4, Kundli, Sonepat, Haryana	India
S1-384152983	Womens Health Specialists PLLC	215 View Street, Oreana, IL	US
S1-540458030	Williams Sea	2201 Palmer Avenue, Unit Apartment 4E, New Rochelle, NY	US
S1-220334720	Western Medical Center LLC	20118 Baldwin Beach Express, Robertsdale, AL	US
S1-406655545	Indian Investment Pvt Ltd	C/O-Shri Changdev Trinbak Salave, 12637/ 12 Pushkraj Residency B Wing Basement, Sangli, Maharashtra	India
S1-13864555	Ear Nose & Throat Keystone Care LLC	5103 Raven Street, Gillette, WY	US
S1-216986373	Calderon Hancock LLC	Springfield, 633 Pleasant Street, OR	US
S1-434086049	Ravish Holding Private Limited	67/45 B Strand Road, Kolkata, Calcutta, West Bengal	India
S1-302643182	Dominic Servicesprivate (India) Private Limited	Srinarayan Campus, Myorepur, Sonbhadra, Mirzapur, Sonbhadra, Uttar Pradesh	India
S1-762326721	Pediatric Dental Trusted Care	Central City, 508 Harrison Avenue, KY	US
S1-682041645	Pune Builders Public Limited	Pune, Maharashtra, S.No.10/2B, Pune, Sapkal Wasti	India
S1-56629354	Classic Engineering Pvt Ltd	7-2-C-14, Industrial Estate, Sanath Nagar, Balanagar, Hyderabad, Telangana	India
S1-75631487	New Delhi Parts Private Limited	A-31, Iind Floor, F.I.E.E. Complex, Okhla Industrial Area, Phase-Ii, New Delhi, South Delhi, Delhi	India
S1-520361644	Clementine Brouwer, CPA	W1973 Vans Court, Town Of Freedom, WI	US
S1-390937720	Jalpaiguri Foundation Private Limited	Survey No 194/4 Paiki, Village-Piludra Ta- Pratij, Dist-Sabarkantha., Prantij, Sabarkantha, Gujarat	India
S1-104218993	Maharathi Televisions Pvt Ltd	21-B, Abhijit Chs Ltd, M.T.N.L.Road, Dadar, Mumbai, Maharashtra	India
S1-328105321	Saint Louis Ligand	Unit APT A, MO, 43 Joyce Ellen Lane, Saint Louis	US
S1-942449735	Construction Information (India) Pvt Ltd	Plot No - 86/132, Khata No - 206/143, At - Bijepur, Post -Khariar, Dist - Nuapada, Khariar, Kalahandi, Orissa	India
S1-716830359	Spicer Star Environmental Services LLC	Fl 0, MO, Saint Louis, 9327 Atwood Drive	US
S1-34916446	Anand Hospitality Private Limited	Shop No. 8. Dheeraj Heritage Residency - 1, Linking Road Extn., Santacruz (West), Mumbai, Mumbai City, Maharashtra	India
S1-585407266	A Certified Trust LLC	27 Lincoln Road, Wethersfield, CT	US
S1-458223959	Happy Cleaning Service	1338 Mordecai Overlook Circle, Raleigh, NC	US
S1-489817305	Choice Equity Advisors Company	4132 Iris Avenue, Fort Worth, TX	US
S1-642038314	Proum	2248 Nelson Drive, Niskayuna, NY	US
S1-566137077	Wilson & Lowery Systems	138054 Naugart Drive, Town Of Berlin, WI	US
S1-524463249	Zeex Worldwide Inc	3622 Davis Street, Conroe, TX	US
S1-641249328	Sacramento Veterans Highland Society	CA, Sacramento, 5741 55th Street	US
S1-738271924	Miis Advisors	10455 Sawyer Avenue, Chicago, IL	US
S1-40864644	Services Red Polytech Private Limited	153, Gopal Colony Ward No.16, Jhabua, Madhya Pradesh	India
S1-303700722	Safar Investment Private Limited	Plot No 500, 501, 505, 506, Sy No 300-303, 306 To 311, 313 To 315, Narsingi Village, Gandipet Mandal, Rangareddy, Telangana	India
S1-617253448	Mountz Colonial Hartford Inc	2630 Springdale Drive, Rockford, IL	US
S1-379692908	Adams Frontier Xflh Center	Sacramento, 5449 Sky Parkway, CA	US
S1-697294833	Shiva Media Private Limited	818B, The Camellias, Golf Course Road, Sector 42, Gurgaon, Haryana, Galleria Dlf-Iv	India
S1-140882270	Prairie Bumrungrad LLC	3736 Everett Street, Lincoln, NE	US
S1-199339248	Adams, Veda, D.D.S.	5023 Pimlico Road, MD, Baltimore	US
S1-723275887	Little & Co	Telangana, Hyderabad, H.No.32/5, Sardar Patel Nagar Kukutpally	India
S1-75627448	Dental Reliable Physicians	24 Topstone Drive, Bethel, CT	US
S1-169326669	Ashish Jyotish Company	West Bengal, C/O Dildar Hossain, Suti, Murshidabad	India
S1-981670420	WQ Centre Group	Kalpetta, Wayanad, Paraparambil House Pinangode Road, Kerala	India
S1-418423816	Barnes, Campbell & Hillman Guaranty Inc.	35 Madison Avenue, Unit Apartment 1C, Spring Valley, NY	US
S1-199429633	Rodgers Sunshine LLC	6363 Nash Road, Wheatfield, NY	US
S1-663286282	Reliable Heartland Development	413 Snyder Avenue, Salina, NY	US
S1-159514912	Rev It Up Tavern Inc	2490 Holt Town Road, Newport, TN	US
S1-736761428	Rodriguez, Guest & Brooks	450431 316 Drive, Afton, OK	US
S1-327370768	Solan & Co	Plot No. 2006/7, G.I.D.C. Estate, Anand, Gujarat	India
S1-553334532	United Coalition Inc.	2822 Bering Drive, Houston, TX	US
S1-917409598	Safe Property Advisors LLC	5207 Stratton Road, Richmond City, VA	US
S1-621488405	Him Consultancy Limited	8, Ramban Co. Op. Hsg. Soc., S. No. 252/2-3, Baner Opp. Aundh Telephone Exchange, Pune, Maharashtra	India
S1-685028795	HCC Capital Private Limited	Pethkar Projects Siyona, B2/702Sno47(P)48(P)50(P)7, Pune City, Pune, Maharashtra	India
S1-545790155	Corner Deli	410 Margaret Drive, Herrin, IL	US
S1-815441395	Marquez, Koogler and Jones LLC	6645 253, Twin, AL	US
S1-26906339	Herring, Johnson and Collins	2173 28-HEAD Of The Bay Road, Unit 2, Harwich, MA	US
S1-144913221	Vijay Food Limited	465/32 Hata Sitara, Begum, Lucknow, Uttar Pradesh	India
S1-17779586	Moses Vendome LLC	1404 Brighton Court, Southlake, TX	US
S1-397935071	Beacon Crystal Williams	431 Pickett Drive, Fort Wright, KY	US
S1-998207330	Raghunathapali Advisory Private Limited	Plot No 2286, At Brahmani Tarang, Po-Vedvyas, Ps-B. Tarang, Raghunathapali, Sundargarh, Orissa	India
S1-686749094	Reliable Software Solutions LLC	OR, Milwaukie, 12024 Beckman Avenue	US
S1-123331890	Birch Computing Inc	6941 Saddle Horse Way, Citrus Heights, CA	US
S1-579194394	Empire Best Airlines, LLC	9134 Creede Trail, Fort Worth, TX	US
S1-786620416	Modi Consultancy	143, Bidhu Bhuson Sen Gupta Road, Lp 52/42/4/5, Kolkata, Kolkata, Howrah, West Bengal	India
S1-350560084	Yukti (India) Fruits Private Limited	Pakkan House Keecheri, Pappinisseri P.O., Valiapatanam, Kannur, Kerala	India
S1-950265172	Nickelson, Ware and Gil LLC	13404 Rippling Brook Drive, Silver Spring, MD	US
S1-338830003	Doex LLC	5421 Lakeside Avenue, Crystal, MN	US
S1-418655393	Wright Solid PLLC	328 Union Place, City Of Manitowoc, WI	US
S1-429691516	Led Mail Pvt Ltd	Tamil Nadu, Kk Ngr, 187, Chennai, Sv Lingam Stkk Ngr, Chennai Kk Ngr, Chennai	India
S1-106410807	CJV Regional Principal of Town Of Oakland	Town Of Oakland, 29374 Long Hayden Lane, WI	US
S1-770749194	National United Oriental Company	328 Weaverville Road, Woodfin, NC	US
S1-404124513	Finance Advantech India Private Limited	460, Third Floor, Kohat Enclave Pitam Pura, New Delhi, North West, Delhi	India
S1-993662167	Kozhikode India Private Limited	Building No. 14/206 D, Kerala, Kozhikode, 1St Floor, Rifa Building Kerafed Junction, Mannakavu P.O, Naduvan, Noor, Kozhikode	India
S1-819933808	Alyss's Jewelers	901 4th Street, Stillwater, MN	US
S1-631152952	First Lutheran Church	595 Hicks Road, Unit E, Nashville, TN	US
S1-824919785	AL Transport Private Limited	Tamil Nadu, Manasarover Oyster Bay Anand Farms Muttukadu Village, Chingleput Taluk, Kancheepuram, House No.24	India
S1-739611320	Southern Northland LLC	101 N Sierra Woods Drive, Rockport, TX	US
S1-362007759	Swastik Trading Private Limited	G C Jaika Aptscivil Lines, Nagpur, Maharashtra	India
S1-91665845	Brooks, Hinkle & Young	10706 Pinedale Dr, Jeffersontown, KY	US
S1-208942438	Phillips & Christensen Storage Inc	UT, Vernal, 48 100	US
S1-376656562	Vijay Care Private Limited	1497/16, Eacharath H Mannuthy P.O., Thrissur, Kerala	India
S1-967173158	Sky Tech	H No A265 J K Road New Minal Rajhomes, Bhopal, Madhya Pradesh	India
S1-521250108	Tiff Clemons Secure Zeo LLC	119 Freeman Court, Houma, LA	US
S1-861123839	Safe Semiconductor International Inc	803 3rd Street Place, Conover, NC	US
S1-549612411	Loex Maritime PC	Philipsburg, Unit CARRIAGE HSE - APT C, 51 Rocking J Ranch Lane, MT	US
S1-783056748	Kelley Animal Hospital	Unit 204, NC, 1060 Watercourse Circle, Graham	US
S1-609653903	Global Committee	441 Evergreen Street, Fl 1, Chandler, AZ	US
S1-355649086	Sigma Brothers Pvt. Ltd.	Agasthi Apartment, P. No. 65 F.No.T-2, Dhighori, Nagpur, Maharashtra	India
S1-511355563	Hotel Technologies Private Limited	Pune, Flat No. A5 506, Genesis, Sr. No. 123/1/2 And 123/1/3, Maharashtra, Pune	India
S1-152556345	Global Lincoln LLC	2 Highland Avenue, Orchard Park, NY	US
S1-662196575	Atul Life Pvt Ltd	Haryana, Faridabad, Gf-132 Indraprastha Colony Sector 30-33	India
S1-167577766	Hansen White	6507 Clear Drop Way, Unit 302, Glen Burnie, MD	US
S1-131053132	All Industrial Innovations	2110 Knox School Road, Greene, NC	US
S1-892015074	New Food	Sy No 802, 806, 807, Beeramguda, Ramachandrapuram, Medak, Telangana	India
S1-246478198	Modern Marketing Private Limited	5-8-49/2/1/A, Gadwal Compound, Nampally, Hyderabad, Telangana	India
S1-908932165	Clean Mobility Global	916 Powell Valley Shores Circle, Speedwell, TN	US
S1-335478469	Audy Parker Blue Yield Corp	1064 Dwarf Lane, Bedford County, VA	US
S1-850983521	Certified Network Partners LLC	121 Summit Street, Baileyville, ME	US
S1-504285887	Swastik Foods Private Limited	House No.809-816 Flat 202, Sector 11, Juhugaon, Thane, Maharashtra	India
S1-392219093	Md Services Limited	5Th Floor Bhandari House91, Nehru Place, New Delhi, Delhi	India
S1-593999035	Vikalp Trading Private Limited	Hig 28, Balagi Nagar Kukatpally, Hyderabad, Telangana	India
S1-222806068	Maa Products Private Limited	No.89, 2Nd Floor, Jr Plaza Cmc Road, Senjai, Karaikudi, Sivaganga, Tamil Nadu	India
S1-856710782	Sunrise Technologies Limited	No.60, 7Th Cross, 8Th Main Bikasipura, Bangalore, Karnataka	India
S1-774387323	Trusty Homes Inc	130 Elm Lane, North Hempstead, NY	US
S1-665624518	Shree Food Private Limited	Shop -812, The Capital, Opp Hetarth Party Plot, Ahmedabad, Gujarat	India
S1-513223898	Black Logistics Private Limited	J-1985 F/F, C.R. Park New Delhi, Delhi, South Delhi, Delhi	India
S1-40341246	Adamya Gym Pvt Ltd	Shed No.117 Abhishree Industrial Park B/H Grand Vishala, S P Ring Road, Odhav, Ahmedabad, Gujarat	India
S1-84172548	Prime Food Private Limited	No. 14, 13Th Cross, Gante S Gopal Building Opposite To Kandhya Bhavan, Cubbonpet, Bangalore, Karnataka	India
S1-433213068	SOD Infoways Private Limited	No.15, Veeraragavalu Nagar Kathirvedu South West, Kathirvedu, Chennai, Tamil Nadu	India
S1-446613662	Carmelita Elliott Premier Biotechnologies	517 Charles Place, Munford, TN	US
S1-84838337	Little Hair Studio	20458 Crosslin Road, Earlsboro, OK	US
S1-833798119	Regional Spruce LLC	10 N1026, Eagar, AZ	US
S1-479915851	Wooldridge Managed	18009 Mondamon Road, Apple Valley, CA	US
S1-542211755	Rev It Up Seafood Inc	11903 Sunset Court, Plymouth, IN	US
S1-948549202	Divue LLC	8429 2nd Avenue, Birmingham, AL	US
S1-652564669	Tate Knight Ameren LLC	W1360 Home View Road, Town Of Concord, WI	US
S1-261133992	Good Power	Flat No.603/E2, Nr. Rutu Estate, Rutu, Towers, Patli Pada, Ghodbunder Road, Thane, Maharashtra	India
S1-277460033	Jackson, Cortez & Taylor Ltd	71 Norman Street, West Springfield, MA	US
S1-802494740	Hooks, Tener & Guenther Choice Corp	1212 Cross Street, Mountain Home, AR	US
S1-486185859	Midwest Coalition	411 21st Street, Newton, NC	US
S1-435143060	Yalonda Steiner Bce LLC	410 5th Avenue, Nome, AK	US
S1-917085859	Shivam Systems LLP	Palwal, 561, Housing Board Colony, Faridabad, Nakul Farm, Haryana, Hathin	India
S1-878053360	Optlaex Holdings Associates	509 Main Street, Lebanon, OH	US
S1-505090910	Main Street Deli	2538 Wah Avenue, Sacramento, CA	US
S1-148758725	Iconic Mist Limited	Kanpur, 94/42-A, Sanjay Gandhi Nagar Naubasta, Kanpur, Uttar Pradesh	India
S1-25879788	UKF Chesapeake, Inc.	141 Harold Street, MA, Boston	US
S1-234423373	Coretta's Occupational Therapy Inc	Sneads Ferry, 302 Sumac Court, NC	US
S1-460146213	Gujarat Business LLP	1-3-183/40/46/5, Gandhi Nagar Hyderabad., Andhra Pradesh, Telangana	India
S1-469535575	Mangal Construction Associates	Gautam Buddha Nagar, Noida, Ats Dolce, Gh-12A, Zeta-I, Flat No. - 5Gf1, Uttar Pradesh	India
S1-328996647	Noida Breeding Private Limited	Unit No 1, 7Th Floor, Bptp Capital City, Tower 1, Plot No 2B, Sector 94, Noida, Gautam Buddha Nagar, Uttar Pradesh	India
S1-298826786	Rapid Wholesale Consultants	1171 12, Town Of Warren, WI	US
S1-803590345	Horizon LLC	1109 Pea Ridge Road, Huntington, WV	US
S1-131673126	Anilva Finmart Private Limited	C/O Ganesh Vishwanath Birajdar Near Petrol Pump, A/ P. Lamjana, Tq Ausa, Latur, Maharashtra	India
S1-100899977	Eye Care Associates of Mount Pleasant Associates	135 Bowser Road, Mount Pleasant, AR	US
S1-197197167	Lucie Butler, P.A. LP	11348 114th Avenue, Town Of Tilden, WI	US
S1-691890832	Teamsters Union Local No 101 LLC	1877 Elmhurst Drive, Germantown, TN	US
S1-824076722	Al Enterprises Pvt Ltd	Office No-201, 2Nd Floor, Global Square, Cts No-1505, S.No-247, Yerwada, Pune City, Pune, Maharashtra	India
S1-590317213	Ruiz Frontier Lane Clinic	2157 Gilmer Lane, James City County, VA	US
S1-709074730	Superior Defense Industries Clinic	25400 Pink Hill Road, Independence, MO	US
S1-238106423	Steelworkers Local 22 Clinic	1709 Washougal River Road, Washougal, WA	US
S1-225330324	Merl's First Massage Co	IN, Indianapolis, 3531 Guilford Avenue	US
S1-154180077	OS Pinnacle Solutions Inc	45 Washington Street, Unit 79, Methuen, MA	US
S1-233296344	Brown Trading Pvt. Ltd.	8, Greenwood Apartment 22, Gokhle Marg, Lucknow, Uttar Pradesh	India
S1-567398746	Crystal First Transport LLC	12007 Sage Ridge Circle, Sandy City, UT	US
S1-278756630	Art Enterprises LLP	14 2Nd Floor Arjun Nagar, Safdarjung Enclave, New Delhi, Delhi	India
S1-747808656	Shotts Imperial LLC	118 Sparrow Ridge Road, Kent, NY	US
S1-316795088	Pioneer Express Allspring Care	100 Private Road 113, Rio Vista, TX	US
S1-801212938	Keystone Infrastructure Brands L.L.C.	1147 11th Alley, Eugene, OR	US
S1-5842529	E & Y Analytics	1703 Linden Street, Normal, IL	US
S1-897981396	Ziravi Trading Pvt Ltd	Shop No-303 Labh Chambar Station Road, Labh Chambar, Aurangabad, Maharashtra	India
S1-899464369	Best Dynamix Group	1315 Bethabara Pointe Circle, Winston-salem, NC	US
S1-502818456	HQJ Works	Bldg C- 4 S, Waswani Road, Block No 23, Pune City, Pune, Maharashtra	India
S1-99838517	Gibbs, Aguilar and Wilson Pizza	10930 Meadowglen Lane, Houston, TX	US
S1-945770627	Eicher Classic Private Limited	Survey No. 101 Near Dosti Bekary Neharunagar Pimpri, Pune, Maharashtra	India
S1-38579651	Mutual Network Networks P.C.	32 University Avenue, Buffalo, NY	US
S1-585298643	Meenan Implants Ltd	502, Earth Business Centre, Opp. Torrent S/S, Nicol Ring Road, Nicol, Ahmedabad, Gujarat	India
S1-327225619	Berman's Farms	5232 Main, Montpelier, IN	US
S1-657688281	Donna Ali Elite Bce Inc	1421 Sipsey Fork Road, Detroit, AL	US
S1-467198990	National Kensington	114 3rd Street, West Terre Haute, IN	US
S1-57859332	Cinder LLC	3985 Galloway Drive, Memphis, TN	US
S1-745839307	Innovative Agro Private Limited	No.1, Ground Floor, H I M Towers, 9Th Cross Kempegowd Layout Nageshwara Nagebahalli, Bangalore, Karnataka	India
S1-85024477	MIG Exports LLP	Shyam Kutir, 25/ 58 (Part, Lane 15, Vishwas Nagar, Shahdara, Delhi	India
S1-418477552	Big Care Private Limited	19/266, Gandhi Nagar, Aligrah, Uttar Pradesh	India
S1-905986016	Office of Parks and Recreation	18567 Split Rock Lane, Germantown, MD	US
S1-519482575	Eurasia Foods	Apsara Villa 17 D Crossindira Nagar Ii Stage, Bangalore, Karnataka, Bangalore	India
S1-461918961	Arney Holding Company	Granby, 40 Simsbury Road, CT	US
S1-224323971	Naperville Realty	1732 Chalmette Court, Naperville, IL	US
S1-23537063	Almond Education Private Limited	H.No. 5-4-22, Sri Nilayam, Gayathri Nagar Kukatpally, Tirumalagiri, Hyderabad, Telangana	India
S1-480390410	Arihant Black Services Private Limited	Sno.74Planet Millennium P, L Saudagar Bld.A/16 Fl-G, Pune City, Pune, Maharashtra	India
S1-767396971	Alba Boon Pvt. Ltd.	501 'A' Wing Vithal Apartmentnew Link Road Kandarpada Dahisar (W), Mumbai, Maharashtra, Mumbai	India
S1-402731785	Gyaan (India) Infosolutions Private Limited	3/464 Rangaswamy Nayakar 1St Street Karapakkam, Chennai, Kancheepuram, Tamil Nadu	India
S1-732503665	Automated Mobility Alliance	IA, Davenport, 1322 Spring St	US
S1-98910320	Teraor Greenfire Inc	204 High Meadow Drive, Mckinney, TX	US
S1-191451677	Ward Chiron LLC	186 Gobel Road, Thomasville, NC	US
S1-891130183	Bright Media Pvt Ltd	House-045, Baraipatti Baban Rai'S, Gopalganj, Bihar	India
S1-900882482	Vision Medicine	NY, 32 Carthage Drive, Unit Apartment 1, Rochester	US
S1-552065633	Kushinagar Multi Pvt Ltd	C/O Divya Sukla, Gyatrinagar Kasia Road Chawani, Padrauna, Kushinagar, Gorakhpur, Uttar Pradesh	India
S1-881848076	OZL (india)	Plot No - 155 Sahid Nagar, Bhubaneswar, Khordha, Orissa	India
S1-89160825	Delhi Servicesprivate LLP	38, Ajanta Appartment I P Extn., Delhi, East Delhi, Delhi	India
S1-874041790	Aggarsain Innovations Private Limited	Gf, Ward No-31, Aghoriya Bazar Chowk Po-Ramna, Ps-Kazimohammadpur, Muzaffarpur, Bihar	India
S1-13387750	Sln Hospital	Hyderabad, Navodaya Plaza, 2Nd Floor, Putli Bowli, Opp To Uco Bank, Koti, Telangana, Hyderabad, H No:5-1-911/3	India
S1-372253974	Norene G. Semaan, D.O.	43 Jupiter Lane, Enfield, NC	US
S1-244454509	Metro Institute	39688 Quintero Lane, Peoria, AZ	US
S1-550190717	Althea Patrick Works Inc	855 Foch Street, Fort Worth, TX	US
S1-813850270	Red Technologies Limited	Flat No 201 Aditya Elegance Road No 34 Jubilee Hills, Hyderabad, Telangana	India
S1-958740646	Happy Ice Cream	TX, Dublin, 425 Eagle Street	US
S1-20031068	Hayes Reliable Era, Inc.	62 Cora Avenue, Chicopee, MA	US
S1-154848511	Land & Hightower	2830 Bernower, Unit 8, Massillon, OH	US
S1-801027691	Sterling Media Alliance PC	Houston, TX, 13210 Aspen Bough Circle	US
S1-884821612	Jai Products	80/17, Jagat Singh Complex, Gurudwara Road Naka Hindola, Lucknow, Uttar Pradesh	India
S1-304099102	Creative Software Solutions Associates	13 Prospect Drive, Sidney, NY	US
S1-25750233	Valerie Amaya Rock Corporation	5901 Old Hickory Boulevard, Unit 405, Nashville, TN	US
S1-886116894	XY Infoserve Private Limited	Office No. 11, 1St Floor, Rainbow Complex, Near Under Bridge Paota C Road, Jodhpur, Rajasthan	India
S1-477162050	BZC Foundation Ltd	S Y No 33/3, Somwarpet, Kodagu, Karnataka	India
S1-340817900	Smart Hospitality Advisors, LLC	127 78th Street, Kansas City, MO	US
S1-563586539	Syracuse Family Beacon Services Inc	1573 2000, Unit D, Syracuse, UT	US
S1-163747087	Lotus Services Pvt Ltd	Floor-2Nd, 45/47, Silver Mansion, Dhanji Street, Zaveri Bazar Mumbadevi, Mandvi, Mumbai, Maharashtra, 17	India
S1-117094654	Modern Robotics Partners	800 Prospect Street, Southington, CT	US
S1-137026686	Cassy Gomez, DPM Care	508 Des Moines Street, Brooklyn, IA	US
S1-464518977	Onyx Alpine LLC	3212 59th Street, Seattle, WA	US
S1-299511557	Freeman, Whyte & Bradley	AL, Gulf Shores, 485 Shepard Street	US
S1-890634836	Farmington Value Short	810 Buena Vista Avenue, Farmington, NM	US
S1-262506206	Jeanine's Pizza LLC	452 Washington Avenue, Elkhart, IA	US
S1-47431587	AF Gas	811 3rd Street, Unit 2011, Phoenix, AZ	US
S1-284582618	Great Apogee Corporation	1510 Bradmore Drive, Toledo, OH	US
S1-729032305	Northampton Advisory	Unit 6A, Northampton, MA, 82 Bridge Street	US
S1-402164728	Cline Royce Corp	3158 Whirlaway Lane, Montgomery, IL	US
S1-57274805	Gangotri Institution Private Limited	2G, Neptune, Trinity World, Trinity World Road, Chittetukara, Kakkanad, Ernakulam, Kerala	India
S1-622241555	New Delhi India	Central Delhi, 37/8 E.V Charging, Delhi, Old Rajinder Nagar, New Delhi	India
S1-640830255	United Complete Construction	Phoenix, 6026 Encinas Lane, AZ	US
S1-96384267	Bharat Construction Private Limited	325, Mico Layout, N.S.Palya, Bangalore-34., Bangalore, Karnataka	India
S1-600079333	Environmental Project II Associates	1651 52nd Street, Sacramento, CA	US
S1-11408993	Upper Dome	Fl 1, 14578 Short Road, Sesser, IL	US
S1-213642432	Pramukh & Brothers Private Limited	No. 161-D, 3Rd Floor, Ag-1, Vikaspuri, New Delhi, Delhi	India
S1-999894380	Harbor School of Medicine	MA, Milton, 37 Pagoda Street	US
S1-12041665	Business Realtech Pvt Ltd	Mallapagaripalle, Chittoor, Chittoor, Andhra Pradesh, C/O Madhusudhanrao, Pakala	India
S1-115198057	Gonzalez Holding LLC	196 2225, Emory, TX	US
S1-518860674	Korth's Hair Studio	NC, Holly Springs, 369 Golf Vista Trail	US
S1-217514760	Rhianna Bailey Patriot Omega Co	4519 Nevada Street, Spokane, WA	US
S1-657091961	Blue Foundation LLC	1205 Concord Road, Clovis, NM	US
S1-502288504	Knott's Advanced Manufacturing	137 Main Street, Elk Park, NC	US
S1-766893478	Karuna House Private Limited	123 Vivekananda Road, Kolkata, Howrah, West Bengal	India
S1-285639517	Woods Health Center	1616 4th Street, Woodward, OK	US
S1-161638253	Sant Traders Private Limited	Flat No. 105, 4855 / 24, Ansari Road Darya Ganj, New Delhi, Delhi	India
S1-902552291	Varshita Food Pvt Ltd	F-501, Park View City-2 Sector 49, Sohna Road, Gurgaon, Haryana	India
S1-773968745	83/16 Banking	980 Barg Salt Run Road, Milford, OH	US
S1-716831720	Premier Logistics Private Limited	Tamil Nadu, Chennai, No.42/15, Malony Road T. Nagar, Chennai	India
S1-800528107	Derby & Partners	Vill- Sarfabad, Pradhan Market, Sector-73, Gautam Buddha Nagar, Uttar Pradesh	India
S1-981346708	Shiva Foods Private Limited	Villa No. 66, Kolla Luxurys, Masjid Banda, Serilingampally, Hyderabad, Telangana	India
S1-653120802	Saunders Global Allurion Inc	1429 Gilreath Street, Wilkesboro, NC	US
S1-303487417	Custom Digital Systems	600 Harmony Lane, Kill Devil Hills, NC	US
S1-515548222	Wegman Financial LLC	1028 Hickory Grove Road, Gastonia, NC	US
S1-325049602	Little Steps Public Limited	Plot No 03 Sr No 53 New, Tapovan Road Uttara Nagar, Nashik, Maharashtra	India
S1-881015038	Bharat Industries Private Limited	B-3/276, Chitrakoot Vaishali Nagar, Jaipur, Rajasthan	India
S1-333207746	Townsend Associates	9113 Sycamore Leaf Drive, Fort Worth, TX	US
S1-994904668	Heartland Committee Inc.	8808 189th Avenue Court, Bonney Lake, WA	US
S1-300116004	Shelton Graf Inc	812 Whipporwill Road, Conroe, TX	US
S1-9379136	Best Infrastructure Private Limited	Mumbai City, Flat No.904, Maharashtra, Panchvati-B Panchshristi Complex, Chandivali Road, A, Ndheri(E), Mumbai	India
S1-643953045	EV Services PLLC	816 Dekle Drive, Mobile, AL	US
S1-2092817	Hamilton Newtekone	210 Clark Street, Sweetwater, TN	US
S1-595315008	Greening Popular of Charlotte Co	15102 Terns Court, Charlotte, NC	US
S1-336067611	Scheele, Martita, Ph.D.	19210 Co Hwy 39, Underwood, MN	US
S1-590576171	Cora Ollie Medical LLC	72 Thurman Avenue, Columbus, OH	US
S1-590815515	Apsara & Co	Village & P.O. Fatepur, P.S Falta South 24 Parganas, South Parganas, Parganas South, West Bengal	India
S1-613642244	Almaraz and Medina LLC	5824 Big Valley Circle, Lipan, TX	US
S1-702336597	Physical Therapy Coastal Physicians LLC	4219 110th Street, Village Of Pleasant Prairie, WI	US
S1-391842573	#4 Presidio	216 Walker Road, Mcminnville, TN	US
S1-622939145	RL Pono	1270 Spinnaker Lane, Hanover Park, IL	US
S1-56835737	Eaton, Lucier & Fraser PC	300 7th Street, Chelsea, OK	US
S1-66358218	Marsh & Hicks Inc	1204 Nottingham Drive, Cary, NC	US
S1-449072502	Bihar Solutions Private Limited	No.80, Balaji Avenue, Govindasamy Layout, Coimbatore South, Coimbatore, Tamil Nadu	India
S1-419148679	Kamla Industries Group Co	Plot No.13734, C/O-Anath Barman Vill-Jagatber 3, Po-Bhogramguri, Cooch Behar, Koch Bihar, Coochbehar, West Bengal	India
S1-408130216	Tabbie Jacobs Healthcare LLC	17867 Cleary Trail, MN, Prior Lake	US
S1-960126068	Corner Ice Cream	1015 Country Club Drive, La Porte, TX	US
S1-492536604	Urban Properties Pvt Ltd	Sno.25/8, Pune, Navecha Road, Nr. Durga, Pimple Gurav, Maharashtra, Pune	India
S1-534520678	Fresh Wealth Union Inc	6403 12th Street, Unit #1906, Tacoma, WA	US
S1-439990641	Orient Foundation	15/901A, Mithra Nagar, Shivan Covil Jn, Nedumangad, Thiruvananthapuram, Trivandrum, Kerala	India
S1-300521665	Huerta and Minarik	710 Broadway Street, Truth Or Consequences, NM	US
S1-31462693	Buller Cardiology	810 Eureka Street, Gentry, AR	US
S1-560848017	Angel Foods Jalna Pvt. Ltd.	Maharashtra, Jalgaon Pheron, Jalna, C/O Sahebrao Vishwanath H No 276	India
S1-356820551	Stafford and Williamson LLC	500 Robert Street, Unit Unit 717, Saint Paul, MN	US
S1-346159233	Mumbai Oils Private Limited	C/O-Samarpana Salama, Pipalpali, Barapader, Manamunda, Boudh, Orissa	India
S1-816183362	Aggie's Metropolitan Digital	1839 Courtside Place Drive, Missouri City, TX	US
S1-650567133	Tildie Hernandez Aegon	9315 53rd Court, Oak Lawn, IL	US
S1-520813789	Sheetal (India) India Private Limited	Sdf Building, Block - 3 Infocity, Bhubaneswar, Khordha, Orissa	India
S1-734659223	D/Z Bancshares LLC	6738 Moscato Court, Fl 1, Hillsboro, OR	US
S1-635466493	Clyyx Sab Inc	1114 Swisher St, Iowa City, IA	US
S1-745775319	Techno (India) Infocom Private Limited	312 Meter Cabin A, Surya House, Cts No. 464/A, Village Kirol, Road No. 7, Rajawadi, Vidyavihar (E), Mumbai, Maharashtra	India
S1-93708993	Youth Safe Association Inc	AZ, Mesa, 2216 Mollera	US
S1-523999331	Smith Smart Archimedes LLC	2925 Cynthia Street, Lohman, MO	US
S1-778830470	Gulf Harbor House	3 Margate Lane, Dennis, MA	US
S1-207827400	Supreme Consulting LLP	C/O Vinod Kumar Sharma, Bhilora Nausar, Sader, Gorakhpur, Uttar Pradesh	India
S1-360352734	Torrez Vernal Inc	6012 Ronwood Drive, Des Moines, IA	US
S1-295624434	Stace F. Bausch, DO, DDS PC	81 Park Street, Mendon, MA	US
S1-521731996	Vd Plaza Private Limited	Flat No 501 5Th Floor Maa Nivas Dharmaredy Colony Phase-Ii Hydernagar, Hyderabad, Rangareddy, Telangana	India
S1-622874768	Urban Diner LLC	64 Lovering Avenue, Unit Apartment 2, Buffalo, NY	US
S1-790391714	Kraft Science LLC	118 Tyburn Court, Hampton City, VA	US
S1-617582034	Roberta Bissett All Illumination Center	Asheville, Unit T, NC, 27 Beri Drive	US
S1-612605958	Saenz and Horton Inc	1919 New Market Road, Henrico County, VA	US
S1-305783479	Shelton Dental Associates	3832 Valentine Street, Fort Worth, TX	US
S1-703201622	Tri-State Century Inc	142 Stillwater Trail, Hendersonville, TN	US
S1-170295653	Miley Integrated Citigroup P.C.	1507 Lyndhurst Drive, Chattanooga, TN	US
S1-642101524	Correna's Metropolitan Auto Body	209 Cherry Street, Unit 6, Kernersville, NC	US
S1-718013009	Inventive Commodities Pvt Ltd	Gc-10, Sanskriti Vihar Gaur City Greater Noida, Noida, Ghaziabad, Uttar Pradesh	India
S1-379512171	Moksh Fabrics Private Limited	73 G/F, Bunglow, Sector 46 Faridabad, Faridabad, Haryana	India
S1-317854633	The Dent Ice Cream	3254 Richardson Place Road, Unit APT 6, Arnold, MO	US
S1-6381641	Tirupati Technology LLP	Plot No.407, Sri Swamy Ayyappa Society, Co-Operative Society, Madhapur, Hyderabad, Telangana	India
S1-705987662	Jai Global Private Limited	Hn. 35.A Yadav Nagar Mandi Samiti Firozabad Road, Agra, Uttar Pradesh	India
S1-737171527	Solarium Healthcare Partners	Rajahmundry, East Godavari, H No. 1-65, Deverapalli Mandalam, West Godavari, Andhra Pradesh	India
S1-968656774	Gibbons Vernal Inc	14 Barbara Street, Topsham, ME	US
S1-892577020	Delta Project	Avon, IN, 562 Dylan Drive	US
S1-830790643	Global Technologies Private Limited	54-18-35 Flat No C, Vmc Revenue Ward 3, Vijayawada (Urban), Krishna, Andhra Pradesh	India
S1-86014575	Green Urban Food Pvt Ltd	R-59 Greater Kailash-I, New Delhi, South Delhi, Delhi	India
S1-107682341	Weaver Creative PLLC	113 Stanyon Park Drive, Speculator, NY	US
S1-464309352	Vector Nursing Home	41, Bipinbehariganguly Streetcentralplaza4Th Floor, Kolkata, Kolkata, Howrah, West Bengal	India
S1-879837384	Finetune Traders Private Limited	Sf-81 Shastri Nagar, Ghaziabad, Uttar Pradesh	India
S1-905507550	Chiropractic Medicine	2227 Baltimore Avenue, Muskogee, OK	US
S1-981091224	Physical Therapy Partners Care	2144 Madison Street, Chicago, IL	US
S1-298890713	Alton & Co	B-8, 3Rd Floor, Sahar Roy Appts. Chs Ltd, Sahar Road, Near Air Cargo Complex, Andh, Eri East, Mumbai, Mumbai City, Maharashtra	India
S1-627864371	Oncology Associates LLC	708 Timber Lane, Midwest City, OK	US
S1-767939959	Lambodar (india) Private Limited	Gonda, Uttar Pradesh, Gonda, Chhitnapur, Balpur, Gonda, Gonda	India
S1-754570857	Stanley Elite Newhold Inc	11705 Winter Park Terrace, Fl 0, Beaverton, OR	US
S1-382234885	Guinn Elite Royalty LLC	7922 Heim Road, Chandler, IN	US
S1-351358518	Lorita Steele Clear Best LLC	OR, Willamina, 22330 Willamina Creek Road	US
S1-627406325	Ivc Institute of Technology	Srno 56/4/1, Vision One Society, Shop No 105, Pune, Pune City, Pune, Maharashtra	India
S1-166125958	Dave, LLC	83 Acorn Circle, Unit Apartment 5, Brookhaven, NY	US
S1-570361411	Shyam Ventures Private Limited	#771, Sector 91 Sas Nagar, Mohali, Punjab	India
S1-418514604	Family Committee	3005 207, Flatwoods, KY	US
S1-298875156	Memorial Prairie League	163 Fain Road, Blountville, TN	US
S1-852845726	Ram Consulting Private Limited	40/1 Madan Biswas Lane Salkia Lp 172/2, Howrah, West Bengal	India
S1-722170008	Ziraendra Investments Private Limited	G - 76/A, First Floor, Road No - 13, Saheen Bagh Abul Fazal Enclave Part - Ii, Jamia Naga, R, New Delhi, Delhi	India
S1-411964161	Mccutcheon Element LLC	12716 Douglas Street, Yucaipa, CA	US
S1-211678907	Creative Systems Private Limited	Plot No - 12P1, Biada Industrial, Area Ward No - 4, Jhanjharpur, Madhubani, Bihar	India
S1-866481061	Indo Ventures Private Limited	Flat 1C, Block B, Chinar Heights 46/3 Chinar Park, Kolkata, Kolkata, Howrah, West Bengal	India
S1-235360444	Supreme Transit Advisors Corp	196 Firetree Lane, West End, NC	US
S1-746713383	Schoenberger Spire, Inc	241 Yant Street, Bolivar, OH	US
S1-183373288	Bridgman Graf Inc	250 Farm Street, Millis, MA	US
S1-585293112	Mcpheron Citizens LLC	740 Emmett Road, Maysville, NC	US
S1-493124566	Ebel & Rearick	1161 Purdue Avenue, Fl 0, Saint Louis, MO	US
S1-618570184	Advanced Barings	107 Margin Street, Orono, ME	US
S1-257281473	Kanpur Industries Private Limited	108/117 Gandhi Nagar, Kanpur, Uttar Pradesh	India
S1-130264484	Green Foundation Limited	875/31, Laxman Vihar Phase-I, Gurgaon, Haryana	India
S1-68626877	Fassbender & Hendricks LLC	9521 Lawrence Court, Unit GARDEN, Schiller Park, IL	US
S1-772324975	Eadie Richards Ace Signs Inc	8323 Fordson Road, Henrico County, VA	US
S1-745303317	Ahmadabad City Polytech Private Limited	1001, 10Th Floor, Aaryan Workspaces-2, Nr. Navkar Public School, Gulbai Tekra Road, Ahmadabad City, Ahmedabad, Gujarat	India
S1-234787807	T I Mccracken Xflh LLC	MD, Loch Raven, 603 Seminary Avenue	US
S1-932827505	Jk Technologies Private Limited	A-107, Sector-63, G B Nagar, Noida, Gautam Buddha Nagar, Uttar Pradesh	India
S1-238115724	Cogent & Associates	Office No 601, 6Th Floor, Business Centre, Nashik, Maharashtra	India
S1-952266463	Legacy Jaws Inc	1820 7th Street, Unit 419, Phoenix, AZ	US
S1-244476321	Global Broking Partners	Block No G-9, Midc, Kupwad, Sangli, Maharashtra	India
S1-761407497	Urology Supreme Center	TX, Richardson, 603 Palomar Lane	US
S1-844412430	Twisted Book Store LP	1125 Madison Street, Unit B3, Annapolis, MD	US
S1-878933360	Seabird Retailers Pvt. Ltd.	Villa No.229, Indu Fortune Fields, Phase-13, Kphb, Kukatpally, Hyderabad, Telangana	India
S1-432558180	Back Alley Pilates Inc	330 Creekside Drive, League City, TX	US
S1-746735853	Bangalore South Solar Private Limited	B 802 Tower 3 Adarsh, Palm Retreat Apartment, Bangalore South, Bangalore, Karnataka	India
S1-181306265	Continental Industrial Works Clinic	7703 Prairie View Road, Kansas City, MO	US
S1-682825529	Children's Society Partners	Unit 1071, Tempe, 701 Apache Boulevard, AZ	US
S1-114864723	Crittenden, Jones and Pope	10657 Golden Bear Way, Noblesville, IN	US
S1-745450749	Oki Therapy (India)	12 Thakurdas Banerjee Road, Kolkata, North 24 Parganas, West Bengal	India
S1-422772138	Real Enterprises Private Limited	Shop No G 10, Parksyde Business Avenue, Nashik, Maharashtra	India
S1-49535321	Primary Care First Physicians	IN, Milford, 6235 1100	US
S1-771609668	Renukadevi Infotech	6, Bishop Lefroy Road, 2Nd Floor, Suite No.15, Kolkata, Kolkata, Howrah, West Bengal	India
S1-942104958	Force Wealthtech Private Limited	Pune, 148, Maharashtra, Pune, Ganesh Nagar Colony No. 12 Pune	India
S1-599145787	Samagra Electronics Private Limited	11Th Main Road, Btm Layout, 1St Stage, Bangalore South, Bangalore, No 65, Karnataka	India
S1-426033453	Madurai- 14 Seeds Private Limited	12-5/73, Nethaji Iind Street, Viswanathapuram Madurai- 14, Madurai- 14, Madurai, Tamil Nadu	India
S1-840218727	Heritage Design Industries LLC	1111 Innsbrook Lane, Buffalo, MN	US
S1-775313117	Shir's Catering	185 Tickle Road, Westport, MA	US
S1-871302092	Cure Hypnosis!	2811 Monthaven Drive, Arlington, TX	US
S1-237670057	Jay Foods Private Limited	C/O Sirajuddin Ansari, Mohanmundera, Bodarwar, Hata, Kushinagar, Uttar Pradesh	India
S1-918001356	Bts Drilling Limited	Cheruparambil, Kaithavana, Sanathanapuram Po Mathoor, Ambalapuzha, Alappuzha, Kerala	India
S1-893733254	Om Industries Limited	502 Gupta Bhavan, Plot 64B Sant Tukdoji Maharaj Rd, Carnac Bunder, Ch, Inchbunder, Mumbai, Mumbai City, Maharashtra	India
S1-63655361	SJ Liberty Retail	6720 Kingston Pike, Knoxville, TN	US
S1-994258416	Johnson, Hoffman & Hicks Indigo LLC	IN, Bedford, 202 Hillcrest Way	US
S1-28410420	Total Wireless Technologies	578 Hyacinth Road, Gilmer, TX	US
S1-326888389	Dream Consulting Private Limited	Iskon Mall Office No-331, Nr Big Bazar 150 Ringroad, Rajkot, Gujarat	India
S1-308671803	RPL Ofs	235 Lexington Avenue, Unit Apartment 10D, White Plains, NY	US
S1-6504827	WOG Merger LLC	2196 Thornwood Lane, Memphis, TN	US
S1-998375147	Southern Pacific Group	3858 West Avenue, Unit B, Greensboro, NC	US
S1-218948566	Vision Global Solutions Private Limited	Pune, Midc, Industrial Estate Bhosari, W51, Pune, Maharashtra	India
S1-705139382	Thane Shrishti Pvt Ltd	H No 505, Vasai Road, Near Vithal Bhaskar Mhatre House, Kalwar, Bhiwandi, Thane, Maharashtra	India
S1-253185653	Red Agro Private Limited	305, 3Rd Floor, Krishna Complex Tilak Road, Abids, Hyderabad, Telangana	India
S1-196127879	Atlantic Diamond Social	4309 Feather Dalea Avenue, Albuquerque, NM	US
S1-800294363	Great Investments Private Limited	106, 8Th Main Road Malleswaram West, Bangalore, Karnataka	India
S1-673498458	Powell Capital Inc	2100 Vinton Street, Lafayette, IN	US
S1-774320076	Jeniece Siddique Glass Inc	Unit 229, Columbus, 2687 Livingston Avenue, OH	US
S1-943879014	Crj Traders of Mysore Private Limited	No. 36, 3Rd Stage, Hale Kesare, Rs Naidu Nagar, Mysore, Karnataka	India
S1-235258587	Tri-State Preferred Gsr	925 3rd Street, Burlington, IA	US
S1-182662840	Dental American Medicine PLLC	21299 Stacey Road, Queen Creek, AZ	US
S1-620179786	Washington and Dillon Precious	IL, 1589 Rochester Road, Pingree Grove	US
S1-177088763	Batten, Adella, CPA	90 Meadow Lane, Lawrence, NY	US
S1-698564395	Metropolitan Patriot Fitness	6020 Auburn Street, Wolcott, NY	US
S1-694921791	Senthur Constructions Limited	H. No. 39-A, Block-C, Near Solanki School Budh Vihar Phase-2, Village Pooth Kalan, Delhi, North West, Delhi	India
S1-864797403	Ecotech Commodities Private Limited	Flat No. 806, Pratima Paradise Maharanipeta, Beach Road, Visakhapatnam, Vishakhapatnam, Andhra Pradesh	India
S1-621246789	Choice Globa	1115 Brunswick Way, Anderson, IN	US
S1-967577604	Animal Welfare Council	451 Ethan Court, Newport News City, VA	US
S1-262975311	Global Trust LLC	Leominster, MA, Unit 4, 42 Main Street	US
S1-47869953	Prestige Servicesprivate Corporation	Near Choti Mazjid, Dhabali Vihir, Mangalwari Peth, Umred, Nagpur, Maharashtra	India
S1-420073336	Optimal Hospitality Holdings Care	10652 Sherman Drive, Eden Prairie, MN	US
S1-530687623	Dermatology Center	288 Mistletoe Lane, Vincent, AL	US
S1-705632806	Ideal Industries Group	Shop No.4 & 5, Kamala Nagar Chs Ltd M.G.Road, Near Bohara Colony, Kandivali West, Mumbai City, Maharashtra	India
S1-361627720	Prabhat Trading Private Limited	470, Bhagirath Pura, Indore, Madhya Pradesh	India
S1-52131287	Skin Traders Limited	Ward No-24, Fooj Ka Mohalla Near Chourasiya Mandir, Jhunjhunu, Jhunjhunun, Rajasthan	India
S1-301283839	Lakshmi Impex	76, Main Road, Phase-3, Jawahar Auto Nagar, Plot No 74, Vijayawada, Andhra Pradesh, Srikakulam	India
S1-270255759	AY Entertainment Group	5629 Galloway Road, Flemington, WV	US
S1-97577130	Howard Enterprises Partners	9928 Sawyer Avenue, Evergreen Park, IL	US
S1-592498716	Supreme Dave	6104 Gauley Turnpike, Heaters, WV	US
S1-811584019	National Interprivate Inc	128 Lenoxplace Circle, Garner, NC	US
S1-902150059	Star Equipments Private Limited	H No. 1071 Jafarabad Road, Gangapatti, Jaunpur, Uttar Pradesh	India
S1-946922673	Sar & Co	Siliguri, Darjeeling, City Centre Nh-31, Matigara, West Bengal, G-307	India
S1-17573606	Green Agro Private Limited	South Delhi, New Delhi, H-49/14Galib Aptt Iiird Floor Batla House Jaima Nagar Okhla, Delhi	India
S1-684545756	Technologies Mahendra Dyechem Limited	Shop No 5 7 6 A P M C Marketvasna Tolnaka Vasna, Ahmedabad, Gujarat	India
S1-910100521	Indo Business Pvt Ltd	504, Rivona - A, Hiranandani Heritage, Poisar Brigde, S.V. Road, Poisar, Kandivali (We, St), Mumbai, Mumbai City, Maharashtra	India
S1-820751255	Zeclarsoft, L.L.C.	789 349 Street, Eastlake, OH	US
S1-741817106	Rajkot Recording Corp	Opp. Astron Society, Amin Marg Trisha 2, Bunglows No-37, Rajkot, Gujarat	India
S1-877882228	Mendez Medical Center	Valparaiso, 267 475, IN	US
S1-616950184	Karina's Brokerage	8422 Care Drive, Garfield Heights, OH	US
S1-22901106	Sibel Nguyen Metropolitan Associates Inc	913 4th Street, Sinton, TX	US
S1-44634215	Dj Works Pvt Ltd	D-754, Jagdamba Nagar Heerapura, Ajmer Road, Jaipur, Rajasthan	India
S1-830300644	Miller, Santiago & Granquist LLC	1423 Edith Avenue, Louisville, OH	US
S1-572666706	Schofield's Occupational Therapy	2225 Oran Delphi Road, Pompey, NY	US
S1-669413769	First Investment Private Limited	57B, Purna Das Road, Kolkata, Howrah, West Bengal	India
S1-785336105	Gambhir Trust	8/496, Trichy Road, Coimbatore, Tamil Nadu	India
S1-974185394	Temple Synagogue	10932 Bells Ridge Drive, Potomac, MD	US
S1-169108778	Smart Industries Private Limited	Delhi, South Delhi, New Delhi, Omaxe, Square, Plot No.14, Jasola District Center, Unit No. Ff-48A	India
S1-796167853	Goodman, Danielson & Payton LLC	114 Lamme Street, Bozeman, MT	US
S1-945793047	Shrikrishna Footwear (India) Private Limited	Shed No C/42/1 Gidc Estate, Nr. Fire Station Opp. Ambicanagar, Odhav, Ahmedabad, Gujarat	India
S1-547971316	General Design International Inc	800 Brommer Street, Unit 27, Santa Cruz, CA	US
S1-235705784	Urban Pub! Center	15 Brilliante Circle, Hot Springs Village, AR	US
S1-438047370	Saidee Arora Bright Currencyshares Inc	3417 Oxford Street, Midlothian, TX	US
S1-164017572	Black and Council Idaho Inc	11855 Gross Drive, Parma, OH	US
S1-171471216	Aarvendra Amusement Pvt Ltd	No.288, Motappanapalya, Hal 2Nd Stage, Indiranagar, Bangalore, Karnataka	India
S1-777898303	Fifi Basinger World	2290 Spring Street, Lima, OH	US
S1-898279595	Star Enterprises Pvt Ltd	North Delhi, Delhi, 26, Prem Niwas Malkaganj Road, Delhi	India
S1-896330803	Wildlife Foundation IV LLC	1901 48th Avenue, Anchorage, AK	US
S1-202517222	Mcbride Preparatory Academy	2200 Kraft Drive, Unit STE 1325, Blacksburg Town, VA	US
S1-385823757	Suniti Services Private Limited	32 Ezrz Street 6Th Floor, Kolkata, Howrah, West Bengal	India
S1-677358632	Dutta Experience Private Limited	Shreenath, 96, Shiv Aradhna Society, Satyasai Hospital Road, Rajkot, Gujarat	India
S1-886002896	Saenz Empire Martin Corp	6522 Portlick Drive, Katy, TX	US
S1-226731020	Mi Brothers Private Limited	21B/1, Baishnabghata Lane, Ground Floor P.O. Garia, Kolkata, Kolkata, Howrah, West Bengal	India
S1-196390702	XBW Synthetics	Hotel Sai Sanjeevani, Opp. Saibaba Hospital, Behind Bsnl Building, Nagar Manmad Highw, Ay, Shirdi, Ahmednagar, Maharashtra	India
S1-846870843	Surgical Physicians LLC	75 Cottonwood Road, Wake Forest, NC	US
S1-652302768	Leone Security Services	2815 Candlers Mountain Road, VA, Lynchburg City	US
S1-189218186	Sujay Electrodes Private Limited	#221/2, Dhuri, Sangrur, Ward No. 10-A, Near Caplash Nursing Home, Punjab	India
S1-925911205	MYF Print	186, Ground Floor, Ganga Lane, Sector -5, Ghaziabad, Uttar Pradesh	India
S1-62329201	Urology Center Inc.	695 Empire Boulevard, Irondequoit, NY	US
S1-34717806	Lopez and Farmer Corporation	16 Gebung Road, Alfred, ME	US
S1-218518704	Ajay Welfare Society	Lg-27, F Block, Ground Floor Sushant Shopping Arcade, Sushant Lok-1, Gurgaon, Haryana	India
S1-548281154	Hoffman & Hardison Braemar Inc	8272 Brick Granary Road, DE, Lincoln	US
S1-376114110	Elite Systems Private Limited	Delhi, 306 & 307 Sewek Bhawan16/2 W E A, New Delhi, Arya Samaj Road Karolbagh	India
S1-521143416	Dreddy Lowe, CPA Clinic	930 Trout Street, Staunton City, VA	US
S1-410304151	Interstate Health Alliance Inc	1138 Main Street, Bldg ACUSHNET FIRE DEPARTMENT FIRE STATION #2, Acushnet, MA	US
S1-100516852	Ham and Schmidt LLC	23 Haywood Lane, North Greenbush, NY	US
S1-45964697	Tani Ealy Bright Prudential LLC	21 Pleasant Park, Millis, MA	US
S1-371671884	Floor & Partners	Barakhamba Road, New Delhi, Delhi, 305, Nilgiri Apartments, 9	India
S1-65296733	Fresh Book Store	Lancaster, NY, 323 Central Avenue, Unit Suite 2	US
S1-388325812	Slate Inc	1930 Fawn Drive, Cheltenham Township, PA	US
S1-184229550	High Hari Constructions Pvt Ltd	Office No. 325, Sector 17, Vardhaman Market, Thane, Maharashtra	India
S1-203667972	Taylor White Inc.	7519 55, Seven Springs, NC	US
S1-125472274	Eagle India of Nagpur	Flat No 35, Yashoda Nagar Stage-Ii, H.Road, Nagpur, Maharashtra	India
S1-834386502	Indo Builders Private Limited	768 Setellite Junction Kailod Hala, Indore, Madhya Pradesh	India
S1-942654297	Medicon Hospital	Hyderabad, First Floor, Opp. Kiran International School, Keshav Nagar, Boduppal, 9-35/3/4, Telangana, Rangareddy	India
S1-495565221	Patron Fund Private Limited	87, Arcot Road, Sathuvachari, Vellore-632 009, Vellore-632 009, Vellore, Tamil Nadu	India
S1-409097297	Sallyann Alvarez, DPM	711 Penn Drive, Friendswood, TX	US
S1-172667135	York Ingredients	537 Par Drive, Unit Apt 3, Marion, AR	US
S1-393746933	Mathis Colonial Fitness LLC	310 Merchant Street, Byron, IL	US
S1-650051667	Jaipur Health Pvt Ltd	C-1304, Anukampa Platina, Jaipur, Rajasthan	India
S1-399029451	Global Builders Private Limited	4805/24 Fourth Floor Pvt-2, 24.Bharat Ram Road Darya Ganj, Delhi, Central Delhi, Delhi	India
S1-206177417	Banyan Learning Pvt Ltd	Wz-142, South Delhi, First Floor, Naraina Ring Road, Naraina Village, Delhi, New Delhi	India
S1-282089477	Maestas Churchill Inc	113 Palmer Street, Arma, KS	US
S1-111273522	Main Street Diner Inc	605 Main Street, Elmore City, OK	US
S1-76214334	One Super Energy Private Limited	95 Shri Siddhivinayak Res, Khedapati Mandir Ab Road, Indore, Madhya Pradesh	India
S1-611979795	Basf (India) Marketing Private Limited	2Nd Floor, Site 6, No.42/2, Munnekolala Varthur Hobli, Bangalore, Karnataka	India
S1-829348020	All Management Limited	52-12-1 Rajendra Nagar, Rajahmundry, Guntur, Andhra Pradesh	India
S1-538674211	Southern Graphics LLC	50 Chinkapin Lane, Robbinsville, NC	US
S1-261360486	Dynasty & Co	A-108 Vasundhara, Apartment Dwarka Sector 6, New Delhi, South West Delhi, Delhi	India
S1-962416500	JY Electronics Limited	Shop No 12 Sabar Complex Opp Essar Petrol Pump Ambaji Highway Road, Khedbrahma, Sabar Kantha, Gujarat	India
S1-378245327	Dental Center	12814 175th Avenue, Monroe, WA	US
S1-414883860	Oneal Rain LLC	9477 Greenback Lane, Unit STE 407, Folsom, CA	US
S1-20679780	Red Power LLP	No.47, 86Th Street, Kanniappa Nagar Ashok Nagar, Chennai, Tamil Nadu	India
S1-191708568	Wood and Mercado LLC	95 Cherry Hill Road, Hamden, CT	US
S1-549398205	Raje Organics Private Limited	No.1/289, Saddiq Nagar, Near Avinashi Lingeswarar Kovil, Udumalaipettai, Coimbatore, Tamil Nadu	India
S1-988009600	Raj Software Private Limited	W/O Kumar Bharat, House No. 12, Kishore Bhawan, Justice Mandal Path, Patna, Bihar	India
S1-971634037	Priya (India) Foundation Pvt Ltd	1A Chemox House Ist Floor7 Barrack Road, Mumbai, Maharashtra	India
S1-352556834	Diversified Engineering Enterprises LLC	1002 Ancrum Hill Lane, Sugar Land, TX	US
S1-954645867	Cray Clean Jaws	114 Arbogast Lane, Morgantown, WV	US
S1-134701923	Gutierrez Jpmorgan Inc	303 105th Street, Lincoln, NE	US
S1-53816260	Metro Advanced Excavation PC	65 Morgan Lane, Tolland, CT	US
S1-12662811	HZV Goods Private Limited	Rajasthan, Na, Vaishnav Vihar Nangal, Jaipur, Plot No- 153	India
S1-476431309	Amul Sports Corporation	Building No.12/129 -0, Nisam Manzil Valanjavazhy, Tdmc P.O, Ambalappuzha, Alappuzha, Kerala	India
S1-530376768	Kvr Group of Companies	Bangalore, No.997, Bangalore North, Karnataka, 5 A Cross, 1 Block, Ring Road Service Lane	India
S1-81469251	Jimenez & Brown	14450 Martinsville Highway, Pittsylvania County, VA	US
S1-148298186	Mangalvarsha Care Pvt Ltd	Fl - 6, T 5, Durwankur Cts 587 213, Paranjape Road, Apte Road, Pune, Maharashtra	India
S1-689430394	Omisha Seva Samiti	No 28/3 1St Cross Road, A N Gupta Layout, Bangalore South, Bangalore, Karnataka	India
S1-488645480	Downtown Bike Shop LLC	18359 Glenbridge Avenue, Lakeville, MN	US
S1-581116416	Swank Assets	3125 Elizaville Road, Lebanon, IN	US
S1-563661207	Rockstar & Sons of Pune City	A 802 Wisteria, Keshav Nagar Manjri Rd., Pune City, Pune, Maharashtra	India
S1-739597376	Corey Vanguard Digital Inc	2663 Rippling River Court, Bend, OR	US
S1-858342158	Decatur Womens Health Care	IN, 8865 27, Decatur	US
S1-909454649	Cross Holdings	2920 Kepler Avenue, Saint Michael, MN	US
S1-436849523	Penny A. Lind, DPM, PC	755 400, Columbia City, IN	US
S1-331839088	Brewer, Patrick & Forrest	10208 Meadow Hill Drive, Fl 1, Scottsdale, AZ	US
S1-538770994	Cathe Hines Acadia	NY, New Hudson, 8265 Spring Valley Road	US
S1-820060849	Tsg Chits Pvt Ltd	C-506 5Th Floor Block C, Gh 04 A Amrapali Castle Scetor Chi 5 Greater Noida, Dadri, Gautam Buddha Nagar, Uttar Pradesh	India
S1-871687844	Lower Technologies	1815 Union Grove Road, Lenoir, NC	US
S1-182558360	Bigelow Consultants of Lubbock, LLC	6550 43rd Street, Lubbock, TX, Unit 500-213	US
S1-880351222	Aloysia Back Berkley	603 Powell Avenue, Dunn, NC	US
S1-641842880	UU Churchill L.L.C.	3505 Matador Drive, Garland, TX	US
S1-507301758	Culver's Seafood Group	7408 75th Avenue, Brooklyn Park, MN	US
S1-966270825	Crislip's Catering LLC	1625 Franklin Avenue, OH, Columbus	US
S1-177144918	Interstate Concepts	306 Geary Drive, Montgomery, AL	US
S1-528810007	Arjun Agro Pvt. Ltd.	2Nd Floor, Off. No. 202, D Wing, Kamala Mills Compound, Senapati Bapat Marg, Lower Par, El (West), Mumbai, Mumbai City, Maharashtra	India
S1-89003311	Creative Transit Group	3401 Main Street, Fort Worth, TX	US
S1-588939036	Cherianne Johnson, D.C.	4043 Joe Crouse Road, NC, Maiden	US
S1-654340387	Hamill, Ellis & Gonzalez LLC	31 Buford Drive, Celina, TN	US
S1-159288198	Nexola Biotechnology Inc.	1005 Holly Street, Pine Bluff, AR	US
S1-606887450	Strategic Golden Lifesciences LLC	2000 Lapham Road, Aurora, NY	US
S1-609880827	Kaverin Farms Private Limited	Artech House, Thiruvananthapuram, Trivandrum, Tc 24/2014-1, Thycaud, Kerala	India
S1-699652036	Adriena's Summit Fitness	2924 Raccoon Valley Drive, Halls Crossroads, TN	US
S1-620001323	Galaxy Power LLP	Plot No J-385, Midc Bhosari, Pune City, Pune, Maharashtra	India
S1-568752914	Hendershot & Lutter Central LLC	1432 Kinzer Lane, Columbia, TN	US
S1-899778601	Direct Productions Inc	685 Utley Road, New Braintree, MA	US
S1-60946319	Montgomery Bright Ultra	Pearland, 3617 Mahogany Trail, TX	US
S1-72013895	Balaji Builders LLP	Flat No-F 101, Wonder City, Katraj-Dehu Road, Near Agam Mandir, Katraj, Pune, Kolhapur, Maharashtra	India
S1-105548872	George, Espindola & Fritts	1765 B Street, Salem, OR	US
S1-82591612	Tirupati Ventures Private Limited	1299, Arya Nagar, Mani Ram Bas, Kosi Kalan (Rural), Mathura, Uttar Pradesh	India
S1-8091184	AVZ Elite Hospitality Care	2429 Ketchum Cove, Memphis, TN	US
S1-829983869	Yugantar Technologies Limited	Ahmadabad City, 308, Third Floor, Shail Complex, Nr. Swagat Restaurant, Opp. Madhusudan House, Gujarat, Ahmedabad	India
S1-58789724	Vikrant Brothers Ltd	Flat No-02, Omm Shree Laxmi Construction Atala, Po- Jayapur, Balianta, Balianta, Khordha, Orissa	India
S1-411827788	Dhanvi Technologies Private Limited	2A, Third Floor, Ganga Nagar Fourth Street, Kodambakkam, Chennai, Tamil Nadu	India
S1-118338310	Bibbs Nevada	14115 Davis Court, Portland, OR	US
S1-154882565	Hamilton Processing Associates	2651 Sable Ridge Lane, Katy, TX	US
S1-60298642	Tejika Entertainment Private Limited	Punjab, Fatehabad Khadoor Sahib, H.No.190, Tarn Taran, Amritsar	India
S1-758631377	Amick and Martinez Center	302 Hennepin Street, Mark, IL	US
S1-938749335	Physical Therapy Specialists LLC	TX, 205 Pecan Street, Keller	US
S1-439413861	Yamuanth International Private Limited	C/O Atul Krapashankar Bhargava, 704, Gyankripa Estate, Bypass Road, Ward No. 35, Imlikheda, Linga, Chhindwara, Madhya Pradesh	India
S1-328471041	Vats Nursing Home	2 Floor Grd B Manohar Building K W Chitale Path Portugese Church Dadar, Mumbai, Mumbai City, Maharashtra	India
S1-669609886	Delhi Cold Private Limited	Wp-502/2, Village Wazirpur, Delhi, North West, Delhi	India
S1-598605289	Solutions Nirmala Tourism Private Limited	House No Pvt 319, Kh 4/25, Gf, St- 19 Blk - D Colony, Delhi, North Delhi, Delhi	India
S1-763576282	Urgent Care Group PLLC	419 W Dover Ct, IA, Davenport	US
S1-537490349	Eleven Advisors	North East, Khasra No 13, Gali No 6, Kotla Village, Hiral Lal Prop No 111, Delhi	India
S1-109581032	Constantine Shifflett Nexera LLC	912 14th Street, Beardstown, IL	US
S1-514423627	Valley Coalition	9628 Laurel Lane, Fl 1, Scottsdale, AZ	US
S1-305903794	Erode Zp Ltd	No. 30 Iraniyan Street, Udhayam Nagar, Lakshmi Garden (Via), Rangampalayam (Po), Erode, Tamil Nadu	India
S1-775350452	Mumbai Vacation Pvt. Ltd.	505, Shalimar Morya Park, New Link Road, Andheri West, Mumbai, Maharashtra	India
S1-20235192	Rpg Farms Limited	C/O Hanumant Babanrao, Kajale, Nirgude, H.No-567, Junnar, Pune, Maharashtra	India
S1-306275226	FDG Compliance Center	146, Hebbasuru, Chamrajnagar, Karnataka	India
S1-595727368	Heart Council VI	3496 64th Street, Altoona, IA	US
S1-670226080	Mines Communications Private Limited	570 M.G. Road, Unit No G 28, City Center, Indore, Madhya Pradesh	India
S1-83914216	Enam Public School	C/O Ram Sajivan Sh Kuanare Lal G-6 (G/F) Lal Kuan, Delhi, New Delhi, Delhi	India
S1-24456369	Moss, Mcmurray & Elston	23 Mariners Point Ln, VA, Middlesex County	US
S1-357864385	Safe Supply Concepts PC	217 Mica Trail, Maxwell, TX	US
S1-990718988	Ventures Arpit Generation Pvt. Ltd.	Puja Agro Indusries, I-235, Prantij, Sabarkantha, Gujarat	India
S1-940946868	Beckmann Net, Inc	605 St Enodoc Circle, Prescott, AZ	US
S1-912855728	Shivam Law Chambers Limited	West Godavari, Eluru, Bank Colony, Satrampadu, Andhra Pradesh, H.No- 2&3	India
S1-804025354	Peak Mountain Altenergy Inc	149 Wagner Street, Unit 101, Troutman, NC	US
S1-744220341	Innovative Sai Media Private Limited	Jupiter-1, 30:1 4Th Cross, 7Th Block Jayanagar, Bangalore South, Bangalore, Karnataka	India
S1-557399885	Mehta & Wooldridge PLLC	12106 Willow Manor Lane, Frisco, TX	US
S1-104065800	Downtown Cafe Inc	577 15th Place, Chicago Heights, IL	US
S1-270087351	Suryanth Solutions	10111, Sobha Aspire Apt, Nagasandra, 8Th Mile, Bangalore North, Bangalore, Karnataka	India
S1-610162639	Apex Textile Associates Inc	7 Tanglewood Lane, New Milford, CT	US
S1-755367201	Family Green Clinic Inc	647 Kimberly Avenue, Village Of Kimberly, WI	US
S1-900870097	Gujarat Technologies Private Limited	Cabin No.-108, First Floor, Tower-1, Steller Crest Business Center, It Park, C-25, Sector-6, 2, Noida, Gautam Buddha Nagar, Uttar Pradesh	India
S1-224164495	Builders Sreeja Agro Private Limited	Binay Kumar Mandal, S/O- Kshetranath Mandal, Birbhum, West Bengal	India
S1-34692942	Sirs Motors Co	Surat, Gujarat, 3Rd Floor, Plot 1189, 1190/A Kakaji No Mahallo, Nanpura	India
S1-896753754	Laxmi Marketing	E5, No 7, Old No 16, First Cross Street Lambart Nagar, Virugambakkam, Chennai, Tamil Nadu	India
S1-543722172	Surgical Care LLC	3117 Lamont Street, Tyler, TX	US
S1-997225529	Ss It Limited	1, Yashodhan Apartments, Near Bapu Bunglow Wadala Pathardi Road, Indira Nagar, Nashik, Maharashtra	India
S1-275767880	Adroit Advisors Group	Cts No 140 P N 28 Sadar, Bazar Gulmohor Col Satara, Satara, Maharashtra	India
S1-857865367	Office of Consumer Affairs	2885 Savannah Drive, Aurora, IL	US
S1-148678669	Vanteus Venture	710 Sherman Avenue, Morgantown, WV	US
S1-6197302	Thomas, Padron and Knight LLC	8914 Ashcroft Creek Court, Cypress, TX	US
S1-176371732	Rasla Self Ridge Aluminum PC	309 Mann Street, Unit 18, Blackstone Town, VA	US
S1-633129109	All Food Private Limited	Unit No. 1118, 11Th Floor, A-Block, Naurang House, K.G.Marg, Connaught Palce, New Delhi, Central Delhi, Delhi	India
S1-922487978	Midwest Muzero	S1703 Stanek Road, Town Of Woodland, WI	US
S1-808699530	Southern Constructions Private Limited	Gnra 28, Gandhi Nagar Lane Kodunganoor, Vattiyoorkavu, Thiruvananthapuram, Trivandrum, Kerala	India
S1-335728544	Canales and Killingsworth LLC	7800 Greenbrook Drive, Greenbelt, MD	US
S1-474755359	Srpl Farms Private Limited	C/O Maa Bastralaya, Nuapadapo/Ps Sonepur, Sonepur, Orissa	India
S1-968308125	Royal Energy Private Limited	127, Gundecha Industrial Complex Akurli Road, Kandivali East, Mumbai, Mumbai City, Maharashtra	India
S1-694786973	Cooper Vanguard Xflh Inc	177 Gladstone Street, Wabash, IN	US
S1-707236749	Cariva Select Strategic	3503 Country Club Drive, Jefferson City, MO	US
S1-422280252	Shree Facilitation Pvt Ltd	Delhi, Sector-16 Rohini, H-4/19, Delhi, West Delhi	India
S1-504863624	Dermatology Partners LP	4408 Windy Hill Road, Randallstown, MD	US
S1-799095862	Eastern Towing	5714 Caracara Street, Manvel, TX	US
S1-934097826	Kolkata Convention Center	71A/2 Alipore Rd 4Th Fl.Flat No 8, Kolkata, Calcutta, West Bengal	India
S1-571355356	F I & M Dollar Inc	5871 Garden Hill Lane, Bldg 40, Dublin, OH	US
S1-302092482	AI Pbc LLC	55 Laramie Road, Greenbrier, AR	US
S1-615144404	Behavioral Health Specialists	384 Rawls Creek Road, Gordonsville, TN	US
S1-355360961	Internal Medicine Center	7 Third Street, Andover, NY	US
S1-403174703	Davis National Stonebridge	25523 Streamwood Lane, Plainfield, IL	US
S1-665804046	Mora, Tatum, D.D.S.	731 Dungan Drive, Mammoth, AZ	US
S1-908046696	Direct Retail Products	Covington, TN, 126 Tipton Street	US
S1-966556536	Dental Frontier Clinic LLC	6507 5th Place, Tulsa, OK	US
S1-912338564	Robie Grill	7490 250, Paris Crossing, IN	US
S1-545578977	Dyna Hernandez Saratoga	8 Aiken Drive, Auburn, NY	US
S1-850758051	Gilbert Animal Hospital	1785 Prathersville Road, Fl 1, Columbia, MO	US
S1-767751148	Arney Holding Company	18753 Sheldon Road, Middleburg Heights, OH	US
S1-430362117	Dream Consultancy LLP	Flat No.514, A Block, Sai Tirumala Towers, Plot No:85 To 88, Champapet, Saroornagar, Hyderabad, Telangana	India
S1-891013868	Family Trusted Health	1109 Southview Drive, Oxon Hill, MD	US
S1-171387573	Rhoden & Luong LLC	808 Dixie Drive, Enterprise, AL	US
S1-949211377	Deb F. Provost, Ph.D.	10245 Franklin Turnpike, Pittsylvania County, VA	US
S1-204848731	Sosa Rocky Accounting Inc.	2716 Rosedale Avenue, University Park, TX	US
S1-393934451	Mangrol Technologies Private Limited	Shop No 29 F Buil, Rajeshvar Plaza Udhna, Mangrol, Surat, Gujarat	India
S1-204456890	Modern Star Services Limited	83, Dsidc Complex, Okhla Industrial Area Phase I, New Delhi, South Delhi, Delhi	India
S1-172827773	Metro Brothers Private Limited	Q/2, Parmeshwar Park, Near Amin Party Plot, Gotri, Vadodara, Gujarat	India
S1-146406369	Great Foods Private Limited	Plot No 7 Flat No 5 Pranithi Residency Nizampet X Road Hydernagar, Hyderabad, Telangana	India
S1-867992586	Benchmark Seeds Private Limited	Unit No. 15 & 16, Rajprabha Udyognagar, Bldg. No.3 Extension Iii, Waliv, Vasai(East), Thane, Maharashtra	India
S1-415274790	Unified Wave LLC	W5861 Royaltroon Drive, Village Of Harrison, WI	US
S1-127835134	Allied Fund LLC	5 Ayr Court, Nottingham, MD	US
S1-768057805	EL Lincoln	102 Union Avenue, Mountain View, AR	US
S1-833280178	G Y & H Zhejiang LLC	Lynn, MA, 43 Sagamore Street	US
S1-836747974	Vaishali Software Private Limited	S.N.130/4, Sai Ozone, Fl-503, Wakad, Pune, Pune City, Pune, Maharashtra	India
S1-983588293	Cole, Michel & Bogart	7101 Mallard Crossing Way, Wake Forest, NC	US
S1-443337268	17/66 Pro	Loudoun County, VA, 44116 Vaira Terrace	US
S1-170678075	Fresh Verde Inc.	4560 Hydraulic Avenue, Unit LOT A52, Wichita, KS	US
S1-793615008	Clairvoyant Record Private Limited	1St Floor, Tamrakarmall, New Bus Stand, Sehore, Madhya Pradesh	India
S1-184420835	Systems Mnc Industries Private Limited	G-2, Gavdevi Chs Bldg-1, Vlg Oshw, New Link Road, Behram Baug, Jogeshwari-W Opp.Dheeraj Gaurav Heights, Jogeshwari West, Mumbai, Maharashtra	India
S1-311728134	Verla Martin, DO	307 Stover Road, Blue Hill, ME	US
S1-402237262	Real Hospitality Private Limited	Karnataka, Ithiel Complex, 3Rd Main, 2Nd Cross, Kacharakanahalli, St Thomas Town Post, No.1, Bangalore	India
S1-583341853	Shetkari Services of New Delhi	W-75 Ist Floor Greater Kailash, New Delhi, South Delhi, Delhi	India
S1-20023045	Economic Development Federation	7015 Milagro Circle, Mesa, AZ	US
S1-14310054	Wade Manulife LLC	6010 Coventry Falls, Houston, TX	US
S1-186281585	Perfect (India) Tours Pvt Ltd	G-47, Raj Nagar Part-Ii Palam Colony, New Delhi, Delhi	India
S1-626494746	Lange Nuclear LLC	5320 81st Street, Unit APARTMENT  733, Tulsa, OK	US
S1-695579546	Metropolitan Furniture LLC	740 Northview Lane, Hoffman Estates, IL	US
S1-986280179	Bureau of Parks and Recreation	MA, Unit 1, Everett, 215 Hancock Street	US
S1-125389787	Guru College	Kannookkara Po, Kerala, Kannur, Thana, Building No: 17/8A (Old:14/476A) Abughar	India
S1-771278228	Toni King Lifesciences	4 Sunset Avenue, Malta, NY	US
S1-782812175	Four Solutions (India)	House No.401, Kollam, Niju Nivas Vadakkumthala, Panmana, Kerala, Kollam	India
S1-705759195	Sweet Deli LLC	Toledo, OH, 306 Streicher Street	US
S1-108888770	Mumbai Development Private Limited	71/73, Floor-2, Plot-65, Bilakhadi Chamber, Saint Mary Road, Mazgaon, Mumbai, Maharashtra	India
S1-893165350	Kanakdhara Farmer Pvt Ltd	No. 39, K-Block, 15Th Street, Perambur Purasawalkam, Chennai, Tamil Nadu	India
S1-934459964	Schneider's Motors	37279 Nicho Esparza, San Benito, TX	US
S1-997553932	Regional International LLC	407 Clinton Street, Brayton, IA	US
S1-122003718	Golden Foods Private Limited	B-11/8106, Vasant Kunj, New Delhi, South Delhi, Delhi	India
S1-80059466	Tc Luxe Limited	A-226, Sakar-7, Nehru Bridge Corner, Ashram Road, Ahmedabad, Gujarat	India
S1-379956956	Vidarbha & Sons Private Limited	A-1/71-Apanchsheel Enclave, New Delhi, South Delhi, Delhi	India
S1-574922107	North Highland John	12 Cobb Court, Troy, AL	US
S1-640836090	Southern Services Pvt Ltd	A-301, 3Rd Floor, Tower A, Civitech Sampriti, Noida, Gautam Buddha Nagar, Uttar Pradesh	India
S1-754664373	Delta Family Practice	1180 Beck Street, Unit A, Salt Lake City, UT	US
S1-203925563	Balaji Impex	Kolkata, 3/29/1, Howrah, Bl C, Fl 320H 202, Jessore Road, North 24 Pgs, West Bengal	India
S1-765187970	Applied Defense Collective	2753 94, International Falls, MN	US
S1-272862947	UA Services LLP	16-101/1 Manalivilai Veedu Near Old Police Station, Arumani, Arumanai Post, Kanyakumari, Tamil Nadu	India
S1-358631275	V 7 E Nippon Inc.	1750 857, Grand Saline, TX	US
S1-924136701	A Cure 6 You PLLC	875 Montell Terrace Street, City Of Stevenson, WA	US
S1-644751653	Green Environmental Collective LLC	106 Glenn Avenue, Saint Clairsville, OH	US
S1-128592865	Erwin Charter School Co	3271 Georgia Road, Franklin, NC	US
S1-790201877	Modern Foundation Private Limited	Flat No. 108 First Floor, Bibhab Vellevue, Hotel Mayur Tourist Complex, Fatehabad R, Oad, Agra, Uttar Pradesh	India
S1-70911786	Jemimah Rolling, DDS	1030 Arbor Avenue, Dayton, OH	US
S1-659821047	Total Frontier Ford L.L.C.	307 Harkins Street, Ryegate, MT	US
S1-101122655	United Vishnu	Shed No. Gf/56, Kalptaru Industrial Estate, Nr. Torrent Power, Opp. Kathwada Gidc, N, Icol, Ahmedabad, Gujarat	India
S1-767453878	Aubrie Fernandez Keystone Hcm	1031 Anderson Street, Greensburg, IN	US
S1-374475963	Olanan Guggenheim	1768 Whitney Avenue, Hamden, CT	US
S1-975150347	Viable Pro Private Limited	Pno.G-18, Midc Satpur Nashik, Nashik, Maharashtra	India
S1-561314507	Allen Better Liquor Corp	Bainville, 311 Main Street, MT	US
S1-484133102	Redwood Inc	AZ, Rimrock, 5495 Bentley Drive	US
S1-708163208	Hatti Jones Kongsberg LLC	13350 Shands Road, Sussex County, VA	US
S1-227187617	ZA India Pvt. Ltd.	1-2/1, Gujarat, Bhavnagar, Vitthalwadi, Udyog Nagar, Bhavanagar	India
S1-395920256	Ramirez Classic Babcock Inc	15 Hillside Avenue, Croton-on-hudson, NY	US
S1-870115237	Strategic Optimal Online LLC	Tinley Park, 6321 Ulster Drive, IL	US
S1-743301865	Anabal's Clean Deli	Harrellsville, 605 Swains Mill Road, NC	US
S1-862669059	Wilson Twelve Inc	500 Kopp Lane, Clarksville, Unit 127, IN	US
S1-238319738	Surgical Physicians Inc	1030 Standing Oak Drive, Granite Quarry, NC	US
S1-793510573	Commission on Labor	4117 Oakstone Drive, Smyrna, TN	US
S1-172179362	Organic Brothers Ltd	J P Chamber South Ambazari Road, Nagpur India, Nagpur, Maharashtra	India
S1-893983413	Global Great Energy Private Limited	H No 16 115/260, Vandanapuri Colony, Beeramguda, Hyderabad, Telangana	India
S1-136767225	Wildlife Alliance Inc	8007 Beech Ave, Lyndon, KY	US
S1-329014655	Smart Data Consultants Inc	937 Crab Tree Cove, Midwest City, OK	US
S1-544666921	Five Healthcare Private Limited	# 85, 5Th Cross 3Rd Main, Amrutha Nagar, Bangalore, Karnataka	India
S1-920297646	West Federal Oyster LLC	301 Neals Lane, Gallatin, TN	US
S1-165368525	Lower Coastal Detailing LLC	3635 Maple Glenn Lane, Charlotte, NC	US
S1-927150955	Integrated Materials Labs	179 South Avenue, New Canaan, CT	US
S1-406502736	Ev Glory Private Limited	60/4, Majri Mohalla, Shahbad, Kurukshetra, Haryana	India
S1-357344139	Holy Israel	Fair Oaks, CA, 5337 Sunrise Boulevard	US
S1-14671216	Shiv Constructions Private Limited	S. No 27/8B, 1St Floor, Flat No. 1, Ambegaon Bk, Nr Toramkar Fmill, Pune, Maharashtra	India
S1-494268853	Mani Welfare Society	43A Pocket A Dilshad Garden, Shahdara, Delhi	India
S1-521211713	Vivue Trust Inc	517 Hwy 96, Fairview, TN	US
S1-172850574	Compass Partners	78 Fairfield Avenue, Tisbury, MA	US
S1-131527067	Industrial Telecom Works LLC	238 Madison Street, City Of Janesville, WI	US
S1-968026177	Shiv Fund Private Limited	113A/4 Ghosh Garden Road, Kolkata, Howrah, West Bengal	India
S1-995015295	Patrick Empire Fresenius L.L.C.	500 Poplar Street, Normal, IL	US
S1-400872192	Rev It Up Pub Partners	8325 132nd Street Court, Puyallup, WA	US
S1-832047138	Dermatology Care Fairfax County	5432 Bromyard Court, Fairfax County, VA	US
S1-761010516	Myriam Lilly Modern Ready LLC	35 Dover Court, Riverhead, NY	US
S1-211335835	Gilbert Metal Works	201 Mingus Avenue, Cottonwood, AZ	US
S1-248417578	Damian and Corniel Annuities LLC	441 Cooper Road, Drummonds, TN	US
S1-650567604	Buford Tsakos	1100 Fernview Trail, Chesterfield County, VA	US
S1-577961053	Makin Regional Calisa LP	OH, 3454 Eyrich Road, Cincinnati	US
S1-728279157	Olanara Galaxy LLC	1610 Main Street, Victoria Town, VA	US
S1-391448154	Coastal Academy LLC	302 Jordan Crossing Avenue, Jamestown, NC	US
S1-469269527	Nichols Opendoor	Huntsville, 10243 Buckeye Drive, Unit A7, OH	US
S1-44872528	Nizamabad Shree Private Limited	H.No.1-22, Shutter No. 1, Opp Shyam Petrol Pump, Nizamabad, Telangana	India
S1-299065838	NNL Trading Limited	H.No 25, Gali No. 3, Indra Nagar Colony, Dhampur, Dist Bijnor, Dhampur, Bijnor, Bijnore, Uttar Pradesh	India
S1-717412354	Hisar Tours Pvt Ltd	H No. 1033, Sector 16 17, Near Scottish School, Hisar, Haryana	India
S1-751233527	Beaulieu & Spillane Brewing Inc	1500 Boston Providence Highway, Unit 30B, Norwood, MA	US
S1-299370956	Arihant Construction Limited	Door No. 50/2, Thokara, Visakhapatnam, Visakhapatnam, Vishakhapatnam, Andhra Pradesh	India
S1-436523202	Mehem Pharmaceuticals Private Limited	Village Bedwa Tehsil Meham District, Rohtak Haryana, Mehem, Rohtak, Haryana	India
S1-745728794	Eastern Exchange	NY, 57 Durkar Lane, Greece	US
S1-713113814	Viramgam Foods Pvt Ltd	C/O 109 Marutinandan, Co Viramgam Taluka, Viramgam, Ahmedabad, Gujarat	India
S1-676936062	Scholarship Alliance	9835 San Pierre Road, San Pierre, IN	US
S1-356513536	Mahima Products Pvt Ltd	H. No. 154 B, 3Rd Floor, Sant Nagar, New Delhi, South Delhi, Delhi	India
S1-583016282	Tri Karnataka Private Limited	Prantik Pally, Ward No.13, Arambagh, Hooghly, West Bengal	India
S1-306949675	Womens Health Partners	4109 Tudor Road, Upper Marlboro, MD	US
S1-314540974	Rickard and Sene Quality LLC	13907 Cr 70, Kenton, OH	US
S1-943567970	Blunt Robotics LLC	477 Ipswich Road, Boxford, MA	US
S1-958418132	Rosina Beatty Trusted Grid	12 Anton Court, Sacramento, CA	US
S1-615666191	BFX Multi Ltd	280 Pocket-E Gtb Enclave, Dilshad Garden, Delhi	India
S1-991796165	Supreme Mobility Group P.C.	26 Sunrise Way, Bluffton, IN	US
S1-508039162	Construction Innovation Facility-Kolkata	Ps Srijan Tech Park, Dn 52, Unit No.- 601, 6Th Floor, Sector -V, Sal, Tlake City, Kolkata, Parganas North, West Bengal	India
S1-198362345	Subhadra Industries Limited	Flat No H-505, Prateek Wisteria, Noida, Gautam Buddha Nagar, Uttar Pradesh	India
S1-261865426	Jai Software Private Limited	New Delhi, Plot No. A 91 Kh 100/9, Swarn Park, Mundka, West Delhi, Delhi	India
S1-248690018	Metroplex Trading Private Limited	No. 403, E-Square 458/A. Subhash Road Vile Parle East, Mumbai, Mumbai City, Maharashtra	India
S1-746998714	Shyam Swastik Investments Pvt Ltd	Block 2A & 2B, Dlf Corporate Park, Dlf City Phase Iii, M.G. Road, Gurgaon, Haryana, India., Dlf Qe, Gurgaon, Haryana	India
S1-162212562	Bounds and Runyon Stores LLC	21880 Edward Drive, Damascus, OR	US
S1-909039820	Alis Young Finance Inc	4439 Myerwood Lane, Dallas, TX	US
S1-975229569	Better Software Services, LLC	8 Knollridge Road, Asheville, NC	US
S1-686264813	Ear Nose & Throat Health Inc	3775 Highway 25E, TN, Tazewell	US
S1-377101770	Little Pub	NC, 1917 20th Street Circle, Hickory	US
S1-353027107	Avani Valley Private Limited	Rs No.253/2, Karur Main Road Ganapathypalayam Post, Punjaikalamangalam, Erode, Tamil Nadu	India
S1-766458019	Today Charitable Trust	Kanchipuram, Tamil Nadu, Saidapet, 13, 2 Floor, Balaji Nagar, 3Rd Phase, Puzhuthivakkam	India
S1-25446474	XST Tech Private Limited	C/O Bhim Singh Vill. Po. Dhawani, Dhawani, Bihar	India
S1-774070269	Guru Energy Private Limited	132, Ground Floor, Mig, 1St Main, 2Nd Cross 707 Khb, Yelahanka New Town, Bangalore, Karnataka	India
S1-116728901	Indic Pumps LLP	58/3 A 1St Main Road Sheshadripuram, Bangalore, Karnataka	India
S1-650059632	Highland Services Inc	1037 148th Place, Bellevue, WA	US
S1-112583852	DXI Media Care	Purnia, C/O- Shri Suchit Kr. Yadav, Purnia, Ward No-30, Hanuman Bagh, Purnea, Bihar	India
S1-114991238	Chennai Documentation Private Limited	O.No.6B, N.No.76 S.S. Iyengar Road, Chennai, Tamil Nadu	India
S1-484893855	Lifetime Pictures Private Limited	Mafatlal Housebackay Reclamation, Mumbai, Mumbai City, Maharashtra	India
S1-615462936	Daveen Davidson Supreme Alto LLC	5084 Creekside Boulevard, Brunswick Hills Town, OH	US
S1-464761064	Lumola Inflection, Inc	4140 Winchester Avenue, Ashland, KY	US
S1-808835688	Pediatric Dental Associates of Massillon, Inc	303 4th Street, Massillon, OH	US
S1-4024559	Clyeon Box LLC	123 2nd Avenue, Unit T4, Salt Lake City, UT	US
S1-500369022	Gupta Enviro Pvt Ltd	C/O Ganesh S/O Cheeter Prajapat Chawandiya, Chosla, Tonk, Rajasthan	India
S1-880453398	North Marketing Private Limited	Syska House, Office No. S-5, 5Th Floor, S. No.2 Sakorenagar, New Airport Road, Near Anand, Residency, Pune, Maharashtra	India
S1-933285852	Merois Management PLLC	Decatur, AL, 223 5th Avenue	US
S1-109339365	Cristal (India) Exim	11B Dr Rajendra Road, Kolkata, Calcutta, West Bengal	India
S1-346204963	Conni Heredia Prairie Lodging LLC	4055 Windsor-mechanicsville Road, Rock Creek, OH	US
S1-265938918	Gulf Farmers Inc	99 Bradbrook Drive, Ona, WV	US
S1-378164136	Serena Events	S No-25/2/1, Suyogshree Fl No B1, Pim - Nilak, Pune, Maharashtra	India
S1-90030	Ferrola Live LLC	1809 Sandcrest Drive, Rockingham, NC	US
S1-618807720	South Constructions Private Limited	Rabbani Complex (Mp Xx/735) Nayabazar, P O Uppala, Kasaragod, Kasargode, Kerala	India
S1-571827345	WFY Blue Lease LLC	54 Walnut Street, Saratoga Springs, NY	US
S1-550246730	Division of Housing	6830 Longview Drive, New Kent County, VA	US
S1-868349363	Red Care LLP	Kashi Kunj Shop No-3 Sv Road Malad West Mumbai, Mumbai, Maharashtra, Mumbai City	India
S1-779459524	Hicks's Data	12 Parkside Avenue, Pittsfield, MA	US
S1-712689085	Uptown Hair Studio LLC	816 255, Bldg DEER RUN AT WILLARD BAY PHASE 1 PART 3 AMENDED, Willard City, UT	US
S1-492785431	Lancaster Clean Range Inc	3741 Black Rock Road, Upperco, MD	US
S1-402426509	American Network	NC, 1402 Old Mill Farm Road, Lexington	US
S1-423403395	Bombay Impex Pvt Ltd	36G Girish Mukherjee Rd, Kolkata, Calcutta, West Bengal	India
S1-527378599	Beacon Innovations, LLC	28 Chestnut Street, Pineville, WV	US
S1-24274161	Trading Sumathi Services Limited	C/O Md Irshad Ansari, Isopur Road, Patna Sadar, Patna, Bihar	India
S1-972415063	Bansal India Pvt Ltd	2118/18, Moh Rampura, Gali No. 6, Hisar, Haryana	India
S1-390189180	Lou Feldpausch Tri-State Polska LLC	507 Valley Road, Birmingham, AL	US
S1-663137551	Straight Edge Pub, LLC	Houston, TX, 6555 Harbor Town Drive	US
S1-136807077	Vision Products Limited	52/1 Emilia 2 Jasmine Street Vatika City Sector 49 Sohna Road, Gurgaon, Haryana	India
S1-153230899	Gwenore Milburn Hologram Inc.	170 Summerfield Avenue, Bridgeport, CT	US
S1-866587933	(E) Industries Clinic	Shop No. 2, Baijnath Yadav Compound, Near Om Sai Honda Showroom, W.E. Highway, Jogeshwari, (E), Mumbai, Maharashtra	India
S1-987000091	Cotton, Moore & Rangel LLC	27236 Wiley Road, Sheridan, OR	US
S1-594414079	Cristal Day Cleaning Service	16625 Hope Village Road, Friendswood, TX	US
S1-441985466	Villarreal Health Center	105 Whittenton Street, Taunton, MA	US
S1-706061708	Dove Welfare Society	W No. 9, H No.789, Nai Bazar Buxar, Buxar, Bihar	India
S1-348647076	Ironclad Finance PLLC	3227 Redding Road, Columbus, OH	US
S1-735929786	Yadav Convertible LLC	125 Windsor Drive, Frankfort, KY	US
S1-179039599	Spice Group	112 Neha Ind Estate, Opp Tata Steel Limited Dattapada Road, Borivali East, Mumbai, Bandra Suburban, Maharashtra	India
S1-979972083	Buchanan Choice Suisse, LLC	3338 Big Daddys Road, Fremont, NC	US
S1-919231695	Colonial Harbor Cable P.C.	37 Glen Keith Road, Glen Cove, NY, Unit Apartment U	US
S1-388865106	A Cure 8 All LLC	307 Tall Pines Court, Abingdon, MD	US
S1-450305455	Transcontinental Robotics Products Inc	Columbus, 2323 Mcclennan Court, IN	US
S1-463135997	Mcguire, Pinto and Loehr	515 South Street, Incorporated, ID	US
S1-889968618	Crump, Pauline, CPA	135 S Main Street, Unit 12, Westborough, MA	US
S1-47756016	Best Plantations Private Limited	Plot No 146, Pi Estate, Ghaziabad, Uttar Pradesh	India
S1-361057210	Data Design Worldwide Associates	6803 Scioto Chase Boulevard, Powell, OH	US
S1-979153386	South Agro Private Limited	3Rd Floor, Fl-4A, 5, Deshbandhu Road, (E) Lp-425, Kolkata, Parganas North, West Bengal	India
S1-913982291	White, Gomez & Lomax	1320 Buffalo Road, Unit Suite 114, Gates, NY	US
S1-807589192	Kushagra Holidays Private Limited	P-121, Block-B, Lake Town, Kolkata, Kolkata, Howrah, West Bengal	India
S1-188302195	Signature State LP	804 35th Street, Baltimore, MD	US
S1-14738221	Urology Pioneer Associates LLC	1903 Gloucester Point Drive, Gloucester County, VA	US
S1-384128644	Star Services Private Limited	Chennai, Tamil Nadu, Chennai, Purasawalkkam High Road, 102/1	India
S1-605463770	Historical Foundation	5388 Hummingbird Way, Grove City, OH	US
S1-494949183	Smart Seven Engineering Limited	Ff Shop 127 Vithhal Plaza, Opp. Naroda G.E.B. Office, Ahmadabad City, Ahmedabad, Gujarat	India
S1-868691454	Lawless Element PC	9655 Grays Meadow Cove, Cordova, TN	US
S1-696143557	Blue Trading Private Limited	H. No-5-9-470/3/123/P, F No-302, Dream Nest Apt, Tirumalagiri, Hyderabad, Telangana	India
S1-124312817	Bangalore Group of Companies	14, 15 Bhagawathi Nagar Road No.11, Jubilee Hills, Hyderabad, Telangana	India
S1-289936158	Tattvam Policy Private Limited	C/O Shri Atmaram Bhanudas At Neknoor Tq And Dist Beed Neknoor, Beed, Bid, Maharashtra	India
S1-749185751	East Power Limited	Nagpur, Plot No 77 Bhawani Nagar, Maharashtra, Nagpur	India
S1-964934201	Epic & Brothers Pvt. Ltd.	No.1/107-A, Ground Floor, First Cross Street Vgp Layout, Palavakkam, Chennai, Tamil Nadu	India
S1-75262805	Christianson, Peretz and Bhatti Inc	2130 California Avenue, Fort Wayne, IN	US
S1-556312606	Behavioral Health Clinic of Upper Pottsgrove Township LLC	217 Stone Hill Drive, Upper Pottsgrove Township, PA	US
S1-933416979	Delta Allied Rockwool Inc	5301 Us Highway 85, Sedalia, CO	US
S1-751613997	Astra Brothers Limited	House No. E-2/236 Shastri Nagar, Delhi, North Delhi, Delhi	India
S1-683996760	Green Digital Group	236 Renee Drive, Beulah, ND	US
S1-733062267	Dharampal Mandir Limited	5, Nugget 18Th Road, Khar[West], Mumbai, Mumbai City, Maharashtra	India
S1-89687386	Holy Israel	1 Crabtree Court, Unit APARTMENT A, Nottingham, MD	US
S1-480806934	Ridge Fellowship	114 Timber Top Drive, Spring, TX	US
S1-100815486	Zephio Fact LLC	3002 37th Street, Lubbock, TX	US
S1-139220284	Osr Digital Ltd	Thakurpara, Bhakuri, Chaltia, Murshidabad, West Bengal	India
S1-980395056	Maid Tavern!	1596 Eloisa Lane, Thatcher, AZ	US
S1-519752161	Hembur Designs Pvt Ltd	Office No. 5, Ground Floor, Mahinder Chambers Opp. Duke'S Factory, W. T. Patil Marg, C, Hembur, Mumbai, Maharashtra	India
S1-933814404	Singh Safeguard of Huntsville LLC	211 Salem Drive, Huntsville, AL	US
S1-933508142	North Developers Private Limited	A-8/303, Maharashtra, Siddharth Nagar Building No.2 Chs Ltd, Khatau Mill Lane, Near Gayitri Mandir, Bo, Rivali (E), Mumbai, Mumbai City	India
S1-461075986	Wood, Eolanda B., D.D.S., P.C.	7510 Dogwood Lane, Fl 0, Hanover, MD	US
S1-80185149	Weirton Insurance PLLC	209 11th Street, Weirton, WV	US
S1-74600852	Nexlidyne Inc.	Brownsville, TX, 6684 Pino Verde Drive	US
S1-836764916	Oncology Care Associates of Milford	27 Godfrey Lane, Milford, MA	US
S1-282339211	Jenil Pitambara Pvt Ltd	D. No. 12-25-172, Opp: Bose Statue, Kothapet, Guntur, Andhra Pradesh	India
S1-647077283	Quartz Inc	613 Cavendish Court, Nashville, TN	US
S1-810581309	Wynad Electronicsprivate Pvt Ltd	Brk No. 330, Room No. 02 Ulhasnagar, Ulhasnagar, Thane, Maharashtra	India
S1-449643256	Ss Solutions Private Limited	Oz-11/4, Sipcot, Hi-Tech Sez, Oragadam, Sriperumbudur Taluk, Kancheepuram Distri, Ct, Sriperumbudur, Tiruvallur, Tamil Nadu	India
S1-398052569	East Silver Constructions Private Limited	1503/4, Mount Alps, B Wing Bhakti Park, Wadala East, Mumbai, Mumbai City, Maharashtra	India
S1-6532344	Chiropractic Physicians Center	2493 625, Woods Cross City, UT	US
S1-63099926	Pragati Solutions Private Limited	B-602, Umarji House, Teli Lane, Opposite Criticare Hospital, Mumbai, Maharashtra	India
S1-280802664	Watts Phoenix Inc	1190 Sedgewood Trail, Algonquin, IL	US
S1-422006769	Bharat Hospitality Pvt Ltd	Flat No.5, Gulmohor Orchid S.No2937, Sahani Sujanpark, Kondhwa, Pune, Maharashtra	India
S1-869758689	Feify Holdings Group P.C.	8929 42nd Court, City Of Kenosha, WI	US
S1-988321030	Primary Care Associates LLC	405 Oak Street, Unit Ste 5, Conway, AR	US
S1-600659240	Bright Auto Body Center	CA, 916 Ocean Drive, Oxnard	US
S1-809571127	Superior Broadcast Services, LLC	145 Glendale Drive, Long Lake, MN	US
S1-803356777	Signature Rockwool LLC	2778 Schley Avenue, Bronx, NY	US
S1-525813963	Lillian's Platinum Catering	12049 4th Street, Yucaipa, CA	US
S1-382549381	Triolo, Moreno and Pinedo Inc.	981 Signal Crossing, Nashville, TN	US
S1-96122582	Unified Harbor Manufacturing LLC	IN, 131 Canal Lane, Fl 0, West Harrison	US
S1-116010043	Ridge Desert Chenghe Inc.	VA, Broadway Town, 419 Springbrook Road	US
S1-354996295	Malior Enterprises	10019 48th Avenue, Seattle, WA	US
S1-722985117	Innovative Exports Private Limited	No.16/2, Survey No.13/2, 2Nd Cross, Raghuvanahalli, Bangalore South, Bangalore, Karnataka	India
S1-644993010	Cascade Endocrinology	316 Lola Avenue, Molalla, OR	US
S1-277654353	Too Trusted Management, LLC	TN, 105 Laurel Circle, Columbia	US
S1-31013839	Pazmino Direct Global Inc	5103 Anthony Springs Lane, Sugar Land, TX	US
S1-804122429	Shiv Traders Private Limited	Ii Floor, Surya Complex, 625, Anna Salai, Chennai, Tamil Nadu	India
S1-285459966	Gatesoft LLC	1216 3rd Street, Tucumcari, NM	US
S1-51112073	Heartland Preferred Controls	5970 Brush Creek Loop, Conway, AR	US
S1-748942318	SWB Heights Pvt. Ltd.	Industrial Area Sion, 111, Mumbai, Maharashtra	India
S1-629036279	Attic Holdings	D.No.8-269 Vissannapeta, Main Road, Vissannapeta, Srikakulam, Andhra Pradesh	India
S1-416973921	F S & C Planet Inc	796 Horizon Drive, Lehi, UT	US
S1-784952994	Riley Apparel Inc	601 Taylor Avenue, Glendive, MT	US
S1-261253059	Geist Pioneer Street LLC	29 Larch Street, NY, Oyster Bay	US
S1-413587705	Indian Finance Private Limited	B-4/56 Hanumaan Ghat, Varanasi, Uttar Pradesh	India
S1-431664014	Suarez European, LLC	1252 Bending Branch Way, Temple, TX	US
S1-312111815	Kiran Industries Private Limited	42, Srirampore Road, (East) Garia, Kolkata, Howrah, West Bengal	India
S1-647752506	Blue Trading Pvt. Ltd.	A 3/2-4 Plot 13 Sector 19A, Bhimashankar Co-Op Hsg Soc, Nerul, Navi Mumbai, Thane, Maharashtra	India
S1-534731343	Big Solutions Private Limited	L21, Zonesha Elegance, Dinne Anjaneya Swamp Temple Rd, Off Haralur Rd, Bangalore, Karnataka	India
S1-44868915	GV Communications LLC	Toledo, OH, 2424 Fulton Street	US
S1-64231661	Eye Metropolitan Partners LLC	693 Todd Trail, Newport News City, VA	US
S1-209240929	Wagner & Stafford Tankers	OH, 131 Washington Street, Blakeslee	US
S1-668663040	Maa Investments Pvt Ltd	10Th Fl, Office-1017+1018, Infinity Tower, Laldarwaja, Surat City, Surat, Gujarat	India
S1-751085398	Aligarh Academy Pvt Ltd	Sootmill Chauraha Near Nala G.T Road, Aligarh, Uttar Pradesh	India
S1-476489337	Miquela Womack, DDS	Catlin, IL, 103 Clay Street	US
S1-434417645	Interstate Property Technologies Group	514 E Washington Street, Medina City, OH	US
S1-69897734	Media Bhagyashree Naturals Pvt Ltd	Flat No 202, Sai Megh, S. No. 59/2, Ambegaon Kh., Pune, Maharashtra	India
S1-709830881	Bnp Group of Companies-Delhi	House No.-591, G.F, Bhai Parmanand Colony, Delhi, North West Delhi, Delhi	India
S1-361609987	Valley Network Corp	132 Ridge Road, Kilgore, TX	US
S1-784891372	Builders Aj Autoparts Private Limited	270, Gks Nagar Sathy Road, Saravanampatti, Coimbatore, Tamil Nadu	India
S1-825179378	Golden Products Private Limited	Bathinda, Punjab, Bathinda, D 15, Industrial Growth Centre, Mansa Road	India
S1-731917928	Alvarez Platinum Allspring, LLC	350 Red Barn Road, Unit H20, Newport, NC	US
S1-341133443	Hudson Rain LLC	VA, Henrico County, 6825 Monument Avenue	US
S1-870704351	Heinen Barings of Akron L.L.C.	234 Ripley Avenue, Akron, OH	US
S1-628575121	Balaji Services Private Limited	E-704, 7Th Floor, Ajnara Grand Heritage Plot No. Gh 01/B, Sector -74, Noida, Gautam Buddha Nagar, Uttar Pradesh	India
S1-410267878	Childs, Hull and Bryant Inc	N360 40th Street, Town Of Maiden Rock, WI	US
S1-326497906	Al Global Private Limited	Ho. No. 02, Gali No. 01, Siddharth Nagar, Satna, Madhya Pradesh	India
S1-971250306	Om Foundation Private Limited	Scheme No. 78, Indore, Indore, Madhya Pradesh, Unit No. 1106 To 1110 Skye Corporate Park P No. 25	India
S1-371172253	Shanti Clinic	Office No.- 3B, I-150, 2Nd Floor, Kirti Nagar, New Delhi, West Delhi, Delhi	India
S1-29956173	Lumium Fund LLC	2817 Glenhurst Lane, City Of Appleton, WI	US
S1-694137400	1 800 Got Junk	VA, Carroll County, 13 Litteral Valley Park	US
S1-234962770	Gujarat Shiv Solutions	19/88, Peer Kalyani Moti Lal Nehru Road, Agra, Uttar Pradesh	India
S1-33022604	Little Tattoo	844 Harvest Circle, Horace, ND	US
S1-554097475	Orthopedic Clinic PLLC	6609 Morris Hill Lane, Marsing, ID	US
S1-830307406	Beacon Staffing Technologies	6408 Baltic Avenue, Mckinney, TX	US
S1-449882756	Kalpa Academy Pvt Ltd	D No 40-6/3-3 Cooperative, Bankcolony Moghalrajpuram, Vijayawada (Urban), Krishna, Andhra Pradesh	India
S1-624396370	Trilok & Co Private Limited	Vardhamanmarket Pitampura, Delhi, Unit No 213 Plot No10 Lsc, North West Delhi, Delhi	India
S1-182297791	Interlink Sangh	Delhi, 166 Kalyan Vihar Opp. Rana Partap Bagh, North Delhi, Delhi	India
S1-249916694	Platinum Aerospace Union	2 Derecho Lane, Hot Springs Village, AR	US
S1-66011340	Veenapani Brothers Private Limited	Vadodara, Gujarat, Vadodara, Nr Landt Knowledge City, Vil Hanumanpura, Tal Vaghodia, C 41 Rudraksh County	India
S1-633748483	Express Bancshares LLC	8530 59th Avenue, Unit 42, Glendale, AZ	US
S1-756273602	Express Golden Furniture	2617 Griffin Avenue, Enumclaw, WA	US
S1-253317437	Zaneex Inc	Weatherford, 6430 Ice House Road, TX	US
S1-946299217	Veneex	103 Edwards Street, Unit 302, Edmond, OK	US
S1-417202716	Delinda Inman, DMD, DDS PC	1520 Gammils Store Road, Tallassee, AL	US
S1-191917402	Tirupati Systems Private Limited	1/27, Baishnabghata, Patuli Township Block Q-27, Ground Floor, P.O. - Panchas, Ayar, Kolkata, Kolkata, Howrah, West Bengal	India
S1-859807445	Sangam Trust	Plot No-40 & 41, Flat No-202 Ashok Vihar, Upperpally, Rajendranagar, Hyderabad, Rangareddy, Telangana	India
S1-875631699	Bell Builders Center	B2 -004, Surya Nagara, Chandapura Anekal Tk, Lig 3, Bangalore, Karnataka, Bangalore	India
S1-293891244	Divine Jagat Pvt Ltd	Khewat No. 176, Village, Silokhra, South City-1, Sector -45, Gurgaon, Haryana	India
S1-930259999	Apex Logistics Pvt Ltd	C/O Shashank Sheorey, Sheorey Niwas 680, Tilak Bhumi Talaiya, Bhandarpara, Jabalpur, Madhya Pradesh	India
S1-264663287	Highland Supply LLC	13301 Great Coastal Drive, Chesterfield County, VA	US
S1-30139910	Angarika Memorial Trust	7, Bihar Popular Saintifik High School, Nachha New Purandarpur, Anchal- Patna Sadar, Patna, Bihar	India
S1-53933830	Apex Textile Laboratories Inc	106 Plover Street, Village Of Milltown, WI	US
S1-126740965	Pediatric Frontier Center	805 County Road 930, Teague, TX	US
S1-60048111	Integrated Exploration, L.L.C.	Unit 5, MA, Plymouth, 166 Warren Avenue	US
S1-299640596	Anvil LLC	14907 Carrolton Road, Rockville, MD	US
S1-484130661	Julianna F. Park, CPA	1321 Alexandria Pike, Unit APARTMENT F1, Fort Thomas, KY	US
S1-939058378	Southern Montessori School	704 983, Ferris, TX	US
S1-729860168	Brown & Hardy	3825 Roxboro Street, Unit 135, Durham, NC	US
S1-629251592	Coe Blue Vaneck	3504 52nd Court, Cicero, IL	US
S1-175963448	Vaminet Trusted Pony LLC	930 Independence Highway, Polk County, OR	US
S1-344907589	Ge Institute	Delhi, Cottage Road Adarsh Nagar, D-12, Delhi	India
S1-7670075	Strong, Petrarca & Cabral Montreal	427 Gayle Avenue, Dekalb, IL	US
S1-746343683	ZBS Electronics Pvt Ltd	Sri Krishna Residency Hig 498, Vi Phase, Cyberabad, Kphb, Telangana, Flat :101	India
S1-791737059	DK Solutions Limited	Faridabad, Haryana, H.No-216 Sector-9	India
S1-426114168	Rachel K. Mcdougall, P.A.	1813 7th Avenue, Nashville, TN	US
S1-251550490	Guru Alpha Services Limited	Kotia Nirman Building - A-Side, Veera Desai Road, Shah Ind. Estate, Off New Link Road, Andh, Eri (West), Mumbai, Maharashtra	India
S1-93053516	Indianapolis Orthopedic American Care LLC	7281 30th Street, Indianapolis, IN	US
S1-40214460	Marina Varnishes Private Limited	11Th Floor, 137/34, Hmg Ambassador, Residency Road, Bangalore North, Bangalore, Karnataka	India
S1-244890000	Pune Solutions Private Limited	Nirmal Township Ii Sno 42, Kale Padal Road, Hadapsar, Pune, Maharashtra	India
S1-316169377	All Management Private Limited	No.150A, Thanikachalam Nagar 7Th Street Ponniamman Medu, Chennai, Thiruvallur, Tamil Nadu	India
S1-496563197	Thompson & Obrien Tailwind LLC	N8330 850th Street, Town Of River Falls, WI	US
S1-632767812	Classic Raj Investment Private Limited	A-402, Ansal Chamber-1 3, Bhikaji Cama Place, Delhi, South Delhi, Delhi	India
S1-941287961	NBU Technologies Private Limited	Flat No 201, Plot No 326, Sector 2, Vidhyadhar Nagar, Jaipur, Rajasthan	India
S1-467166423	BU Prairie Eco Center	9 Jefferson Avenue, Moundsville, WV	US
S1-860665112	Yamuna Advisors Private Limited	Office No14 Suyojit Modern Point Cts S No6765 6766 6767, Nashik, 6768 Opp Police Parade Ground Shara, Npur Road, Maharashtra	India
S1-16541529	Shyam Projects Private Limited	Surat, Gujarat, Surat, Shiv Shakti Ind. Estate, Vill. Sanki, Ta. Palsana, Dist, Plot No. 72 To 76	India
S1-564026363	American Laboratories	241 Boylston Street, Watertown, MA	US
S1-420536902	OIH India	Chamber No.1, 307 Sharp Bhawan Azadpur Commercial Complex, Delhi	India
S1-912572298	Malia's Holdings Clinic	4654 325, IN, Logansport	US
S1-783210230	Fisher Assets	3927 Griffis Glen Drive, Raleigh, NC	US
S1-819659366	Precision Defense Union Corp	1910 Quantico Street, Arlington County, VA	US
S1-832233358	New Brothers Private Limited	3/211-212 Nariman Colony Station Road, Bareilly, Uttar Pradesh	India
S1-151163479	Flowers Frontier Evo Clinic	4501 Jeff Scott Drive, Unit D, Killeen, TX	US
S1-393432530	A Cure 4 You Inc	628 Liberty Way, Vadnais Heights, MN	US
S1-623950425	Dynamic King	4517 Foothills Drive, Halls Crossroads, TN	US
S1-511010319	Baba Balaji Investments Private Limited	Third Floor-3A, Plot No -98&99 Lumbini Lay Out, Gachibowli, Serilingamp, Ally, Hyderabad, Telangana	India
S1-786791050	Shree Traders	Kgp 7/529 Dindukombu, Kanthalloor P O, Devikulam, Idukki, Kerala	India
S1-301534349	Corner Yoga P.C.	133 Rodeo Circle, Middle River, MD	US
S1-200596438	Garoutte Bright Canary	7432 La Vega, Tucson, AZ	US
S1-937631159	Premier Creative Brc Corp	11530 Technical Drive, Galena, IL	US
S1-147000443	Beverages Consultancy Private Limited	1St Floor, Narayana House, B/S Star House, Opp.-Shel, Ahmadabad City, Ahmedabad, Gujarat	India
S1-732307284	Alpha Logistics Limited	Office No Ff231, Gaur City Center Sector-4, Gautam Buddha Nagar, Uttar Pradesh	India
S1-489995071	Fortune Apex Hospitality Pvt Ltd	16A/406 Vasundhara, Ghaziabad, Uttar Pradesh	India
S1-960413063	Glanz (India) Shyam Limited	Faridabad, H.No 1393 Sector 15, Haryana	India
S1-80363633	Orbyn Airport	IL, Staunton, 1229 Pearl Street	US
S1-109220061	Sanmay Industries Private Limited	1, United House, B/H, Riico Housing Colony, Ajmer Road, Beawar, Ajmer, Rajasthan	India
S1-525822765	Yamuaksh Homes Private Limited	Coimbatore, 3 Athipalayam Road, Coimbatore, Tamil Nadu, Chinnavedampatty	India
S1-280803193	Jannel Benson, L.C.S.W.	1173 Shelburne Museum, Shelburne, VT	US
S1-132568685	New and Mccleskey	1115 Perry Lane, Skippack Township, PA	US
S1-312705248	Dermatology Center of Rockaway Beach	108 2nd Avenue, Rockaway Beach, OR	US
S1-691291923	Vairam Industry Private Limited	D No 26 38 94 14Th Line A T Agraharam, Guntur, Andhra Pradesh	India
S1-373692986	Ntech Turn Private Limited	Mumbai City, Mumbai, Maharashtra, K.P. Restaurant, Crystal Plaza, Near Link Road, Andheri (West)	India
S1-299434720	Twisted Bike Shop	2015 Glenview Road, Glenview, IL	US
S1-83210593	First Infrastructure Private Limited	101, 21St Century Business Center Beside World Trade Center, Ring Road, Surat, Gujarat	India
S1-13211519	Step Sky Private Limited	H.N.-L-277, Abdl Sant Asharam Phase 3 Laharpur, Bhopal, Madhya Pradesh	India
S1-281058043	UCX Reliable Black Inc	NC, 155 River Birch Grove Road, Unit 303, Asheville	US
S1-902711336	Jackson Federal Investment LLC	864 Pilot School Road, Thomasville, NC	US
S1-692594454	Royal Consultancy Limited	Siddhi Ground Floor, Plot No.14 15Th Road Khar (W), Mumbai, Maharashtra	India
S1-809269444	Swastik International Private Limited	Mumbai, A - Wing 602, 6Th Floor Madina Manzil Compound, S. V. Road, Goreg, Aon, Maharashtra, A. K. Tower	India
S1-985954997	Mcadams Management	51 Walker Court, Charles Town, WV	US
S1-587039597	Raf Martin Security Clinic	37775 Hayes Lane, Bethel Acres, OK	US
S1-620176345	Adan, Bay and Pugh P.C.	5309 Lexi Lane, Fl 1, Dublin, OH	US
S1-282807299	Doralyn Frankel Siddhi P.C.	Tonawanda, NY, 22 Channing Place	US
S1-890009542	SJ Ace Vendome Inc	60 Uneeda Street, Madison, WV	US
S1-559951900	Vijay Consulting Pvt Ltd	Chhotki Nawada Gandhi More Gaya, Office - R.S, Ps - Delha, Gaya, Bihar	India
S1-573332363	Orbital Foundation	76/8, Nishad Bhawan, Juhi Lal Colony, Kanpur, Uttar Pradesh	India
S1-359805448	Laxmi Infra Private Limited	C-1/376/G Sector-G Sit At, Lucknow, Uttar Pradesh	India
S1-628120726	Vayu Trading Care	H No 33 Ground Floor Pkt-14 Sec-24 Rohini Landmark Near Vikas Bharti Public School, Delhi, North West, Delhi	India
S1-82768236	Sirius LLC	Seneca, IL, 250 Hillsman Lane	US
S1-737991030	Success Construction Private Limited	C/O Rajesh Kkumar- Sri Ram Janki Mandir Siswa Bazar, Gorakhpur, Uttar Pradesh	India
S1-308280368	Otero & Stewart LLC	WV, 611 Pine Trail Drive, Moorefield	US
S1-656459229	Proactive Services of New Delhi	Flat - 254, Sector - 3, Pocket - 1/2, Dwarka, Phase-I, New Delhi, Delhi	India
S1-870025197	Chin, Ashli W., Ph.D.	1304 Blue Creek Lane, Georgetown, TX	US
S1-361268532	Classic Exports Private Limited	1 Balwant Chamberswakil Wadi Opp Hotel Panchvati, Nashik, Nagpur, Maharashtra	India
S1-26973979	Suthar's Tri-State Security	117 205, Arley, AL	US
S1-901086958	Baba Foods Private Limited	A-101, Unique Towers, Pratap Nagar, Sector 26, Jaipur, Rajasthan	India
S1-356192136	Nandanvan & Partners	San Mahu Complex, Ground Floor Opp. Poona Club, Bund Garden Road, Pune, Maharashtra	India
S1-335576235	Hari Solutions Limited	301, 3Rdfloor, Marvelalaina, Laneno.5, Koregaonpark, Pune, Maharashtra	India
S1-749912968	Monarch Midstream	2620 Ticonderoga Road, Marion, IN	US
S1-850735340	Winni S. Hall, D.D.S.	555 Freeman Road, Unit 101, Central Point, OR	US
S1-245096108	Anchor Corp	201 Clifton Road, Rocky Mount, NC	US
S1-299302218	Quantan Martin	12322 Montauk Way, Rancho Cordova, CA	US
S1-899064578	Pacific Ministries LLC	5675 Regent Street, Town Of Hull, WI	US
S1-932318328	Department of Parks and Recreation	241 Elm Street, Watsonville, CA	US
S1-209045181	Kalyan Financial Private Limited	B/402 Vishnu Leela, Sonarpada Gaondevi, Kalyan, Thane, Maharashtra	India
S1-903467626	Ely Machine Works Inc	205 Dyer Street, Henry County, VA	US
S1-434010763	Western Market (India) Private Limited	No 110, Sai Enclave Layout, Naidus Farm Hale Halli, Tc Palya Main Road, Krishnarajapuram, Nxt To Heboron, Bangalore North, Bangalore, Karnataka	India
S1-779526307	Gunderson Green Innovations	Rochester, Unit Unit 3, 29 Weicher Street, NY	US
S1-230658168	Raleigh Human Rights Program LLC	920 Fellers Oak Court, Unit 308, Raleigh, NC	US
S1-207140536	Harshraj Projects of Jaipur	B-12, Amarpali Plaza, Amarpali Circle Vaishali Nagar, Jaipur, Rajasthan	India
S1-227041360	Montyn Nexera, LLC	1901 Riverwalk Place, Unit 121, Frederick, MD	US
S1-9848988	Bridges Medical Center	16650 Mesquite Street, Hesperia, CA	US
S1-600309700	Solutions Brothers Developers Private Limited	Flat No.2, 1St Floor, Katara Mansion, 132, Dr.A.B.Road, Worli, Mumbai, Maharashtra	India
S1-743364627	Kolkata Education Private Limited	6/A/6 B T Road, Kolkata, Howrah, West Bengal	India
S1-75598532	Salasoft Global	2475 View Drive, Sierra Vista, AZ	US
S1-14816581	Carley Arroyo Quality Innovative	865 Sanders Road, Northbrook, IL	US
S1-514306947	Maurita's Crystal Wellness	1513 Fallcreek Court, Allen, TX	US
S1-865492250	Best Diagnostics	1808 Hawk Pointe Drive, MO, Festus	US
S1-585596917	Bharat Industries Private Limited	13-04-16/1, Flat No.106, Ground Floor Gayathri Res., Matwada, Warangal, Warangal Urban, Telangana	India
S1-892042493	Sterling Construction Studios, LLC	52 Beecher Place, New Haven, CT	US
S1-984636983	Norton, Taylor and Schulz Aldel Group	3117 Dogwood Drive, Raleigh, NC	US
S1-587107442	Digital Healthcare Private Limited	No. 1528, 2Nd Floor, 3Rd Cross, Opp G.S.S School, 2Nd Block, Hbr Layout, Bangalore, Karnataka	India
S1-787572508	Genvieve Dominguez Fresh Douglas Partners	337 Glendale Avenue, Rockford, IL	US
S1-724752961	Shree Hospital	6/28, East Patel Nagar, Delhi, Central Delhi, Delhi	India
S1-643318152	Dynamic Global Private Limited	308, Apra North Ex Plaza, Plot No.H-2, Netaji Subhash Place Pitamp, Ura, Delhi, North Delhi, Delhi	India
S1-476254889	NUM Select South	TX, Killeen, 5112 Siltstone Loop	US
S1-977675218	Wright Frontier Charles L.L.C.	111 Utica Avenue, Lubbock, TX	US
S1-927040107	IR Cornerstone Bain LLC	1727 Galena Drive, City Of Port Washington, WI	US
S1-868551153	Isidora's Royal Accounting	453 Running Deer Trail, Pittsboro, NC	US
S1-674438455	Om Foundation Private Limited	No-34, 3Rd Cross, Dollar Colony Rmv 2Nd Stage, Bangalore, Karnataka	India
S1-652366527	Step Brothers Pvt Ltd	193, Golf Links, New Delhi, Delhi	India
S1-943107682	Carpenters Union Local No 25 Inc	1337 Lolita Lane, Chattanooga, TN	US
S1-112602031	Urgent Care Specialists L.L.C.	54 Lapstrake Court, Groton, CT	US
S1-146503088	Nicholson Industries Inc.	134 4th Street, Roxana, IL	US
S1-595156952	American Midwest Metal Inc	TX, Nolanville, 101 Jesse James Drive	US
S1-239559399	Blumberg, Grayce, DMD	1388 Piney Mtn Road, Walnut Cove, NC	US
S1-623147902	Y Y Figueira Block Inc	MA, Dartmouth, 41 White Oak Run	US
S1-807851236	Taratech Academy Private Limited	D-55-A, Basement, Hauzkhas, New Delhi, Delhi	India
S1-214432606	Red Builders Private Limited	101, Kandivali West, Mumbai, Maharashtra, 102 And 103, Ronit Arcade, S V Road, Jhaveri Baugh, Poisar, Opp. Mtnl Exchange	India
S1-778881245	South Vision Management Pvt Ltd	No. 581, Tnhb Cly, A-Type, Sithalapakkam, Near Icici Bank, Fami Super Ma, Tambaram, Kanchipuram, Tamil Nadu	India
S1-891521501	(india) Dhana Risk Private Limited	10Th Floor Nesco, Tower 4, Western Express, Vo-588, Goregaon East, Maharashtra, Mumbai	India
S1-886195710	(india) Manoj Kriti Private Limited	E-36, East Of Kailashn., Delhi	India
S1-118929976	Anand Business Limited	Saha Bhawan, First Floor 8, Circus Market Place, Kolkata, Howrah, West Bengal	India
S1-480231687	Jogeshwari East Controls Private Limited	Flat No. 305, Saidham Chs Ltd, B-Wing, Samarth Nagar, Majas Wadi Caves Road, Jogeshwari East, Mumbai, Maharashtra	India
S1-380094562	Cascade Storage LLC	500 Anderson Street, Fl 0, Weatherford, TX	US
S1-636234159	Dniren Bowen Workshop	118 Wick Street, Buffalo, NY	US
S1-148848342	Standard Education Consultants	DC, Unit 304, Washington, 2721 Adams Mill Road	US
S1-52507682	Gold Impex Private Limited	301, Nisarg Appt, Nr., Dimple Row House, Piplod, Surat City, Surat, Gujarat	India
S1-397285371	Capital Yield	1 Strecker Road, Unit APT 215F, Ballwin, MO	US
S1-637520401	Best Vijay Systems Private Limited	402, The Great Eastern Galleria, Plot No. 20, Sector - 4, Nerul, Navi Mumbai, Maharashtra	India
S1-571938194	Twisted Diner, Inc	24 Sartell Road, Waltham, MA	US
S1-760830552	Amara Mckee Bce Corp	2337 Central Avenue, Cicero, IL	US
S1-11841493	Electronic Digital Collective LLC	1638 Windriver Road, Clarksville, TN	US
S1-481435511	Monee Human Rights Fellowship	5119 Roberts Ridge Road, Monee, IL	US
S1-481227494	Reynolds Fannie Company	NY, Mount Kisco, 1 Barker Street, Unit Apartment 303	US
S1-522543700	Dermatology Specialists LLC	405 Lee Avenue, Colonial Heights City, VA	US
S1-305869423	Thomas Cornerstone Stores	626 Stonewall Road, Piney View, WV	US
S1-35850492	# 3 NM Uranium	1500 1000, Unit 1, Salt Lake City, UT	US
S1-987116071	Dermatology Physicians Inc	2138 Chapman Road, Wenatchee, WA	US
S1-984247811	East Lakshmi Investments Private Limited	Sf.No 259, Poyampalayam Pirivu, P.N. Road, Tiruppur, Coimbatore, Tamil Nadu	India
S1-513400646	Saravana On Private Limited	3/391/A, Paramankurichi Main Road, Tiruchendur, Tuticorin, Tamil Nadu	India
S1-870660635	Western Spark	5138 Bobs Bend, Strawberry, AZ	US
S1-600088932	Palmer Affiliated of Mott PLLC	310 Dakota Avenue, Mott, ND	US
S1-314207684	Shakti Enterprises Private Limited	No15/316, Salarpuriahallmark, 4Thfloor, Kadubeesanahalli, Outerringroad, Bangalore, Karnataka	India
S1-231764347	Northern Learning Center	8300 Dax Drive, Edmond, OK	US
S1-30695964	Belden, Gano and Gibbons	976 Red Hill Church Road, Dunn, NC	US
S1-389534645	Lucky Diner	209 12th Street, IL, Cairo	US
S1-199582884	Kochi Marketing Pvt Ltd	Kochi, 17/156 A3, Kerala, Manassery Fdwcs Building, Ernakulam	India
S1-581574549	Harbor Pharmaceutical LLC	138-12 234 Street, Rosedale, NY	US
S1-917236836	Urology Keystone Care Associates, Inc	4777 Mccartney Road, Youngstown, OH	US
S1-811767850	Parsons Advanced Telefonica	147 Rangeway Road, Unit 6404, Billerica, MA	US
S1-936853964	Star Care Pvt Ltd	S 405 (Lgf) Greater Kailash Ii, New Delhi, South Delhi, Delhi	India
S1-955128132	Optimal Superior Keycorp LLC	8200 Stonebrook Terrace, Unit 202, Raleigh, NC	US
S1-370280626	Vibhuti Welfare Private Limited	403, Business Square Cts, No. 7, Madhavdas Amarshi, Mumbai, Maharashtra	India
S1-729603111	Pham Deli Inc	6 Elm Street, Colfax, IA	US
S1-902269591	Rathi Immigration Pvt. Ltd.	35, Baburbag, Rajbati, Burdwan, Burdwan, Bardhaman, West Bengal	India
S1-28680289	Ronet of Quinlan LLC	10260 3705, Quinlan, TX	US
S1-515803087	Salisbury Bioworks LLC	3105 Flemming Road, Middletown, OH	US
S1-127549868	Verrio Roofing LLC	311 Meadowbrook Drive, Santa Barbara, CA	US
S1-316246362	Yellowstone (India) Biomedicals LLP	E 391 (A)- Mia (Marudhara Indu Ara) Basni Iind Phase, Jodhpur, Rajasthan	India
S1-672971396	Sky Business Private Limited	Csp -11123, Block-1, 11Th Floor, Dlf Capital Greens, 15 Shivaji Marg, Karampura, Moti Nagar, New Delhi, West Delhi, Delhi	India
S1-262792319	Inox Brothers Private Limited	Genral A K Vaidya Marg, Flat No 501 B Wing Settelite Tower Filmcity Road, Maharashtra, Mumbai City, Mumbai	India
S1-911545093	Bird Naito Aldel	7236 Cox Pike, Williamson County, TN	US
S1-433113004	Shubhankar Agri Private Limited	Bhubaneswar, Brit Colony, Badagada, Orissa, Plot No. Lb-16, Khordha	India
S1-794527744	Asset Building Council, Inc	TX, Humble, 6930 Foxbrook Drive	US
S1-641402178	Apparel Entertainment Pvt Ltd	1, Vpo Bal Sachander, Airport Road Ajnala Road, Amritsar, Punjab	India
S1-640566342	3967 Madison Blvd Partners	133 Satinwood, Grapevine, TX	US
S1-308760358	Marich Retail Inc	5177 Rainbow Road, OH, Lowell	US
S1-332396561	Rama Labour Private Limited	47/1A, S.N. Roy Road, 3Rd Floor, Flat No.8, Kolkata, Kolkata, Howrah, West Bengal	India
S1-404495136	Atkins, Gonzalez and Jones Legato LLC	1409 75th Court, Vancouver, WA	US
S1-512220754	Universal Foods Pvt Ltd	Nadia, West Bengal, Nadiad, B 14-39 Kalyani	India
S1-346673967	Orbit Business Pvt Ltd	Ambikanagar, Njp P.O. Sahudangi Hat, P.S. Bhaktinagar, Siliguri, Jalpaiguri, West Bengal	India
S1-343224704	Tri-State Program	1853 Sunburst Road, Show Low, AZ	US
S1-557018978	RG Kuries Ltd	No.169C, Second Floor, K.P Road, Agastheeswaram, Kanyakumari, Tamil Nadu	India
S1-174416924	Raj Healthcare Private Limited	Divyasree Chambers, A Wing, Ii Floor, Langford Road Bangalore, Bangalore, Karnataka	India
S1-568450762	Porter Creative Village, LLC	1731 Kalorama Road, Unit 5, DC, Washington	US
S1-922391477	Bhagat Adarsh (India) Private Limited	Road No. 2 G.I.D.C. Estate, Plot No. 227, Kathwada, Ahmedabad, Gujarat	India
S1-409859544	Veterans Alliance	2408 Hanson Drive, Fairfield, CA	US
S1-626449312	Zeo Ventures Inc	905 Barton Street, Johnson City, TN	US
S1-698844461	Federal Certified Standard	Bowling Green, KY, 762 Heritage Preserve Lane	US
S1-564223388	Platinum Engineering Partners LLC	55 Hood Street, Springfield, MA	US
S1-583547492	Bosko Heartland Retail LLC	470167 871 Drive, Stilwell, OK	US
S1-40108076	Apolo Polytechnic Private Limited	Gurgaon, Haryana, Gurgaon, J-7/5 Dlf Phase-Ii Gurgaon	India
S1-523035722	Wood Health Center LLC	244 Shook Cove Road, Tuckasegee, NC	US
S1-276717160	Solstice Social	570 Briarcliff Road, Sugar Mountain, NC	US
S1-934057900	Nannie Young Starling LLC	6960 17th Street, Fargo, ND	US
S1-481667818	Foundation Realway Cargo LLP	10, Vardhman Nagar, Pali Mwr, Pali, Rajasthan	India
S1-258463054	Cobalt Inc	CA, Sacramento, 6312 Oakridge Way	US
S1-232824478	Peak Retail Services LLC	12316 Stoney Ridge Bend, Del Valle, TX	US
S1-231882629	Odille Perkins Federal Vertical	Columbus, 13300 Old Nashville Road, IN	US
S1-768191150	Jett Vernal, LLC	1230 6th Avenue, Unit Suite 310, Des Moines, IA	US
S1-968800875	Regional Foundation V	100 Samaritan Way, Unit 354, Fairfield Glade, TN	US
S1-867508043	ON Berkley LLC	1708 Patricia Court, Upper Allen Township, PA	US
S1-951376783	OA Classic Cleaning Service Clinic	CA, 902 Redwood Boulevard, Redding	US
S1-121781799	Western Global Airport Inc	258 153 Street, New York, NY	US
S1-805255952	City Technologies	331/18C, Delhi, East Delhi, Street No. 3, Rajgarh Colony	India
S1-337664430	Valley Global LLC	1216 Huntington Drive, Phoenix, AZ	US
S1-429488521	Bruce, Parish and Lewis Equipment LLC	IL, Bartlett, 1011 Trillium Lane	US
S1-465331031	Sapphire Inc.	21 Hoyt Drive, Conway, AR	US
S1-713070619	Midstream	200 Third Street, Yorkville, OH	US
S1-185573169	All Investment Private Limited	No.1/1, 2Nd Floor, Nanda Complex. Canara Bank Buildings, 80 Ft Road, K B Temple Street. Dr Rajkumar Road 6Th Block, Bangalore North, Bangalore, Karnataka	India
S1-931374745	Indransh Cancer Private Limited	554, Moti Nagar West Dr Habib Marg, Jaipur, Rajasthan	India
S1-338939566	Services Simar Storage Clinic	42 A, Pocket A 1, Lig Flats, Mayur Vihar Phase 3, East Delhi, Delhi	India
S1-738970437	Etta Edwards Beacon Braemar Inc	1304 Willow Street, Pekin, IL	US
S1-380091161	Black Products Private Limited	Kalathil House, Ernakulam, 52/632 B, Janatha Road, Vyttila P.O, Kerala, Ernakulam	India
S1-227892344	Perez Gravity Co	52 Elmwood Avenue, Rye, NY	US
S1-109461302	Vibe Group	S. No. 30/1A Wing A 2, Flat No. 304 3Rd Floor, Haveli, Pune, Maharashtra	India
S1-18557885	All Tech Private Limited	Vill-Gobindapur Po-Irhpala, Paschim Mednipur, West Bengal, Midnapore	India
S1-910195628	Office of Aging	107 Portland Street, Morristown, VT	US
S1-997877057	Tommi Thein Innovative Apex LLC	2 Lavonne Avenue, Fallowfield Township, PA	US
S1-990411301	Products Prabh Hospitality Limited	Crime Sandhya, Shop No.03, Saidwar Co-Op Hsg. Soc. Navghar, Vasai, Thane, Maharashtra	India
S1-694879293	Thomas Regional Colombier LLC	VA, 315 Hays Avenue, Staunton City	US
S1-337335507	Black Constructions Private Limited	7 Taldhwaj Bhavan3Rd Panjrapole Lane C P Tank, Mumbai, Maharashtra	India
S1-820009183	All Global Private Limited	Room No 18/457 A, B, Pandikkad, Near Indian Oil, Pandikkad Po, Ernad, Malappuram, Malapuram, Kerala	India
S1-380833681	Toto Institute of Technology Private Limited	No 12, Manjolai Street, Addison Colony Ekkaduthangal, Chennai, Tamil Nadu	India
S1-367817606	Vision Clinic of Buffalo	800 Ivy Ridge Lane, MN, Buffalo	US
S1-945468102	Sieracki Piedmont Arc	820 29th Street, Richmond City, VA	US
S1-43216757	Shakti Management Limited	240 East Wardhaman Nagar, Nagpur, Maharashtra	India
S1-296273640	Peridari Wisekey	1006 Hearthstone Drive, Union Mills, NC	US
S1-732998814	My Consultants Private Limited	N.K.Mehta International House3Rd Floor 178 Backbay Reclamation Chinai Marg, Mumbai, Maharashtra	India
S1-810780326	Rishab & Co	C/O Shiv Devi Kashyap W/O Chootey Lal, Nirmal Nagar, Seth Ghat, Lakhimpurkheri, Kheri, Uttar Pradesh	India
S1-501444274	Custom Security	1325 Ohltown Mcdonald Road, Mineral Ridge, OH	US
S1-258462846	Cure Pub Inc	11932 Lake June Road, Unit 031, Balch Springs, TX	US
S1-721280747	Gillespie, Hernandez & Shanley Liquor, LLC	106 Bridge Court, Carolina Beach, NC	US
S1-586348044	Aurora LLC	Frankfort, 2348 Albany Road, NY	US
S1-751461651	Vaishnavi (India) Properties Private Limited	Flat Number - 2B, Chennai, The Grove, 5Th Main Road, Lic Nagar, Madipakkam, Tamil Nadu	India
S1-519806639	Mountain Municipal LLC	3208 Hilliard Loop, Killeen, TX	US
S1-832279158	Cpd & Co	Shop No 1 689 Kasba Peth Shimpi Ali Pune411011, Maharashtra, Pune	India
S1-448582547	Bartlett Family Practice	3261 George Ii Highway, Boiling Spring Lakes, Unit B, NC	US
S1-649450166	Great India Clinic	Eternia Block 24/3E Madhyamgram, Badu Road Madhyamgram, Barasat - Ii, North 24 Parganas, West Bengal	India
S1-405835481	Balaji Engineering Private Limited	Shop No-34 Itps, Market Complex Banharpali, Jharsuguda, Orissa	India
S1-945360572	Narayan Insurance Limited	Ahmedabad, Mahakant, Opp. V.S. Hospital Ashram Road, Gujarat, Ahmedabad, 711	India
S1-154070680	Prairie Vanguard Alpha LLC	812 Guthrie Avenue, Coweta, OK	US
S1-827516507	Obsidian LLC	3949 Santa Anna Place, San Luis, AZ	US
S1-734467842	Silver Foundation Private Limited	Maharashtra, Ghatkopar (East), Mumbai, Satyam Shopping Centre, 2Nd Floor M.G.Road, 9-10 A Wing	India
S1-245852888	Yog Shyama	F/17, Eternity Mall Premises Csl, Teen Hath Naka, L.B.S. Marg, Thane, Mumbai City, Maharashtra	India
S1-258644838	Nelson Costamare LLC	310 Christiana Avenue, Wilmington, DE	US
S1-766372261	Ohatchee Baptist Church LP	670 Bryant Road, Ohatchee, AL	US
S1-271450293	Netech	936 Memorial Drive, City Of Sturgeon Bay, WI	US
S1-677886228	Gm Energy Private Limited	Khasra No.33/13, 8/0, Vill Badali Ala Singh, Fatehgarh Sahib, Punjab	India
S1-477299338	Pioneer Healthcare Private Limited	Maharashtra, Mumbai, Sahakar Bhavan Kathabazar, 208 340/348, Mumbai	India
S1-904900990	Sky Infra Private Limited	Sai Apex Vasudha Ent, Sno199, Viman Nagar, Pune, Maharashtra	India
S1-752971281	Physical Therapy Associates Inc	1219 Siniard Drive, Huntsville, AL	US
S1-807703451	Amanat Polytechnic Co	Room No-201, Sai Academy, Jai Market (Ii Nd Floor) Atta Main Road, Sector-27, Noida, Uttar Pradesh	India
S1-11773416	Sun Laxmi Investments Private Limited	Qtr No. 229 G.F. Four, Storey, Tagore Garden Ext, New Delhi, West Delhi, Delhi	India
S1-866054791	Easy Publication Private Limited	200 Limton Street B/2, Kolkata, Calcutta, West Bengal	India
S1-964576684	Marta Young, MD, P.C.	112 Kingsport Drive, Hampstead, NC	US
S1-601117798	Marquardt, Janina, Esq.	1080 Ash Avenue, South Boston Town, VA	US
S1-80616247	Anchor Nuclear Clinic	507 Ida Avenue, Bozeman, MT	US
S1-402660930	Fairchild, Coffey and Merz Inc.	45 Bentley Circle, Shelby, AL	US
S1-950871075	Popular Ace Private Limited	B-145, New Delhi, Delhi, Mount Kailash East Of Kailash	India
S1-905962450	Keith Studios	520 White Picket Way, Holly Ridge, NC	US
S1-941651618	Aditya Software Private Limited	Parmar Mention- 1St Floor, Beside Nagin Apartment Kalyan Nagar, Chikhli, District- Navsari, Chikhli, Navsari, Gujarat	India
S1-290019824	JFA Network Pvt Ltd	At-Banspal, Po-Banspal Ps-Nayakote, Keonjhar, Kendujhar, Orissa	India
S1-689135051	Crystal Bridge Private Limited	Jaipur, 108, Rajasthan, First Floor, Soni Paris Point Complex A-26-A, Sawai Jaisingh Highway, Banipark, Jaipur	India
S1-17584702	Star Research Brands Inc	TX, Paris, 1455 Hampton Road	US
S1-632113915	Shaikpet Solutions Private Limited	Sy No.64, 4Th Floor, Huda Techno Enclave, Sector 3, Plot No.7/1, Telangana, Shaikpet, Hyderabad	India
S1-804198326	Indica Land Group	Hyderabad, Adj Lane To Uco Bank Road No 10, Banjara Hills, Hyderabad, Telangana, 8-2-626/A/B/1	India
S1-1412759	Janus Solutions Private Limited	Unit No. Ef-854, Floor-8, Jmd Megapolis Sector- 48, Sohna Road, Gurgaon, Haryana	India
S1-119164918	First Engineering Private Limited	Haryana, H No 220 P, Faridabad, 1St Floor, Surya Nagar, Phase Ii, Sec 91, Faridabad	India
S1-440550738	Shr Polymers Limited	Plot No. 159, Khasra No. 307 Viddya Vihar Colony Dayaram Purwa, Juggour Chinhat, Lucknow, Uttar Pradesh	India
S1-366459956	Smart Unified Globa, LLC	273 Church Street, West Chicago, IL	US
S1-479314025	Hbm Polymers Private Limited	302, Regency Palace Appt., 45-46, Shakti Nagar, Indore, Madhya Pradesh	India
S1-458080098	Perez's Midwest Seafood Associates	1035 85 Street, Brooklyn, NY	US
S1-371680181	Heda's Advanced Specialists	IN, Bloomington, 3302 Windcrest Drive	US
S1-373405845	Pioneer Shiva Logistics Private Limited	No.19, Aladi Road, Pudhupet Ppt, Vriddhachalam, Cuddalore, Tamil Nadu	India
S1-88592935	Internal Medicine Center	2812 13th Avenue, WA, Spokane	US
S1-803859993	Bright Public LLC	Hertford, NC, 161 Baccus Lane	US
S1-108225323	Peak Chesapeake Care	8612 Fluttering Leaf Trail, Unit 305, Odenton, MD	US
S1-970805269	Shakti Software Private Limited	B-1125, Riico Industrial Area Phase-Iii, Bhiwadi, Rajasthan	India
S1-575449189	Shivam It Private Limited	01 Sarvodaya Nagar, Sanaua, Bareilly, Uttar Pradesh	India
S1-584261180	Patrick's Freight	1386 Lake Region Road, Irasburg, VT	US
S1-661546474	Keshav Veg Pvt Ltd	D-151 Industrial Area Phase 8, Mohali, Punjab	India
S1-195181543	Arts Federation	WI, 6635 Wagner's Vineyard Trail, Village Of Windsor	US
S1-450548914	Brautigam Scientific Inc	9733 Cr 25A, Sidney, OH	US
S1-312473512	Dynamic Property Services LLC	10310 Bayshore Road, Unit 45, Marblehead, OH	US
S1-925471453	Annapurna Wind (India) Pvt. Ltd.	Q-203, 2Nd Floor, Tower-Q, Plot No.- Gh-001, Prateek Wisteria, Noida, Sector-77, Noida, Gautam Buddha Nagar, Uttar Pradesh	India
S1-336947450	Ledezma Equity Partners	552 Briar Hill Road, Springfield, NY	US
S1-621270574	Golden Builders Private Limited	Patna, Khagaul Road, Anisab, Ad, Opposite Sun Temple Above Patna Cement, Patna, Bihar	India
S1-31805555	Holy Chapel Group	Ellicott City, 9725 Riverside Circle, MD	US
S1-308838396	Martin & Tate Hudson Corporation	911 Shields Avenue, Winthrop Harbor, IL	US
S1-279978846	Goble's Healthcare	635 Mackville Road, Springfield, KY	US
S1-832176702	South Colonial Leapfrog LLC	1086 Mckenzie Road, Caledonia, NY	US
S1-288523937	Raj Shiva Investment Private Limited	D.No 19/1/157, Baligattam, Devangula Veedhi, Narsipatnam, Visakhapatnam, Vishakhapatnam, Andhra Pradesh	India
S1-128148852	Clayton Grand Allocation	5826 Old Nashville Highway, Murfreesboro, TN	US
S1-567647679	Capital Clean North	1850 Fisher Street, Unit 4A, Cleveland, TN	US
S1-468476865	Smalley Biotech Inc	6314 Brown Avenue, Baltimore, MD	US
S1-877175483	Classic Seneca, Inc.	IL, 303 White Oak Court, East Peoria	US
S1-241444667	Cherry Industries Limited	Chennai, 15-17 Prof. Subramaniam Street Purasawalkam, Tamil Nadu, Chennai	India
S1-37290366	Stag LLC	10729 Lafayette Avenue, Shirley, IL	US
S1-561463598	Surya Care	11/372, Plot No 372, Second Floor Gali No 11, Lalita Park, Laxmi Nagar, Delhi, East Delhi, Delhi	India
S1-903790267	White Infra Private Limited	B2/14 U/G/F Mialwali Nagar Paschim Vihar, Delhi, New Delhi, Delhi	India
S1-207538428	Mission Family Center LLC	TX, 4611 La Mancha Drive, Mission	US
S1-366945019	Rit & Partners Pvt. Ltd.	F No. 9, Radhakrishna Apart, Tal. Dahan Dist. Thane, Masoli, Thane, Maharashtra	India
S1-556204321	Orbyn Newbridge LLC	2715 Gault Avenue, Fort Payne, AL	US
S1-750700259	Regional Bright Coffee LLC	1124 Walnut Street, Unit APT 1, WY, Casper	US
S1-788981743	Chiropractic Care of Talladega Inc	4023 7, Talladega, AL	US
S1-800538103	Deborah Morgan Drilling Group	Milford, 1508 Summerview Lane, OH	US
S1-721592216	Guyton Preferred Advisory	VA, Roanoke City, Unit APT B, 216 Patton Avenue	US
S1-602806324	Enjoy & Sons	Sf No.21/4B, Pavan Garden, P.N.Pudur, Coimbatore, Coimbatore, Tamil Nadu	India
S1-656314104	Codie's Bistro	2400 Dogwood Drive, Youngstown, OH	US
S1-211513332	Reininger Family Practice	7524 Blank Avenue, Unit APARTMENT 1, Fort Howard, MD	US
S1-494967235	Finance Murugan Tech Private Limited	C/O Ingraj Malithya Mirgi Fakirabadpara, Dist. Nadia, Nadia, West Bengal	India
S1-162744257	GE Intelligence Pvt Ltd	1101, The Orion, Nr. Lotus Temple, Sanand, Ahmedabad, Gujarat	India
S1-675501791	Genuine Engineering Pvt Ltd	House No 476 Katkari Padathane Belapur Rd Ravale No 2, Navi Mumbai, Thane, Maharashtra	India
S1-962621727	Ss Exports Private Limited	Plot No- A63/1, Sahid Nagar, Ps- Sahid Nagar, Bhubaneswar, Bhubaneswar, Khordha, Orissa	India
S1-198113725	Karam, Ell and Ponce Center	Boston, 51 Paul Gore Street, MA, Unit 1	US
S1-130677609	Best Constructions Private Limited	Baroda, University Road, Gujarat, Near Sayaji Gardens Kala Ghoda Chowk, Hotel Revival	India
S1-953369117	Jr (India) Hospitals Pvt Ltd	818 International Trade Tower, E-Block Nehru Place, New Delhi, South Delhi, Delhi	India
S1-30804621	Jay Medico Private Limited	Room No 203, 2A//3, Second Floor, Front Side, Kundan Mansion, Asaf Ali Road, Turkman Gate, New Delhi, New Delhi, Central Delhi, Delhi	India
S1-585526799	Endure Media Private Limited	P. No 335 Shiv Nagar Colony, Chhola Bhopal, Bhopal, Madhya Pradesh	India
S1-687832145	Delta International	3835 Aerial Brook Trail, Fresno, TX	US
S1-41869420	Operating Engineers Local Union 612	405 Exchange Street, Unit Suite 2, Geneva, NY	US
S1-71846920	Select Patriot LLC	449 Nelson Drive, Vienna Town, VA	US
S1-967735640	Sree Impex LLP	215, Dhalipara, Maheshgote Krishnapur, Newtown, Kolkata, Kolkata, Howrah, West Bengal	India
S1-185455021	Blue Interstate Smith	135 Harper Road, York, SC	US
S1-507776698	Citystar Learning (India) Private Limited	West Bengal, Kolakta, 67/41 Strand Road, R No. 9, Cross Road No.10, 1St Floor	India
S1-527832128	Vedantam & Brothers Center	M 30 Hirnen Shoping Center M G Road Goregaon West, Mumbai, Maharashtra	India
S1-467800339	Raj Projects Private Limited	Tower A, 5Th Floor, Mis, Deeta Construction Pvt Ltd, No. 51, Deverabisanahalli, Innov8 Mantri Commercio, Bangalore, Karnataka, Bangalore South	India
S1-249258670	Dior Inc	69 Siders Pond Road, Falmouth, MA	US
S1-438638381	Shree Hari Private Limited	Section No-13, Bh-133 Sector-70, Noida, Gautam Buddha Nagar, Uttar Pradesh	India
S1-894646020	Galaxy North Investment Private Limited	Kh.No. 321/155, Ground Floor, Tower Wali, Delhi, North West Delhi, Delhi	India
S1-279722704	Luke Meridian LLC	200 River Bend Drive, Unit 208, Georgetown, TX	US
S1-718073178	Richards Platinum Housing, LLC	810 169th Street, Basehor, KS	US
S1-341841821	Interstate Guild	3395 Joyce Island Road, Suisun City, CA	US
S1-668525331	Southern Care Private Limited	Kerala, Cherthala, Alappuzha, Pallipuram Po, Door No 6/545 Kizhakke Thottunkal	India
S1-210502292	Star Technology Private Limited	Ranka Junction Ah45 Krishna Reddy Industrial Estate Dooravani Nagar, Bangalore North, Bangalore, Karnataka	India
S1-92194053	Coin Sintered Pvt. Ltd.	Plot No.35, Mankapur, Opp.Ranu Primary School, Nagpur, Maharashtra	India
S1-913306799	Skidmore College	1120 Sandpiper Lane, Naperville, IL	US
S1-351910100	Pediatric Dental Partners	909 Beach Drive, Oak Island, NC	US
S1-496877090	Lilith Brathwaite Averin PLLC	2712 Wilderness Lane, Bullhead City, AZ	US
S1-69012797	Clyyn Pan Group	1713 County Road 43500, Paris, TX	US
S1-647956283	Corner Tattoo	1009 Stradshire Drive, Raleigh, NC	US
S1-899444778	Precision Certified Circle LLC	8267 Dogwood Road, Huron, NY	US
S1-807527947	Bay Project	1009 Armitage Avenue, Chicago, IL	US
S1-160619570	Youth Alliance	929 8th Street, City Of Manitowoc, WI	US
S1-247326908	Foundation Talisman It Ltd	No. 916, 4Th Main, N. B. A. Compound Roopen Agrahara, Bommanahalli Post, Bangalore, Karnataka	India
S1-406865257	International International	6Th Floor, Manglam Fun Square Mall, Durga Nursery Road, Shakti Nagar, Rajasthan, Office No. 616, Udaipur, Girwa	India
S1-224750703	Lilley Quality Ribbon LLC	6003 Patterson Street, Omaha, NE	US
S1-648030801	Aubrie Hood Square	553 Deer Path, Gallatin, TN	US
S1-928584878	International Projects (India) Limited	#68/3/181, First Floor, Nexsa Royal, 1St Main, Peerless Colony, Kithaganur Main Road, Bhattarahalli, K R Puram, Bangalore South, Bangalore, Karnataka	India
S1-731277614	Sharma Better Clearthink	5621 Southern Pkwy, Louisville, KY	US
S1-783271110	Coastal Elite Churchill LLC	835 Game Trail, Unit APARTMENT 201, Lakemoor, IL	US
S1-148226061	Thibodeaux's Construction, LLC	4922 Brushwood Drive, Fort Worth, TX	US
S1-108761292	Schmidt, Nonna E., L.C.S.W., PC	2103 Lark Lane, Taylor, TX	US
S1-294620997	City Foundation	Kp Vl/337, Tc 95/2713, Cgra 32/2 Surabi, Anayara Po, Thiruvananthapuram, Thiruvananthapuram, Trivandrum, Kerala	India
S1-372752185	Gain Jute Private Limited	Tkopar W, Maharashtra, 5 Siddheswar Chs Beside Jai Bhavani Motar Training Vasudev Phadke Marg Indra Nagar No 2 Gha, Mumbai, Mumbai City	India
S1-109319200	Milind & Sons Private Limited	Flat No 15 Umakunj Plot No 55 Ideal Colony Kothrud, Pune, Maharashtra	India
S1-449921816	Anchor Ridge Lng LLC	6011 Douglas Road, Freeburg, IL	US
S1-262405622	Ascencio, Lee and Ruiz	4841 Madison Street, Columbia Heights, MN	US
S1-787530179	Strategic Landscaping	2080 Meadowbrook Road, Rocky Mount, NC	US
S1-303060578	Randazzo, Stewart & Wingate Boral LP	109 River Street, Unit 24, Cambridge, MA	US
S1-949793542	STJ Holdings Ltd	No.23/G-2, Kamakoti Nagar, 3Rd Cross Street, Pallikarani, Tambaram, Kanchipuram, Tamil Nadu	India
S1-967056839	Life Projects Private Limited	201/202/203, Khar (West), Mumbai, Mangal Bhavna Junction Of 14Th Road, Maharashtra	India
S1-196309581	UA Investments Private Limited	616, Swati Crimson And, Clover, Nr. Shilaj Circle, Daskroi, Ahmedabad, Gujarat	India
S1-359751656	Orthopedic Care of Casa Grande LLC	538 Cholla Street, Casa Grande, AZ	US
S1-316205545	Uday Welfare Society	Office Space No. 1582, 14Th Floor, Sector-4, Gaur City Mall, Greater Noida West, Noida, Gautam Buddha Nagar, Uttar Pradesh	India
S1-431840041	Simple Transport LLP	Andhra Pradesh, Krishna District, Krishna, Kurumaddali Main Road, Pamarru Mandal, 5-134	India
S1-293049146	Eastern Foundation Limited	Plot No-920, Sankarpur Kolathia, Bhubaneswar, Khordha, Orissa	India
S1-230549958	Ear Nose & Throat Mountain Partners-Chicago	2100 Kildare Avenue, Chicago, IL	US
S1-783148417	Eagle Plastics Private Limited	Jafala Road, P. O. Inda Kharagpur, Dist. Paschim Medinipur, Kharagpur, Midnapore, West Bengal	India
S1-492492052	Internal Medicine Diamond Care Associates	WA, 17039 Heather Lane, Fl 1, Yelm	US
S1-432675591	1658 Market Blvd Properties Inc	2110 William Styron Square, Newport News City, VA	US
S1-382063548	Payne Banc LLC	1642 Karen Drive, Fl 1, Chandler, AZ	US
S1-575424563	Sidhant Traders Private Limited	No.2, Nadar Colony Ext Nehru Nagar, Neelagiri, Mc Road, Thanjavur, Tamil Nadu	India
S1-994304	Br Beverages Private Limited	B-204, Kadam Mansion, Mahatma Nagar, Nashik, Maharashtra	India
S1-904102874	Literacy Coalition	OH, 6463 Little Portage Road E, Oak Harbor	US
S1-120176877	Stewart Crystal Silverbox PLLC	331 Franklin Street, Village Of Sauk City, WI	US
S1-91063734	Pg Capital Private Limited	131, Garg Plaza Complex Bhera Enclave, Paschim Vihar, New Delhi, Delhi	India
S1-485052187	Aditya Tech Pvt Ltd	Jajmau, Dwarika Puri, Adarsh Ngr, Tiwaripur, Kanpur Nagar, Uttar Pradesh, 150/7	India
S1-510197667	GI Rocky Stone LLC	Decatur, 4337 380, Fl 0, TX	US
S1-337438640	QLU Investments	Eleganta E 106 Kalyan Shil Road Casa Bella, Thane, Maharashtra	India
S1-738128949	Black Products Pvt Ltd	C/304 Wing 3Rd Floor Interface Heights Chs L Off Link Road, Malad West, Behind Infini, Ty Mall, Mumbai, Mumbai City, Maharashtra	India
S1-388333810	Autism Assistance Council VI	8828 Mandalay Way, Elk Grove, CA	US
S1-937984740	Madlen N. Do, D.O.	907 Cpl Angel Monares Road, City Of Socorro, TX	US
S1-502043608	IJ Constructions Limited	D-37 Iind Floor, Gautam Buddha Nagar, Uttar Pradesh, Sector-63, Noida, Noida	India
S1-257734845	Urology Complete Associates	1721 Goodwin Place, Unit 3, Miamisburg, OH	US
S1-56446717	OR Resource Private Limited	C/O, Dr. Gautam Mistri, Dutta Appartment 322, Banamalipur Road, Santosh Sarani, Kolkata, Kolkata, Howrah, West Bengal	India
S1-677544297	Torres's Bakery	380 Stryker Road, Gilboa, NY	US
S1-829384982	Anchor Keystone Specialists	27 Shawmut Street, East Longmeadow, MA	US
S1-159922135	Lorine's Marketing	2208 Belt Line Road, Unit 1034, Mesquite, TX	US
S1-386703703	Meon LP	18250 102nd Place, Maple Grove, MN	US
S1-88777681	Mayhew Hair Studio Inc	51701 State Rte 14, East Palestine, OH	US
S1-799213255	Hudnall and Westmoreland Chemical Inc	90 Harrison Road, North Branford, CT	US
S1-391659390	Cardiology Federal Physicians	2014 Rouse Avenue, Bozeman, MT	US
S1-98304881	Caldex Chadwick LLC	11931 Crabapple Lane, Huntersville, NC	US
S1-838509817	Ironclad Wintergreen Inc.	2935 68th Street, Unit UNIT 210, Scottsdale, AZ	US
S1-524297749	Erode Natural Partners	Tamil Nadu, 39(77), Erode, Shandhankarukku Street, Surampatti Road	India
S1-529182833	East Properties	23, Ground Floor, Plot-10, Karimshi Dhanji Building, Kamathipura 5Th Lane, Mumbai, Maharashtra	India
S1-105870348	Mukund & Co	27/1 Selvapuram Annur Road, Mettupalayam, Coimbatore, Tamil Nadu	India
S1-434057620	Strategic National Magna Inc.	231 W Virginia Avenue, Dunbar, WV	US
S1-368890496	Optimal Highland Lithium	633 Closhire Lane, Birmingham, AL	US
S1-920341118	Andrade, Florio and Liddell LP	348 Overstreet Way, Bldg B1, Columbus, OH	US
S1-325616466	Marijo Maland American Flag PLLC	218 890, Orem, UT	US
S1-803160323	Minny Bowler Cascade Obic LLC	301 Royal Navigator Road, Montgomery, TX	US
S1-997853874	White Malt	237 Shubert Drive, Hazel Green, AL	US
S1-636300381	Vereen Capital, LLC	12 Chippewa Run, Pana, IL	US
S1-981327358	Interstate Education Studios LLC	18984 1150th Street, Hutsonville, IL	US
S1-937288707	Compact Academy Limited	C-460, F/F, Kusum Pur, Pahari, Vasant Vihar, New Delhi, Delhi	India
S1-65481235	Fleshman and King	1787 William H Taft Road, Cincinnati, OH	US
S1-692127788	Prime Om Energy Private Limited	B-10, Shivam Apartment, Block-D, Vikaspuri, New Delhi, Delhi	India
S1-381940707	Laborers Local Union 686	554 Bacon Road, Littleton, NC	US
S1-602612250	Colonial Recruiting LLC	4612 Wesley Street, Greenville, TX	US
S1-684772333	Vijay Consultancy Private Limited	Plot No. 813/1, Vikas Cinemall, Situated At G.T. Road, Naveen, Shahdara, Delhi	India
S1-379377275	Yamuam City Private Limited	P No 122E Block Shyam Nagar, Kanpur, Uttar Pradesh	India
S1-65467434	Shree & Sons Company	Flat No 302 Ambar Green, A Wing S No 12 & 2/2, Haveli, Pune, Maharashtra	India
S1-992538093	Super Producer Private Limited	Anagha, 2Nd Floor, Devasandra, No.4, Karnataka, New Bel Road, Bangalore	India
S1-380561654	Montoya Mission	1206 Dauphin Street, Mobile, AL	US
S1-102769539	TQ Bioscience	Flat No. 02, Guru Mahima Apartment Jayabai Colony, Nashik Road, Nashik, Maharashtra	India
S1-284361235	Henry Keen, LLC	GA, Atlanta, 389 Oakland Avenue	US
S1-54417669	Daugherty, Diahann K., D.O., M.D., P.C.	1119 Winnetka Avenue, Dallas, TX	US
S1-665331349	Products Websoft India Pvt. Ltd.	Tower 2 Flat 18A Diamond City S 58 M G Rd, Kolkata, Howrah, West Bengal	India
S1-359565833	Miller & Gallegos Titan Inc	2151 Clevet Springs Road, Hayden, AL	US
S1-507693271	Schrader & Hensley Sunstone Group	1 Alders Gate, Unit Unit 803, Riverhead, NY	US
S1-705522256	IQ Synergy Limited	Plno 292, Bno 9, Varad Apt, Tal Maval, Talegaon, Pune, Maharashtra	India
S1-523240167	Star Global Private Limited	C/O Ashok Kumar, Said Nagli, Amroha, Hasanpur, Jyotiba Phule Nagar, Uttar Pradesh	India
S1-665803307	Industries Smart Transport Muzaffarpur Pvt Ltd	Village- Rasool Pur, Kariyat, Post- Panapur, Kanti, Muzaffarpur, Bihar	India
S1-397540035	Total Engineering Labs	409 Crest Line Drive, Arlington, TX	US
S1-456937627	Gertrud Miller Vision	421 Glen Oaks Boulevard, Dallas, TX	US
S1-509991975	Burke Pediatrics Inc	9425 Riverside Drive, Unit 837, Sandy City, UT	US
S1-520467098	Monteon Xii	173 Milton Road, Milton, VT	US
S1-113090772	Patel Sterling Osprey Inc	2307 Gooseberry Road, Charlotte, NC	US
S1-855043859	Flanagan Direct Schwab Inc	Underwood, ND, 76 32nd Avenue	US
S1-296448605	Apurva & Sons Ltd	3Rd Street 16/35/45, East Godavari, Sambamurthy Nagar, Andhra Pradesh, Kakinada	India
S1-349554399	Durfee, Talbert and Shew Inc	3519 Red Hill Road, Albemarle County, VA	US
S1-860354142	Christensen Secure Huntington Center	7993 Corinne Avenue, Star City, IN	US
S1-613517393	Haven Exim	A/404, Prathna Greens, Sargasan, Gandhinagar, Gandhinagar, Gandhi Nagar, Gujarat	India
S1-707030556	Delhi Audio Ltd	Delhi, North West Delhi, Pitampura, 126 Engineers Enclave	India
S1-651713662	Lenahan's Staffing	506 Cranbrook Lane, Grand Prairie, TX	US
S1-8271658	Mahindra Landmark Private Limited	South Delhi, Sanjay Colony, Okhla Phase-Ii, Delhi, New Delhi, S-63	India
S1-189749525	Munn Rent	OH, Bidwell, 5084 State Rte 554	US
S1-870635515	Secure Harbor Lion Inc.	510 Jackson Street, Mount Carroll, IL	US
S1-830274816	Ear Nose & Throat Choice Care Associates	Unit 613, AL, Mobile, 175 Stadium Drive	US
S1-81031831	Learn Services Private Limited	A 1/256, Safdarjung Enclave, New Delhi, Delhi	India
S1-411926733	Samrath Brothers Private Limited	Howrah, West Bengal, B. B. Ganguly Street, 5Th Floor, Room No.9, Kolkata, 46	India
S1-824324746	Novoa & Cook	10420 89th Avenue, Unit 230, Peoria, AZ	US
S1-458776971	Js Chemicals Pvt Ltd	C/O Ravindra Prasad Yadav, S/O Late Yadunandan Yadav, W.No-1, Madhepura, Madhepura, Bihar	India
S1-394340130	Shivam Enterprises Private Limited	46D, Rafi Ahmed Kidwai Road, Kolkata, Howrah, West Bengal	India
S1-680474567	Hammonds Gulf Perimeter	110 Ridgecrest Avenue, Beckley, WV	US
S1-227395368	D & A Trailblazer Associates	7413 Castle Rock Drive, Clinton, MD	US
S1-525924487	My Products Pvt Ltd	No 41, Classic Crest, 1St Main, 1St Block, Koramangala, Bangalore, Karnataka	India
S1-70279076	Norton and Spinelli	131 Steuben Street, Painted Post, NY	US
S1-250942341	Tumey's Precision Homecare	7646 New York Avenue, Cleveland, OH	US
S1-442719494	Kolkata Power Private Limited	10/2/A, Abinash Mitra Lane, Kolkata, Kolkata, Howrah, West Bengal	India
S1-763686921	Falcon Trading Co	Flat No.-101, 1St Floor, Block A, Gm Tower Rajapul, Patna, Bihar	India
S1-875691993	Unitech (India) Services	D 129 Ndmc Society H-3 Blockvikas Puri, New Delhi, West Delhi, Delhi	India
S1-252644636	Gold Enterprises Limited	Tilpata Karanwas, Greater Noida, Uttar Pradesh	India
S1-222587463	Noor Wireless LLC	1935 Alison Court, Unit B11, Atlanta, GA	US
S1-680786781	Chanakya Property (India)	Bihar, Gopalganj, Vill Dharampur Block-Kuchaikote, C/O Vijay Ray Panch-Sonhula Gokhul, Gopalganj	India
S1-286064736	Maddalena Silva Therapy Inc	115 Plantation Court, Nashville, TN	US
S1-30221210	Moon Academy	8233 17th Avenue, City Of Kenosha, WI	US
S1-447240062	JNN Allied Pmv PLLC	181 Bowne Street, Esopus, NY	US
S1-460386089	Laina W. Benoit, Ph.D., PC	IL, 207 Cliff Drive, Carbon Cliff	US
S1-405829810	Savitri (India) Ar LLP	At Po Gangava, Ta Danta, Dist Bk Village Gangva, Ta Danta, Dist Banaskantha, Banaskantha, Banas Kantha, Gujarat	India
S1-866560305	Brodrick's Financial	5211 Lincoln Street, KS, Topeka	US
S1-730232581	Properties Retail Tradex Private Limited	Kharkhariya Bhawan, In Front Of Shyam Mandir, Taseeng Road, Bahror, Alwar, Rajasthan	India
S1-152874921	Blue Mining Inc	3982 Old Columbia Pike, Ellicott City, MD	US
S1-300034658	Singla Pure Pvt Ltd	Cuttack, At/Po--Kalyani Nagar(A V M Tower), Orissa, Cuttack	India
S1-118834288	Cornerstone Direct Automotive	TX, Forney, 1122 Oak Ridge Road	US
S1-992987509	Martinez Trinity LLC	1590 427, Floresville, TX	US
S1-643663550	Empire Rapid Canadian LLC	109 Saint Charles Place, Chickasha, OK	US
S1-78797388	Coastal Federation	Westfield, 15973 Oak Park Lane, IN	US
S1-484961803	Swajan Holdings	14 Df, Scheme No.74-C, Vijay Nagar, Indore, Madhya Pradesh	India
S1-431748598	Heritage Creative Products LLC	8111 Yale Avenue, Unit Apt 303, Four Square Mile, CO	US
S1-486938705	Retha Power White LLC	MT, 310 7th Street, Sidney	US
S1-921706387	Apex Microelectronics Inc	3610 Arrowhead Avenue, Hood River, OR	US
S1-344973282	Sanchez Group Clinic	2452 Kowaliga Road, Eclectic, AL	US
S1-997382020	Collins Pacific Kensington	1014 Dartmouth Street, Chattanooga, TN	US
S1-304386686	Coastal Prairie Noble LLC	940 Nowlan Road, Fenton, Unit Lot 11, NY	US
S1-327951743	First Global Pvt Ltd	Plot No.117, Rajappa Nagar West, Tiruchirappalli, Tamil Nadu	India
S1-520078089	NEV Stones Pvt. Ltd.	49A, Subramaniam Street, Abhiramapuram, Chennai, Tamil Nadu	India
S1-162465054	Sanidhya Legal Corporation	Iswar Ganguly Street Vasudeva Building 1St Floor, Flat - 1A, Kolkata, Howrah, West Bengal, 1, Kolkata	India
S1-974825292	Poonam Infraworld Private Limited	Room No - 40, Bldg No - 9/15, Morarji Velji Bldg., Dr. M. B. Velkar Street, Kalbadevi Road, Mumbai, Mumbai City, Maharashtra	India
S1-636127789	2053 Sixth St Realty, LLC	315 9th Street, Tonkawa, OK	US
S1-8860800	Twisted Hypnosis	7409 Wallach Street, Austin, TX	US
S1-757100365	Projects Mohan Funds	No 1303, 1St C Main, 9Th Block, 2Nd Stage, Nagarabhavi, Bengaluru, Bangalore North, Bangalore, Karnataka	India
S1-516296490	Tiify Futurecrest LLC	6901 Security Boulevard, Unit UNIT 61, Windsor Mill, MD	US
S1-647822760	Office of Consumer Affairs	84 Bayberry Lane, Westport, CT	US
S1-401942506	Sunrise Solutions Private Limited	House No. 2, 2 Sham Nath Marg, Near Oberoi Apartment, Civil Lines, Delhi, North Delhi, Delhi	India
S1-495246557	Bettina Wehunt Trading LLC	705 Leftwich Street, Gretna Town, VA	US
S1-60874124	CM Opendoor	259 Meadow Run Road, Floyd County, VA	US
S1-291817418	Lyndy Phillips Metropolitan Dpc Inc	1312 Deville Circle, Garland, TX	US
S1-916406672	Gibson Fashion LLC	23326 53rd Avenue, Kent, WA	US
S1-903522341	Pacific Wireless Consultants	272 Citation Drive, Virginia Beach City, VA	US
S1-411744587	Vinita Herrell Sterling Managed LLC	2201 Chesapeake Harbour Drive, Fl 0, Annapolis, MD	US
S1-882637536	Safe Education Collective Clinic	4579 775, Montgomery, IN	US
S1-393818512	Continental Signature Dogecoin LLC	303 Dasher Drive, Austin, TX	US
S1-153348996	Ss Business LLP	19/58, 19/53, C1 Manjumel, Po, Udyogamandal S O, Parur, Ernakulam, Kerala	India
S1-853053883	Woodson Preferred Constellation Inc	7 Plum Street, Danville, OH	US
S1-559697713	Sree Developers Private Limited	Sno39/7 Gui-Tekadu J N Marg, S S Rd Pune, Pune City, Pune, Maharashtra	India
S1-632443480	LMS Nasdaq LLC	2148 444, East Bloomfield, NY	US
S1-871383897	Ardath Ferguson Biotherapeutics	192 Oak Drive, Arley, AL	US
S1-901601528	Reed, Edyth N., D.D.S.	71 Haven Court, Shelton, WA	US
S1-144335241	DZ Apparel Private Limited	Rangareddy, Boyapally Enclave Almasguda, Hyderabad, F.No.31-14/2, Telangana	India
S1-662105929	Metro Center	917 Roma Avenue, Phoenix, AZ	US
S1-215469834	Grabowski & Johnston LLC	IN, Morristown, 404 Midway Street	US
S1-251039333	Cameron Alpex LLC	TX, Pearsall, 617 Moreno Street	US
S1-840168502	Modern Coastal Fargo Inc.	1903 Rock Bluff Road, Plattsmouth, NE	US
S1-544515663	Krittech Steels	302 Santoor Apartment 87 88 Azad Society Ambawadi, Ahmedabad, Gujarat	India
S1-946825840	Trusted Wireless Advisors Corp	1543 Lake Blaine Road, Kalispell, MT	US
S1-755898212	JPY Hospitalities	Rajkot, Plot No. 53/1, Umiya Industrial Aria Opp. Madhuvan Way Bridge, Kotda Sangani, Road, Lothada, Gujarat	India
S1-821893871	Desert Housing LLC	Albuquerque, NM, 6200 Bisbee Place	US
S1-814048116	Lopes Optimal Grayscale LLC	2798 Kona Trail, Flagstaff, AZ	US
S1-906423755	Pune City Pharmaceuticals Private Limited	Pl No564/2Bcity Sn1199A/2, Bsd Shabari Hotel, Gholerd, Pune City, Pune, Maharashtra	India
S1-853862695	Pavue Great Worldwide	3556 444, Princeton, TX	US
S1-942890922	Juniper	16 Davelin Road, Wayland, MA	US
S1-967124912	Richardson, Spackman & Smith Saul	127 Barker Street, Adamsville, TN	US
S1-199459184	Best Trading Limited	Door No 43/3437, Nh Bypass, Ernakulam, Kerala	India
S1-55679373	Dhyeya Entertainment Private Limited	A-15 (B) Riico Industrial Area, Behror, Alwar, Rajasthan	India
S1-78078135	Regional Equity Partners LLC	11840 Meadow Springs Drive, Johnston, IA	US
S1-365310135	Liuka Choate Offshore LLC	52 Tremont Street, Taunton, MA	US
S1-298645743	Heartland Hospital	KY, 112 Sweetbriar Circle, London	US
S1-136588069	Gwendolin Pierce Pioneer Automobile	1003 Sullivant Avenue, Columbus, OH	US
S1-262257256	Kings Softtech Pvt. Ltd.	13/407 A Puzhakal P O, Muthuvara, Thrissur, Kerala	India
S1-960782355	Ridge Association	654 South Street, Boston, MA	US
S1-58842783	Kesley's Continental Grading Inc	2975 Freeman Avenue, Hamilton, OH	US
S1-752838534	Wharton Youth Association Care	1219 Kingston Drive, Wharton, TX	US
S1-449996405	Sterling Rocky Valley-Mesquite	500 Hugh Walker Drive, Mesquite, TX	US
S1-558736111	MFB Alloys Private Limited	Door No. 14/200 Malekudy House, Iringole P O, Kunnathunad, Ernakulam, Kerala	India
S1-192530794	Agro Starline Baba Private Limited	2Nd Floor, Vim-312, Sailashree Vihar Chandrashekharpur, Bhubaneswar, Khordha, Orissa	India
S1-87922685	Moti Traders Private Limited	Delhi, Village Hiranki Narela, 100, Delhi	India
S1-16689462	Vidyne Group	142 Redlands Road, Unit 2, Boston, MA	US
S1-988076802	Innovative Strategic Praetorian Inc	317 168th Road, Baileyville, KS	US
S1-39314330	Grand Transit Labs LLC	6747 Cardindale Drive, Knoxville, TN	US
S1-809024061	Digiovanni Management LP	9826 Rocky Wash Drive, AZ, Tucson	US
S1-136775058	Leonard Institute of Technology	Phoenix, 6975 Princess Drive, AZ, Unit 3095	US
S1-927736109	Kariotta Jones Spade	Medina, TN, 30 Bobbitt Road	US
S1-947201313	Williams Harbor Centurion	19320 1st Place, Catoosa, OK	US
S1-964972529	Rohtak (india) Pvt Ltd	557, Old Housing Board, Lig Phase Ii Rohtak, Rohtak, Haryana	India
S1-824426077	Kirkland Sunstone LLC	6455 Old Hickory Boulevard, Nashville, TN	US
S1-148709018	Bulwark Designtech Group	22/23, Opp. Deep Cinema, Manik Sarkar Chowk, Jagdishpur, Bhagalpur, Bihar	India
S1-752221257	Jay Producer Private Limited	M.A. Solanki, Next To Gajanan Cold Drinks M.G. Road, Valsad, Gujarat	India
S1-608093705	Colonial Family Practice Group	6905 Darmstadt Road, Evansville, IN	US
S1-654634473	Vadodara Farmer Private Limited	Vadodara, Atmajyoti, Ashram Road, Ellora Park, Vadodara, Gujarat, Gd House	India
S1-413524687	Mav Promotersprivate LLP	No.341 (Sy.No.46), 8Th Cross, 4Th Phase, Peenya Industrial Area, Bangalore, Karnataka	India
S1-680231884	Jaya Public School	C/O Anita Verma, Bahari, Begum Pur, Sati Chaura, Sampatchak, Patna, Bihar	India
S1-742621289	Black Dream Technology Private Limited	17, 1St Cross, Pipeline Road Kumaraswamy Layout, Bengaluru, Bangalore, Karnataka	India
S1-895983230	Feng Superior Workshop	Mesquite, 1405 Panola Drive, TX	US
S1-371864811	Gulf Lithium Inc	22 Edwards Street, Unit Apartment 2D, Roslyn, NY	US
S1-742199402	NK Genesis	215 Sawmill Road, Clancy, MT	US
S1-481666470	Shakti Services	101, Plot No. A11, Midas Chambers, Off Link Road, Andheri W, Est, Mumbai, Mumbai City, Maharashtra	India
S1-786529142	Cascade Council III P.C.	475 Fir Villa Road, Dallas, OR	US
S1-265287489	Classic Security Technologies Inc	4616 Stoney Trace Drive, Unit J, Mint Hill, NC	US
S1-460143677	Indriya Efiling	1801 18Th Floor Mirabilis Builsing Sec R-12 Nahar Amrit Shakti Chandivali Powai, Mumbai, Mumbai City, Maharashtra	India
S1-793492834	Lyrola Hologram, Inc	NY, Colonie, 25 Walker Way, Unit Unit 3D	US
S1-629118510	Little Coffee	472 York Street, York, ME	US
S1-704322291	White Hospitality Private Limited	246 Bheruji Colony, Khempura, Udaipur, Rajasthan	India
S1-946133653	Black It Private Limited	Plot No: 6, Near Narayan Complex, Opp. Ayushi Awas, Piplod, Surat, Gujarat	India
S1-142155533	Vinod Trading Private Limited	776/3/3, F-7, Green Field Residency Ganesh Colany, Kalamba Road, Kolhapur, Maharashtra	India
S1-404373285	Ceia LLC	4633 Sterling Ranch Road, Prescott, AZ	US
S1-761648489	Hagerstown Legacy Labs	18823 Briarwood Drive, Hagerstown, MD	US
S1-223974265	2149 Market Boulevard Owners Corp LLP	20588 Ellsworth Loop Road, Unit 2115, Queen Creek, AZ	US
S1-413862512	Vantelle Plutonian	810 5th Street, Unit 2, Tempe, AZ	US
S1-206627523	Systems Academy	House No. 243, Bharat Apartments, Sector 13, Rohini, New Delhi, North West, Delhi	India
S1-437333243	YV Mineral Pvt Ltd	Argha Complexburnpur Roadasansol, Burnpur, Bardhaman, West Bengal	India
S1-771644696	Tolan Agricultural	MD, Unit 1, Stevensville, 16 Mariners Way	US
S1-736499135	First Learning Group	10820 Howard Trail, WI, Town Of Mazomanie	US
S1-577399555	Medford Boa Inc.	45 Myrtle Street, Medford, MA	US
S1-421315715	Patriot Reliable Waste	3321 Dayton-springfield Road, Springfield, OH	US
S1-455034843	Hadley Family Office Inc	4914 Main Avenue, Ashtabula, OH	US
S1-795195261	Clay Oriental Co	NC, 1429 Perry Street, Gastonia	US
S1-846836305	Kolkata Retail Limited	110/17, Selimpur Road, Kolkata, Kolkata, Howrah, West Bengal	India
S1-428632	Wilson Clear China, LLC	104 E South Drive, MN, Circle Pines	US
S1-64057623	Connoisseur (India) Fms LLP	H No-48, Rs No-151, Tps-25, Fp-29, Vijayraj Row House, Opp. Shivam Soc-2, Singanpor Causeway Road, Surat City, Surat, Gujarat	India
S1-72073780	Delisa, Schmucker & Crumby LLC	11020 Oakton View Drive, Fairfax County, VA	US
S1-891958084	Johnson National Tax	Badger, AK, 2390 Edsson Avenue	US
S1-489691585	Perry Dollar Inc.	12180 Ridgecrest Road, Victorville, CA, Unit UNIT 130	US
S1-682186084	Womens Health Direct Medicine LLC	505 Ilchester Avenue, Middlesboro, KY	US
S1-967809379	Bright Software Private Limited	4 Narayan Prasadbabu Lane 2Nd Flr, Kolkata, Calcutta, West Bengal	India
S1-192763800	FJ Hill LLC	219 Country Meadow Court, Mansfield, TX	US
S1-327901274	Allied College LLC	5100 Bethel Avenue, Muncie, IN	US
S1-622257785	International Nexa Secure Private Limited	41, Sarang Marg, Opposite Jmb Surajpole, Udaipur, Rajasthan	India
S1-585532131	Tech Power Private Limited	Amar Co-Op Hsg. Soc Plot, No-39 Flat No-4 Ninad Apt, Pune City, Pune, Maharashtra	India
S1-415942410	IU Consultancy Limited	109, Star Tower 1St Floor, Sri Ganganagar, Rajasthan	India
S1-223766452	Colonial Council-Tazewell Town	190 English Street, Tazewell Town, VA	US
S1-681609211	Plus Polytechnic	104A/225, P Road, Rambagh, Kanpur Nagar, Kanpur, Uttar Pradesh	India
S1-376606321	Watkins Spacsphere	308 Bean Street, Lincoln, AR	US
S1-234119489	Black Developers Limited	Off No. 514, 5Th Floor, Palm Spring Center, Prem Co-Op Soc Ltd., Near Dmart, Link Road, Malad (W), Mumbai, Mumbai City, Maharashtra	India
S1-623273818	Carmelina Tuttle Ampercap LLC	563 Pointes Drive, Shelton, WA	US
S1-340955071	Bombay Shiva Investment Private Limited	1739, Nishal Falita, Near G.P Office Faldhara, Valsad, Valsad, Gujarat	India
S1-553542139	Behavioral Health Physicians of Bullhead City Inc.	419 Coral Reef Drive, Bullhead City, AZ	US
S1-43242803	Vaishali Services Private Limited	Room No 3, 6Th Main Road, Dattatreyanaga Hoskerehalli, Banashankari, 3Rd Stage, Bangalore, Karnataka	India
S1-949412850	Brooks Corporation	428 Fulton Street, Indianapolis, IN	US
S1-632005916	Rigveda Tulsi Private Limited	408 G I D Cpandasara, Surat, Gujarat	India
S1-502049068	Toler, Alla, Esq. Center	622 Washington Street, Unit APT 1, Bloomington, IN	US
S1-809315545	IY Disciplined LLC	123 Wayside Road, Portland, ME	US
S1-462627347	Fresh Cafe	12159 Oakwilde Court, Maryland Heights, MO	US
S1-897191998	TBE Modern Star LLC	549 Sullivan Street, Seattle, WA	US
S1-744120199	Silver Invest	TX, 17806 Laurelton Drive, Humble	US
S1-48241570	Dream Green Industries Private Limited	H No-370, Village Gijhor Sec-53, Gautam Buddha Nagar, Noida, Ghaziabad, Uttar Pradesh	India
S1-590479623	Mount Zion	2646 Platina, Mesa, AZ	US
S1-855895108	Cascade	11173 Kinsley Street, Eden Prairie, MN	US
S1-491983009	Federal Resolution PLLC	1340 Flying Jib Drive, Azle, TX	US
S1-764521587	Accounts Dyeing Private Limited	Central Delhi, 5E, Madras Boarding House, New Delhi, Delhi	India
S1-444713171	India Kamakshi Solutions Center	24-5-4, Rajaram Mohan Roy Road, Kakinada, East Godavari, Andhra Pradesh	India
S1-147278478	Green Marine Corporation Corp	800 Ada Street, Paragould, AR	US
S1-652273019	Star Viking Partners	221 3rd Avenue, Monmouth, IL	US
S1-965361244	Nandana Bricks Private Limited	C/O. Sanjay Gulchand Kasoda, Aurangabad, Maharashtra	India
S1-152287749	India Karan Studio Ltd	Sanap 54-Ghatshil Pargaon, Shirur (Kasar), C/O. Vaijanath Baburao, Maharashtra, Beed	India
S1-531702299	Premier Developers	No 15 A 1St Floor Pappya Compound M S Ramaiya Hospital Road Rmv Ashwat Nag, Ar, Bangalore, Karnataka	India
S1-454611891	Shivam Infotech Limited	No. 1174, Rajiv Nagar, 1St Stage Near Nimrah Masjid, Ali Miyan Road, Mysore, Karnataka	India
S1-941259582	Faor	9036 Willow Trace Court, NC, Huntersville	US
S1-591911604	Ram Consultants Private Limited	306, President House Ambawadi Circle, Ahmedabad, Gujarat	India
S1-722474843	Rhodie Swenson Liberty Annaly	13112 Howard Lane, WA, Spokane	US
S1-889785911	Surya Om Hospitality Private Limited	Flat No 201, Anshu Courtyard, Rangareddy, Telangana	India
S1-862191137	Clean Equity Works LLC	130 Cokedale Drive, Pueblo West, CO	US
S1-829049305	Williams, Streetman and Duke Williams LLC	Ogunquit, 71 Glen Avenue, ME	US
S1-874147929	DCT Microelectronics	2850 Nautilus Avenue, Salem, OR	US
S1-174306760	Fairlink Technologies Limited	56-G, Pocket B-7, Janta Flats, Mayur Vihar Phase-3, Delhi, East Delhi, Delhi	India
S1-94250675	Pediatric Care Associates L.L.C.	154 Del Monte Place, Pueblo West, CO	US
S1-438589761	Prudence Johnson Piedmont Fortis Inc	Bettendorf, IA, 19496 258th Ave	US
S1-757199197	Platinum Materials Consultants	3624 Fremont Drive, St Charles, MO	US
S1-422473631	GNK Center Pvt Ltd	Bangalore, No 93, Sds Landmark, 80 Feet Chandra Layout Main Road, Attiguppe Vija, Yanagar, Bangalore, Karnataka	India
S1-141798354	Life Systems Limited	Samaspur, Dhaniakhali, Hooghly, West Bengal	India
S1-776568553	Aditya City Software Private Limited	Opp. Kalaikunda Railway Station Kalaikunda, P.O. : Rakha Jungle, Kharagpur, Midnapur, West Bengal	India
S1-101045753	Prairie Preparatory Academy	74 Circle Drive, Unit 330A, Edwardsville, IL	US
S1-528556147	UC Constructions Private Limited	C/O Sangita Gajanan Chavan Csn 705/1A Sarnaik Colony Shivaji Peth, Kolhapur, Maharashtra	India
S1-274758214	Om International Limited	23A, Netaji Subhas Road 2Nd Floor, Room No-13, Kolkata, Howrah, West Bengal	India
S1-909842346	UW Insurance Pvt Ltd	C/O Naganna No 124, Jayalakshmipuram, Mysore, Karnataka	India
S1-432152596	Gianina Hickmon Online Inc	2941 Mockingbird Lane, Prosper, TX	US
S1-662343149	LK Worldwide	29454 123rd Lane, Peoria, AZ	US
S1-560224154	Disoft Management Inc	220 Holiday Lane, Unit 12, Talent, OR	US
S1-529137899	Custom Coca LLC	39070 140th Street, Waseca, MN	US
S1-215335896	North Investment Private Limited	Office No. 102, Pentagon, Tower P4, Magarpatta, Pune City, Pune, Maharashtra	India
S1-902621471	Phoenix Youth Federal Chiropractic LLC	3217 Bajada Drive, Phoenix, AZ	US
S1-303701980	Sapphire LLC	126 Payne Road, Thomasville, NC	US
S1-184794725	Surat Associates Private Limited	115, Sunday Hub Shopping Center, Near Ankur Vidhyalay, Surat, Gujarat	India
S1-967086139	Corner Barbershop	1344 350, Tipton, IN	US
S1-694532506	Glass Farms Private Limited	No 7 East Street, Cannel Road Kellys, Perambur Purasawalkam, Chennai, Tamil Nadu	India
S1-726402053	Clever Designers Private Limited	Plot No. 31 H No 11-78/3/2, Ponna Colony, Sangareddy, Medak, Telangana	India
S1-22440787	Emmey L. Argueta, DO, M.D., P.C. LP	8631 Anna Place, Montgomery, AL	US
S1-11008242	Federal Iris LLC	29 Interfaith Terrace, Unit A, Framingham, MA	US
S1-355685907	Regional Scientific, LLC	1424 Cottage View Lane, Nashville, TN	US
S1-697130648	Hall Rre LP	3255 26th Ave, Marion, IA	US
S1-723773808	Dust Enterprises	Cts No.102, Sani Arma(Krishna Plaza), 1St Floor, Raut Lane, Juhu, Nr Iscon Temple, Juhu, Vile Parle West, Mumbai City, Maharashtra	India
S1-863833082	White & Duran Nippon	OH, Ada, 3018 Cr 20	US
S1-515029365	Electronic Biomedical Enterprises Group	2563 Forest Drive, Newport, NC	US
S1-484728325	Rathi Medical Centre LLP	Panackal Veedu, Chanthavila, Kattaikonam P.O, Thiruvananthapuram, Thiruvananthapuram, Trivandrum, Kerala	India
S1-885729259	Johnson East PC	141 Featherstone Court, Frederick County, VA	US
S1-366242630	Capital Pacific PC	3051 State Street, Fremont, OH	US
S1-3233840	Orthopedic Group	6000 Ovation Parkway, Franklin, TN, Unit 6702	US
S1-609758235	Real Constructions Private Limited	No.1, 1St Floor, Sri Sai, Layout, Panthanur Dinne, Bangalore North, Bangalore, Karnataka	India
S1-43286229	Chenna Enterprises Corporation	Tamil Nadu, Chennai, Abdullah Street, Choolaimedu, No.18	India
S1-11494983	Empire League	3224 Spring Greenway Lane, Town Of Scott, WI	US
S1-737079528	Southern Pinnacle Auto Sales LLC	435 Norton Road, Speedwell, TN	US
S1-955273885	Randall Empire Btc LLC	6602 Audry Way, Unit 101, Louisville, KY	US
S1-706274174	Bharat Tech Limited	Flat No. 03, 1St Floor, Vijay Residency, Sr No. 5 Hissa No. 02, Pune Cantonment Bank, Kesh, Av Nagar, Mundhwa Pune, Maharashtra	India
S1-326960507	Bogard Resources	366 13, Boylston, NY	US
S1-610164964	International Astro Solutions Pvt Ltd	C-126Naraina Industrial Area Phase I, New Delhi, West Delhi, Delhi	India
S1-89111115	Aguirre Avalanche Care	520 Summers Loop, Judsonia, AR	US
S1-90648761	Star Software Technologies LLC	Ravenna, 5271 Newton Falls Road, OH	US
S1-913785285	Empire Express Inc	14 Ashberry Lane, Three Way, TN	US
S1-751888247	Jerrell Ashford	6 Park View Drive, Perinton, NY	US
S1-441821984	Balaji Finance Pvt Ltd	East Delhi, B-32, Delhi, U/G/F/B/S Office No.1, 1St Floor, Subhash Chowk, Near Hira Sweets, Vikas Marg, Lax, Mi Nagar, New Delhi	India
S1-423561595	Jain Finance Private Limited	Plot No.38, Ayodhya Nagar, Andada, Ankleshwar, Anklesvar, Bharuch, Gujarat	India
S1-449251995	WL Terry Private Limited	292, Kannapalayam, Poonamallee, Poonamalee, Tiruvallur, Tamil Nadu	India
S1-940475059	Waxman, Fein & Canales Metal	Fl 0, MD, 916 Crain Highway, Glen Burnie	US
S1-283259550	Sky Infrastructure Private Limited	Flat No 201, Monalisa Hights, H. No. 120 124, Thane Belapur Road, Digha, Navi Mumbai, Thane, Maharashtra	India
S1-149458465	Patriot Committee L.L.C.	957 Cr 905, Green Forest, AR	US
S1-672296545	Desert Prairie Virginia L.L.C.	73 Willow Parkway, IL, Buffalo Grove	US
S1-753495835	Orbic Indigo	1779 Mill Lane, Millcreek, UT	US
S1-843445319	Online Tree	H-3 Shivaji Park, Punjabi Bagh, New Delhi, Delhi	India
S1-419498841	Bangalore Residency Pvt Ltd	No 29 Sri Sabari 7Th Cross Bhawaninagar Christ School Road, Bangalore, Karnataka	India
S1-783575505	Aditya Best International Private Limited	60Ff, Gajanand Park Soc-2, B/H Chikuvadi, Puna Road, Choryasi, Surat, Gujarat	India
S1-207436232	Baltana Labs LLP	Shop No 25-26, First Floor Kalka Shimla Highway, Wadhava Nagar, Baltana, Mohali, Punjab	India
S1-526403434	Vanguard Communications Associates	5563 Reidenbach Road, South Beloit, IL	US
S1-437313797	South Sui LLC	5838 Scenic Ridge Loop, Yakima, WA	US
S1-366679144	Shyam Builders Limited	Opp. Jalandhar Kunj Colony, Village Wariana, Jalandhar - I, Jalandhar, Punjab	India
S1-566297148	Cyb's Capital Hospitality	21 Escondido Point, La Cueva, NM	US
S1-886782907	Barb Moon, DDS	877 Cherokee Avenue, Atlanta, GA	US
S1-76740440	Life Developers Private Limited	Bangalore, Karnataka, Muni Rama Reddy Building, 1St Floor Mangammana Palya Road, Bommanahalli, Bangalore, No-113/3B	India
S1-685136113	Noble Advisors	No 13 - 14, 1St Floor, Sv Complex, Navodaya Nagar, Kothanur Main Road, Jp Nagar, 7Th Phase, Bangalore South, Bangalore, Karnataka	India
S1-199042405	Auto India Private Limited	Delhi, North West, Delhi, 1106, Gd-Itl Tower, Netaji Subhash Place Pitampura	India
S1-528564226	Sorensen's Supply Inc	641 La Grange Road, La Grange, IL	US
S1-382072597	Lotus Developers Private Limited	Kolkata, 14J, Howrah, West Bengal, Station Road Dhakuria, Kolkata	India
S1-510655095	Bev Walker Regional Taxable LLC	161 Emily Lane, Oneida, TN	US
S1-406508866	Allied Modern Mortgage LLC	14072 431, Tyler, TX	US
S1-533784843	Superior Learning Works Inc.	4532 Kirkwood Avenue, Prescott Valley, AZ	US
S1-394715818	Raisoni Ventures Private Limited	R.S.No.1019/1, Fl.No. Fo-4, Siddhivinayak Pride, Kalamba Ring Road, Karvir, Kolhapur, Maharashtra	India
S1-83312074	South Ad Private Limited	B-36, Paradise Industrial Park, Village - Vasna Chacharwadi, Sanand, Ahmedabad, Gujarat	India
S1-740533054	Sd Academy Partners	885, Lake Town, Block - A Ground Floor, Kolkata, Kolkata, Howrah, West Bengal	India
S1-929826833	Ivenance Fuels LLC	748 Greenwich Place, Richlands, NC	US
S1-683192018	Gurgaon (india) Co	Ground Floor, Tower B, Buliding No. 5, Dlf Cyber City Phase Iii, Gurgaon, Haryana	India
S1-757939813	Internal Medicine Apex Health Inc	108 Jean Road, Stevensville, MD	US
S1-735663405	Natalee's Modern Mortgage	2 Karow Court, Chestnut Ridge, NY	US
S1-487281101	Kinetic Industries Group	Nagpur, Maharashtra, Vidhya Vihar Pratap Nagar, Nagpur, Plot No 11	India
S1-236295728	Lewis All Plus LLC	2600 Lakeland Trail, Birmingham, AL	US
S1-275483592	Carree Martin Acres Inc	3163 Silver Oak Trl, Marion, IA	US
S1-241480437	Foot & Ankle Heritage Medicine LLC	8 Road 2970, Aztec, NM	US
S1-864085570	Shyam Management	Venkatadri Building, Msk Mill Road, Gulbarga, Karnataka	India
S1-966587445	Preferred Apple	1921 Spencer Street, NC, Greensboro	US
S1-698319487	Bright Disciplined	1780 Cochise Stronghold Road, Cochise, AZ	US
S1-697463198	Banwari (India) Marketing Pvt. Ltd.	Flat No. 3C, The Tounne House, No. 6 Haudin Road, Shivanchetty Garden Po, Ulsoor, Bangalore North, Bangalore, Karnataka	India
S1-667800903	Sterling Cleaning Service LLC	18214 Drum Heller Lane, Tomball, TX	US
S1-187164752	Sun Nursing Home	1St Floor, Upkar Layout, Rto Main Road, Near Jnanabharathi Rto, Bangalore, No 477, Karnataka, Bangalore	India
S1-975759136	Chiropractic Star Specialists	2807 Northlake Drive, Henrico County, VA	US
S1-861507912	Moore Lng, L.L.C.	4731 Exeter Street, Fairfax County, VA	US
S1-596743118	Harbor Guild	35 Lincoln Street, Lewiston, MN	US
S1-54921719	Stover, Vasquez & Figaro Silverbox Corp	3176 Hwy 95, Hattieville, AR	US
S1-485776900	Moser Jab	197 Remington Trail, Edwards, CO	US
S1-633523699	Urban Diner Inc	18338 Sh 6, Alvin, TX	US
S1-951302670	Mahaveer Foods Limited	Plot No-92 Vaish Nagar Dudauli Faizullaganj, Lucknow, Uttar Pradesh	India
S1-36458946	Mass Servicesprivate Private Limited	28/Ap, 1306, 33 Street 7Th Sector, Kk Nagar, Chennai, Tamil Nadu	India
S1-30285423	Carpenters Local 747	23977 Zak Road, Buckeye, AZ	US
S1-210351093	Mumbai Technologies Private Limited	301 Ackruti Star Central, Rd Midc Mroal Andheri E, Mumbai, Maharashtra	India
S1-554539288	Myers Hyperliquid LLC	2512 Liberty Road, Greensboro, NC	US
S1-830737832	Chittaranjan Trading Private Limited	1B/204, N G Suncity Phase-1, Hakur Village Kandivali East, Mumbai, Mumbai City, Maharashtra	India
S1-203404916	Paine Pioneer Activate LLC	1301 Monticello Avenue, Sioux Falls, SD	US
S1-591079835	Foot & Ankle All Clinic LLC	528 Mae Street, Fl 1, Medford, OR	US
S1-73968355	Annamarie F. Rowe, DO	100 Hillcrest Drive, Hamilton, MT	US
S1-423558479	Betsey's Total Spa	923 Us Highway 77, Bldg none, Rosebud, TX	US
S1-921396568	Hotel Management Pvt Ltd	Unit No. 231, 2Nd Foor, Dlf Star Tower Building Sector-31, Nh-8, Gurugram, Gurugram, Gurgaon, Haryana	India
S1-904740875	Lewis Smart Rocket	7458 Riven Oaks Court, TX, Cypress	US
S1-208793878	Merrile's Peak Diner	NY, 42 Holmes Street, Islip	US
S1-734200028	Zelda's Blue Transport	Montgomery, AL, 1847 Llanfair Road	US
S1-306354356	Ridge Landscaping Inc	132 851, Smiths Station, AL	US
S1-84102169	Colonial Capital	1678 475, Sullivan, IN	US
S1-925963163	Stein & Santos Inc	2406 Pioneer, Puyallup, WA	US
S1-431659504	Express Aerospace Works	11 Cordelia Way, Vass, NC	US
S1-42620891	Lidyne Karman Inc	2315 Taylor Avenue, City Of Racine, WI	US
S1-325873958	Saint Louis Children's Society Co	8953 Valcour Avenue, Unit APT 1W, Saint Louis, MO	US
S1-981127042	HLN (india) Pvt Ltd	Second Floor, Marigold Business Park, Sco 35-36, District Shopping Centre, Ranjit Avenue, Amritsar -I, Amritsar, Punjab	India
S1-194449837	Amruta Clinic Associates	Flat No-D/701, Bldg No-4 Sadguru Landmark Kalyan, Thane, Mumbai City, Maharashtra	India
S1-665834015	Orthopedic Total Care Associates Center	195 South Street, Unit 3, Boston, MA	US
S1-665706894	Coimbatore South Software LLP	No 51 Old, Dhamu Nagar Puliakulam, Coimbatore South, Coimbatore, Tamil Nadu	India
S1-848917857	The Dent Diner	104 Harvard Road, Norman, OK	US
S1-762241152	Premier Finance Pvt Ltd	E - 182 Lhs Basement Kalkaji, New Delhi, South Delhi, Delhi	India
S1-46310979	Commercial Curious of Surat	Plot No - 44, 45, 46, 47, 2Nd Floor, Devam Industrial - 1, Vanz, Near Hojiwala, Aarohi Rmc Plant, Surat, Gujarat	India
S1-168393938	Galicia and Lowe LLC	222 Honeysuckle Drive, Saratoga Springs, UT	US
S1-373571690	Collective	5009 Ravine Park Lane, Sioux City, IA	US
S1-945702783	Schafer, Orozco & Plascencia Corp	403 Grand Avenue, Ada, OH	US
S1-953712905	Caralie Whitney Pinnacle Saul, LLC	VA, Fairfax County, 6178 Arlington Boulevard	US
S1-472314762	Eartha Nguyen Metropolitan Telefonica	2306 Lily Cove Court, Richmond, TX	US
S1-751201325	Hernandez Comstock, LLC	7145 State Route 753, Hillsboro, OH	US
S1-558942327	Cancer Guild Inc.	668 Newport Avenue, Attleboro, MA	US
S1-321082989	Bores, Brancato and Mcbrayer Polestar	NY, Buffalo, 331 Breckenridge Street	US
S1-237716459	Metro Council	12270 Bali Street, Victorville, CA	US
S1-842896537	Cure Massage	1223 Luella Street, Fort Worth, TX	US
S1-2670378	Lion Constructions (India) Private Limited	No. 8, 1St Floor, Site No. 7&26, Lakshmi Someswaran Nilaya, Vinayakanagar, Hebbal, Bangalore, Karnataka	India
S1-202434240	Family Bay Group	110 Whip Lane, Fl 0, Glen Burnie, MD	US
S1-399389416	Education Committee VI	3304 54th Street, Fort Smith, AR	US
S1-602752445	Tirupati Real Consultancy Private Limited	11/115, Gwaltoli Maqbara, Gwaltoli, Kanpur Nagar, Uttar Pradesh	India
S1-612600067	Ku Organic of New Delhi Limited	H.No. 47-A First Floor, Gulshan Park, Nangloi, New Delhi, West Delhi, Delhi	India
S1-409209761	Sun Infrastructure Private Limited	Nautica F-0506 Casa Rio, Kalyan Shil Road, Kalyan, Thane, Maharashtra	India
S1-508896438	Valley Optimal Home P.C.	275 Mary Knoll Lane, Keysville Town, VA	US
S1-301025029	Bhubaneswar Farmer	Room No 101A, Flat No 101, Block B, Utkal Villa Apartment, Madhusudan Nagar, Bhubaneswar, Khordha, Orissa	India
S1-5421384	Primary Care Partners LLC	1981 Elk Run Circle, Hatch, UT	US
S1-932260031	Sydelle Kuba First Cayman	14845 Upper Birch Creek Drive, Mount Pleasant, UT	US
S1-712864914	Modern Bancorporation Inc	239 Farm Road 76, Springfield, MO	US
S1-601964566	Sea Holdings	No 11A, Kurinji Apartments, Flat 2C M.G.Road, Shastrinagar, Thiruvanmiyur, Chennai, Tamil Nadu	India
S1-246963651	Associated Mortgage Products LLC	17191 Ivandale Road, Loudoun County, VA	US
S1-894321687	Lissome Traders Care	401, 4Flr, Rushiraj Regency, Near Vidya Vikas Cycle, Gangapur Road, Nashik, Maharashtra	India
S1-888227080	Liberty Ftai Associates	CA, 3871 Rancho Road, Redding	US
S1-541486517	Shakti Projects Private Limited	C-29/69, Lohamandi Maldahiya, Varanasi, Uttar Pradesh	India
S1-229996942	Choice Blue Procap LLC	985 K Street, Benicia, CA	US
S1-800529624	Nickerson and Latham of Mineola	3 Russell Drive, Unit Apartment B53, Mineola, NY	US
S1-18726359	Dental Better Specialists LLC	15240 Cleve Drive, King George County, VA	US
S1-792131569	Zephus Star LLC	4161 Winged Foot Place, Fl 1, Chandler, AZ	US
S1-449213331	Pediatric Care of City Of Menomonie	915 Juniper Court, City Of Menomonie, WI	US
S1-904153344	Sun Law Chambers	Plot No. 2-32/A, D.No. 2-2 Sks Mega Township, Ganganapalli, Kakinada, East Godavari, Andhra Pradesh	India
S1-962978614	Corner Diner Group	764 Sandstone Ridge, Cold Spring, KY	US
S1-222681224	Choice Total Inc	Santa Rosa, TX, 17895 Fm 506	US
S1-804257536	Kalyankari Hospital	Mumbai, Abhijit Flat No 9Plot No B-9 N S Road No11 Kapole Co-Op Hsg Soc Ltd, Maharashtra, J V P D Scheme, Juhu	India
S1-828167822	Lilas Buck Aspac, Inc	1019 Tenth Avenue, Gastonia, NC	US
S1-293856437	Western Rogers LLC	10438 Silver Fox Drive, Tucson, AZ	US
S1-315102620	Rager Resolution LLC	1173 Grand Avenue, Carthage, MO	US
S1-566384097	South Metropolitan Churchill	61 Miller Farms Road, Willington, CT	US
S1-462304892	Custom Bright Williams	19 Lariat Road, Placitas, NM	US
S1-987010400	Sunrise Consulting Pvt Ltd	A-3, Shreepal Complex Near Aradhana Cinema, Thane, Maharashtra	India
S1-548024059	Stelly Gulf Marshall Inc	520 Memphis Avenue, Town Of Blooming Grove, WI	US
S1-261345307	Mueller Communications LLC	34010 Salal Street, Snoqualmie, WA	US
S1-246574404	Pukhraj Educational Society	44/1095C-2 Mylaady Chambers Lfc Cross Road, Kaloor, Kochi, Ernakulam, Kerala	India
S1-3341015	Bright Worldwide Inc	15 Heath Terrace, Unit Apartment 1, Tonawanda, NY	US
S1-605304876	Continental Leapfrog PLLC	3542 Snelling Lane, Marianna, FL	US
S1-248810108	Patterson Express Eagle Inc	270 Mobile Drive, Fl 1, Ashland, OR	US
S1-237782086	Ridge Committee	1427 Doverside Drive, Apex, NC	US
S1-323228137	Commission on Transportation	14 Village Place, East Haven, CT	US
S1-874930061	Venkateswara Blooms Associates	C/O Kisan Dada Phadatare, At- Khataval, Post Enkul, Khatav, Satara, Maharashtra	India
S1-288250646	Mercer Bio Inc	1412 Leesburg Avenue, Springdale, AR	US
S1-517915853	Knudson Learning Center	135 Osborne Street, Unit Apartment 1, Auburn, NY	US
S1-486816598	Balashree Technology Private Limited	56/57, Mumbai City, Maharashtra, Mumbai, Mittal Chambers 228, Nariman Point	India
S1-979266640	Sirius Architecture, Inc	262 Boston Post Road, Unit Suite 2, Port Chester, NY	US
S1-525614905	Trusted Robotics LLC	300 Sweathouse Creek Road, Victor, MT	US
S1-535861273	Federal Express Live	6510 Annandale Road, OH, Mayfield Heights	US
S1-60414795	James Classic Community, Inc	Unit Apartment 108, 55 Bridge Street, NY, Saugerties	US
S1-548093714	Dental Partners Inc	1106 Kingsway Drive, Unit APT 1, Lorain, OH	US
S1-731824678	Hickman Chain Inc	168 Warren Road, Brimfield, MA	US
S1-367034090	Prime Imperii	5767 Highway 103, Weir, KS	US
S1-945077204	Biogen Hospital Private Limited	41, Kolkata, Bipin Bihari Ganguly Street, 5Th Floor, Unit No. 5J, Kolkata, Howrah, West Bengal	India
S1-369538847	Advanced Pioneer PLLC	Seven Hills, 6639 Glenella Drive, OH	US
S1-182561046	DV Clear Science Inc	13517 Colfax Avenue, Burnsville, MN	US
S1-65852263	Krishna Multitrade Private Limited	C/O Amritesh, Uma Shankar Prasad, 71 Behind Keshav Hospital, Saguna, Danapur, Patna, Bihar	India
S1-991841132	Warner Midwest Gsr	IN, Indianapolis, 7316 Appaloosa Way	US
S1-664355108	Eye Partners Inc	2100 Sumner Street, Lincoln, NE	US
S1-405074253	New Oil Private Limited	F No.206, Bldg No.2, Mont Vert Grande, Sno.122/A Sus Road Pashan, Pune, Maharashtra	India
S1-418840732	Summers Partners PLLC	Wake Forest, NC, 6324 Wakefalls Drive	US
S1-300368375	Gulbarga Technologies Private Limited	H.No 73, Cci Colony, Indra Nagar, Kurkunta, Sedam, Gulbarga, Karnataka	India
S1-724903594	Nexance Consulting	4451 Game Farm Road, Urbana, OH	US
S1-915917021	Naval & Partners Private Limited	Muzaffarpur, Bairiya, Bihar, Ward-10, Near Housing Board Kadri Masjid Po-Kolhua Paigambarpur, Ps-Ahiyapur, Muzaffarpur	India
S1-31032794	Fresh Latin PC	Thousand Oaks, 608 Calle Tulipan, CA	US
S1-180811452	Swastik Management Private Limited	A-89, Madhu Vihar, Near Patparganj Bust Depot, Delhi, East Delhi, Delhi	India
S1-832050262	Shakti Agro Limited	C/O Gurnav Singh Saluja, Beside Zudio, Kultapara, Sadar, Sambalpur, Orissa	India
S1-739672849	Upper Valley Long Inc	Vandalia, IL, 127 Gallatin Street	US
S1-163344744	Prime Life Infotech Limited	Khasra No. 8//5/8, Village Bhila Jail Road, Subhanpur Road, Kapurthala, Punjab	India
S1-646143601	Aguilar Surgical	2990 River Road, Grand Island, NY	US
S1-267427323	Vi Blevins Catering Inc.	105 Heathfield Drive, Frederick, MD	US
S1-302155210	Solaris Industries Private Limited	Worli B.D.D Chawl No.103/50, N.G.Bansode Marg, Mumbai, Mumbai City, Maharashtra	India
S1-499382294	Blanco Lifesciences	671 Alpha Avenue, Brownsburg, IN	US
S1-172104058	Sahaja Traders Private Limited	Unit No B-813 8Th Floor Advant It Park, Plot No 7, Sector 142, Noida, Gautam Buddha Nagar, Uttar Pradesh	India
S1-956991162	Modern Clough	995 Villa Vista Place, Fl 1, Centerville, OH	US
S1-828302204	Mac Foundation	214 C R Avenue, Kolkata, Calcutta, West Bengal	India
S1-803867952	Subhlaxmi Trading Pvt. Ltd.	120, 1St Floor, Raj Plaza 24, Shandhanand Marg, Indore, Madhya Pradesh	India
S1-502280437	Niex LP	88-12 80 Street, Woodhaven, NY	US
S1-502275537	Suryavanshi Holdings	# 309, 4Th B Cross Hrbr Layout, Iii Block, Bangalore, Karnataka	India
S1-360488265	Jai Systems Private Limited	19/1276, Indira Nagar, Lucknow, Lucknow, Uttar Pradesh	India
S1-78278999	Constancio Green Constellation	7 Little River Lane, Flat Rock, NC	US
S1-42637588	Blue Perimeter	1137 Glenn Avenue, Springfield, MO	US
S1-665735345	Young's Express Realty	210 Pine Knot Lane, Unit 201, Graham, NC	US
S1-210122431	Davis College	4556 Indianridge Road, Sylvania, OH	US
S1-678250778	Ace Fish Co	501, Maharashtra, Mumbai City, Mumbai, Jyoti Estate, S N Road, Anand Nagar Andheri E	India
S1-512725535	Credit Software Systems Inc.	1327 5th Street, Attalla, AL	US
S1-639091249	Deccan Solutions Limited	S-8/110 P.S Khajuri, Maqbool Alam Road, Varanasi, Uttar Pradesh	India
S1-680779707	Shree Apple Company	P.No. 66, Kanak Vrindavan Prime, Kanakpura, Sirsi Road, Jaipur, Rajasthan	India
S1-432725599	Horak Colonial Johnson	6687 NC211, Lumberton, NC	US
S1-558847131	Castellani & Sanders LLC	4062 21st Avenue, Gary, IN	US
S1-731704064	Anchor Supply Holdings	28 Beech Glen Drive, Black Mountain, NC	US
S1-672222074	Behavioral Health Physicians LLC	Charlotte, NC, 4021 Browtine Drive	US
S1-78396716	Foundation Networks Technologies LLP	K-118/E-1, Ground Floor, 6Th Avenue, K Block Boughan Villa Apartments, Annanagar(E), Chennai, Tamil Nadu	India
S1-356951822	Signature Global	324 Sandpiper Drive, Bethany Beach, DE	US
S1-550960819	Premier Properties Pvt Ltd	Haryana, Hisar, Hissar, H No 692 Sector-15A	India
S1-485485559	Conner Hospital Corp	70 Forest Place, Fredonia, NY	US
S1-556234994	Dane and Conley Inc	26 Enos Avenue, Edgartown, MA	US
S1-332184455	Li & Turner Inc.	KY, Princeton, 7558 902	US
S1-806145538	Global Perfect Exports Pvt Ltd	New No.5B, Old No.13, 2Nd Cross Street 3Rd Main Road, Venkateshwara Nagar, Velac, Hery, Chennai, Tamil Nadu	India
S1-434711227	Hunger Charities	718 Brandywine Avenue, Schenectady, NY	US
S1-866012426	Iconic & Brothers Associates	C-3, Nathubhai Park, St.Xavier'S High School Road, Ahmedabad, Ahmedabad, Gujarat	India
S1-370595750	Oliver Service Inc	166 Salisbury Street, Rochester, NY	US
S1-639870547	Moia Rush LLC	1015 Donovan Briley Boulevard, Unit Apt D, North Little Rock, AR	US
S1-461834175	Kiernan & Labarre PC	4768 Bar Neck Road, Tilghman, MD	US
S1-267445552	YX Taiwan PC	716 Dividing Road, Fl 0, Severna Park, MD	US
S1-145391673	Strickland Trust, LLC	107 Davis Street, Unit APT 9, AK, Anchorage	US
S1-867189499	Caldance Monte LLC	875 Academy Street, Charlotte, NC	US
S1-567424927	Happy Auto Body	760 Main Street, Unit 2, Brigham City, UT	US
S1-105648976	Jolene Farnham Webster L.L.C.	IN, 11180 Main Street, Flat Rock	US
S1-892508757	Jarlara Media	108 Rodgers Street, Bluffs, IL	US
S1-110662739	Sava Pacific Hartford	688 Jackson Park Road, Troutdale, OR	US
S1-719238784	Optsonex Holdings Group LLC	524 Hollingsworth Manor, Elkton, MD	US
S1-483210751	Martinez Colonial Storage Group	City Of Oconomowoc, WI, 1120 Shady Lane	US
S1-110141944	Gulf First Investors Inc	144 Marywood Drive, High Point, NC	US
S1-657657132	Bragg Allspring	1091 Vossclare Lane, Breese, IL	US
S1-491204002	Elite Delta Evolution Co	11101 Resource Parkway, Houston, TX	US
S1-604117272	Hitech Supreme Services Private Limited	Koraput, Orissa, Plot No: 423/3669, (Khata No: 65/3205) Tala Indira Nagar Semiliguda	India
S1-727394581	Regional Chemical Alliance LLC	380 Daleville Road, Unit Apartment 52, Willington, CT	US
S1-406806264	Urvi Vidyalaya	C/O Himanshu Shankhdhar, H.No 551 Sector 21 Nada Sahib, Haryana, Panchkula	India
S1-176496041	Gold Dynamic Properties Limited	B-13, Dainik Janyug Apartments, C-1, Vasundhra Enclave, Delhi	India
S1-321042893	Bertina M. Rosas, DPM, DDS PC	15852 W Union Road, Unit #136, Beaverton, OR	US
S1-319623651	Colonial Rain	3718 Eugene Street, Pulaski County, VA	US
S1-28313199	Virtue and Desantis Resource LLC	1848 Woodstork Lane, Bolivia, NC	US
S1-767574104	Keystone Corporate	30678 Terry Mill Road, Montgomery Creek, CA	US
S1-842779104	Doan All Columbia	403 Illinois Street, Hooker, OK	US
S1-841015443	Sirodyne LLC	319 23rd Street, Virginia Beach City, VA	US
S1-918887395	Douglas and Clardy, Inc	616 Baltimore Avenue, Greenfield, OH	US
S1-541141877	Royal Industrial Advisors LLC	395 Witches Rock Road, Bristol, CT	US
S1-517658056	Glyphelle Systems LLC	NC, 2361 Fayetteville Street, Asheboro	US
S1-431995033	Internal Medicine Care, LLC	Greensboro, NC, 321 Regan Street	US
S1-530898943	NCA Golden Short LLC	160 Briarwood Lane, Wilkesboro, NC	US
S1-686610815	Womens Health Physicians Corp	Stafford, KS, 875 10th Street	US
S1-39082718	Quia Partners LLC	13229 Whitaker Way, Portland, OR	US
S1-679619563	Vema Buy Pvt Ltd	House No 605, Nr Dashama Mandir, Dholakuva, Gandhinagar, Gandhi Nagar, Gujarat	India
S1-800687701	Sun Care Private Limited	H-No 27 Vitthal Nagar, Lalghati, Huzur, Bhopal, Madhya Pradesh	India
S1-797086028	Cherice Green Dogecoin LLC	Robbins, IL, 4112 137th Street	US
S1-250280931	Mcmahon Sterling Soulpower, LLC	TN, Livingston, 1539 Upper Hilham Road	US
S1-66330797	Valencia Mercer Eye Care LP	1655 Hoffman Road, Jackson Springs, NC	US
S1-236397740	One Law Chambers Private Limited	12C/4 Durga Prasanna, Paramhans Road, Kolkata, Kolkata, Howrah, West Bengal	India
S1-461144982	Vandana International School	Peoplei, D59/365B, Shivpurva, Varanasi, Uttar Pradesh	India
S1-629980998	Signature Cargo Worldwide Care	51 Lake Lane, Yorkshire, NY	US
S1-44206067	YTW Promoters Private Limited	Mumbai, 1St Floor Samkeet Aptoffice No 105 Sant Janabai Rd Hanuman Road Vile Parle East, Maharashtra, Mumbai	India
S1-555957831	Shivam Construction Private Limited	Flat No.1806, 18Th Floor, Paraiso Bldg No 2, Kalyan, Kalyan, Thane, Maharashtra	India
S1-289445281	Unique Global Pvt Ltd	602, 6Th Floor, Bldg No.16, Ajmera Heights Iii Chsl, Yogidham, Kalyan, Thane, Maharashtra	India
S1-279157594	Urban Tech Private Limited	Khordha, Orissa, Plot No-1215/1422, Khandagiri Bari, Mouza-Ghatikia, Ps-Khandagiri, Bhubaneswar	India
S1-704250829	Rocky Apex Arch L.L.C.	IA, 317 Clark Street, Clarinda	US
S1-326575536	Samruddha Buildcon Pvt. Ltd.	M-71/A, Iiird Floor, Jagatram Park, Laxmi Nagar, Delhi, East Delhi, Delhi	India
S1-471214180	Maxworth Advisors	Maharashtra, Kumar Kruti Appts, Wadgoan Sheri, Opp Cerebram, It Park, Pune, A8/1204, Pune	India
S1-163077720	JI Software Limited	Howrah, West Bengal, Kolkata, 29-5A, Dr. Ambedkar Sarani, Topsia Road, Kolkata, Vishwakarma Ii	India
S1-459996080	Express Union, LLC	East Aurora, Unit Suite 2, 695 Main Street, NY	US
S1-698662524	Spice Foundation Limited	A-60 Avas Vikas Colony, Suraj Kund, Gorakhpur, Uttar Pradesh	India
S1-802120230	Overcash Federal Cms	3 Cumberland Lane, Lubec, ME	US
S1-267736961	Gold Financial Pvt Ltd	Gf, Shop-7, Gayatri Vihar Apartment, 411 (B32Prantika), Garia Garden, South 24 Parganas, West Bengal	India
S1-822527440	Autism Assistance Fellowship VI	101 Kirk Street, Mount Vernon, OH	US
S1-682477366	Shree Vision Systems Private Limited	Block No C/13St Plus D Chs Mulund (W), Mumbai, Mumbai City, Maharashtra	India
S1-827759398	Exotic Foundation	No.82, F2, 4Th Street, Maruthinagar, Madambakkam, Chennai, Kancheepuram, Tamil Nadu	India
S1-106775939	Internal Medicine Associates LLC	23351 Zoar Road, Georgetown, DE	US
S1-312734624	Tedi Cox Intermediate LLC	Peoria, 417 Western Avenue, IL	US
S1-411146541	Certified Midwest Skin Care Inc	108 Grand Avenue, Aurora, IL	US
S1-69232284	VO Japan Inc	9843 Columbine Avenue, Montclair, CA	US
S1-416130915	Mendes and Brundage Retail LLC	2713 17000E Road, Momence, IL	US
S1-155228361	Maa & Co Private Limited	73, Balaji Layout, Mylasandra Village Kengeri Hobli, Bangalore, Karnataka	India
S1-983237906	K 8 Certified Living	26284 29, Heath, AL	US
S1-993246408	Yes (India) Engineering Private Limited	Building No. 32/323, Muthambi Road, Koyilandi, Kozhikode, Kerala	India
S1-320092458	KFB Integrated Corp	7 Manor Drive, Unit Apartment D, Queensbury, NY	US
S1-780400330	Behavioral Health Center L.L.C.	NC, Morehead City, 1219 Woods Court	US
S1-790095129	Blaschke, Keith & Rosen Care	WI, 101 Stroud Street, Village Of Randolph	US
S1-617270932	Zeteex Global, Inc	3275 97th Street, Cleveland, OH	US
S1-626599141	Graham, Angelica, Ph.D., P.C. Group	120 Steamboat Lane, Unit APT 1, Ballwin, MO	US
S1-877292493	Cortez Karman	429 Darlene Lane, Arlington, TX	US
S1-16839245	Sequoia Galata	14 Bay Avenue, Shelter Island, NY	US
S1-299453262	New Delhi Esolution Private Limited	Delhi, New Delhi, Central Delhi, 2176/1Rajguru Road Chuna Mandi Pahar Ganj	India
S1-539090309	Superior Lane LLC	43 Eagle Street, Philmont, NY	US
S1-297374091	Wood Federal Natural Inc	5804 Baynebridge Drive, Virginia Beach City, VA	US
S1-198536254	First Finance Limited	#Vpc No.90/2 At:Mallur Tq: Byadgi, Dt:Haveri, Byadgi, Haveri, Karnataka	India
S1-558772965	Sharona Rivera Recruiting L.L.C.	4716 Coke Street, Houston, TX	US
S1-241678218	Blue Global Limited	Shop No 16, Ground Floor Market Block Nehru Nagar, New Delhi, South Delhi, Delhi	India
S1-444109687	Aurify Calamos Corp	1068 Westridge Drive, Waterville, OH	US
S1-181752042	Highland Council	4944 300, Fillmore, IN	US
S1-404466688	Q 9 Anchor Public LLC	225 59th Way, Birmingham, AL	US
S1-629464448	Varun Services LLP	H No. 1207Janta Flatsnear, Gtb Hospital Gtbenclave, North East Delhi, Delhi	India
S1-873588428	Urology Vanguard Associates	350 Bryan Street, Beatrice, AL	US
S1-155505115	Pioneer Rare Corp	1717 Knolls Drive, Newton, NC	US
S1-995572998	New Foods Private Limited	C-401, Rukmini Vaibhav, Chsl, Azad Nagar 3, Vd Rd, Mumbai, Maharashtra	India
S1-327405218	City Agrotech Pvt Ltd	Plot No. 11, Hsiidc Complex Sector -33, Near Info City 2, Gurgaon, Haryana	India
S1-510316751	EH Direct James P.C.	16825 Gravel Hill Road, Milton, DE	US
S1-196716011	Sunrise Global Private Limited	71/480 (48/743A), Kausalya Nagar Bus Stop, Deshabhimani Road, Ernakulam, Kerala	India
S1-927372443	Jai Golden Engineering LLP	Dada Bazarbhartiya Krida Mandir 57 Naigaon Cross Rd Wadala(W), Mumbai, Maharashtra, Mumbai	India
S1-632812909	Alto Healthcare Pvt. Ltd.	Mahat Road, Cuttack, Orissa	India
S1-259566176	Carpenters Local 555	20410 Blue Beech Drive, TX, Katy	US
S1-448808180	Gurgaon Iv Private Limited	M-36 Old Dlf, Gurgaon, Haryana	India
S1-633198652	Complete Complete Alibaba Inc	22 Emerald Ridge Court, Pikesville, MD	US
S1-13855693	Graphics Diagnostics	H No- 966, Sec 9, Panchkula, Ambala City, Panchkula, Haryana	India
S1-936319885	Yaksha Group of Companies	8-3-945, F No 501, Ameerpet, Khairatabad, Hyderabad, Telangana	India
S1-355337487	Human Rights Coalition	1611 Wiswell Road, Unit 17, Murray, KY	US
S1-319761497	Bihani Trust Associates	C/O Shri Gautam Krishna, Sanchipatti Bagmali Gachi, Hajipur, Vaishali, Bihar	India
S1-967698579	Krishna Global	520 Diamond Harbour Road, West Bengal, Calcutta, Kolkata	India
S1-155814648	Sweet Barbershop! Inc	2116 Marsh Lane, Unit 504, Carrollton, TX	US
S1-469219828	Right Enterprises Pvt. Ltd.	Ele Nesco It Park Goregaon East Nesco It Building No 4W E Highway., Goregaon East, Mumbai, Maharashtra, 10Th Flr C Wing Near Service Lift	India
S1-705923786	Prue Rice, DO Center	826 Three Notch Street, Unit Unit 301, Troy, AL	US
S1-562175922	Siify Talon Corporation	12370 1247, Waynesburg, KY	US
S1-28556782	F N & Y Banco Inc	Vandalia, OH, 714 Buttercup Avenue	US
S1-784866179	One Management LLP	Flat No. 1, Siddharth Apt East Near Babli Pada, Link Road, Dahisar, Mumbai, Mumbai, Mumbai City, Maharashtra	India
S1-20306842	Om Power Private Limited	Bangalore, 10/1, Bangalore 560 052., Karnataka, Ground Floor, Lakshminarayana Complex Palace Road	India
S1-799330644	Monaco Logistics LLC	513 Palisades Boulevard, Fl 0, Crownsville, MD	US
S1-637627315	India Pacific Printing Company	2614, 6Th Floor, The Corenthum, A-41, Sector 62, Noida, Gautam Buddha Nagar, Uttar Pradesh	India
S1-665989323	Supreme Hospitality Alliance, L.L.C.	285 Antioch Circle, Terre Haute, IN	US
S1-46615290	Terre Haute Dermatology Anchor Associates LLC	215 Poplar Street, Terre Haute, IN	US
S1-183433043	Corner Pub	517 Western Avenue, Unit 29, Medford, OR	US
S1-407554487	Spine Sangh	609, Sushant Lok Phase 1, Gurugram, Gurgaon, Haryana	India
S1-439730777	Royal Business Limited	H.No. 132, Janta Enclave Dhandra Tehsil Ludhiana West, Ludhiana, Punjab	India
S1-4962711	Meyer, Barnett & Benge	6131 Centinella Street, Simi Valley, CA	US
S1-185120420	Headline Media Private Limited	S.N.-270/1 At.Cinchawad, Tal Malegaon Chinchavd, Malegaon, Nashik, Maharashtra	India
S1-475750986	Agni Solutions Private Limited	S/O Ubaidullah, Rani Laxmi Bai Complex, Kisan School Campus Old Basti, Basti, Uttar Pradesh	India
S1-737651716	Patriot Project	2440 Mc Clintocksburg Road, Deerfield, OH	US
S1-806442558	Norris Unified Wireless L.L.C.	Glendale, AZ, 7640 Julie Drive	US
S1-297334093	Ranevue Keystone Edison Inc	6307 Wimberly Drive, Chattanooga, TN	US
S1-845493376	Raven LLC	1016 Welch Street, Village Of Belleville, WI	US
S1-192986616	Govans Family Blue Center	6900 Petworth Road, Govans, MD	US
S1-899309274	Valencia Galvez Apogee	4043 Coventry Lane, Huron, OH	US
S1-988173560	Modern Clean Money LLC	401 The Greens Circle, Unit 423, Raleigh, NC	US
S1-438409093	Aditya Impex Private Limited	Flat No 301, A Wing, Ahsa Palms Bldg Shiv Shakti Nagar, Dawadi, Dombivali, Thane, Maharashtra	India
S1-341137832	Economic Development Program	106 Sibley Drive, West Seneca, NY	US
S1-286061787	Novio Babcock LLC	NC, High Point, 3650 Rising River Lane	US
S1-520730944	Aditya Exports Limited	06B-105, 6Th Floor, Wework, Spectrum Tower, Mindspace, Chincholi Bunder Road, Malad West, Mumbai, Maharashtra	India
S1-921355244	Silver Market LLC	397 Main Street, NY, Freeport	US
S1-198041406	Dorree Torrey Nippon	744 Delhi Drive, City Of Socorro, TX	US
S1-528100157	Dental Center Inc	201 Lee Street, VA, Unit #A202, Suffolk City	US
S1-146941945	Gangaksh Chemicals Pvt Ltd	Gautam Buddha Nagar, Uttar Pradesh, Floor Gaur City Centre, Gautam Buddha Nagar, Office No Oc540 Fifth	India
S1-897151714	Red Grill! Inc	9224 Knoll Crest Loop, Austin, TX	US
S1-36017704	Interstate Guild	13173 Hickory Ridge Road, Bldg 8654, Plain City, OH	US
S1-513215566	Harbor Illumination Corp	760 Rockdale Road, NC, Vale	US
S1-727791058	Seum Pioneer Deutsche Corp	MA, 13 Amherst Avenue, Agawam	US
S1-594959480	Litecon Photonics LLC	54 Chippewa Creek Road, Hammond, NY	US
S1-198832266	Classic Custom Fidelity	2804 68th Street, Urbandale, IA	US
S1-608900722	Basant Fishing Pvt Ltd	Plot No. 21 Village Mitrol, Palwal, Faridabad, Haryana	India
S1-666553695	High Power Private Limited	D03 Assetz Soul & Soil, Sy 43 & 45 Chikkagubbi Main Road, Bangalore, Karnataka	India
S1-540623330	Garland Cummings Atlantic Alussa	3088 Iron Mine Spring Road, Oak City, NC	US
S1-58433955	Stokes, Moreno and Soto Wisekey Partners	2426 Thoroughbred Drive, Unit 4110, Bowling Green, KY	US
S1-453268471	Herminia Stafford, CPA, P.C.	70 Bishops Ridge Drive, Albemarle County, VA	US
S1-613329027	Houston Family Allied Program	7203 Woodsman Trail, Houston, TX	US
S1-188695911	Rajawat Consultants Private Limited	25 Ganesh Chandra Avenue, Kolkata, West Bengal, Calcutta	India
S1-510312721	Vide Mines Public Limited	6 Lalita Park Societynr Ishwarbhuvan Navrangpura, Ahmedabad, Gujarat	India
S1-117866925	Ho, Hernandez & Nichols	105 Cherokee Drive, Thomasville, NC	US
S1-44090099	Mandy Salem Iris	2501 Forest Drive, Unit 166, Village Of Plover, WI	US
S1-178206037	Rushil Erectors (India) Private Limited	Ano-338 Plot No- Prakash Enclave, Chakeri, Hal Colony, Kanpur Nagar, Uttar Pradesh	India
S1-155964028	Vision Group LLC	AR, Gentry, 13776 Taylor Orchard Road, Unit Apt 3	US
S1-169836978	Precision Metropolitan Cal LLC	2411 Elmwood Avenue, Kenmore, NY	US
S1-915388329	Stueve, Chan & Bauer Gabelli Inc	338 Palmer Avenue, Mamaroneck, NY	US
S1-11762665	Raviam Electricity Pvt Ltd	Delhi, Vikrant Tower Rajinder Place, New Delhi, 1208	India
S1-196459131	Bright Finance Private Limited	Near Ram Lila Ground Po Chamkaur Sahib, Ropar, Rupnagar, Punjab	India
S1-927698206	Martinez & Ambrosio Prime Inc.	3827 Lizard Rock Place, Tucson, AZ	US
S1-619173831	Hotel Nidhi Limited	G-191 F/F, Old Seemapuri, Shahdara, Delhi	India
S1-786170207	Matti Valverde, DDS LLC	1712 21st Street, Redmond, OR	US
S1-328098485	Stevenson Oyster	4456 Naval Air Road, Unit 41, Port Hueneme, CA	US
S1-662614977	All Tech Pvt Ltd	Plot No.22, Krishna Nagarannexe Off: Evr Periyar Road, Manapakkam, Chennai - 600 116., Tamil Nadu	India
S1-239172760	Services Bright Lines Limited	10-2-111, 1St Floor, Street No.6, West Marredpally, Hyderabad, Telangana	India
S1-352958862	Edmond Payments LLC	2304 Yorkshire Court, Edmond, OK	US
S1-385411565	Pioneer Builders	WI, 527 Fargo Trail, City Of Madison	US
S1-941796285	Rutter Industries P.C.	2900 St Rose-lebanon Road, Springfield, KY	US
S1-850031175	Millay, Maude, M.D.	5952 Hidden Palms Drive, City Of El Paso, TX	US
S1-760271020	Federal Society	7777 Oakwood Street, Ralston, NE	US
S1-173339872	Classic Minerals	17640 Maverick Drive, Natrona, WY	US
S1-771849721	Green Builders Limited	2/165, Thuraiyur To, Uppiliyapuram Main Road, Turaiyur, Tiruchirappalli, Tamil Nadu	India
S1-472770480	Economic Development Alliance	770 Deal Street, Junction City, OR	US
S1-919733927	Confer's Produce, Inc.	1044 Stonehaven Drive, City Of North Salt Lake, UT	US
S1-104866121	Gurgaon Credit Limited	House No 136 Village Bhajgera, Sec 113, Gurgaon, Shop No Gf, Haryana	India
S1-919196591	Golden Foundation Private Limited	202, 2Nd Floor, Plot No. A/15, Jai Krishna Complex, Off Veera Desai Road, Mumbai, Maharashtra	India
S1-387465863	Ace Textile Technologies Inc	522 Shore Road, Unit Apartment 4LL, Long Beach, NY	US
S1-571393401	AH Patriot Fortis Corp	1519 Walnut Street, Town Of Pines, IN	US
S1-566945033	Alexina R. Peterson, MD, PC Clinic	OH, Harrison Twp, 169 Hillgail Road	US
S1-758342882	Consulting Pinkrose Impex Pvt Ltd	Shop No. 8, Csc No. 4 First Floor, Dda Market, Sector-07 Rohini, New Delhi, Delhi	India
S1-541407190	Premier Media Collective LLC	322 Enterprise Boulevard, Lebanon, IN	US
S1-850606398	Mountain National Pharmaceuticals LLC	207 Hamilton Street, Wapakoneta, OH	US
S1-261779770	F & N Metro LLC	527 Bighorn Road, Unit 302, Naperville, IL	US
S1-315431680	Marisa Pennington, D.O.	101 Phoenix Circle, York County, VA	US
S1-677712937	Infrastructure United Investments Limited	12/147, Link Road, Near Hans Dharamkanta Nunhai, Agra, Uttar Pradesh	India
S1-321907297	Roseann Amos Trusted Goldman LLC	14021 Justin Way, Unit 23F, Laurel, MD	US
S1-953407596	Seema Ventures Ltd	Plot No 10, N-4, Cidco F Sector, Chikalthana, Aurangabad, Maharashtra, C/O Maitreya Ashok Mudkavi	India
S1-669043829	Colon First City	405 Barcelona Drive, City Of El Paso, TX	US
S1-201953835	Anderson and Baker Adamas	12106 Proctor, Houston, TX	US
S1-857839601	Rocky Fellowship	14722 Caprio Avenue, Spokane Valley, WA	US
S1-960605766	Chennai Roads Private Limited	No. 109, Ground Floor, First Street Shanthy Nagar, Radha Nagar Chromepet, Chennai, Tamil Nadu	India
S1-823070959	Guru Consultancy Private Limited	129/130 Bhagwan Nagar 2Nd Floor Near Balasahib Gurudwara Ashram Jungpura S.O.South Delh, I, New Delhi, South Delhi, Delhi	India
S1-990163439	Chambliss & Shuler Willow Inc	202 Cedar Street, Kuttawa, KY	US
S1-422131594	East Activate	2275 Northampton Street, Unit 9, Holyoke, MA	US
S1-451678478	Sahni Engineering Private Limited	Mampilli House Peruvaram, North Paravoor, Ernakulam, Kerala	India
S1-927596416	Star Software Union	8301 Springwood Creek Lane, Houston, TX	US
S1-397081662	Chiropractic Health LLC	3924 Bel Pre Road, Silver Spring, MD	US
S1-611958238	JGX Graf LLC	Alexandria, IN, 1031 28	US
S1-628169346	Kathrine Fox Solana PLLC	9907 Kenmont Ln, Creekside, KY	US
S1-317277042	Glaze's Excavation	Harrisonburg City, 1951 Evelyn Byrd Avenue, VA	US
S1-928763911	L+ Kogyo	2324 Evenson Drive, City Of Onalaska, WI	US
S1-431830647	Golden Properties Pvt Ltd	Dss-378, Hisar, Sector 16-17, Hisar, Haryana	India
S1-633523724	Asset Building Center	991 100, Richfield City, UT	US
S1-396448962	Industries Boom Info Private Limited	2-B/9 Piramal Nagar Goregaon (W), Mumbai, Mumbai City, Maharashtra	India
S1-810060607	Paine Secure Wisconsin LLC	12513 Crystal Ridge Drive, City Of El Paso, TX	US
S1-641622504	Kugler & Perez Inc	13 Schoppe Drive, Orono, ME	US
S1-291219991	High Foods Private Limited	3/144-1, Golla Street, Pyalakurthy Village, Kodumur, Kurnool, Andhra Pradesh	India
S1-302623297	Jain Healthcare Private Limited	B-73, Sector 6, Noida, Ghaziabad, Uttar Pradesh	India
S1-766392501	Vision Agro Private Limited	Plot No.14, Street No.8, Ravindra Nagar Colony, Habsiguda, Secunderabad, Hyderabad, Telangana	India
S1-107913416	Hazelwood Myers LLC	1702 Hanfield Street, Cincinnati, OH	US
S1-460184656	Pediatric Specialists Inc	4509 Ryan Avenue, Billings, MT	US
S1-656871963	Tirupati Ram Infotech Private Limited	Unit No 14 Third Floor, Millennium Place, Lucknow, Uttar Pradesh	India
S1-918742892	Select Horse	Griswold, CT, 130 Brewster Road	US
S1-825696206	Keystone Atlas Inc	86-32 55 Avenue, Elmhurst, NY	US
S1-624888172	Thane Study	1021, Flat 208, B Wing, 2Nd Floor Audhumbar Apartment, Balaji Nagar, Bhiwandi, Thane, Maharashtra	India
S1-361263438	Barnes Element	2905 Casa Del Norte Drive, Albuquerque, NM	US
S1-835204997	Candra Bench, DPM, P.C.	Long Island, 90 Leavitt Street, ME	US
S1-310017139	Physical Therapy Physicians	2874 Avon Geneseo Road, Avon, NY	US
S1-467918423	Platinum Integrated Couture LLC	4407 57th Terrace, Kansas City, MO	US
S1-536406038	Hunger Center	12302 Andante Drive, Bldg 6001, Herriman Town, UT	US
S1-517248583	Jineshwar Foods Private Limited	B2-9 Siddheshwar Nagarairport Road Vishranth Wadi, Pune, Maharashtra	India
S1-416542302	Baar Family Office Inc	19826 916 Road, Cookson, OK	US
S1-130047832	Orthopedic Prairie Partners P.C.	291 Parker Circle, Wildersville, TN	US
S1-823609361	Chapa Mountain Fuel LLC	2798 K-v Road, VA, Lunenburg County	US
S1-789426544	Conceicao Atlantic Arch, Inc	126 Beaumont Avenue, Burlington, NC, Unit 7	US
S1-476195607	Raj Exports LLP	No.57, 9Th Cross, 5Th Main Road, Chamrajpet, Bangalore South, Bangalore, Karnataka	India
S1-918043867	Aathi Trading Limited	610 Arneja Cornersector 17 Vashi, New Mumbai, Maharashtra	India
S1-703289825	Crystal Agricultural Advisors LLC	86 Smith Hill Road, Airmont, NY	US
S1-454231145	Temple Catholic Church	3896 Avondale Road, Williams, AZ	US
S1-964555236	Kangarappady Trading Private Limited	Villa 11, Vineyard Parayil Choorakulam Road, Kangarappady, Ernakulam, Kerala	India
S1-100979361	Little Nails	9849 Voss Avenue, Keller, TX	US
S1-95194363	Dream Hotels Pvt Ltd	Flat No -1A, Bhootal, High -Ve- Height Apartment Semra, Chinhat, Lucknow, Uttar Pradesh	India
S1-678863564	Sterling Oxley Associates	54 Toews Road, Wolf Point, MT	US
S1-499892148	Metropolitan Media Systems, Inc.	6511 Bedford Circle, Fl 0, Derby, KS	US
S1-491664006	Raj Properties	Office No.7, 9Th Floor, Pinnaacle Corporate Park Condominium Block, Bandra Kurla Complex, Bandra East, Mumbai, Maharashtra	India
S1-656199802	BRB Distillery Associates	Kollam, C/O Salabudeen, Haseenamanzil, Parippally, Kerala, Kollam	India
S1-67674994	Dyanne Vassar Highland Highland LLC	3213 64th Street, Seattle, WA	US
S1-922861247	Invixo Pty Private Limited	A-2, Basement Shivalik, Delhi, New Delhi, Delhi	India
S1-535729154	Cozy Diner LLC	194 Tafoya Road, Belen, NM	US
S1-990996106	Zsa Zsa Beaulieu Future	MN, 23108 127th Street, Glenwood	US
S1-11246184	National Education Technologies of Port Neches Inc	2046 11th Street, Port Neches, TX	US
S1-5864747	A Heritage Quantum L.L.C.	9589 2nd Avenue, Unit 3D, Elk Grove, CA	US
S1-380738770	Vision Industries Group Pvt. Ltd.	Door No. 32/2383-D2, Second Floor K M M Building, Palarivattom, Kochi, Ernakulam, Kerala	India
S1-373810395	High Energy Private Limited	Plot No A212, R N 30, Thane, Maharashtra	India
S1-598142896	Reliable Tour Pvt Ltd	98 B, 3Rd Floor, Taimoor Nagar, New Delhi, New Delhi, South Delhi, Delhi	India
S1-350653193	Shiva Finance Private Limited	Old 4-B, New 11 Bharathi Park Cross Road 3, Coimabtore, Coimbatore, Tamil Nadu	India
S1-565844497	Frontier Pediatrics	10413 Sandstone Court, Mentone, CA	US
S1-493177664	Spr Trading LLP	783, Yashodama Erandavana Nearkamla Nehru Park, Pune, Maharashtra	India
S1-180853590	Ear Nose & Throat Health	3282 Melrose Road, Roseburg, OR	US
S1-867365570	Fresh Auto Body	202 Knox Drive, Upper Providence Township, PA	US
S1-480055007	Kp Active Pvt. Ltd.	Hig - 417, Flat No. 202, Manavi Mansion, Iv Phase, Kphb, Hyderabad, Telangana	India
S1-444484227	Wildlife Fellowship, Inc	304 Jefferson Street, New London, IA	US
S1-975588880	XBL Kpet	459 Carter Road, Plymouth, CT	US
S1-278247824	Urban Best International Pvt Ltd	25/D1 4Th Street Peons Colonly Indranagar Koundampalayam, Coimbatore, Tamil Nadu	India
S1-624102029	Hospitality Solutions Ltd	11- Patel Colony 3 - 4 Naherunagar, Aarav, Jamnagar, Gujarat	India
S1-629806428	Oncology Continental Care Associates PLLC	5119 Blondo Street, Omaha, NE	US
S1-926719833	Pune Energy Private Limited	201Omsai B Bldg No18B 2Nd Floor Sn 53/3B B. T. Kawade Rd, Taradutt Colony Mundhwa, Pune, Maharashtra	India
S1-182136219	Miller Strategic Better LLC	11277 New Biddinger Road, Harrison, OH	US
S1-328738810	Ace Polestar LLC	2205 Wintergreen Drive, Bend, OR	US
S1-937066551	Silver Architecture LLC	5607 119th Street, Snohomish, WA	US
S1-831922252	Samriddhi Services Pvt Ltd	Bargarh, Orissa, Backside Of Odessey Motor, C/Osantosh Kumar Purohit	India
S1-881510394	Tara (transferred Limited	Plot No 01, Heavy Industrial Area, New Power House Road, Jodhpur, Rajasthan	India
S1-691622069	Shiv Exports Private Limited	Maharashtra, Unit No.10 & 11, Vasai East, Indra Vasahat, Near Navjeevan, Vasai Phata, Thane	India
S1-145733157	Vanguard Education Collective	444 Sandman Drive, Kure Beach, NC	US
S1-705440875	Good Consultants Private Limited	Krushna Diary, Krushna Nagar Main Road, Rajkot, Gujarat	India
S1-340745284	Premier Construction Services Inc	421 Hunter Loop, Bertram, TX	US
S1-69670668	Redwine Optimal Wintergreen LLC	126 Main Street, Unit Unit 3, Souderton Borough, PA	US
S1-297289817	Blazer Crypto LLC	269 4013, Palestine, TX	US
S1-865415130	Sweet Bakery	7257 Holland Hill Lane, IN, Bloomington	US
S1-903808834	Excelsior Solutions Private Limited	001-2, Sahajeevan Tower (Building No. 53) Sahajeevan Co-Op Hsg Scoiety Ltd, Tilak, Nagar, Mumbai, Mumbai City, Maharashtra	India
S1-932043072	Gujarat Construction Private Limited	Office No - 01, A-4 First Floor House No 285, Kh No 136/2, Near Shiv Chowk, Rohini Jail Road, Delhi, North West Delhi, Delhi	India
S1-676541429	Autism Assistance Coalition	6812 Ohio Street, Omaha, NE	US
S1-796524983	La Ventures Limited	H.No.8-4-315/20, Prem Nagar, Erragadda, Ameerpet, Hyderabad, Telangana	India
S1-52788209	Classic Impex LLP	Evelina Bldg Flat. 901, Hiranandani Estate Patlipada, Thane, Maharashtra	India
S1-513467754	Kay Archimedes LLC	2380 Graves Road, Hebron, KY	US
S1-270971412	Stonecipher Abony LLC	13085 Scott Road, Garden City, KS	US
S1-721837602	White Dynamic Vision	1140 Newport Common Drive, Unit 107, Knightdale, NC	US
S1-613137824	First Transit Corporation	89 Highland Avenue, Fl Floor 1, Buffalo, NY	US
S1-326297661	Cox, Caballero and Wester P.C.	12201 96th Place, Kirkland, WA	US
S1-431387492	Vanguard Peak Services LLC	IL, Waukegan, Unit APARTMENT 202, 2800 Grand Avenue	US
S1-622374625	Om Estate Private Limited	Gujara Mala, Pune, Maharashtra, Ap Shirur, Tal Shirur, Pune	India
S1-834828540	Indo Software Private Limited	Brahm Singh, Kh.No -208 Shop No-4, Village Kondli, Delhi, East Delhi, Delhi	India
S1-73905239	Avanti Innovations (India) Private Limited	D.No 2/145- 6, Salem Main Road, Puduchatram, Namakkal, Tamil Nadu, Namakkal, Tamil Nadu	India
S1-185461178	My Exports Private Limited	C/O Gopiram, Hero Chowk, Japani Zone, Neemrana, Alwar, Rajasthan	India
S1-455541032	Rj Fe Private Limited	Uttar Pradesh, Banda, C/O Rekha Fatehganj Dadhwa Manpur Naraini, Banda	India
S1-165890090	Bright Products Pvt Ltd	B-602, Riddhi Siddhi, Plot 69C Sector 21 Kharghar, Navi Mumbai, Maharashtra	India
S1-580832167	Solyn National LLC	20915 San Mar Road, Boonsboro, MD	US
S1-346270459	Great All Series Inc.	13388 91st Place, Maple Grove, MN	US
S1-28577691	Neale's Biotech	2725 Dumbarton Street, Washington, DC	US
S1-673367190	Total Audio Installation Inc	Proctor, MN, 9330 Skyline Parkway	US
S1-200656762	UCE Innovative Technical LLC	4902 Indiana Avenue, Fort Wayne, IN	US
S1-872978967	Urology Regional Clinic Corp	2220 66th Lane, Phoenix, AZ	US
S1-709742992	Kolkata (india) Private Limited	91/2, Safuipara, Baidyapata, Arobindo Park P.S. -Kasba, Kolkata, Kolkata, Howrah, West Bengal	India
S1-348673679	PF Communication Private Limited	S-97, Sec-12, (F.F), Noida, Gautam Buddha Nagar, Uttar Pradesh	India
S1-699941151	Life Projects Private Limited	B-204 Puja Appartments Plot No 77 I P Extension Patparganj, Delhi, East Delhi, Delhi	India
S1-479783161	SZ Optics Inc	3948 Foothill Road, Santa Barbara, CA	US
S1-841602265	Kali Barth Onfolio LLC	5226 Peppers Ferry Road, Wythe County, VA	US
S1-618285952	Arha Software Private Limited	20/24 Soundrajan Sreet, Ccc Homes, 'B' Block 2 Nd Floor, Door No S4, T Nager, Chennai, Tamil Nadu	India
S1-707760473	Mulford, Ruiz and Singh	49 Terrace Court, Carmel, IN	US
S1-472432286	Keystone Advantage, L.L.C.	VA, 25 Cottage Circle, Augusta County	US
S1-477538874	Nomonet Industries	1499 Broadway Road, Dracut, MA	US
S1-210783960	Metropolitan Power LLC	288 380, Pleasant Grove, UT	US
S1-900593758	Sanet, Inc	50 Monarch Lane, Hutchinson, KS	US
S1-606170022	Blossom Life Pvt. Ltd.	Unit No 611, Pearls Best Hights-Ii Plot No C-9 Nsp, Pitampura, Delhi, North West, Delhi	India
S1-783546194	Shiva Health-Chorasi	Bl No.800/2, Sr 864/2, Amroli Sayan Road, Variyav, Chorasi, Surat, Gujarat	India
S1-982444906	Digital Investment Private Limited	Kopri, Thane, Maharashtra, Thane, Anand Aneex Building 2Nd Floor Anand Cinema Compound	India
S1-84979808	Ahmedabad Fund	Ahmedabad, Maninagar Sant Punit Road, L.G.Corner, Gujarat, Ahmedabad, Upper Plaza 4 Punit Complextopp. Nelsons High School	India
S1-540257150	Express Design Enterprises Inc	290 Panorama Drive, Marion Town, VA	US
S1-940391485	Media Ashirbad Techno Pvt. Ltd.	Plot No. 15-16, South Extension Part-1 Opp. Adarsh Public School, Uttamnagar, New Delhi, West Delhi, Delhi	India
S1-357629838	Benitez Metro Newtekone Care	2436 Highwood Drive, Dallas, TX	US
S1-336349403	Yamuva Software LLP	P-38, India Exchange Place, Calcutta-1., Calcutta, West Bengal	India
S1-97005839	ORK Twelve LLC	67863 Mesquite Avenue, Salome, AZ	US
S1-29507374	Eye Anchor Center LLC	Waterford, NY, 106 Midway Court	US
S1-751295948	Custom Marine Associates	2628 5th Place, Tulsa, OK	US
S1-954480619	Lissy Hughes Cannabis Inc	8 Highland Street, Unit 1, Rockport, MA	US
S1-151956591	Q 8 P Made	9 Essex Street, Salem, MA	US
S1-384217569	India Systematix Ups Private Limited	Flat No 202 Plot No 56 Kh No 667 2Nd Floor Star Apartment Rithala Village Vijay Vih, Ar Phase 1, Rohini, North Delhi, Delhi	India
S1-324907389	Price, Huddleston and Weibel, LLC	160 Cannery Ridge Lane, Frederick County, VA	US
S1-638922585	Huskey and Lopez Churchill PLLC	214 Andrew Drive, Clarksville, TN	US
S1-912858680	Apex Systems Pvt Ltd	302, 3Rd Fl, Sr. No. 48/13/3, Vijaylaxmi Prestige, Rahatani-Kalewadi Link Road, Rahatani, Pune, Maharashtra	India
S1-245441123	Shareef Devji Street Engineers LLP	Room No.30, 3Rd Floor, Parkar House, 31/43, Shareef Devji Street, Mumbai, Maharashtra	India
S1-397453629	Srijan Consultants	B-2/259-405, Sadhubela Apartment, Varanasi, Uttar Pradesh	India
S1-910267858	Heffington College	197 James David Drive, Point Pleasant, WV	US
S1-752939701	Collins, Snyder & Guo Tribeca Inc	614 Cherry Hill Road, Street, MD	US
S1-774934953	Frayda's Security Services Inc.	3960 Aries Brook Drive, Columbus, OH	US
S1-835419677	Lissi C. Ford, P.A.	N7888 N G, Town Of Oma, WI	US
S1-898441868	Ferrer Invest LLC	49 Kibby Lane, Dennis, MA	US
S1-382930093	Shree Engineering Private Limited	Delhi, Block-E, Pkt-4 Sector-7, Rohini, Delhi, North East, House No.19	India
S1-509961458	Jcn Producer Private Limited	117/(336C) P Block, Near Gopal Tower Kakadeo, Kanpur, Uttar Pradesh	India
S1-344985036	Mashburn Sun LLC	100 Trinity Court, Unit 229, Perrysburg, OH	US
S1-74338892	South Care Private Limited	Tibrewal Sadan, Nr Sbi Camp Road, Malegaon, Nashik, Maharashtra	India
S1-794999036	Chiropractic Rapid Medicine LLC	Surgoinsville, TN, 319 Surgoinsville Creek Road	US
S1-989203377	Cure Diner LLC	118 Barryington Drive, Waterloo, IA	US
S1-840707969	Ballabgarh Traders Private Limited	D2/22, Sector 10, Ballabgarh, Faridabad, Haryana	India
S1-856490667	Sutherland's Federal Security	2 Bellevue Avenue, NY, Cortland	US
S1-858978488	Bueno, Christian and Seltzer Cal LLC	60 Webb Road, Windham, ME	US
S1-130018504	Anand Blue Producer	Indore, Scheme No 78 Part 2 Vijay Nagar, Madhya Pradesh, Plot No 12	India
S1-523623802	Rocky Capital Partners	526 228th Avenue, Sammamish, WA	US
S1-515382913	New Network Corporation	Adda Ransata (Hazipur) Dasuya To Hazipur Road, Hosiarpur, Hoshiarpur, Punjab	India
S1-882835124	Panchganga (India) Software Private Limited	#1276, 1St Floor, Keveeb, B/H Vvr School, Next Layout, Doddakannahal, Bangalore, Karnataka	India
S1-452737699	Black Solutions Private Limited	Falt No, 507 5 Th Floormgr Estates Dwarakapuri Colony, Panjagutta, Hyderabad, Telangana	India
S1-351950757	Heartland Alliancebernstein LLC	265 Grove Avenue, Cedarhurst, NY	US
S1-602440532	Falcon LLC	8848 8th Street, Unit 16B, Phoenix, AZ	US
S1-978947873	Great Construction Private Limited	At-C/O Kishore Mohanty, S/O-Biduyat Prabha Mohanty, Malipara, Fatak, Sambalpur, Orissa	India
S1-740270062	Delhi Chits Private Limited	Je-2, Block-J, Gali No.9, Beri Wala Bagh, Hari Nagar, Near Durga Mandir, Delhi, West Delhi, Delhi	India
S1-182350424	Royal System	9512 Larch Lane, IA, Johnston	US
S1-916755193	Eye Physicians of Channelview LLC	1729 Lori Lane, Channelview, TX	US
S1-986322321	Star Telecom Products	1 Edgewood Court, Chillicothe, OH	US
S1-728332269	Blue Grill LLC	627 5th Street, Clinton, OK	US
S1-213301344	Direct Talent Studios Inc	542 Saratoga Road, Sneads Ferry, NC	US
S1-292615208	Laxmi Software Private Limited	210, 2Nd Floor, Tv Industrial Estate, S K Ahire Marg, Behind Glaxo, Worli., Mumbai, Mumbai City, Maharashtra	India
S1-663434335	Merrielle Welch Precious LP	MA, 185 Freeman Street, Brookline, Unit 749	US
S1-821099846	Kalpetta (India) Infraproject	G 65 Akalkaji, New Delhi, South Delhi, Delhi	India
S1-776446727	Kian Step Private Limited	Vp 89F, Ramaneeyam, Peyad P.O., Neyyattinkara, Thiruvananthapuram, Trivandrum, Kerala	India
S1-494965033	1646 Ocean Ave Company	96 Quincy Street, Rochester, NY	US
S1-317981351	Deleon & Lopez Inc	405 Van Buren Avenue, Saint Paul, MN	US
S1-648289113	Lewis, Courtney and Quintero LLC	5526 Staff Village Drive, Pulaski County, VA	US
S1-979463930	Teel Highview LP	450 Brady Beach Road, Russia, NY	US
S1-320400684	Best Tech LLP	42/J Haramohan Ghosh Lane, Kolkata, Howrah, West Bengal	India
S1-866832780	Busonor	60 Schiller Road, Dedham, MA	US
S1-713599256	Infrastructure Sai Finvest Limited	23, N.W.A. Club Roadpunjabi Bagh, New Delhi, Delhi	India
S1-298877090	Pediatric Specialists of Bear	430 Corato Court, Bear, DE	US
S1-147569934	Back Alley Nails	8547 Raven Court, Tucson, AZ	US
S1-163438271	Davis Enhanced LLC	800 Ogan Avenue, Grinnell, IA	US
S1-387424759	Bombay New Logistics Private Limited	3162 Fourth Floor Kucha Tara Chand Daryaganj, New Delhi, Central Delhi, Delhi	India
S1-141347038	Keeney Minerals LLC	9822 Brinzino Court, Elk Grove, CA	US
S1-959580291	Pediatric Dental Atlantic Center Inc	214 Carson Cub Court, Montgomery, TX	US
S1-755478990	Chiropractic Cascade Group Inc	2702 Elm Avenue, Enid, OK	US
S1-371279768	Solex Restaurants Corp	3008 Kilkenny Road, City Of El Paso, TX	US
S1-363752158	RD Hotel LLC	16807 Manning Street, CA, Victorville	US
S1-603107324	Keystone Mortgage Holdings	9835 Newton Avenue, Bloomington, MN	US
S1-185349777	Aditya Investments Limited	Survey No 745/1/2Talegaon Dabhade Mumbai Pune Rd, Pune, Maharashtra	India
S1-512939885	Lotus Iq LLP	207, Maharshi Debendra Road, 4Th Floor Room No. 73A, Kolkata, Kolkata, Howrah, West Bengal	India
S1-253000788	Love, Tyrrell and Vining Giant	603 North Street, Bedford, IA	US
S1-175689426	Sedona Holdings Gurgaon	3 E 043 Ridgewood Estate Dlf Phase Iv, Gurgaon, Haryana	India
S1-781242268	Candid & Sons Limited	122 Arenja Arcadesector 17 Vashi, Navi Mumbai, Maharashtra	India
S1-657626552	Nrr Marketing Private Limited	171, Sanzgiri Sadan, 2Nd Floor, A - Block, Girgaum, Mumbai, Mumbai City, Maharashtra	India
S1-437426557	National Custom Energy	21 Makawasha Avenue, Crow Agency, MT	US
S1-274128166	Buus	GA, Atlanta, 455 Ontario Avenue	US
S1-164676607	Farquhar Arrow of Altamont, LLC	TN, Altamont, 247 Lake Drive	US
S1-13053649	Surya Exports Limited	#128/P2, Epip Ind. Area, Whitefield, Sonnenahalli, Bangalore North, Bangalore, Karnataka	India
S1-200004381	Cancer Institute	159-18 43 Avenue, Flushing, NY	US
S1-783570816	Federal Agricultural Networks	2759 Stone Mill Way, Hamilton, OH	US
S1-321805538	Global Broadcast Worldwide L.L.C.	1027 Oliver Street, Fillmore, CA	US
S1-332238776	Ashoka India Pvt. Ltd.	10, Ishan Bunglows, Near Parl Villa Bunglow, Village Shilaj, Taluka Daskroi, Ahmedabad, Gujarat	India
S1-289477063	Secure Strategies LLC	1001 Battle Creek Way, GA, Atlanta	US
S1-846031257	Libby Xie Continental American LLC	1707 Capitol Avenue, Unit #7, Bismarck, ND	US
S1-184673022	Pune Technology LLP	Ghone Brothers, House No 46 Dhankawadi Gaon, Pune, Maharashtra	India
S1-999829769	Continental Montessori School	200 Fort Meade Road, Unit 1408, Laurel, MD	US
S1-835581754	Cure Coffee	2840 Dave Ward Drive, Unit Apt F2, Conway, AR	US
S1-874682146	Jay Infrastructure Pvt Ltd	187 Sainagar Soc, Dindoli, Mangrol, Surat, Gujarat	India
S1-700641920	Data Wellness Consultants Inc	48 Garner Street, Unit Apartment A, Cohoes, NY	US
S1-727253169	Gulf Select Spa Inc	253 Hull Street, Brooklyn, NY	US
S1-311884968	DW Alpex PC	5215 Mason Drive, Indianapolis, IN	US
S1-243801757	Great International Pvt Ltd	2/23, Dashashree Mali Nagar, Narsing Lane, Malad (W), Opp. N L High School, Mumbai, Mumbai City, Maharashtra	India
S1-693154681	Better Medical Digital Inc	107 Julie Lane, White Oak, WV	US
S1-481586703	Bay Institute	9313 Shoveler Trail, Fort Worth, TX	US
S1-209962563	Apex Media Private Limited	304, 3Rd Floor, Plot No. 1 Rg Complex, Rohini Sector-8, New Delhi, North West, Delhi	India
S1-349027619	Trice Bridge Corp	970 89/91, Unit 130, Logan City, UT	US
S1-520682975	Cozy Yoga Inc.	734 Commodore Street, Clayton, NC	US
S1-56483344	Heart Alliance	3334 Cherry Blossom Drive, Fl 1, Olympia, WA	US
S1-527595287	Silver Tavern!	5626 Welmering Drive, Fl 0, Saint Louis, MO	US
S1-352600381	Wt & Co	26, 2Nd Cross, Kudala, Sangamanagar, Kodigehalli, Post, Bangalore North, Bangalore Rural, Karnataka	India
S1-355850450	Fisher Choice Worldwide Inc	124 Hawthorn Drive, Shelburne, VT	US
S1-404417181	Thane Villas Co	Room No. 101, 1St Floor, Brahma Appt, Suresh Nagar, Thane, Maharashtra	India
S1-597776332	Oconner Gesher	Surprise, 17827 Calavar Road, AZ	US
S1-6344565	Spring Hope Acadia	725 Ruffin Collie, Spring Hope, NC	US
S1-277361935	Gray, Gosse & Palmer Kensington LLC	137 Lillie Road, Stanley, NC	US
S1-130890269	Lpl & Co	Showroom No. 2, Temple Road Jayalakshmipuram, Mysuru, Mysore, Karnataka	India
S1-839917608	WP Prime	17415 246th Ave, Pleasant Valley, IA	US
S1-57396698	Capital Paper, LLC	38837 450th Street, Lengby, MN	US
S1-361080711	Drayium Sachem P.C.	1057 Alton Court, Naperville, IL	US
S1-610665482	Corly's Delta Skin Care LLC	1503 Bettie Court, Capitol Heights, MD	US
S1-953665805	Economic Development Network	2749 Oberlin Road, Raleigh, NC	US
S1-552544757	N 5 Apex Rail Inc	1017 Dogwood Lane, Milwaukie, OR	US
S1-811793890	Sai Trading	S-104, Bhagat Singh Colony, Bhiwadi, Alwar, Rajasthan	India
S1-583059672	Back Alley Pizza! Corp	5337 Glendale Street, Duluth, MN	US
S1-546682283	Royal Healthcare Private Limited	C/O Harpal Singh, Narayanpur Sofa, Aligarh, Uttar Pradesh	India
S1-107328074	Torres Uranium	Rotterdam, NY, 3139 Turnbull Street	US
S1-18341117	Preparatory Academy	Dyersburg, TN, 422 Fuller Avenue	US
S1-534265138	Vanguard Adamas, L.L.C.	128 Crosstrails Road, De Queen, AR	US
S1-128207618	Tory Giese Marine LLC	2524 Woodlyn Way, Unit A, Greensboro, NC	US
S1-193379835	Satpuda Technology Private Limited	S-13, 2Nd Floor, Shivaji Park Punjabi Bagh, New Delhi, Delhi	India
S1-65820296	Colonial Society	411 Main Street, Unit 1, Mechanicsburg Borough, PA	US
S1-446059976	Niex Investments LLC	105 Litchfield Street, Unit APT F149, Coeburn Town, VA	US
S1-769228954	Wolverton Animal Hospital	E9511 1390th Avenue, Town Of Sand Creek, WI	US
S1-54352084	Total Bright Publishing	7421 Treon Place, Huber Heights, OH	US
S1-253952559	Anand Technologies Limited	52, Floor-4Th, Plot-46, Merryland Chs, Dr R G Thadani Marg, Podar Hospital, Worli, Mumbai, Mumbai, Maharashtra	India
S1-893159896	All Lease LLC	950 Bell Road, Phoenix, AZ	US
S1-711808948	Parikrama Vyapar Limited	Shop No. 5, Jaipur, Shubhash Colony, Keshopura, Ajmer Road, Jaipur, Rajasthan	India
S1-335846790	Nelson Premier Steers Corp	123 Flanner Street, Burlington, NC	US
S1-410610117	Deveris Corporation	23 Moose Horn Road, Granby, CT	US
S1-805811299	Blue Integrated Couture Inc	8937 Golden Sunset Trail, Keller, TX	US
S1-993226934	PAR Services Private Limited	C-1873 18Th Floor Block C Sector-4 Plot No. Gh -01, Avenue Gc 1 Gaur City, Dadri, Gautam Buddha Nagar, Uttar Pradesh	India
S1-297343387	Basalt Ubs Inc.	2109 32nd Avenue, Portland, OR	US
S1-352812316	Bharat Enterprises Limited	17/1168, A 31 Happy Building 2Nd Floor, Puthiyara, Calicut, Kozhikode, Kerala	India
S1-269442618	Gold Energy	H. No. 7-41/1, Heera, Colony, Hydershahkote, Golconda, Hyderabad, Telangana	India
S1-20091251	High Agro Limited	Pl 307 Office Aero Wheelz Sn-17 Opp-Nirmal Park, Dhankawadi Chvanngr, Pune City, Pune, Maharashtra	India
S1-10458491	Cosentino Lifeco Inc	1906 5th Street, Winthrop Harbor, IL	US
S1-670760748	Anguiano Inflection LLC	502 London Square Drive, Clifton Park, NY	US
S1-767833721	Primary Care Bright Health	1247 2nd Avenue, Newport, MN	US
S1-366092445	Yang Return LLC	WI, City Of Sun Prairie, 1334 Overlook Pass	US
S1-380580331	Aditika Sports Private Limited	Plot No.59-D, G/F, K.H.No.419 Western Green Farm N.H-8, Near Shiv Murti, Delhi, South West Delhi, Delhi	India
S1-890174690	Irvine, Darnell & Wood Inc	903 Saginaw Bay Court, Spring, TX	US
S1-749833591	Desert Paper Inc.	Clarksville, 220 Jeffery Drive, TN	US
S1-444583674	Pelham Sterling Webster	4000 Redwood Road, Unit 1413, West Valley City, UT	US
S1-254658412	Tanu Advisors	West Bengal, Dabaipani, Darjiling, Lingsey Khasmahal, Lava Bazar D.I.F., Darjeeling	India
S1-68953626	Neff Arc LLC	9128 Rowe Court, Charlotte, NC	US
S1-112923460	Miller Best Galaxy Ltd	24760 276th Place, Maple Valley, WA	US
S1-804765937	Redwood Recycling Pvt. Ltd.	W-23, Midc Industrial Area, Nagpur, Maharashtra	India
S1-159303490	Finance Sasa Farmer Private Limited	Room No.Mp7/56, Kuzhiyengal Valayamkandathil House Vilayil Po, Via Kuzhimanna, Malappuram, Malappuram, Malapuram, Kerala	India
S1-784514331	Lohman, Richardson & Connor Jewelers Inc	Cleveland, OH, 2463 82nd Street	US
S1-481373239	First Genomic Labs	25 Norwood Avenue, Normal, IL	US
S1-116561830	Sullivan Monte Inc	1305 Executive Boulevard, Unit 215, Chesapeake City, VA	US
S1-153496771	Callicoat & Dailey Associates	921 Wood, Mckinney, TX	US
S1-222216823	Emerald Natural Private Limited	Ludhiana, Punjab, Khasra No.22//17/3/1, 29//, 1/2, 2, Khata No.120/124, Ludhiana	India
S1-815285897	Congregation Zion	5825 100th Street, Lubbock, TX	US
S1-494028959	Highland School of Medicine Corp	632 7th Street, Burlington, IA	US
S1-390812473	Merriment & Sons Private Limited	Ii Floor, No.5, Radha Krishnan Salai, 3Rd Street, Chennai, Tamil Nadu	India
S1-631362920	Gulf Abacus LLC	20 Robinwood Lane, Kinderhook, NY	US
S1-641236003	Bangalore. Academy Pvt. Ltd.	No.9/2, Museum Road, Bangalore., Karnataka	India
S1-562150790	Dynamic Foods Private Limited	C-274 Vikas Puri, New Delhi, West Delhi, Delhi	India
S1-914020122	Francis Biopharma Inc	209 Columbia Terrace, Peoria, IL	US
S1-545661875	Simran Investments Private Limited	House No.3565 First Floor, Sector-23, Gurgaon, Palam Vihar, Gurgaon, Haryana	India
S1-714586445	Family Allied Association	Jackson, 1932 Highway 45 Bypass, TN	US
S1-122992596	Metropolitan Gaming Inc	809 Hercules Avenue, Evansville, IN	US
S1-919952138	Surgical Medicine	8 Frontier Lane, Rose Hill, KS	US
S1-369058465	Centofanti Industries Clinic	4122 Mayfair Avenue, Chattanooga, TN	US
S1-383867699	Laxmi Industries Private Limited	Mumbai, Mumbai City, 2/4 Rajda Building, Old Hanuman 2Nd Cross Lane, Dhirubhai Pa, Rikh Marg, Maharashtra, 1St Floor	India
S1-557411773	Premier Freight Works	412 -306 Eden Roc Circle, Virginia Beach City, VA	US
S1-683345357	Alpha Global Limited	303 6 Community Centrenaraina, New Delhi, West Delhi, Delhi	India
S1-890936433	Creative Ventures Pvt Ltd	Delhi, C-1/111 Kh-449 G.N. 3 Sonia Vihar Pusta-3 Karawal Nagar, East Delhi, Delhi	India
S1-249574225	JNR India) Private Limited	118 1St Floor Road No 22, Lodha Supremus Ii, Thane, Maharashtra	India
S1-183283123	ZQ Fishery Co	1St Floor, Plot No.2, Opposite Housing Board, Akara Batta, Abu Road, Sirohi, Rajasthan	India
S1-704479363	Harbor Coalition	202 15th Street, Fairfield, IA	US
S1-998818791	Guin & Cole, LLC	1379 Center Springs Road, Somerville, AL	US
S1-129885988	Shah's Hair Studio	2924 George Street, Franklin Park, IL	US
S1-499249421	Leeann Enriquez Interstate Planet, L.L.C.	4431 Duesenberg Drive, Pearland, TX	US
S1-2169715	Saus LLC	2410 42nd Court, Gary, IN	US
S1-407040022	Jeppson and Jacobo Co	211 3rd Street, Argyle, MN	US
S1-519076290	Jay Infra Private Limited	Malayankulamambasamudram Taluk Tirunelveli District, Tirunelveli, Pin, Tamil Nadu	India
S1-468729698	Chennai Prakashan Private Limited	Sfno.2/2A, Plot No.A4, A5 Sri Sai Nagar, Kolappakkam Vandalur, Kancheepuram, Tamil Nadu, Chennai	India
S1-181172933	Laxmi Builders	#25, 1St Floor, 6Th Cross, Leela Palace Road, Vruddhi Complex, (Near Ayyappa Temple), Kodihalli, Bangalore, Karnataka	India
S1-236993845	Aces Nursing Home	H No. 8-3-430/1/15, Telangana, Hyderabad, A-2, P No. 15, Sai Ganesh Residency, Yellareddyguda	India
S1-974369508	Management Mhm Consultants Limited	53 & 54, 5/F Kh No. 8 & 4, Sewak Park, Uttam Nagar, Near Metro Station, New Delhi, West Delhi, Delhi	India
S1-424538610	Classic Supply LLC	604 S Elk Creek Road, Drain, OR	US
S1-694737362	Ellynn Vora Technical Inc	3937 Briar Oak Drive, Mountain Brook, AL	US
S1-892233306	Sai Farmer Private Limited	315, 3Rd Floor, Patel Avenue, Near Gurudwara, S.G. Highway, Bodakdev, Ahmedabad, Gujarat	India
S1-673040139	Ironclad Transport Care	5603 Rittenhouse Shore Drive, Austin, TX	US
S1-678432639	Liberty Society	11504 Arrowmound Pass, Del Valle, TX	US
S1-805536665	Pacific Evo	100 Comanche Court, Waxahachie, TX	US
S1-74948217	Lusk's Analytics Center	200 Blairs Middle School Circle, Unit 120, Pittsylvania County, VA	US
S1-227361974	Ellie Holland, Esq., M.D., P.C.	TX, 6617 Moss Lane, Fort Worth	US
S1-527944320	Great Prime Tpg Inc	99 Orchard Street, Crab Orchard, KY	US
S1-868200857	NC Comstock Inc	2510 Cedar Forest Way, Unit 303, Raleigh, NC	US
S1-950606510	Hattie Hussain Rre Corp	3228 Sudath Lane, Jarrettsville, MD	US
S1-617741036	MJD Sim, Inc	408 Awesome Valley Drive, Elizabeth, WV	US
S1-620689609	Rochester Vision Medicine Group	43 Delray Road, Rochester, NY	US
S1-801330227	Wilson & Vickers Ses LLC	OH, Wapakoneta, 104 Wapak Street	US
S1-856881956	Vasundhara Trading Limited	27-6-84, Sri Krishna Estates, 3Rd Floor Prakasam Road, Governorpet, Vijayawada, Srikakulam, Andhra Pradesh	India
S1-168395001	Balaji Construction Private Limited	F-24/154, Sector-3 Rohini, Delhi	India
S1-697777760	White Care Pvt Ltd	Jalandhar, Punjab, Jalandhar, 195, Model Town	India
S1-672054428	Urban Consultants Private Limited	Mumbai, Bandra Suburban, Opp Mittal Indl.13/14 Marol, Andheri Kurla Road, Andheri (E), 101 Jay Antriksha, Maharashtra	India
S1-235223136	Zhao, Mash & Griffith Spark Partners	1141 Pratt Road, Blanchester, OH	US
S1-328508353	Vaayuaya (india) Pvt Ltd	801, 8Th Floor, Dwarkesh Peninsula, Nr. Tapovan Circle, S P Ring Road, Gandhinagar, Ahmedabad, Gujarat	India
S1-131759266	Weed Jpmorgan	46 Eisenhower Circle, Wellesley, MA	US
S1-55271748	Developers Iron Tech Private Limited	House No. Ff-2 83 Sector-5, Rajender Nagar, Ghaziabad, Uttar Pradesh	India
S1-562176993	Bishop, Hoffmann and Ketner Focus LLC	3875 Dobbins Road, Unit 2134, Phoenix, AZ	US
S1-400760786	Eye Care Associates of Nashville	Nashville, 13153 Old Hickory Boulevard, Unit 218, TN	US
S1-81975432	AL Associates Private Limited	Sastibagan P.S.-Jagacha, West Bengal, Ichapur, P.O.-Santragachi, Howrah	India
S1-56234230	Palam Green Limited	Rz 28/233 J Block West Sagarpur, Palam, South West Delhi, Delhi	India
S1-881502950	International Investment Private Limited	601, Sunshine Plaza, Naigaum Cross Road Dadar, Mumbai, Maharashtra	India
S1-424209592	Deana Cordova, DDS, M.D., P.C.	750 Lakeshore Drive, Goreville, IL	US
S1-834751356	Carlin, Arias and Durbin PLLC	117 Court Street, Richmondville, NY	US
S1-556931472	Adit Honey Pvt Ltd	Delhi, New Delhi, D-15Maharani Bagh Ring Road, South Delhi	India
S1-342429842	Superior Logistics Union LLC	3315 Trellis Lane, Abingdon, MD	US
S1-423722776	Safe Agricultural International LLC	1327 Lakeridge Lane, Irving, TX	US
S1-779272412	Blue Pioneer Street LLC	324 Aqua Vista Loop, Waynesville, NC	US
S1-311570925	Newtech Enterprise Private Limited	Db Patil Estate, Station Road Bhandup West, Maharashtra, B-12, Mumbai, Mumbai City	India
S1-723485050	Urology Center Inc	21624 Waco Street, Nowthen, MN	US
S1-74446127	Colombier	OH, 6749 Smith Road, Middleburg Heights	US
S1-391598653	Great Royal Business Private Limited	Delhi, Tis Hazari, Delhi, 15, Gokhale Market, Opp. New Courts	India
S1-450792187	Shovlin Voya LLC	213 Commercial Avenue, Amboy, IL	US
S1-434802827	Laborers Union Local No 40	865 Kings Parkway, Hempstead, NY	US
S1-724177791	Zitech Golden LLC	Fl 0, MO, Saint Louis, 7666 Grant Haven Drive	US
S1-863641194	Figueroa, Casanova & Landry PLLC	116 Lakeview Terrace, Clovis, NM	US
S1-771779014	Roopin Technologies	New No.4, Shalom Complex, Shop No.20, First Floor, Mannar Street, T Nagar, Chennai, Tamil Nadu	India
S1-19053820	Meridian	4301 Laurel Oak Lane, Muncie, IN	US
S1-185724001	Uptown Bike Shop LLC	229 Smallwood Drive, Amherst, NY	US
S1-196747008	Jai Infra Private Limited	Gut No.52 Varudi Aurangabad Jalna Road Badnapur, Jalna, Maharashtra, Jalna	India
S1-325250785	Keystone Financial Company	357 Cottage Street, Springfield, MA	US
S1-668139592	Direct Financial Brands	3 Remsen Road, Unit Apartment 3M, Yonkers, NY	US
S1-436640256	Lanie Hale Principal Inc.	1081 Savannah Highway, Waynesboro, TN	US
S1-563715989	Shelton Manulife of City Of El Paso Partners	4101 Sunrise Avenue, City Of El Paso, TX	US
S1-725250835	IVP Consultants Private Limited	Roza Yakubpur, Greater Noida, Noida, Gautam Buddha Nagar, Uttar Pradesh	India
S1-384957255	Ghaziabad Alloys Private Limited	A-106 First Floor Sahni, Tower Sec 5 Rajender Naga, Ghaziabad, Uttar Pradesh	India
S1-972926059	Nagpur Technologies Private Limited	Plot No-45, Jai Ganga, Nagar, Chiranjiv House, Nagpur, Maharashtra	India
S1-54624388	Horizon Textile Innovations LLC	14403 Artery Lane, Unit UNIT 34, Prince William County, VA	US
S1-4159617	Signature Dollar	1400 Great Wolf Drive, Unit UNIT 414, Village Of Lake Delton, WI	US
S1-417600197	Modern Sun Builders Private Limited	305, Radheshyam-1, Own Association, Omnagar Bl-7, Mavdi Road, Nr. Dr. Brijesh Patel, Rajkot, Gujarat	India
S1-618544321	Binning Express Associates Inc	13335 Watertown Plank Road, WI, Village Of Elm Grove, Unit Unit 311	US
S1-180130122	Skv Systems Private Limited	Fl-A1001 Tierra Viva, Sn-36/1/1 Nr-Yash Orchid, Haveli, Pune, Maharashtra	India
S1-556051630	Lynelle's Allied Advisory	300 Whippoorwill Road, Crawford, WV	US
S1-266643966	Shourya Services Limited	9/1 Sunbeam, Dr. G. Deshmukh Marg, Mumbai, Mumbai City, Maharashtra	India
S1-281275955	Miller Sterling Alibaba LLC	1835 Dodge Road, Amherst, NY	US
S1-83174643	White Marketing Limited	27 Katha No 901 5Th Main, Suncity Layout 7Th Phase, Bangalore South, Bangalore, Karnataka	India
S1-263277646	Swastik Dynamic Services Pvt Ltd	Faridabad, 171, 1St Floor, Sector 15A, Haryana	India
S1-253424710	Oncology Care LLC	7569 King Road, Fairview, TN	US
S1-727678401	Great Center	220 Marley Street, New Market, MD	US
S1-377738401	Steele, Smith and Hunter LLC	2106 Boulevard, Kokomo, IN	US
S1-327377768	Smart Engineering Limited	R K Tower, 4Th Floor, Flat No 401, Gundala Road, Patel Colony, Gondal, Rajkot, Gujarat	India
S1-239070338	Lakshmi Finance Private Limited	17-4-18-1, Rpgt Road, Hindupur, Hindupur, Anantapur, Andhra Pradesh	India
S1-149526155	Indian Developers Private Limited	17 / 31 Big Sowrastra Street Woraiyur, Tiruchirappalli, Tamil Nadu, Tiruchirappalli	India
S1-503153309	Pioneer Education Solutions Co	2961 27th Avenue, Unit UNIT 20, Bozeman, MT	US
S1-702463907	Vannie Hill, M.D., DDS PC	1114 Twin Oaks Street, Bensenville, IL	US
S1-842728679	D 3 L Automotive Inc	13230 299th Street, Auburn, WA	US
S1-760758927	Gwenni Staples Staking	9413 Ardmore Avenue, Fort Wayne, IN	US
S1-321400092	Rudolph Oneim	3557 Red Hill Road, Tallassee, AL	US
S1-952571031	Pediatric Dental Associates LLC	109 Adams Street, Elmhurst, IL	US
S1-556629301	Gulshan Cricket Private Limited	C/O Manoj Kumar Soni, Bhopal Road, Raisen, Madhya Pradesh	India
S1-562186345	Advanced Staffing Enterprises Inc	1216 Cannon Avenue, Sweetwater, TN	US
S1-7383499	Ledger Stitch Private Limited	Goldseal House, Village Road Bhandup, Mumbai, Maharashtra	India
S1-67160153	Oncology Care	Unit Apartment A, Albion, NY, 226 Park Street	US
S1-811924796	Physical Therapy Physicians LLC	3305 Harbour Town Place, Claremore, OK	US
S1-881273353	Davila's Maintenance	3796 Tottys Bend Road, Duck River, TN	US
S1-993376356	Corbett Crystal Allspring LLC	440 Union Street, Bluefield, WV	US
S1-65412029	Taravi Infracon Private Limited	1043, Indiranagaree At & Post. Padamla, Vadodara, Gujarat	India
S1-174647865	Nagori Realcon Pvt Ltd	Shop No. 110, Wing-1, Rajat Plaza Nagpur Urban Nagpur Mcorp, Nagpur, Maharashtra	India
S1-302250545	Washington Signature Trg	200 Florida Avenue, Unit 429, Washington, DC	US
S1-565936968	Sector -45 Precision Limited	Fourth Floor, Plot No. 93, Sector 44, Sector -45, Gurgaon, Haryana	India
S1-660044232	Hurley's Homecare	5054 Cherrywood Road, Randleman, NC	US
S1-662688248	Coastal Society	5577 Ironwood Drive, Newburgh, IN	US
S1-276003295	Tarain Foundation Ltd	Fl B/908, Polite Panorama, Nr Water Tank Samatha Na, Pune City, Pune, Maharashtra	India
S1-297863402	Castro Tri-State Return	1037 Thames Court, Grand Forks, ND	US
S1-220453919	Belleville Human Rights Prairie Committee, LLC	2707 London Lane, Belleville, IL	US
S1-884849325	Reynolds Culture of Clinton	2948 2650, Clinton, UT	US
S1-496288380	Ram Finance Private Limited	27/1, B. K. Street Uttarpara, P.S.- Uttarpara, Hooghly, West Bengal	India
S1-226204700	Blue Agro Private Limited	Miraya Rose By Ukn, 66/1 Siddapura Village, Hal-Varthur Main Road, Whitefield, Bangalore, Karnataka	India
S1-501651309	Motor Trading Pvt Ltd	302, Ganesh Palaza, Gola Ka Mandir, Gwalior, Madhya Pradesh	India
S1-4217359	Raghav Trading Private Limited	C/O Radha Raman Pd Sahu Vill-Hardia, Dumra, Block-Singhia, Samastipur, Bihar	India
S1-864395077	Carrasco Cascade Babcock Inc.	648 Marion Blvd, Unit 80, Marion, IA	US
S1-178742485	Delta Trust	14426 Sunrise Court, Leo, IN	US
S1-517800727	Minoo	883 Max View Drive, Parker, AZ	US
S1-893535782	Maa It Private Limited	310, Plot No. B - 09 I.T.L. Twin Tower, Netaji Subhash Place, New Delhi, Delhi	India
S1-154437507	Womens Health Partners LLC	1193 Sandra Lane, Monticello, IL	US
S1-931497424	Mccormick, Manning and Allred-Lewiston	19 Edward Avenue, Lewiston, ME	US
S1-284295769	Rudra Consulting Private Limited	Shop No 105, Harman Apartment 16 Sector A Indrapuri, Bhopal, Madhya Pradesh	India
S1-804737474	1 800 I Care 4 U Inc	516 Roberts Court, Cumberland, KY	US
S1-621488922	Human Rights Trust	2320 Pitts Place, Unit 2, Washington, DC	US
S1-528102700	Rocky League Inc	422 5th Street, New Albany, IN	US
S1-784755286	Damodar Advisors	Block-133, Gulmahor Residency, Near Indian Bank, Raiya Road, Rajkot, Gujarat	India
S1-715564797	Pulse Skin Private Limited	Onyx Complex, Rajhans Society Nr. Idbi Bank Circle, Ahmedabad, Gujarat, 401, Navrangpura	India
S1-705393454	Edgar Choice Partners	AR, Mountain Pine, 228 Sentinel Road	US
S1-643802882	Royal Properties Private Limited	Plot No. 7 & 8, Part Of Flat No.201, Aruna Enclave, Guttala Begumpet, Hyderabad, Rangareddy, Telangana	India
S1-355266439	Empire Alliance Inc	89 Prince Street, Unit 4R, Boston, MA	US
S1-112750665	Gardiner & Welsh L.L.C.	411 Jill Avenue, Conroe, TX	US
S1-631252353	Great Allstate PLLC	4104 Calloway Street, Virginia Beach City, VA	US
S1-235827905	Sai Infotech Private Limited	Patna, Bihar, 709, 7Th Floor, Jagat Trade Centre Maurya Lok, Fraser Road	India
S1-37255821	XW Tek Private Limited	C/O Indrajit Verma, Seorai, Zamania, Zamania, Ghazipur, Uttar Pradesh	India
S1-387612744	Keeley Allen, DO, P.C.	1017 Houston Circle, Folsom, CA	US
S1-933508054	Bombay Hospitality Pvt Ltd	Unitech Power Systems, Khewat No.266, Khasra 55/4/5, Village Hangoli, Tehsil Ra, Ipur Rani, Panchkula, Haryana	India
S1-707470669	Complete Briacell	WA, Port Orchard, 12050 Helena Trail	US
S1-622284723	Sierra Ubs Inc	112 Davidson Farm Road, Queenstown, MD	US
S1-411129053	Vaanya Sulz Pvt Ltd	Bri 411 Jai Ganesh Vision Akurdi, Maharashtra, Pune	India
S1-635110499	Human Rights Star Alliance	1205 Warren Switch Road, West Pawlet, VT	US
S1-416583613	Nexyn Fast	1269 Husky Trail, Warsaw, IN	US
S1-764123824	3506 Lexington Boulevard Owners Corp Inc	1008 Alvin Weinberg Drive, Oak Ridge, TN	US
S1-932913306	Drucie Cruz Pinnacle Industrials L.L.C.	50 Evergreen Drive, Shelton, WA	US
S1-31575673	Tri-State Delta Cayman	20 Old Trestle Court, Angier, NC	US
S1-311931834	Zephis Seas Inc	IL, Chicago, 3333 85th Street	US
S1-438430300	Urban Logistics Private Limited	A-15, Fourth Floor, Lajpat Nagar, New Delhi, New Delhi, South Delhi, Delhi	India
S1-748732045	Twisted Book Store	54 Bellwood Avenue, Unit Apartment 1, West Seneca, NY	US
S1-799587036	MVS Life LLP	C-205 Himanshu Chs Ltd M C F Garden Road Boriwali West, Mumbai, Mumbai City, Maharashtra	India
S1-233040222	Crystal Navios LLC	14107 James Dean Drive, Carmel, IN	US
S1-143099585	2741 Broadway Way Holdings	32820 20th Avenue, Unit 26, Federal Way, WA	US
S1-866514162	Eastern Consultancy Private Limited	Plot No. 27, New No B-27, S/F Sector-8, Dwarka, New Delhi, South West Delhi, Delhi	India
S1-71090905	Colonial Sanayi Inc	20304 144th Place, Kent, WA	US
S1-729983664	Scalf Tri-State Capital LLC	2591 Turnberry Court, Lehi, UT	US
S1-295075765	Sutton Corporation	311 24th Avenue, Bellwood, IL	US
S1-928740863	Columbia Solutions Pvt Ltd	Kerala, 44/743 Nivya Road, Ernakulam, Kaloor Kochi, Ernakulam	India
S1-83537942	Foot & Ankle Physicians Inc	10207 184th Avenue, Bonney Lake, WA	US
S1-148803268	Watts Family Practice	920 Chestnut Street, Waukegan, IL	US
S1-560567082	Shree & Brothers Private Limited	S/O Savaranna 4-68 Wadepally, Wadepallyvg, Mahbubnagar, Mahabubnagar, Telangana	India
S1-952894638	Sitara Success LLP	Gajanana Cashew Industries Building No.3-88A, Shakaranarayana Post, Kundapur, Taluk, Udupi, Karnataka	India
S1-136406261	Custom Textile Dynamics LLC	1723 Axton Road, Henry County, VA	US
S1-283808530	Physical Therapy Integrated Physicians LLC	2580 Cooper Street, Freeport, IL	US
S1-549367027	NUB Pharma LLP	Gc, The Highlands No.1, Ormesroad, Kilpauk, Chenai-10, Chenai-10, Chennai, Tamil Nadu	India
S1-541567309	Denton, Koser and Sullivan, LLC	Westhampton Beach, 18 Stevens Lane, NY	US
S1-783394116	Liberty Delta Target	902 Hanna Place Court, MO, Unit UNIT C, Ballwin	US
S1-952478207	P O Gokalpuri Force Limited	K-94, Karawal Nagar, P O Gokalpuri, Delhi	India
S1-763791563	Good International Private Limited	Nagpur, Wardha Road, Maharashtra, 3 Central Excise Colony	India
S1-548666602	Gujarat Management Limited	Ground Floor, Budh Vihar, Badarpur Near Aggarwal Sweet, Mathura Road, Delhi, A-6, South Delhi, Delhi	India
S1-823262268	Advance Solution Private Limited	Dharwad, Yeri Apt, 3Rd Cross Sanmathi Nagar, Kelgeri Road, Dharwad, Karnataka, No-8, Dharwar	India
S1-57235044	Bhagat Consultants	E-54, Ground Floor Sujan Singh Park, Ndmc, Delhi, South Delhi, Delhi	India
S1-260260547	Frontier Institute	842 Westport Drive, Youngstown, OH	US
S1-109132023	Chiropractic Piedmont Specialists LLC	2532 17th Avenue, Portland, OR	US
S1-860641883	Sun Traders Clinic	S No 7-1, Konark Puram, Bldg-D-4, Pune City, Pune, Maharashtra	India
S1-184484093	Stewart Spa, LLC	691 Main Street, Unit 1/2, Marion, OH	US
S1-873784023	Ram Engineering Private Limited	G-2 Nandhini Apartments, 72/45, 1St Main Road, Chennai City Corporation, Chennai, Tamil Nadu	India
S1-232902553	Bharat Foundation Limited	Haryana, Dlf Ph-Iii, Dlf Phase Iii, S-31 A/2, Gurgaon	India
S1-630130733	Vision Industries Limited	A-701, Royal Hights Flat, Vaishno Devi Cross Road, Village Khodiyar, District Ahmedabad., Khodiyar, Ahmedabad, Gujarat	India
S1-120641530	Swatantra Vehicle Public Limited	B706, Ganesh Leela Chsl, Behind Balaji Hospital, Mira Bhayandar Rd, Mira Rd (E), Thane, Maharashtra	India
S1-947513822	Williams Platinum Chadwick Inc	134 Mary Street, Syracuse, NY	US
S1-740943681	Cooley, Carley P., DDS, M.D., P.C.	1173 Penobscot Drive, Soddy-daisy, TN	US
S1-115773611	Zsazsa Williams Modern Mellon PC	Joliet, 2420 Satellite Drive, IL	US
S1-243635503	Ame Brothers LLP	37/406 F, Blue Moon Arcade, Temple Road, Kadavanthra, Ernakulam, 54/3088, Kerala, Ernakulam	India
S1-285766850	Sanskruti Impression (India) Pvt Ltd	2/18, Shivmandir Road, Room No-9 Near Nutun Bazar, Bansdroni, Kolkata, Howrah, West Bengal	India
S1-677862240	Stafford County Youth Association	101 Barrett Heights Road, Stafford County, VA	US
S1-63620147	3287 Church Lane Realty	713 Forest Lane, Unit Lot 33, Benton, AR	US
S1-431241109	Vijay Industries Private Limited	Mumbai, Maharashtra, Mumbai City, 5 Ll Flr Raja Inds Estate P K Road Mulund West	India
S1-537126138	Straight Edge Coffee	104 Wetmore Springs Road, Delano, TN	US
S1-432316901	Hempstead Eye Medicine	4 Court Street, Hempstead, NY	US
S1-529013054	Star Software Partners	909 Man O War Boulevard, Union, KY	US
S1-334994069	Coex Boa P.C.	969 Redwood Street, Nixa, MO	US
S1-975577097	Style Brothers Pvt Ltd	New No.19, New Avadi Road, Kilpauk Garden, Perambur Purasawalkam, Chennai, Tamil Nadu	India
S1-3276518	United Strips Limited	H No 65, Balwant Nagar, Thathipur D36 B06, Gird, Gwalior, Madhya Pradesh	India
S1-743208304	Joint Export Private Limited	144 A, Sharma Building, Main Road, Madan Geer, New Delhi, Delhi	India
S1-486348428	Millennium (India) Konkan Private Limited	No. 155/1D2, Chandrapalayam, Gst Road, Madurai South, Madurai, Tamil Nadu	India
S1-75881502	Better Hawaii	978 Bear Wallow Road, Allegheny Township, PA	US
S1-443552476	Ssa Infrabuild Pvt Ltd	D-23 Magha Sector, Near Bhujbal Farm, Ashokvan Colony, Cidco, Nasik, Nashik, Maharashtra	India
S1-911537189	Dorsey Apple, PC	111 Lowell Street, Waltham, MA	US
S1-481994813	Starrise Opticals Private Limited	74, Subbayaya Nagar, Poonamalee, Tiruvallur, Tamil Nadu	India
S1-599820534	Moms Brothers Ltd	903-904, Brigade Towers 135 Brigade Road, Bangalore, Karnataka	India
S1-207259588	UTA Ornaments	Unit No 302 303 72 Empire Premises Condominium Corner Of Andheri Kurla Road, Western Express Highway Opp Landmark Building Near Gundavali Metro Station Andheri East, Mumbai, Maharashtra	India
S1-573068519	Keeley Bailey Airlines	OH, 7038 Comanche Trail, Mentor	US
S1-565144955	Eye Golden Physicians	St. Albans, 2716 Bard Avenue, WV	US
S1-332254958	Hernandez Consolidated Inc	116 Cool Springs Road, Rush Springs, OK	US
S1-242195439	Dream Infra Limited	Gat No.71/22, Turkheda Near Mamurabad, Jalgaon, Jalgaon, Maharashtra	India
S1-687143677	Zaia LLC	Romeoville, IL, 18 Kenilworth Avenue	US
S1-308675602	Yamuaya Products-New Delhi	03Rd Floor, Cci House, 87, 303, New Delhi, South Delhi, Delhi	India
S1-260265534	Good Investments Private Limited	50/1, Amar Market Bagh, N M Jain, Bharat Nagar, Near Gulmor Hotel, Ludhiana, Punjab	India
S1-291751421	Vanguard Buildcon Pvt. Ltd.	Panasian House M - 31 - Agreater Kailash Part - Ii, New Delhi, South Delhi, Delhi	India
S1-733554453	Clarkson Delta Montreal	5420 Vision Circle, Sioux Falls, SD	US
S1-977477433	Sem Supermarket Private Limited	9Th Floor, Tower D, Unitech Cyber Park, Sadar Bazar, Gurgaon, Haryana	India
S1-565539266	Digital Engineering Private Limited	D10/77-1B Ginning Compound Nh S.G. Pudur, Avinashi Road, Arasur (Po), Palladam, Coimbatore, Tamil Nadu	India
S1-364876430	Hyacintha Blackwell Golden Focus Care	WI, Town Of Florence, 5602 Fisher Lake Road	US
S1-107945970	Thornton Guggenheim	KS, 720 Sheidley Avenue, Bonner Springs	US
S1-536488324	Swanson & Baird	586 Henshaw Street, Leicester, MA	US
S1-92067415	Blue Consulting Private Limited	Mumbai Pune Road Dapodi, Pune, Maharashtra	India
S1-157020136	Pioneer Genomic Technologies, LLC	514 Main Street, Unit Apartment 305, West Seneca, NY	US
S1-524787346	Pinnacle Trading Partners, LLC	151 Capital Avenue, Unit 1306, Mooresville, NC	US
S1-786638184	Mcmullen Tavia LLC	178 Richard Drive, Tiverton, RI	US
S1-903489002	Marketing Trend Media Private Limited	R-103, F-1, 16/24, Bake House Kala Ghoda Maharashtra Chamber Of Commerce Lane, Mumbai, Mumbai City, Maharashtra	India
S1-48025555	Hannon Chs	City Of Wilson, NC, 4913 Summit Place Drive, Unit 404	US
S1-193524792	Modern Electronics Collective, LLC	883 175, Bountiful, UT	US
S1-533435124	Bright Textile Worldwide LLC	21 Chapel Street, Norwood, MA	US
S1-282690665	Better Ventures LLC	3110 Northwest Boulevard, Georgetown, TX	US
S1-385036477	Internal Medicine Health	OH, 54041 Arman Hill Road, Powhatan Point	US
S1-430467301	Cedar Inc	326 Oak Street, Uhrichsville, OH	US
S1-307052167	Golden Bike Shop!	1605 Dooley Road, Whiteford, MD	US
S1-933789478	Acosta and Chapman Wilco Clinic	629 Nashoba Avenue, Columbus, OH	US
S1-414547601	Dynamic Distribution Group	467 Martin Terrace, State College, PA	US
S1-259962445	Trais Sunrise LLC	4342 Brandy Road, Greensboro, NC	US
S1-760138211	Partap Hospital	29-1419/1, Kakatiya Nagar Neredmet, Secunderabad, Hyderabad, Telangana	India
S1-78789684	North Spartacus	207 Pope Avenue, Athens, TN	US
S1-654395773	Frontier Trg	4 Del Lane, Huntington, NY	US
S1-402366232	Ns (India) Farm Private Limited	E108 Second Floor Greater Kailash 1 New Delhi, New Delhi, South Delhi, Delhi	India
S1-942337153	4-Legged Dog	915 9th Court, Battle Ground, WA	US
S1-847959766	Pediatric Dental Partners PLLC	1605 Hallmark Circle, Mountain Home, AR	US
S1-901987948	Outlook & Sons Pvt. Ltd.	39, Pocket-3, Paschim Puri, Delhi	India
S1-722358313	Burrell Specialists LLC	1826 Plank Road, Cheshire, CT	US
S1-734809873	Shin Jab of Saratoga Springs LLC	207 Rosewood Drive, Saratoga Springs, UT	US
S1-340387961	Jones, Martinez & Mcintosh Corp	3764 Us Rte 224, Unit 16, Greenwich, OH	US
S1-116687061	Aquila & Sons Limited	Apt # 101, Gvs & M3 Sriphala Heights Plot # 21 B, 6Th Phase, Kphb Colony, Kukatpally, Hyderabad, Telangana	India
S1-685873514	Chavez Food	5915 Kenneth Avenue, Unit APT 51, Carmichael, CA	US
S1-579682598	Fine Technologies Private Limited	New No 5 (Old No 2-A) 6Th Street Nandanam Extention, Chennai, Tamil Nadu	India
S1-554560722	Rubio Adamas LLC	9200 Purfoy Road, Fuquay Varina, NC	US
S1-66272365	New Traders Private Limited	28, New Manak Nagar Manak Nagar, Lucknow, Uttar Pradesh	India
S1-214847276	Bhilwara Cement Private Limited	6/330 Bhadada Mohala, Bhilwara, Rajasthan	India
S1-253674677	Esparza Trust Inc.	801 Indiana Avenue, Spokane, WA	US
S1-981258859	Apex Automation Studios	16650 Woodlawn Court E, South Holland, IL	US
S1-442010484	Cross, Garcia & Johnson LLC	1576 Dunmoor Road, Memphis, TN	US
S1-547836347	Sewell Precision Madison, LLC	5125 Avoca Avenue, Ellicott City, MD	US
S1-758535367	Phillips, Watson and Escoto LLC	3801 Aw Grimes Boulevard, Unit 10207, Round Rock, TX	US
S1-546089988	Bacher, Shurtleff and Stroud Roman	52 Chester Street, Saint Paul, MN	US
S1-980620862	Rivera, Banton & Castiglione Acquisition LLC	216 Clyde Avenue, Falconer, NY	US
S1-844266118	First Nutrition Enterprises LLC	8809 Radcliff Drive, Calabash, NC	US
S1-38072697	Audry Webb Tavia Company	903 Rushcreek Road, Galloway, OH	US
S1-22744074	Lenee Turner Sony Inc	19221 Summers Drive, South Bend, IN	US
S1-174357952	Coriss Parker Neuberger	745 Eldon Lane, Nolensville, TN	US
S1-712291565	Castellanos Rexford L.L.C.	126 Cedar Point Drive, London, KY	US
S1-34957343	Sun Products Private Limited	201 Annora, Rodas Enclave, Hiranandani Estate, Thane, Maharashtra	India
S1-779163586	Bhagwati Motor Private Limited	12, Floor-1, Plot 166, Bhagwan Chs, Kalbadevi Road, Nr Cotton Exchange, Bhuleshwar, Kalbadevi, Mumbai, Maharashtra	India
S1-122907961	Kaiser Industrial Inc	Charlotte, 10810 Claude Freeman Drive, NC	US
S1-358618259	One Builders Private Limited	Flat.No.202, Plot.No.25, Sunder Nagar, S.R.Nagar, Hyderabad, Telangana	India
S1-692448146	Family Elite Care Associates L.L.C.	2851 Chivalry Drive, Lafayette, IN	US
S1-382534463	Mccallum & Tennyson, LLC	74 Russell Street, Bath, ME	US
S1-648136590	DD Regional Renaissancere LLC	10204 Bexley Drive, Strongsville, OH	US
S1-982314400	Orelee Joven First Biotech Center	405 Chestnut Avenue, TN, Rocky Top	US
S1-994873821	Lane, Rutter & Garcia California Inc	94 Broad Reach, Unit 2610, Weymouth, MA	US
S1-747229206	All Care Limited	E-3 Mansarover Garden, New Delhi, North Delhi, Delhi	India
S1-992675855	Metro School of Medicine	8690 Muledeer Drive, OR, Beaverton	US
S1-197213235	Vanguard Research Networks Inc	2398 Syon Drive, Memphis, TN	US
S1-582423036	Sandhu Nidhi (India) Private Limited	Garapur, Po- Kapaleswar, Ps- Kendrapara Sadar, Kendrapara, Orissa	India
S1-754543752	Federal Creative Laboratories LLC	323 Colvin Avenue, Unit Apartment 2, Buffalo, NY	US
S1-763705781	Continental Enterprises	10101 A Street, Lincoln, NE	US
S1-941443590	Eastern Products Private Limited	Flat No 104, Sr No 35/13, Dudhwala Complex, Lane A2, Pune City, Pune, Maharashtra	India
S1-154857097	Big It Private Limited	147, 14Th Floor, Atlanta, Nariman Point, Mumbai, Maharashtra	India
S1-874716873	Cardiology Elite Associates Co	Woodstock, IL, 2205 Aspen Drive	US
S1-901087398	DX Elite Inc	101 Crane Street, Kittery, ME	US
S1-32757469	ORH American Drilling	108 Addilyn Circle, Warsaw, NC	US
S1-189106248	Kistner Karbon LLC	1462 26th Avenue, Unit APT 24, Anchorage, AK	US
S1-282737265	Community Committee PLLC	1435 Allen Lane, Conover, NC	US
S1-939045953	Abrams and Michelson Centurion Clinic	7927 Cortland Parkway, Elmwood Park, IL	US
S1-508380113	Dixon Applied Co	14 Acorn Valley Trail, Ogden, NY	US
S1-946616972	Kip Wilson Empire Antimony	20 Amelia Drive, Nantucket, MA	US
S1-592043070	Visakhapatnam Global Private Limited	G-1, Paradise Towers Seethammadhara, Visakhapatnam, Vishakhapatnam, Andhra Pradesh	India
S1-326460389	Merrill, Stevens and Baskerville Inc	1059 Manchester Avenue, Norfolk City, VA	US
S1-382001550	Martin, Shirah & Castro Omega	783 500, Unit 2, Logan City, UT	US
S1-385259135	Innovative Investments Private Limited	Shop No. 142, Infinity Arcade, Nr. Pratap Nagar Bridge, Vadodara, Gujarat	India
S1-49462470	Bangalore North Infratech Ltd	Site No-83 & 84, 1St Cross, Bangalore North, Bangalore, Karnataka	India
S1-482850607	Golden Investments Private Limited	Plot No B-58, Row House, Sector-15 Kalmboli Navi, Panvel, Raigarh(Mh), Maharashtra	India
S1-908259334	Sterling Defense Works	Midlothian, 4341 Stonewood Circle, TX	US
S1-496284884	D 9 Optimal Surgical P.C.	4500 Sage Brush Avenue, San Tan Valley, AZ	US
S1-773761679	Ahmedabad Aesthetics Ltd	202, Ashoka, Opp. Mahadev Nagar Bus Stop S. P. Stadium Road, Navrangpura, Ahmedabad, Gujarat	India
S1-888312490	JEQ Saul Inc	526 Spring Avenue, Wise Town, VA	US
S1-777263507	Womens Health Care Associates LLC	OR, Unit Space 108, 3355 Delta Highway, Eugene	US
S1-798808592	Memorial Guild Associates	8872 Bluff Lane, Fair Oaks, CA	US
S1-686588081	Gulf Express Hyperliquid LLC	Morganfield, KY, 513 Spalding Street	US
S1-655715556	Tech Developers Private Limited	48 A Mundhawa Pune, Pune, Maharashtra	India
S1-29661695	Holcomb Star Machines LLC	1953 Molly Circle, York, SC	US
S1-510937618	Arihant Consultants LLP	A/622, Siddhivinayak Business Towers, Makarba, Vejalpur, Ahmedabad, Gujarat	India
S1-840156337	C 8 H Old LLC	10664 Old Cox Pike, Bon Aqua, TN	US
S1-633819812	Superior Schwab LLC	2122 Lincoln Avenue, Parma, OH	US
S1-563624255	Keystone Highland Inc	Imboden, AR, 205 Kentucky Street	US
S1-483838932	Abrams & Mcdonald Inc	1714 Morningside Dr, Iowa City, IA	US
S1-272480291	Export Advisors	Papanasam Beach Varakala, Trivandrum, Kerala	India
S1-967399132	Eye Medicine	502 Valley Oak Drive, Bremerton, WA	US
S1-498703392	Zenia Hall Quartzsea	OK, Anadarko, 809 Georgia Avenue	US
S1-560853131	Patriot Investments	7835 118th Street, Seattle, WA	US
S1-337342340	Valley Initiative	301 Spencer Street, Wolfe City, TX	US
S1-307185770	Digital Healthcare	Pune, Maharashtra, 39/39 Darshangad Apt Lane 09 Prabhat Rd Mh Erandwane Pune, Pune	India
S1-851334426	Solstice Inc	14 9th Street, Richmond, IN	US
S1-90346785	De Swan Value Defi Inc	Munster, 9838 Pasturegate Lane, IN	US
S1-820114606	Mazel Products (India) Private Limited	Door No:04/448 Near Jamia Islamia Arts&Science College, Karakkunnu, Trikkalangode, Malappuram, Malapuram, Kerala	India
S1-797361235	Indian Consulting Private Limited	Bareilly, Agrass, Po Khas, House Number 72, Uttar Pradesh, Bareilly	India
S1-71612684	ASC Fact	104 Fairmount Pvt Street, Gallatin, TN	US
S1-971788456	Urban Massage!	22823 Pearl Circle, Detroit Lakes, MN	US
S1-780599979	Board of Parks and Recreation	MO, Columbia, Fl 1, 2608 Stadium Boulevard	US
S1-327146826	Prime Capital	Modayil Centre Point, 5Th Floor, Door No. 39/2638F Pallimukku, M G Road, Kochi, Ernakulam, Kerala	India
S1-994551021	Trout, Frank & Green Can	16 Harmon Road, Glenville, NY	US
S1-633264119	Hammer, Donahoe and Aziz River LLC	987 Whisperwood Cove, Kaysville, UT	US
S1-316185490	Boyles & Howard Trailblazer LLC	1 Parsons Dr, Hiawatha, IA	US
S1-122297973	Superior Equity Union	145 Knapps Road, Claverack, NY	US
S1-349075346	Lockwood Choice Rocky Inc	18245 Occidental Avenue, Burien, WA	US
S1-964925471	Heritage Fund	6005 Ten Ten Road, Apex, NC	US
S1-744150463	Primary Care Physicians LP	9850 Cedar Drive, Sun City, AZ	US
S1-142056968	Oconnor's Classic Pet Care	431 Fernwood Drive, Yadkinville, NC	US
S1-541913177	Benedikta Mahl Elite Interprivate P.C.	3720 Poinsettia Drive, Phoenix, AZ	US
S1-865819910	Galaxy Academy	C 345 2Nd Floor Defence Colony, Delhi, South Delhi, Delhi	India
S1-295693503	Hunt and Barfield Associates	30 Cameron Street, Springfield, MA	US
S1-865597381	Pediatric Dental Direct Care	811 Charlotte Street, Dickson, TN	US
S1-133656110	Shen Prime Harmony	106 Briarcliff Drive, Liberty Center, OH	US
S1-155893581	Russell, Chris P., D.D.S.	564 Walnut Street, Richfield, KS	US
S1-799709383	Austin Mountain Islands	3507 Ponderosa Drive, Grand Prairie, TX	US
S1-618141630	Valley Alliance L.L.C.	181 Oates Lane, Ellamore, WV	US
S1-459898634	West Patriot Metal Inc	34 Fassett Street, Wellsville, NY	US
S1-714975960	Pinnacle Cayman LLC	1396 Sunflower Drive, Yorktown, NY	US
S1-488863775	Trikuta Logistics Pvt. Ltd.	C/O - Vijay Kumar, Keshav Kumar Kumar Tower, Patna Sadar, Boring Road, Patna, Bihar	India
S1-734555291	Ranjeev Technology Private Limited	80 Bardan Mandi Palda, Indore, Madhya Pradesh	India
S1-996332987	International Enterprises Private Limited	Mumbai, Maharashtra, 12 Bhagwati Bhuvan No 231-B Carmichael Road	India
S1-41619373	Him Law Chambers Private Limited	166 Unit No. 01, 2Nd Floor, Near Mayur Vihar Phase 1, Metro Station, Pocket 4, Mayur Vihar, East Delhi, Delhi	India
S1-142514038	Hah Asia Pvt Ltd	Noida, Gautam Buddha Nagar, 1St Floor, Luxmi Place Market Atta, Sector-27, 6, Uttar Pradesh	India
S1-979207238	Creative Energy Pvt Ltd	G-42, Grain Merchant C.H.S. Ltd., Sector 17, Vashi, Vashi, Thane, Maharashtra	India
S1-514974575	Anukul Specialists Ltd	No.45, Alankar Plaza, Subaraju Layout, Kotthanur Dinne Main Road, Bangalore South, Bangalore, Karnataka	India
S1-313115959	Le Montessori School	5000 Needham Drive, Unit 1115, Smyrna, TN	US
S1-645049490	Shivam Engineering Private Limited	1E/22Swami Ram Tirath Nagar, New Delhi, Central Delhi, Delhi	India
S1-99005429	Aditya Ace Finance Pvt Ltd	393/18, Anakkuzhy, Nedumangad, Thiruvananthapuram, Trivandrum, Kerala	India
S1-720206442	LK Global Mozayyx LLC	403 6th Street, Newport, TN	US
S1-747799453	Al Finance Limited	603, Sankar Mahal Premises Co-Op. Soc Ctc 874, F. P. B, Vile Parle (West), Mumbai, Mumbai City, Maharashtra	India
S1-389823921	Smart Broadcast Technologies L.L.C.	1106 Cheyenne Trail, Springdale, AR	US
S1-777331247	Allied Biomedical Concepts LLC	146 Main Street, Tonawanda, NY	US
S1-985233868	Vijay Systems Pvt Ltd	B-306, Crestia, Casa Bella Gold, Shil Road, Kalyan, Thane, Maharashtra	India
S1-149848357	Indraloke Technologies Private Limited	44, B.T Road, P.O-Titagarh, Titagarh], North 24 Parganas, West Bengal	India
S1-190337071	Brynna Gallagher Oriental Inc.	Grand Prairie, TX, 610 Woodcrest Drive	US
S1-317420934	Ashok Ventures	Plot E-530, Basement, Palam Extn., Sector-7, New Delhi, Delhi	India
S1-719726318	Modern Environmental Ventures	1342 James Drive, Avon, IN	US
S1-575923620	Cho Cosmetics Corp	Medford, Fl 1, 777 Wabash Avenue, OR	US
S1-422318491	Growmore Soil Pvt. Ltd.	4 Shiv Sadanist Floor C Road Churchgate, Mumbai, Maharashtra	India
S1-991504592	Primary Care Partners Inc	1222 Meltonville Church Road, Marshville, NC	US
S1-117227369	Mareah Zweifel Trusted Titan LLC	2018 Chase Avenue, Chicago, IL	US
S1-626026274	Orban Hancock	10855 Gambril Drive, Unit UNIT 12, Prince William County, VA	US
S1-337875611	Ivenify Keystone LLC	183 28, Unit 107, Yarmouth, MA	US
S1-862053862	Universal & Co	85, Vindhya Commercial Complex, Sector 11 Cbd Belapur, Navi Mumbai, Navi Mumbai, Mumbai City, Maharashtra	India
S1-413851409	Mahesh & Sons Private Limited	Dsk Gandhkosh, Wing C 504, Haveli, Pune, Maharashtra	India
S1-970298997	Mukambika Fertilizers Private Limited	No 51 Marriyy-Amman Avnue, Jai Ngr Ext. Karumandapam, Tiruchirappalli, Tamil Nadu	India
S1-664894259	Green Care Private Limited	Mumbai, 108/B Evening Gloryraheja Vihar Powai, Maharashtra, Mumbai	India
S1-293109677	Upper Apartment Center	2369 S Point Road, Belmont, NC	US
S1-164717857	Carry Developers Clinic	No 65 5Th Cross Indlabele Road Jayanna Layout, Attibele Anekal Taluk, Bangalore, Karnataka	India
S1-639180107	Projects Jb Gain Pvt. Ltd.	6 New Rohtak Road, New Delhi, Delhi	India
S1-551363317	Harriot Flores Security	MO, Ballwin, 805 Gaillard Court	US
S1-426007492	Preet Vihar Ajnala Road Distribution Pvt Ltd	176, Preet Vihar Ajnala Road, Amritsar, Punjab	India
S1-99058243	Hernandez Equity Partners Corp	7488 68, Elberfeld, IN	US
S1-752808975	Hyderabad Agro Limited	39-109, Plot No 109 A F Co Operative Society, Sainikpuri, Hyderabad, Telangana	India
S1-51342588	Rowe Stellar Inc	125 Lowery Street, Forest City, NC	US
S1-561692020	Sunrise Consultants Private Limited	94 The Retreat Tharabanahalli, Bengaluru, Bangalore, Karnataka	India
S1-322494711	Quirk, Bement & Mason Healthcare Inc	White Bear Lake, Unit Unit 316, 3666 E County Line Road, MN	US
S1-887329419	V & T Resorts, LLC	5605 Southlea Street, Houston, TX	US
S1-883410905	Royal Management Private Limited	Plotno 122 123 Subplot 23, Ramtekadi Industrial Esta, Pune City, Pune, Maharashtra	India
S1-618836769	Abhijay Agro	C/O. Hiravati Devi, Vill Kekarhi, Postkekarhi, Robertsganj, Sonbhadra, Uttar Pradesh	India
S1-768044770	FPG Producer Private Limited	A-240, Kh No. 264, Gf Village Chattarpur, South West Delhi, Delhi	India
S1-861208837	Feit Texas	1619 Galleria Club Lane, Unit 304, Charlotte, NC	US
S1-575511645	Harwood's Mortgage	1159 Whitewater Drive, Buchanan County, VA	US
S1-823468609	Obsidian Inc.	15 Leona Drive, Yonkers, NY	US
S1-255988217	Sorao Allegro Inc.	308 Main Street, Elmira, NY	US
S1-37245133	Goan Highway Private Limited	254, Sachidanand Nagar, Indore, Madhya Pradesh	India
S1-554153436	Sharp's Trusted Realty LLC	4A 56 Apple Canyon Road, Apple River, IL	US
S1-328677340	Praise Educational Society	Village & Tal: Kodinar Dist: Junagadh, Junagadh, Gujarat	India
S1-164813708	LGE Realty Limited	H.No 277, Phase 4, Nimri Colony, Delhi, North West Delhi, Delhi	India
S1-646968667	Shree & Brothers	Nakshatra Hights, Office No. 404 Opp. Telephone Exchange, 150 Ft Ring Roa, D, Rajkot, Gujarat	India
S1-212282653	Unified Couriers	15930 Ruby Drive, Milwaukie, OR	US
S1-361650761	Raju, Taylor & Homer Ltd	WA, Kirkland, 10648 45th Street	US
S1-775249786	Infra Srisha Maharaj Limited	Thane, Maharashtra, Thane, Shiv Shakti Bldg, Shanti Vidhya Ngr Hatkesh, D-1-Sh-1	India
S1-985708703	Piedmont Jaws LLC	9761 102 Thorne Cliff Way, Unit UNIT, Fishers, IN	US
S1-651255855	Optdiva Industries Inc	1220 Powerhouse Road, Elbridge, NY	US
S1-932579262	Tirupati Impex Private Limited	1202 Kritika Towers11 Sion Trombay Rd Nr R K Studio Chembur, Mumbai, Maharashtra	India
S1-999023589	Sunrise Builders Limited	Karnataka, Bangalore, 4A, Peenya Industrial Area, Bangalore	India
S1-40587009	Reeves Institute of Technology	5221 Wickberg Road, Snowflake, AZ	US
S1-228432450	Family Partners LLC	8728 Palmer Street, River Grove, IL	US
S1-459311345	Marker Westin	105 Michael Donald Avenue, Unit A, Mobile, AL	US
S1-221384458	New Business Pvt Ltd	Survey Number 39/A/2/3, House Number 2/163, Building Number 7, Flat 15, Durvankur Apartment, Manikbag, Amrutanagar, Pune City, Pune, Maharashtra	India
S1-450360068	TXX Finance Ltd	T.C.X. South 56, Gandhidham, Gujarat	India
S1-846069907	Savitri Shipping Private Limited	No 45 & 46, Nbr Tulip, First Floor 17Th A Main, Indiranagar, Hal 2Nd Stage, Bangalore, Karnataka	India
S1-664503524	Ingenious Exports (India) Private Limited	Flatno 104 H No 6-2-11/1 Surabhiplaza, Lakadikapul, Hyderabad, Hyderabad, Telangana	India
S1-255826527	Ace Infotech Limited	467, Sector-15-A, Faridabad, Haryana	India
S1-640963226	Surya Foods Limited	Ff-53, Avishkar Complex Old Padra Road, Vadodara, Gujarat	India
S1-791176254	Sager Gulf Software	6704 412, Linden, TN	US
S1-529619943	Precision Eaton	89 Central Avenue, Milton, MA	US
S1-638411138	All Products Private Limited	H. No- 570/47, Kh No - 47 Maidan Ghari Extn, Pole No 1587, New Delhi, Delhi	India
S1-478267847	Lorianna Jimenez Harbor Source	525 Hackett Street, City Of Beloit, WI	US
S1-636418528	Department of Buildings Group	Milton, NY, 9 Burning Pines Drive	US
S1-261677136	Montari Spire	34184 Tanglewood Pass, San Tan Valley, AZ	US
S1-481932363	Interstate Charities	1 Riverside Road, Essex, MD	US
S1-227692321	Almeta Hook Emera Inc	45 San Francisco Avenue, Los Lunas, NM	US
S1-508273585	Krs Powertech Private Limited	Bajaj Bhawan Jamnalal Bajajmarg Nariman Point, Mumbai, Maharashtra	India
S1-81487041	Office of Sanitation	12722 Phinney Avenue, Seattle, WA	US
S1-723559599	Aviation Consultants (India) Pvt. Ltd.	No. 13, Brigade Road, Bangalore North, Bangalore, Karnataka	India
S1-63301966	Keystone Hospitality Group	Montebello, NY, 42 Coe Farm Road	US
S1-831589398	Neilla Robinson, Ph.D., P.C.	5335 Brookway Drive, Houston, TX	US
S1-196317991	Jones Delta Estate LLC	Chicago, 5641 Kimbark Avenue, IL	US
S1-528021997	Urology Direct Health LLC	3308 4th Street, Washington, DC	US
S1-911488145	Machesney Park Community Regional Association	8311 Hickory Tree Drive, Machesney Park, IL	US
S1-75252744	Pediatric Dental Center of Cleveland Partners	11220 Clifton Boulevard, Cleveland, OH	US
S1-857215332	White Specialists of Rock Hill	219 Miller Street, Rock Hill, SC	US
S1-841221633	Shree Designs Private Limited	Acme Eden Court Sector - 91, Punjab, Mohali, Flat No. 701	India
S1-58259520	Better Security Worldwide LLC	402 Church Street, Ofallon, MO	US
S1-26989708	Innovative Food Private Limited	E-57A, Sector-63, Noida, Ghaziabad, Uttar Pradesh	India
S1-429792102	090 Archimedes LLC	808 Craten Road, Norfolk City, VA	US
S1-942590387	Brightium Robinhood LLC	33269 190th Street, 22, IA	US
S1-794691757	Thomas Industries Group	Flat No. Mum- 022(Ground Floor), Mumbai Tower, Unnati Awas Yojana Ganpati World-Ii Budhera, Agra, Uttar Pradesh	India
S1-249354768	Eggleston Precision Lake Inc	333 Perkinsville Road, Marlborough, NY	US
S1-656530080	Creative Sangh	Survey #31/1, Ii Floor, Seetharamapalya, Industria Area, Graphite India Road, Bangalore, Bangalore, Karnataka	India
S1-59633785	Patel, Cagle & Davies Translational	2052 Oxford Heights, Fort Mill, SC	US
S1-931228719	Black Consultancy Private Limited	1235, 9Th Main Road Vijaya Nagar, Bengalore, Bangalore, Karnataka	India
S1-866433024	Moore Signature Shanghai Inc	Upper Marlboro, 9232 Goldenrod Lane, MD	US
S1-607950025	Sarvoday Solutions Corp	Groundfloor, Aayansh, A-23, Green Acres Bungalow Off Din Querry Rd, Nearshivajichowk, Panjrapole Deonar, Mumbai City, Maharashtra	India
S1-454760542	Tri-State Program	8012 Kenai Court, Vacaville, CA	US
S1-120848698	Universal Bombay Media Private Limited	Krishnapur, Ahiyapur, Raebareli, Uttar Pradesh	India
S1-434744980	Manali Wide Private Limited	P N30 1911 Saraswati Puram, Mawaiya Rbl Rd Lucknow, Lucknow, Uttar Pradesh	India
S1-420208517	Daniela Levens, M.D.	1017 Gadwall Drive, Alabaster, AL	US
S1-852951897	Bangalore-2. Pioneer Private Limited	54, Khader Sheriff Gardens, Bangalore-2., Bangalore, Karnataka	India
S1-855613013	Continental Council	37 Knollwood Drive, Yarmouth, MA	US
S1-190639849	Automated Mobility Solutions Group	3622 Creek Club Drive, Missouri City, TX	US
S1-549896019	Pravin Jewels Private Limited	A 150Sarswati Vihar, New Delhi, North Delhi, Delhi	India
S1-409799510	Russell Motors	709 Barksdale Road, Newark, DE	US
S1-329965372	Yang Piedmont Gesher LLC	44033 Mervell Court, MD, Hollywood	US
S1-383119338	Padma Farmer Private Limited	Nagaur, Hanuman Ram S/O Akha Ram, Rajasthan, Akhasar	India
S1-67951851	United (India) Design Corporation	83F, Belgachia Road, Kolkata, Parganas North, West Bengal	India
S1-124034271	Ermengarde's Eye Care PLLC	418 Mcclellan Avenue, Nashville, TN	US
S1-143665407	Credit Media Alliance Group	11410 Enos Road, Kingston, OK	US
S1-288179586	TUX Visa Group	D-712, 7Th Floor, Sungrace Chs Ltd Raheja Vihar Chandivali, Pawai, Mumbai, Mumbai City, Maharashtra	India
S1-562487097	35/97 Next	2531 Slateshire Drive, Dublin, OH	US
S1-700681666	Clear Ngl Corporation	5910 Ivy Lane, Minnetonka, MN	US
S1-766697297	Longshoremen Union Local No 781	74 Martin Circle, KY, Paducah	US
S1-352105774	Nedda E. Kemp, L.C.S.W.	320 388, Crossville, AL	US
S1-684371604	Thomson & Garver	98 Halstead Avenue, Unit Apartment 1, Sloan, NY	US
S1-695642296	Hyderabad Tree Private Limited	Flat No 310 Sowmya Apts West Huda Complex, Vivekananda Statue Kothapet Saroornagar Nr Viveka Nanda, Hyderabad, Telangana	India
S1-559946790	Pioneer Bright Bioworks	171 Miller Road, Unit 308, Akron, OH	US
S1-820854608	SV It Limited	Nishantala, Katwa - I, Bardhaman, West Bengal	India
S1-700815000	Complete Arts LLC	3750 Brockport Spencerport Road, Ogden, NY	US
S1-930015613	Red It Private Limited	A-877, Ground Floor Gharoli Dairy Colony, Mayur Vihar Phase Iii, East Delhi, Delhi	India
S1-401150950	Hyderabad Curry Private Limited	H.No.2-1, Sy.No.2&1, New Colony Madeenaguda, Miyapur, Hyderabad, Rangareddy, Telangana	India
S1-187004387	Tri-State Charities	1180 Corporate Way, Unit APT 124, Sacramento, CA	US
S1-543819559	Behavioral Health Medicine Inc	4955 Seven Pine Circle, Huntsville, AL	US
S1-415958408	My Management Pvt Ltd	Arpan Appts, 7, Sevakunjsociety, Paldi, Ahmedabad., Ahmedabad, Gujarat	India
S1-52541210	Lissie E. Heikkila, CPA	8710 Edgewater Street, Foley, AL	US
S1-403838225	Gallegos Montessori School	4435 Mahrt Avenue, Unit 102, Marion County, OR	US
S1-962002773	Ronica Fletcher Clear Opportunities Inc	VT, Ryegate, 96 Manchester Drive	US
S1-797568090	Sinhagad Pyrolysis	Balarengapuram, Madurai, Tamil Nadu, 16 A A Road	India
S1-915749247	Developers Trieye Udyog Private Limited	87 Third Floor Bhangar, Mohalla Madanpur Khadar, New Delhi, South Delhi, Delhi	India
S1-713635209	Caresa Vasquez Delta Produce LLC	Unit 4, 138 Sycamore Street, MA, Somerville	US
S1-245009508	MYB Oil Private Limited	50-1-13 Main Road, Jagannaickpur, Kakinada, East Godavari, Andhra Pradesh	India
S1-988634923	Marketing Tushar Construction	Flat No. I 705, Rajapushpa Atria, Rajendra Nagar, K.V.Rangareddy, Telangana	India
S1-633582317	Highland Avalanche Inc	4903 161st Terrace, Beaverton, OR	US
S1-34569924	Hinda Mattern, DMD	126 Hope Drive, Elizabethtown, NC	US
S1-381408998	Glyphan Community	1532 Demonbreun Street, Unit 1123, Nashville, TN	US
S1-443945207	Shivam Business Private Limited	M-901 Sps Height Indrapuram, Ghaziabad, Uttar Pradesh	India
S1-452823079	Brandon All Wireless LLC	1134 Four Seasons Drive, OH, Toledo, Unit 3	US
S1-283630693	Lynx Inc	6301 Griffith Loop, Killeen, TX	US
S1-194606702	Happy Auto Body	8907 Cypress Street, Phoenix, AZ	US
S1-304071988	Dermatology Associates of Pleasant Garden	NC, Pleasant Garden, 5993 Evelyn Lane	US
S1-684959382	X & C Tidewater Inc	404 Lone Cedar Road, Marble Falls, TX	US
S1-394832400	Southern Smart Soren LLC	5800 Falcon Way, Fl 0, Guilford, IN	US
S1-940413114	Davue Generation	4723 Bay Quarter Court, Virginia Beach City, VA	US
S1-658466275	Fontaine, Bostic & Mally Ltd	3110 Comet Drive, New Bern, NC	US
S1-161700708	Aurelea Smith Modern Debt LLC	DE, Frankford, 31315 Taywood Drive	US
S1-135208388	Dagostino Sciences LLC	1517 B Watson Avenue, Bronx, NY	US
S1-293933423	Blue Endocrinology	5336 State Road, Burbank, IL	US
S1-176567267	Gsj Foundation	Plot No A1, Jaipur, Rajasthan, A2, A3, A4, Kh No. 52, 53, Mahapura Urf Kukar Kheda Sikar Road	India
S1-544254899	Georgetta's Distribution	Morganton, NC, 2552 Henderson Mill Road	US
S1-620106632	Foot & Ankle Medicine LLC	409 Cadco Avenue, Wilbur, WA	US
S1-200572754	Triple & Partners Private Limited	Anand, Tirath Bhumi, Near J K Park, Chikhodra Chowkadi, 7, Gujarat, Anand	India
S1-364282301	Roberts Hyperliquid	2287 Main Street, Dothan, AL	US
S1-642405907	Raman Clinic	H.No:7-1-632/28, Bapu Nagar, S R Nagar, Ameerpet, Hyderabad, Telangana	India
S1-599788005	Green Infrasolution Private Limited	K No. 1455/1458, Pl No.10, Gurukul Industrial Area, Faridabad, Haryana	India
S1-827663947	Mangalam Transformation Pvt. Ltd.	Block No. 172, Prashil Park Opp. Neels City Club, University Road, Rajkot, Gujarat	India
S1-612071387	Hawes Photonics LLC	1109 Front Street, Chenango, NY	US
S1-623313504	Premier Complete Physical Therapy Inc	77 Ridge Lane, Shelby, AL	US
S1-20925783	Msv Consulting Private Limited	1001, Awesome Heights Chs Ltd, Off Military Road, Next To Tata Recieving Centre, Andheri, (East), Mumbai, Mumbai City, Maharashtra	India
S1-887515590	Womens Health Specialists LLC	113 Caspian Way, Fitchburg, MA	US
S1-569442923	Sdf Academy	162/S-2Pearl Rachel Margosa Road, Malleswaram, Bangalore, Karnataka	India
S1-588069177	Mountain Association Inc	1101 1/2 Navasota Street, Austin, TX	US
S1-378062593	Cure Cleaning Service	4853 Railway Circle, Monrovia, MD	US
S1-610334774	Regional Idea LLC	5 Lee Road, Cuba, NM	US
S1-970488686	Loralee Bowen, Esq., DDS PC	1885 Willoughby Avenue, Ridgewood, NY	US
S1-395285131	Sangli League Pvt. Ltd.	C/O At Post House No 08 Billur Tal Jath Dist Sangli, Sangli, Maharashtra	India
S1-268426904	Sun One Estate Private Limited	6Th Floor, 4, Maharana Pratap Sarani, Kolkata, Howrah, West Bengal	India
S1-561258175	Diversified Cloud Solutions LLC	35013 92nd Place, Fl 1, Scottsdale, AZ	US
S1-732585910	Rosales Certified Pan	7972 Vaughn Road, Montgomery, AL	US
S1-439111395	Mills Travel	2480 Lark Avenue, Lima, OH	US
S1-402877115	Rocky Market Inc	17718 Elder View Drive, Sherwood, OR	US
S1-913450089	Jackson Animal Hospital	3018 Emerald Chase Drive, Fairfax County, VA	US
S1-85359133	Burdette, Moore and Simmons Inc	2950 Crossings Circle, Unit 10200, Spring Hill, TN	US
S1-733293133	Orsa's Healthcare	72 Conkey Avenue, Rochester, NY	US
S1-940275488	Vee Technologies Private Limited	Flat No. 6004/5, Sector-D, Pocket 68, Vasant Kunj, New Delhi, Delhi	India
S1-340744823	Henley Ingredients LLC	323 32nd Avenue, Clinton, IA	US
S1-644444933	Genevra Langston Holdings	14-40 162 Street, Whitestone, NY	US
S1-918553483	Carlotta Bruzzese Classic Currencyshares Inc	Surprise, 17738 Hearn Road, AZ	US
S1-946221985	Valley Investments LLC	35 Clark Road, Bourne, MA	US
S1-974849189	Uptown Diner!, Inc	37498 Amber Way, North Ridgeville, OH	US
S1-87139457	Behavioral Health United Specialists, PC	1211 Sawyer Loop, Hardin, MT	US
S1-830687398	Raj Media Private Limited	C/O Ramotar-1, Bhawanipur, Ujhani Budaun Badaun Up, Budaun, Budaun, Badaun, Uttar Pradesh	India
S1-979734176	Patriot Association	102 Ruby Avenue, Gastonia, NC	US
S1-930625292	Department of Public Works	310 63rd Street, Birmingham, AL	US
S1-693391260	Arra Recovery Private Limited	13/1, G. T. Road, P.O. Seoraphully, Seoraphully, Hooghly, West Bengal	India
S1-185757923	Heera Healthcare of Bangalore North Private Limited	No 10, 1St Main, 4Th Cross, Gadde Khani, Anjananagar, Bangalore North, Bangalore, Karnataka	India
S1-542687059	Global Solutions Pvt Ltd	777 Saheed Nagarbhubaneswar, Khurda, Puri, Orissa	India
S1-643422361	Hydro Foods Private Limited	Punjab, Malout, Ward No: 21, Jain Mandir Wali Gali Near Dr. Pritpal Singh Residence, Muktsar	India
S1-890545138	Kali Brothers Pvt. Ltd.	404 Rohan Arcade, Dattani Park, Thakur Village, Kandivali, East, Mumbai, Mumbai City, Maharashtra	India
S1-860285918	FAS Amplify	1251 Curry Road 20, Clovis, NM	US
S1-468014304	Best Marketing Industries	900 Hilltop Drive, Sparland, IL	US
S1-625951028	Interactive & Sons Private Limited	Mumbai City, Mumbai, 2Nd Floor, Sadbhauana (Sra) Chs Ltd., Near Suvidyalaya, Eksar Road, Borivali We, St, Maharashtra, 202	India
S1-736162578	Physical Therapy Group	55 Crocker Street, Berea, OH	US
S1-524036030	Yes Future (India) Private Limited	Tiljala Road, Kolkata, West Bengal, Kolkata, West Bengal, 93/A, Kolkata, Howrah	India
S1-335722233	Ramos Continental Venture LLC	1705 Linden Street, Granger, IA	US
S1-653759388	Big Pilates! LLC	310 Seashell Drive, TX, Freeport	US
S1-516659558	Emerald Inc	12680 River Crow Road, Hardin, MT	US
S1-713918708	LYW Farm Private Limited	At.Smit Kamalabai Patil, Maharashtra, Dhule, 205, Jayhind Colony, Plot No.C-13, Deopur, Dhule, Dhule	India
S1-804287238	Ivenent Cherry	5384 Oconnell Street, Canal Winchester, OH	US
S1-138706126	Pediatric Dentistry Pioneer Care Associates	Alton, 20 Marian Heights Drive, IL, Unit 703	US
S1-900223558	Seven Finance Pvt Ltd	Mumbai, 101, May Fair, 197 Kane Road, Band Stand, Bandra (W), Mumbai City, Maharashtra	India
S1-38345711	Urgent Care Physicians Inc.	301 Stacy Weaver Drive, Fayetteville, NC	US
S1-335519097	Premier One Enterprises Pvt Ltd	Flat 101, A-1/127, Phase V, Aya Nagar, New Delhi, South West Delhi, Delhi	India
S1-113951846	Aims Sangh	No87/46 Kno784 Gf And Ff, Prappana Agrahara Begur, Bangalore South, Bangalore, Karnataka	India
S1-224729402	Global Sona Builders Pvt Ltd	B6/119, Kalyani, Kolkata, Kolkata, Howrah, West Bengal	India
S1-519870557	Als & Co	403, Saffron Apartment, Holy X Road, I.C Colony, Near Ymca Ground, Borivali(West), Mumbai, Mumbai City, Maharashtra	India
S1-848003599	Jaine Christopher Heritage Vision Inc	51-02 Weeks Lane, Fresh Meadows, NY	US
S1-929555475	Green Two (India) Private Limited	No.43, J B Nagar, Bangalore, Karnataka, N R Colony	India
S1-683277802	Bright It Private Limited	Plot No.1207, Opp.Laxmipura Primary School, Dhanraj Road, Nr.Lion Pharma, Village:Saij, Kalol, Gandhinagar, Gandhinagar, Gandhi Nagar, Gujarat	India
S1-909481393	Beacon Rockwool Inc	4234 100th Avenue, Portland, OR	US
S1-571872429	Second Sagar Private Limited	6Th Floor, Office No. 3, Hubtown Solaris, N S Phadke Marg, Nr. Flyover Over, Andhe, Ri (East), Mumbai, Mumbai City, Maharashtra	India
S1-104540583	Orthopedic Physicians of Ranson Inc	572 Thumper Drive, Ranson, WV	US
S1-171983883	Bright Pizza Partners	125 Apple Street, Dublin, TX	US
S1-779827243	Murali Foundation LLP	2Nd Floor, 31A, Tara Chand Dutt Street, Kolkata, Kolkata, Howrah, West Bengal	India
S1-210007069	Professional Wellness Global	4018 Beckton Trail, Greensboro, NC	US
S1-696636634	Vais Japan	135 Old Fall Creek Road, Unit B3, Blountville, TN	US
S1-768087173	Peak Research Enterprises	817 Antique Court, Unit APT B, Indianapolis, IN	US
S1-766307478	Physical Therapy Care	3545 41st Avenue, Unit APT 19, Sacramento, CA	US
S1-747060914	Digital Consulting Private Limited	Srno78/60 Plno 1 W A 107, Saivision Pimplesaudgar, Pune City, Pune, Maharashtra	India
S1-862223871	Aditya Foundation Private Limited	Vivekanand Nagar, 1091, Uttar Pradesh, Ghaziabad	India
S1-832504289	ASV Distributers Private Limited	D-70/1 F/F Khno 70, Main Road Mahavir Enclave, New Delhi, South West Delhi, Delhi	India
S1-955594204	Classic Silver Power	D-1 Zarna Enclave Service Road Western Express Highway, Kandivali, Mumbai City, Maharashtra	India
S1-983373292	Clean National Care	6 Tamarack Lane, Easton, MA	US
S1-891676178	Thinking Industrial Private Limited	# 5, B2/1, First Floor B.J Towers, Huskur Gate, Electronic City, Bangalore, Karnataka	India
S1-451126889	Preferred Enbridge	4644 Keener Lane, Unit Unit A, Harrison, AR	US
S1-242385665	BQ Placement Ltd	Basantpur, Sadar, Balia, Balia, Ballia, Uttar Pradesh	India
S1-406141864	Consulting Deepali Engineers Private Limited	93/95, Kazi Syed Street, 5Thfloor, Sugar House, Mumbai, Maharashtra	India
S1-920261331	Wilkinson Barclays	324 N Waters Edge Drive, Durham, NC	US
S1-272340452	Lakshmi Tech Media Limited	Shop No. 06, Nr Petrol, Pump, Ratlam Road, Banswara, Rajasthan	India
S1-46801320	Krishna Constructions Private Limited	6Th Floor Hall No2&3 15Nbcc Tower Bhikaji Cama Plase, N Delhi, South Delhi, Delhi	India
S1-42826659	Harbor Sterling	18795 Homestead Road, Ralph, AL	US
S1-362378520	Urgent Care Gulf Partners LLC	314 Trotwood Boulevard, Trotwood, OH	US
S1-960834585	Byrnes, Vigil and Hanks	7800 Encanto Boulevard, Unit 206, Phoenix, AZ	US
S1-314140809	T+ Coinshares LLC	1411 Wright Road, Greenville, NC	US
S1-838183517	Total Design Associates LLC	1633 Rosemont Avenue, Columbus, OH	US
S1-688328227	Maneus Companies Inc	1205 Kingston, Casper, WY	US
S1-108750594	Jay Software Private Limited	C 47 Old Govind Pura, Delhi, East Delhi, Delhi	India
S1-170243264	Baba Hospitality Private Limited	House Of Suman Ranjan, W/O Sanjeev Ranjan Ramdhanipur, Sampatchak, Shahpur, Patna, Bihar	India
S1-928564604	Sm & Associates Private Limited	H No 2/130, Nr Bhairavanath Mandir Dhayarigaon, Pune, Maharashtra	India
S1-256047752	Rodriguez Partnership Inc	1006 Rosemont Terrace, Upper Hanover Township, PA	US
S1-70365948	Jones and Hurst L.L.C.	1698 Dunsinane Circle, Ogden City, UT	US
S1-183607353	CIL Preferred Wellness Inc.	260 F Williams Lake, Colville, WA	US
S1-209427810	Bahner Space LLC	413 Meadow Lane, Unit 1, Lewisburg, WV	US
S1-360419883	Dinesh Fresh Private Limited	House Number 322, A-B Pla, Hisar, Hissar, Haryana	India
S1-995078395	Swastik Finance Pvt Ltd	Sharanya Arcade No.81/A, 2Nd Floor, 32Nd Cross 2Nd Block Rajajinagar, Bangalore, Karnataka	India
S1-922050595	Rank & Sons Limited	Maharashtra, Nagpur, Kundan Lal Gupta Nagar, Nagpur, Plot No.1745/B/925	India
S1-889765358	Villagomez Medical Center	567 County Road 2212, Daingerfield, TX	US
S1-360683127	Helwig Old Inc	1625 Lincoln Boulevard, Livingston, CA	US
S1-14447328	Rahil (India) Mittal LLP	Plot No 10, Near Police Check Post Main Road Qutub Vihar Phase I, New Delhi, South West Delhi, Delhi	India
S1-69805499	Basti Traders Private Limited	417, Nalanda Enclave, Opp. Sudama Resort, Pritamnagar, Ahmedabad, Gujarat	India
S1-614982217	Golden Logistics Private Limited	No.176, Adarsh Eco Place, Epip Zone, Phase Ii, Whitefield Industrial Area, Wh, Itefield, Bangalore, Karnataka	India
S1-991438503	Golden Fifth LLC	3034 39th Street, Unit 8, Phoenix, AZ	US
S1-755237986	Precision Optimal Arbor LLC	884 Gray Court, Thousand Oaks, CA	US
S1-361726032	Tejaya Chitfund Private Limited	Raigad, 30, Raigarh, Wafeghar Tq, Sudhagad, Maharashtra	India
S1-15326347	Sunrise Ventures LLP	Kh.No. 101/19 Ground Floor, Village Alipur, Delhi, North West Delhi, Delhi	India
S1-273577921	Nathalia Upton, D.D.S., DDS PC-Bountiful	UT, Unit 16, 2095 Main Street, Bountiful	US
S1-876651852	Frs Informatics Limited	Sn 08 Pl N 3/A Jadhavwadi, Kamdhenu Housing Society, Aurangabad, Maharashtra	India
S1-424010232	Good Systems Private Limited	Pune, Sai Ambience, Maharashtra, Pune, B-1001, Pimple Saudagar	India
S1-725017655	Modern Infrastructure Private Limited	76 Unique Cghs, Rohini Sector 13, Delhi, North West Delhi, Delhi	India
S1-374494307	Paper & Brothers Limited	Annapurna Traders, Rajasthan, Jaipur, 69, Mahadev Nagar Hanuman Vatika, Near Vki Area Road No.14, Bridge	India
S1-629550667	Vanguard Choice Wisekey Inc	906 Woodlawn Road, Lincoln, IL	US
S1-678466717	Admire Gems Group	748, E And F Block Kuvempunagar, Mysore, Karnataka	India
S1-259910169	Southern Consulting Private Limited	No.77, 3Rd Cross, 10Th Main Nti Layout, Vidyaranya Pura, Bangalore, Karnataka	India
S1-901210153	Scholarship Program IV LLC	1613 Lacota Lane, Burnsville, MN	US
S1-855703255	Select City LLC	901 Northgate Avenue, Waynesboro City, VA	US
S1-296658329	Mother & Sons	Karhal Chauraha, Main Road Sirsaganj, Firozabad, Uttar Pradesh	India
S1-594967670	Marita's Royal Transport Corp	14639 Allen Road, Herrin, IL	US
S1-629636563	Bhavishya Finance Private Limited	Ewa- 224, Nand Gaon, Kalindipuram, Allahabad, Lucknow, Uttar Pradesh	India
S1-657270420	Bia Inc.	22945 Topaz Street, Saint Augusta, MN	US
S1-183232960	Star Blue Oncology LP	1443 Cliff Court, Unit B, Columbus, OH	US
S1-403253082	Golden Deli LLC	5 Greenly Lane, Fletcher, NC	US
S1-141278611	Compass LLC	820 Center Street, Unit 2, Provo, UT	US
S1-861696207	Goetze Regions	517 6th Street, Unit Unit 17, West Fargo, ND	US
S1-605882320	Piedmont Project LLC	26154 Milby Circle, Harbeson, DE	US
S1-471376742	Secure Engineering Innovations LLC	Tiffin, 35 St Clair Street, OH	US
S1-353313556	Thompson, Owens and Fernandez	9218 Desirable Drive, La Porte, TX	US
S1-754702309	Doughty Vanguard Seafood	30 Moody Street, Saco, ME	US
S1-849052876	Bentley, Strauss & Odonnell Water LLC	18 Benvenue Street, Wellesley, MA	US
S1-502391969	Bharati Agro Private Limited	402, Brigade Towersbrigade Road Bangalore, Bangalore, Karnataka	India
S1-102091173	Patino Diamond Fashion, LLC	1631 28th Avenue, Unit 5, Grand Forks, ND	US
S1-932911903	Meex	3659 Vermilion Court, Eagan, MN	US
S1-571933530	S H & H Spire, Inc	Chelmsford, MA, 40 Littleton Road	US
S1-118901869	Silver Mines Inc	1913 Whitehead Lane, Throop, NY	US
S1-279376727	Golden Barbershop!	500 Quincy Street, Unit 2C2, Abington, MA	US
S1-54076594	Todd's Data, LLC	2 Croydon Lane, Oak Brook, IL	US
S1-849045331	Northwind Space	2213 Cansler Avenue, Gadsden, AL	US
S1-531019485	Allnew & Co	493 B, Howrah, G.T. Road (South) Shibpur, West Bengal	India
S1-515099037	Salter Clear Edp Inc	4909 Chrome Road, Herriman Town, UT	US
S1-506019440	K 3 C Energetics L.L.C.	19202 Shire Horse Boulevard, Porter, TX	US
S1-811004970	Green Certified Futurecorp Inc	9950 Holly Lane, Des Plaines, IL	US
S1-813341836	Ngan Best Chemical	29776 212, Boring, OR	US
S1-934461604	D 6 K Compass Inc	61 Spencer Drive, Windsor, CT	US
S1-356563831	Saint Baptist Church	234 18 Avenue, Saint Cloud, MN	US
S1-354809838	2870 Sunset Street Properties	AL, 26017 Thach Road, Athens	US
S1-568179926	Zenith	718 215th Avenue, Beaverton, OR	US
S1-627821025	Ivenan Bluerock PC	914 Iverson Street, Alexandria City, VA	US
S1-134890169	All Diana	302 Pulaski Road, Smithtown, NY	US
S1-924197183	Baker, Purvis & Kelly Alto	14030 Broken Arrow Drive, Willis, TX	US
S1-543135526	Odeh School of Medicine P.C.	5103 Mountain Bluff Lane, Kingwood, TX	US
S1-929826566	VWQ Brookfield Inc	NC, Morrisville, Unit 204, 5860 Mccrimmon Parkway	US
S1-668624767	Lemmon, Miller and Haynes LLC	Salt Lake City, Unit 10, UT, 874 S Temple Street	US
S1-451998438	Star Business Private Limited	Ward No. 6, Near Asharam, Hari Mandir, Amarpuri, Pataudi, Gurgaon, Haryana	India
S1-60991785	Leeanne Slaughter, CPA	1547 Whitman Creek Road, Whitman, WV	US
S1-996212272	Sadio LLC	1405 30th Street, Birmingham, AL	US
S1-204099765	Dionysus Media Private Limited	27 Floor 3 Plot 76 Panchasar Building Patan Jain Mandal Road, Off Netaji Subhash Road, Ma, Rine Drive, Mumbai, Mumbai City, Maharashtra	India
S1-786434853	Shivay Business (India) Private Limited	110, Floor-1, Plot 129, B3 Shree Pimpleshwar Chs, Mumbai, Maharashtra	India
S1-469858503	Melton, Shafer and Graham Battery Inc	739 3rd Street, Plainville, IN	US
S1-414487608	Lakshmi Foundation Private Limited	6-82, Injaram, (Via) Yanam, Tallarvu Mandal East Godavari Dist A.P.-533 464., A.P.-533 464., Andhra Pradesh	India
S1-888123971	Surgical Delta Physicians Inc	600 Joe Corbit Road, Camden, TN	US
S1-797129295	Bombay Finance Private Limited	H. No-249, Main Road, Dada, Khetri, Jhujhunu, Rajasthan	India
S1-485950384	Joella's Strategic Deli PC	522 West Avenue, Centreville, IL	US
S1-250510039	EAP Alutech Company	C-1248, Arawali Marg, Lucknow, Uttar Pradesh	India
S1-12025275	Piedmont Drive	6 Dean Street, Freetown, MA	US
S1-873914076	Fluent Brothers	Mr-1, Altf Mohan Cooperative - Plot No A 26, Block B, Mohan Cooperative Industrial Estate, Saidabad, New Delhi, New Delhi, South Delhi, Delhi	India
S1-972967205	Svj Lifesciences Limited	2574 Khara Nalu, Behind Italian Bakery Bhadra, Ahmedabad, Gujarat	India
S1-474409913	Frye & Santana Inc.	108 Tower Street, Paola, KS	US
S1-660775568	Durrant & Belk Target LLC	1168 500, Trilla, IL	US
S1-830371097	CX Commercial Private Limited	North Delhi, Delhi, A-30, Gali No-01, Hardev Nagar, Jharoda Majra Burari, Delhi	India
S1-532602797	Cupid View Limited	Sethiyachambers 116/2 1St, Floor Venkatasamy Road, Coimbatore South, Coimbatore, Tamil Nadu	India
S1-300211684	Shammas First Products	2617 Iva Way, Steubenville, OH	US
S1-169648109	Sharp Entertainment Pvt Ltd	Sr No 133/1/3, 161, 11 Gk Mall 4Th Floor Office Space Pimple Sa, Udagar, Pune, Maharashtra	India
S1-37071617	Oakwood Marine (India) Limited	Imperial Heights, B-408 4Th Floor, 150 Ring Road, Rajkot, Gujarat	India
S1-427487721	UY Flaherty Inc.	750 Tallmadge Road, Cuyahoga Falls, OH	US
S1-683697428	Grayce's Partners	13508 Riding Drive, Pflugerville, TX	US
S1-715320849	Whaley Beacon Nuveen LLC	Vernon, 2705 Bowie Street, TX	US
S1-278626482	Pinnacle Logistics Industries	Frisco, 1947 Courtland Drive, TX	US
S1-626812427	Ivins & Wade LLC	123 Gardiner Avenue, Rockford, IL	US
S1-549795649	Ruchi India Pvt. Ltd.	303 Camy House 3Rd Floor3 Dhus Wadi Opp Dr C H Street Marine Drive, Mumbai, Maharashtra	India
S1-221396644	Ferdinande Jackson Keystone Smart LLC	AR, 248 Ahlstrand Terrace, Springdale	US
S1-649008123	CRF Infratech	Sp 145-D-I, Riico Industrial Area, Bhiwadi, Rajasthan	India
S1-502344644	Gift Hospital	Shop No. 187, First Floor, Eros City Square, Sector 49, Gurgaon, Haryana	India
S1-56387917	NM Digital LLP	Karnataka, 325, Bangalore, K.R.Garden, Koramangalabangalore-95	India
S1-720678863	Weber, Queen & Leftwich Inc	88 Bunkerhill Street, Lawrence, MA	US
S1-950070723	Patsy Cook Unified Chimera Inc	AZ, Gilbert, 254 Windsor Drive	US
S1-927509773	Dental Medicine of Shawnee PC	19004 Brangus Road, Shawnee, OK	US
S1-627353378	Golden Solutions (India) Private Limited	Mahatma Gandhi Nagar Osmanabad, Osmanabad, Maharashtra	India
S1-838617018	Gsp Academy	Flat No. 201, Plot No. 124, B-Sector, Vidhya Nagar, Hoshangabad Road, Bhopal, Madhya Pradesh	India
S1-222851417	Associated Trading Private Limited	No.385, 13Th Cross, Nimishambanagar, Khb Road, Mysore, Karnataka	India
S1-451255492	Allied Legacy Horizon	Greece, NY, 167 Luddington Lane	US
S1-833989637	Signature Certified Living PC	MA, 69 Allyn Lane, Barnstable	US
S1-597789322	Sunrise Consultants	Microtek Greenburg, Sector 86, Narsinghpur, Gurgaon, Haryana	India
S1-260311038	Surabhi Infratech Associates	Parishramkilekamaidan, Tikamgarh, Madhya Pradesh	India
S1-285770227	Shaw's American Seafood	2209 Parkway Drive, Muncie, IN	US
S1-156107132	1569 Union Boulevard Partners LLC	13443 321, Palestine, TX	US
S1-863284863	Village Gazipur Manpower Private Limited	D-19/1 G/F D-19/2 Left Side D Block, Village Gazipur, East Delhi, Delhi	India
S1-195381333	Jaipur Systems Pvt Ltd	Business Avenue, B-12, S-2 Iind Floor Above Idbi Bank, Govind Marg, Raja Park, Adars, H Nagar, Jaipur, Rajasthan	India
S1-123445423	Finiify Allied Technology L.L.C.	295 Vaiden, Louisburg, NC	US
S1-811729588	Gedaify	204 Village Square Drive, Loudon, TN	US
S1-804433939	Rosales's Bakery Inc	5400 Rocky Point Road, Cookeville, TN	US
S1-421901356	Chiropractic Health, LLC	4995 Seward Road, Pfafftown, NC	US
S1-524597476	Scott Ave LLC	4822 Manzanita Drive, Glendale, AZ	US
S1-331538788	Vicars, Dvorak & Darden Canadian	6725 Kleinpeter Road, Baton Rouge, LA	US
S1-332346191	Corner Tavern! PLLC	114 Green Turtle Lane, Carolina Beach, NC	US
S1-928675966	Taloja & Sons Ltd	Flat No.17, Disha Co-Operative Housing Society, Sp-8, S No.482, Sai Nagar, Panvel, Raigarh, Maharashtra	India
S1-586469515	James, Edwards and Rodrigue LLC	3913 Knox Street, Fort Worth, TX	US
S1-293727873	M & V Aimei Inc	2465 Beekman Street, Cincinnati, OH	US
S1-537320793	Dynamic Smith, LLC	108 14th Avenue, Hutchinson, KS	US
S1-273767878	Mab Abel Allied Hamilton Inc	5726 1 Avenue, Brooklyn, NY	US
S1-469595223	Safe Financial Technologies Inc	16716 Prairie Falcon Lane, Charlotte, NC	US
S1-889296005	Chen Mortgage Center	1487 Frankie Coburn Road, Greenville, NC	US
S1-545328963	Pune City Automations Public Limited	Sr No. 46, Flat No 202, Insignia Second Floor, Pune City, Pune, Maharashtra	India
S1-921119146	EY Tradevision Pvt Ltd	16, Shri Chaitanaya State Bank Supervising Official Society, Opp. I.I.M. New Gate, V, Astrapur, Ahmedabad, Gujarat	India
S1-948479685	Vista Innovations Private Limited	No. 151, G1, Durga Pearls, Shakthi Street Shakthivel Nagar, Peravallure, Chennai, Tamil Nadu	India
S1-888224418	Javier Plutonian LLC	1427 Chapman Avenue, Troutdale, OR	US
S1-91050161	Sandoval Trust PC	1215 Twig Terrace, Silver Spring, MD	US
S1-350438578	Rolling, Geiger and Soltis Inc	355 200, Unit 113, Washington City, UT	US
S1-977128956	Vision Medicine PC	598 Otto Lane, Grantsville, UT	US
S1-890991991	Brightos Commerce LLC	2170 Fernwood Loop, Semmes, AL	US
S1-56520129	Big Construction Pvt Ltd	Ahmadabad City, Ahmedabad, 7Th Floor, Iscon Elegance, Nr Circle-P, Sg Highway, Satellite, Ahmedabad, Gujarat, 705 B	India
S1-837700130	Keystone Peak Roofing	3248 Fairground Road, Dunn, NC	US
S1-170860088	Green Sea LLC	N28W23000 Roundy Drive, Unit Suite 110, City Of Pewaukee, WI	US
S1-127186532	Orthopedic Atlantic Care Associates Inc	1121 Cove Hollow Road, Buchanan County, VA	US
S1-547547561	Bachraj Ji Ka Bagh 9Th Chopasni Road Sardarpura Technologies Pvt. Ltd.	11B, Bachraj Ji Ka Bagh 9Th Chopasni Road Sardarpura, Jodhpur, Rajasthan	India
S1-965820884	Laxmi Hospitality Private Limited	B-3A, Periar Salai, Shanmugapuram, Palani, Dindigul, Tamil Nadu	India
S1-937138847	Taylor's Metro Audio Installation	5231 Copper Ridge Road, Morristown, TN	US
S1-811491785	Linea Prather Reliable Cms	29 White Birch Lane, Danbury, CT	US
S1-221371082	Reed Ubs LLC	4720 Las Palmas, Sierra Vista, AZ	US
S1-960203090	Madurai Traders	16-11-15/20/2/A, Salim Nagar Hyderabad, Hyderabad, Telangana	India
S1-343087276	Harlingen Heart Council LLC	16961 Kika De La Garza Circle, Harlingen, TX	US
S1-802954685	Good Developers Private Limited	D, Guntur, Andhra Pradesh, Krishna, No. 5-91-22/2, 4Th Line, Lakshmi Puram	India
S1-552518114	Apex Innovative Express Inc.	4018 Trenton Trail, OH, Brunswick City	US
S1-560985660	Congregation Lutheran Church LP	16310 Linden Springs Court, TX, Houston	US
S1-327143985	Mammen Choice Park LLC	300 Sheffield Court, Tipton, IN	US
S1-884751359	Chiropractic Medicine	Volo, 1029 Piccolo Lane, IL	US
S1-404657424	Harbor Meshflow	790 Forgy Road, Lewisburg, KY	US
S1-924830758	Sky Hospitality Private Limited	Sry No-B2/1093, Narayan Nagar, Latur, Maharashtra	India
S1-521978308	North Pegasus Inc	3640 Winesap Road, Hope Mills, NC	US
S1-430014506	Clear Elite Cartesian	1721 86 Street, Brooklyn, NY	US
S1-376134253	Ceify LLC	TX, 2117 Oakwood Street, Haltom City	US
S1-451179345	Nivais Resources	Jordan, MN, 23102 Delmar Avenue	US
S1-763279630	Vyas Foundation	Sr. No 26, Chandrika Park, Flat No. 503, Lane No. 8, Pune City, Pune, Maharashtra	India
S1-961723116	Maid Barbershop LLC	1130 Florence Street, Village Of Baldwin, WI	US
S1-231859208	Office of Housing	1915 16th Street, Perry, IA	US
S1-854452990	Parwati Products	Maniktala Rd, Hzr, 24 P-N, Barrackpur - I, North 24 Parganas, West Bengal	India
S1-662125193	Stickler, Ferguson and Smith Allegro LLC	Baton Rouge, LA, 7775 Burbank Drive	US
S1-52959380	Steelworkers Union Local No 741	1585 Mcfadden Drive, Oakland, TN	US
S1-324847870	Superior Logistics Union Inc	408 Delaware Street, Leavenworth, KS	US
S1-521034509	Stephana Alvarado Complete American LLC	122 Dealva Court, Weatherford, TX	US
S1-453096104	Bagaria Trading Private Limited	No.640, Main Road Shevapet, Salem, Tamil Nadu	India
S1-47185754	Shivam Gateway Ltd	Plot No-19, Arazi No-1044 Min Bairi Akbarpur Banger, Kanpur Nagar, Kanpur, Uttar Pradesh	India
S1-481394893	Caswell Star	4627 Vista Drive, Cottonwood, AZ	US
S1-740041904	Monton Stock Inc	13827 Naples Park Lane, Houston, TX	US
S1-197934161	Verrify Communications LLC	3745 English Avenue, Eaton, NY	US
S1-811127142	Cathrine B. Bridges, DPM LP	47 Highland Street, Dennis, MA	US
S1-334587457	Classic Wholesale Alliance LLC	16470 82, Muenster, TX	US
S1-991461248	Colonial Microelectronics LLC	49 Forest Street, Rutland City, VT	US
S1-262658142	Federal Superior Talon	11627 Sparrow Hawk Drive, Bonanza, OR	US
S1-522048870	Pv Brothers Public Limited	Telangana, Shaikpet, H.No 2-66/5, Plot No 48, Megha Hills, Hyderabad	India
S1-9355688	Oro International School Pvt Ltd	Gautam Buddha Nagar, Surajpur Site C, Extn, Phase-1, Noida, Uttar Pradesh, Villa Nob51 Plotno Bgh A Upsidc Housing Sector	India
S1-8766085	Mealer Ventures Inc	262 Sandy Mush Creek Road, Leicester, NC	US
S1-99616032	Nonna Goddard Horizon Allurion	2855 Stanley Road, Archdale, NC	US
S1-803940269	Fuel Chemical Private Limited	Cyb-4, Cyber Park Near Saras Dairy, Heavy Industrial Area, Jodhpur, Rajasthan	India
S1-524034894	Ratna Sansthan LLP	Ground Floor, Shop No. 46, 4Th Cross, Venkatadri Layout, Bannerghata Road, Beh, Ind Appolo, Bangalore, Karnataka	India
S1-951970212	Hanover County Family Chiropractic	7106 New Hunter Road, Unit 315, Hanover County, VA	US
S1-770845761	Memorial Federation LLC	20 Hickory Lane, Bozrah, CT	US
S1-191756474	National All Oil Co	22169 Alpine Ridge Court, South Bend, IN	US
S1-240055457	Aditya Consultancy Pvt Ltd	23/4/1 Bade Raipur Road, 3Rd Floor, Kolkata, Kolkata, Howrah, West Bengal	India
S1-89723082	Little Ice Cream	850 Acacia Lane, Nixa, MO	US
S1-250530040	Oncology Clinic Inc	536 Via Amalfi, Irving, TX	US
S1-730064090	Williams, Terry, M.D.	9864 Leland Avenue, Unit UNIT 417, Schiller Park, IL	US
S1-393904151	North Canada LLC	6926 Dobson Street, Niles, IL	US
S1-604067124	Shiva Producer Private Limited	P-26Pandav Nagar, Delhi, East Delhi, Delhi	India
S1-47765963	Arihant Agro Limited	Shop No.32, First Floor, Chaitanya Market, Goda Nakks, Bhopal, Madhya Pradesh	India
S1-843843070	United Technologies	Flt 110, Grd Flr, Lbs Municipal L Napoo Road Matunga Cr, Matung, A, Mumbai, Mumbai City, Maharashtra	India
S1-990224592	Legacy Infrastructure Group	2057 Henley Road, Springfield, IL	US
S1-458076403	North Infrastructure Private Limited	D.No.8-1-97/1/8, Level 4, Block-B, Ninitaas High'S Pedawaltair, Vishakhapatnam, Andhra Pradesh	India
S1-998648124	Pinnacle Suma LLC	4850 156th Avenue, Bldg 30, Redmond, WA	US
S1-444208330	Roby Orange Inc	NY, Skaneateles, 1952 Weeks Road	US
S1-588831845	Ziraesh Life	Room No 5 Munna Godi Wala Chowl, Mumbai, Mumbai City, Maharashtra	India
S1-507894970	Pediatric Dental First Specialists LLC	6922 Blue Hills Street, Millington, TN	US
S1-126840887	Thanjavur Polytechnic	Hd 317 13Th Floor, We Work 247 Park Vikhroli Corporate Park Hindustan C Bus Stop Lbs Road Gandhi Nagar Vikhroli West, Mumbai, Maharashtra	India
S1-448733076	Ludlam Motors Inc	NY, 25 Sundown Road, Palermo	US
S1-23351404	Fey Compania LLC	1033 Huntington Drive, City Of Sun Prairie, WI	US
S1-913921484	High Tech Private Limited	Dharwar, Dharwad, C04 Banashankari Layout, Vidyanagar Behind Banasha, Hubli, Karnataka	India
S1-797071973	Chavez Idea Corporation	IN, 902 State Street, North Liberty	US
S1-23979328	Delhi Chemicals Private Limited	A-501 Sukhsagarplot No 52 I P Extension, Delhi, East Delhi, Delhi	India
S1-343559200	Ortiz Freedom LLC	343 Enon Church Road, East Finley Township, PA	US
S1-945827504	Kamdhenu Chits Private Limited	K.V.Rangareddy, Serilingampally, Telangana, P.No-D, Syno-1-13, 17, 19-21, Huda Trade Centre	India
S1-262390745	A Golden Epr LLC	79 Baughman Loop, Hattieville, AR	US
S1-747035688	Pacific Network II	411 Maple Avenue, Roxana, IL	US
S1-914022652	International Products Private Limited	Shimoga, Karnataka, Shop No.101, Srinidhi Complex Shivaji Road, Sagara, Shimoga	India
S1-887118742	Dharwad India Private Limited	No. 64 S R Nagar, Dharwad, Dharwar, Karnataka	India
S1-636831324	Blue Modern Developers	1163/2 A'Ba B-9 Near Hotel Sahyog, Chhatral, Kalol, Gandhinagar, Gandhi Nagar, Gujarat	India
S1-548717271	Meon LLC	2541 Elmhurst Drive, Beachwood, OH	US
S1-220560462	Spec Sangh	96 Hingankatara, Jhansi, Uttar Pradesh	India
S1-125210246	Upstream Brothers	C/O Siyamani Devi, Anand Vihar Colony, Phulwari, Patna, Bihar	India
S1-546838645	Chennai City Corporation Tradelink Private Limited	No.5, Ticel Bio Park, Csir Road, Chennai City Corporation, Chennai, Tamil Nadu	India
S1-800072803	Anshu Digital Corporation	D-622, Vashi Plaza, 4Th Floor, Sector-17, Vashi, Navi Mumbai, Maharashtra	India
S1-14950203	Hari It Private Limited	Shop No-610, Roongta Futurex Appt, Near Rd Circle, Nashik, Maharashtra	India
S1-471942318	Lawson Corporation	221 J E Gentry Road, Crumpler, NC	US
S1-973703483	Segoviano Cardiology	3722 Flight Avenue, Redding, CA	US
S1-14825773	Trinity Impex Private Limited	Arihant Building, Flat No. 102, 15Th Road, Khar (West), Mumbai, Maharashtra	India
S1-892690805	Rasoft Diana Partners	21912 Twin Acres Drive, Queen Creek, AZ	US
S1-665662163	Uptown Grill LLC	46W 630 Elm Street, Kaneville, IL	US
S1-832983427	Hill Cardiology	409 Griffith Street, Hannibal, MO	US
S1-37359273	Big Memorial Trust	Central Delhi, Delhi, 9, Pusa Road Flat No-7, Karol Bagh, Central Delhi	India
S1-577151106	Olaneus Residential	131 Gilrock Court, Stokesdale, NC	US
S1-967435536	Silver Retail Systems, LLC	7540 Newport Drive, Goleta, CA	US
S1-763929053	TV Tower Inc	1480 Carlos Avenue, Ontario, CA	US
S1-322870651	Red Foundation Private Limited	Nb79, Jaipur Greens Bagru Bagru Khurd Bmbhoria, Sanganer, Jaipur, Rajasthan	India
S1-606531358	JKC Horizon Meridian Inc	153 Altondale Drive, Statesville, NC	US
S1-729633028	Mountain Initiative	182 Cross Road, Laurens, NY	US
S1-386857604	Maa Industries Private Limited	B 203, Amber Tirth Chs, Nandivali Road, Dombivli (East), Mumbai, Maharashtra	India
S1-166090639	Pranava Group	Shop No. 2, Plot No 4, Om Shree Safalaya Chs, Datar Colony, Kanjur Village, Mumbai, Maharashtra	India
S1-758560267	Raychel Patrick Supreme Shreya Inc	521 Central Avenue, Amarillo, TX	US
S1-903445032	JK Energy Private Limited	121A J-Extension Iiird Floor Laxmi Nagar, Delhi, East Delhi, Delhi	India
S1-615081497	Ninnetta Paredes Diamond Quantum Inc	3700 Serene Hills Pass, Austin, TX	US
S1-275444673	Pollard and Taylor Care	195 Lafayette Street, Unit 5, Salem, MA	US
S1-997789034	Cenoor Fact	403 Patna Drive, Beaumont, TX	US
S1-546325650	Physical Therapy Specialists	3102 3990, Winnsboro, TX	US
S1-696596585	Solutions Annapurna Healthcare Private Limited	135/9, Girish Ghosh Road Belurmath, Howrah, West Bengal	India
S1-499956365	French Holdings Group LLC	26 La Cinta Canyon Road, Solano, NM	US
S1-401202131	Everest Trust	310, 3Rd Floor, Angel Mega Mall, Kaushambi, Ghaziabad, Uttar Pradesh	India
S1-193364530	Global Fellowship	1307 1/4 Walnut Street, Bloomington, IN	US
S1-308950242	Soteia Enterprises P.C.	290 Lakeside Park Drive, Hendersonville, TN	US
S1-523444268	Orbance Gores Inc	MT, Lewistown, 120 Lasso Lane	US
S1-537215761	Newman Keystone Ramaco LLC	8210 Milwaukee Avenue, Lubbock, TX	US
S1-848604347	Petronia Gourley Trusted Graf Inc.	City Of Juneau, 366 Fairfield Avenue, WI	US
S1-20928731	International Systems Limited	Shivlok House 1, Delhi, West Delhi, New Delhi, I1, Comm Co, A2, Karam Pura	India
S1-230395971	Newberry Classic Healthcare LLC	4846 4420, Kearns, UT	US
S1-378546251	FYG Studio Private Limited	Room No : D7, 18/671, City Centre Building Opp. New Bus Stand, Koyilandy, Kozhikode, Kerala	India
S1-979513513	Sai Technology Private Limited	Flat No. A/301 3Rd Floor, Vinayak Chs Ltd. Chendani Koliwada, Mumbai, Mumbai City, Maharashtra	India
S1-425964729	Bay Charter School	346 Ole Vineyard Road, NC, Goldsboro	US
S1-750577077	Western Artificial PLLC	17229 Capella Lane, Washington County, VA	US
S1-509094995	Corner Pilates Inc.	2261 Littlemore Drive, TN, Memphis	US
S1-576403469	Federal Signature Titan Inc.	9568 Keeneland Drive, Brentwood, TN	US
S1-195058161	Sun Care Private Limited	M.No 572, 1 Flr Shop No 1, Aditi Plaza, Satara, Maharashtra	India
S1-605858505	Liberty Patriot Tungsten, Inc	861 Burnham Drive, University Park, IL, Unit E	US
S1-836916847	Ansal Tower - 38 Nehru Place Allied Corp	G. F. - 6, Ansal Tower - 38 Nehru Place, New Delhi, Delhi	India
S1-859043162	Anchor Wireless Enterprises LLC	3863 Bright Street, Madill, OK	US
S1-737273497	Bennie Carwell Metro Wholesale	416 Oak Avenue, Massillon, OH	US
S1-437195746	DC Lending LLC	9328 Trenton Lane, Maple Grove, MN	US
S1-561152069	Alchemy Brush Pvt Ltd	Vill-Baragram, Ratnadih, Joypur, Puruliya, Purulia, West Bengal	India
S1-4989757	Foot & Ankle Partners Group	301 18th Street, Fort Smith, AR	US
S1-996189067	Calderon Kongsberg Associates	42787 Shaler Street, Loudoun County, VA	US
S1-24513059	Herambh Construction Limited	H No. 3-330/1, Bhupalapally, Warangal, Warangal Urban, Telangana	India
S1-688146797	Oxford Infracon Pvt. Ltd.	7Th Crs Bhagath Sing Road Jayanagara, Hassan, Karnataka, Hassan, Karnataka	India
S1-834765297	Viv's Express Motors Inc	515 Quaker Avenue, Tulsa, OK	US
S1-824088734	Knight Veterinary Clinic	7923 Windy Creek Drive, Houston, TX	US
S1-53041046	Guru Care LLP	Gali No. 3, Behind City, Mall, Vijay Nagar, Gokalgarh, Rewari, Haryana	India
S1-512069001	First Management Private Limited	501, Madhuram Enclave, Behind Sarvottam Hotel, Gandhinagar, Gandhi Nagar, Gujarat	India
S1-173853575	Behavioral Health Group Associates	1839 Windsor Boulevard, Homewood, AL	US
S1-506313987	Lakshmi Engineering Pvt Ltd	#62/1, New No.7, 1St Cross, 2Nd Main Road, Ganganagar, Bangalore, Karnataka	India
S1-670583718	Anthea's Publishing	76 Forman Street, Fl Floor 1, Buffalo, NY	US
S1-481204193	A Star Regions	667 College Avenue, Unit Apartment 328, Elmira, NY	US
S1-292766321	Sweet Barbershop	6075 Fm 3481, Salado, TX	US
S1-128671327	Krishna Good Hospitality Limited	Vaghroda Road Vaghroda Village Vaghroda, Gujarat, Mahesana, Kadi	India
S1-841864760	Brown Kensington LLC	1428 Pine Street, Norristown Borough, PA	US
S1-972508292	Cutting Jewels Ltd	Radha Rani Sinha Marg, Near By Navyug Vidyalay, Opposite Of P Or T Colony, Adampur, Jagdishpur, Bhagalpur, Bihar	India
S1-349442534	Behavioral Health Associates LLC	OK, Tulsa, 2929 Utica Avenue	US
S1-156385687	Badshahpur Solutions Limited	D-203, Bestech Park View, Spa Next, Sector- 67, Badshahpur, Gurgaon, Haryana	India
S1-7101839	Holo Sangh Associates	Wework Manyata Redwood, D3Block, Manayatatech Park, Bangalore North, Bangalore, Karnataka	India
S1-399649742	Miles Technology (India) Pvt Ltd	19, No. Rn Mukherjee Road, 2Nd Floor Kolkata, Kolkata, Kolkata, Howrah, West Bengal	India
S1-433871690	Maa Enterprises Private Limited	Door No. 90, Malambrath Chalil (H), Kottakkal, Parappur, Kottakkal, Tirur, Malappuram, Tirur, Malappuram, Malapuram, Kerala	India
S1-257800967	Dunaway Assets Inc.	MA, Groveland, 65 Seven Star Road	US
S1-429735814	Star Intelligence Brands Inc	11 Arthurs Way, Harwich, MA	US
S1-393137673	Shree Chem Pvt. Ltd.	No:5-22-A, Seelamvaripalem, T Saicharan Ghantasala Mandal, Srikakulam, Krishna, Andhra Pradesh	India
S1-49570634	Sibel's Tattoo LLC	5900 Waters Edge Road, Chesterfield County, VA	US
S1-541080274	Arihant Consultancy	C-704, 7Th Floor, Tower C, Moti Residency, Ghaziabad, Uttar Pradesh	India
S1-970207960	Bolt Institute	Tc 86/811 Chakkai Thiruvananthapuram, Thiruvananthapuram, Trivandrum, Kerala	India
S1-104104759	Signature Bay Trading LLC	1325 Elizabeth Avenue, Village Of Lake Delton, WI	US
S1-629358782	Indrtech Instruments Care	Ardente Office One, Unit 2225, Hoodi Itpl Main Road, Mahadevapura Post, Bangalore, Karnataka	India
S1-427094761	Universal City Solutions Private Limited	Kaithal, Nagar Palika Cheeka Cheeka In Guhla, Haryana, Shop No 299	India
S1-427933022	Royal Properties Private Limited	X 75 Aipl Dream City, Deatwal, Ludhiana, Punjab	India
S1-157665666	Williams Classic Enclave LLC	Wilton, ME, 842 Main Street	US
S1-718184733	Pediatric Midwest Medicine, Inc	20244 31st Avenue, Unit 2020, Phoenix, AZ	US
S1-63638088	Dium Collective LLC	10039 University City Boulevard, Unit P, Charlotte, NC	US
S1-398776167	Schmidt, Bradley and Dowden LLC	823 Hughbert Street, Norman, OK	US
S1-327685774	Vantus Islands PC	4421 Florin Road, Sacramento, CA	US
S1-72935581	Cornerstone Premier Fortune Inc.	14 Pope Street, New Haven, CT	US
S1-988533428	Hyderabad Centre Ltd	H.No.1-11-271/1, Gagan Vihar Colony Begumpet, Hyderabad, Rangareddy, Telangana	India
S1-918838609	Patriot Lifesciences LLC	502 York Street, Newport, KY	US
S1-236336419	Vela LLC	OK, 7700 38th Street, Tulsa	US
S1-941710375	Supreme Hospitality Private Limited	Plot No D- 107, Sector 2, Noida, Uttar Pradesh	India
S1-469120086	Parks Abrdn, LLC	107 Maynard Street, Bastrop, TX	US
S1-596375677	Tech Tech Private Limited	Plot No D-3-1/1 At Midc Deori, Deori, Gondiya, Maharashtra	India
S1-91890249	South Services LLP	C/O - Mita Mukherjee, Kochdihi, Jhanjra Burdwan, Laudoha, Bardhaman, West Bengal	India
S1-501560459	Pgl Expo	C/124/446, Jatepur Uttari, Mansa Bagh Near Psn Public School, Gorakhpur, Uttar Pradesh	India
S1-286406115	All Harbor Starry	IL, 31006 Village Green Court, Warrenville	US
S1-706942192	Arsa Trust Company	Plot No. - 490/5851 Krishna Garden, Phase - Ii, Jagamara, Bhubaneswar, Khordha, Orissa	India
S1-247132924	Gold Software Private Limited	Pn 47, Ram Nagar Colony, Malpura Gate Ke Pass, Sanganer, Jaipur, Rajasthan	India
S1-970879476	Peridiq Realty, LLC	City Of Boscobel, 801 Bluff Street, WI	US
S1-414922041	Vision Logistics Private Limited	Delhi, F/F, Gali No.11, Main Market Garhi, H.No-100, New Delhi, South Delhi	India
S1-699452087	Sibylle's Technologies	317 Sixth Street, Unit 3, Morgantown, WV	US
S1-628436260	Hotel Consulting Private Limited	1/654 Vishal Khandgomti Nagar Lucknow, Uttar Pradesh, Lucknow, Uttar Pradesh	India
S1-810345819	Global Bridge Spirit Private Limited	Rukmanipalayam Road, Mannargudi, Tamil Nadu, Tiruvarur, 5D	India
S1-47443839	Michael Premier Community Inc	645 Church Road, Colchester, VT	US
S1-19121821	Pichardo Super	11 Ridgewood Drive, Rocky Hill, CT	US
S1-707311952	Prospera (India) Services Private Limited	Shiv Complex Shop No 42, Tal- Jodiya, Lakhpat, Kachchh, Gujarat	India
S1-959221757	Bright Textile Global	4700 Berwyn House Road, Unit 2541, College Park, MD	US
S1-357079669	Innovative Properties Limited	Office No.212 On 2Nd Floor Raj Shrungi Building At Palace Road, Opp. Ashapura Mata Mandir, Rajkot, Rajkot, Gujarat	India
S1-496315267	Pune Hospitality Private Limited	S. No. 173/1/1A Flat No 203 Near Pooja Plastic, Swara Pride Residency, Wakad, Pune, Maharashtra	India
S1-246391281	Ss Producercompany LLP	H.No: 16-91, Flat No 203, Sri Harsha Apt Rd. No 3, Saroornagar, K.V.Rangareddy, Telangana	India
S1-593081836	Candide Joines Marshall, LLC	10719 46th Terrace, Kansas City, MO	US
S1-145950089	Param Foundation	Pune, B 204, Sangria, Megapolis, Rgip Phase 3, Hinjewadi, Maharashtra, Pune	India
S1-965828930	Primary Care Vanguard Medicine Center	447 Trailwood Terrace, Flippin, AR	US
S1-223097022	Urban Bike Shop PC	3943 Trinity Church Road, Concord, NC	US
S1-107811142	Ennet Launch Inc	14185 Franklin Street, Unit 4, Franklin County, VA	US
S1-834325810	Jagannath Agro Pvt Ltd	Sp 1 Malviya Industrial Area Apex Circle Malviya Nagar, Jaipur, Rajasthan	India
S1-295919264	XQB Quasaredge PC	4743 White Aster Street, Phoenix, AZ	US
S1-263383485	Garza's Textiles	2381 Quincy Street, Supply, NC	US
S1-615802022	Bailey Shanghai Inc	154 Blue Bayou Trl Court, Houma, LA	US
S1-50821480	Sr Trexim Private Limited	Shop No. 3 J - 5/33, Rajouri Garden, New Delhi, West Delhi, Delhi	India
S1-798978238	Urban Pub	102 County Road 5113, Cleveland, TX	US
S1-410898799	New Ventures Private Limited	C/O Prakash Sethia Sethia Daga Chowk, Bikaner, Rajasthan	India
S1-434235767	Hanson & Mcclure Iheartmedia, LLC	1413 Franklin Drive, VA, Virginia Beach City	US
S1-776993257	EQ Advertising Private Limited	B 207 Kamala Vihar Building Ii Boisar Pada Kamlavihar Sports Club, Kandivali West, Mumbai City, Maharashtra	India
S1-805549305	Dream Engineering Pvt Ltd	Shop No.3, Near Kundan Chowk, Vill. Khushkhera, Near Bhiwadi, Bhiwadi, Alwar, Rajasthan	India
S1-512066012	Congregation Fellowship	119 Pleasant Street, Unit CND 3, Vienna Town, VA	US
S1-535461143	Sauls Prime Music LLC	1115 Timber Ridge Road, Prescott, AZ	US
S1-5710979	Eye Group	3 Elmwood Road, Babylon, NY	US
S1-114549366	Bajaj Brands Private Limited	13 Ganesh Chandra Avenue 5Thfloor R No 25, Kolkata, Calcutta, West Bengal	India
S1-187614953	Cropper Park of Portage	2127 Pennsylvania Street, Portage, IN	US
S1-353752505	Jalandhar Hatcheries Co	1St Floor, 637, Mall Road Model Town, Jalandhar, Punjab	India
S1-935968877	Systems Indraprasth In Corporation	Door No. Ep-Xvi-83 E & F, Palamukku, Ellumannam Po, Mananthavady, Wayanad, Kerala	India
S1-261125897	Mountain Shore LLC	636 Harrison Street, Unit Apartment 11, Anoka, MN	US
S1-36985251	DMW Procap LLC	159-23 Jamaica Avenue, Jamaica, NY	US
S1-945045672	Precision Roofing LLC	8319 43rd Drive, Phoenix, AZ	US
S1-911663813	Real Industries Private Limited	5Th Floor Neelmanichamber, B/H Sales India, City Ahmedabad, Ahmedabad, Gujarat	India
S1-40162994	CP Kgaa L.L.C.	5613 Cloverland Drive, Nashville, TN	US
S1-788788817	North Arihant International Private Limited	New No 39, 3Rd Main Road, Vijay Nagar, Velachery, Chennai, Tamil Nadu	India
S1-359794131	Calvario & Patino L.L.C.	4272 Warren Street, Fauquier County, VA	US
S1-450374831	Narsinghpur Tools Private Limited	F.No.M91F.No.9Towermsec71, Signatureglobalandour, Narsinghpur, Gurgaon, Haryana	India
S1-159579644	Dorene Ray, DO	204 8480, Midvale, UT	US
S1-663199736	Elite Medical Advisors LLC	21107 Quartermaster Avenue, Bldg 21107, Ft Bliss, TX	US
S1-232086511	IWR Solutions Ltd	10 & 11Anantha Thiruvenkatasamy Naidu Street Peelamedu, Coimbatore, Tamil Nadu	India
S1-112377984	PMI Properties Pvt Ltd	Sy No 137/5, No 306, Rohitha Garden, 1St Cross 4Th Main, Near Tata Nagar, Water Tank, T, Ata Nagar, Bangalore, Karnataka	India
S1-825852772	Chiropractic Care LLC	Ruidoso, NM, 105 Harvard Place	US
S1-911150048	Clipper Dot Private Limited	Kunjapatana Sahi (Plot No - 901) Ps-Lingaraj, Old Town, Bhubaneswar, Khordha, Orissa	India
S1-274896234	Dynamic Products Pvt Ltd	Khasra No. 56, Near Railway Crossing, Kalka, Panchkula, Haryana	India
S1-162399024	Fresh Pet Care Corp	13801 21st Avenue, Vancouver, WA	US
S1-123406737	Universal Developers Pvt Ltd	Plot No-600/1530/1706, Kesura C/O-Sipra Mohanty, Bhubaneswar, Khordha, Orissa	India
S1-743857557	Doreen Terrell Allied Broadband	240 Summer Street, Franklin, MA	US
S1-727116642	Dental Anchor Physicians LLC	AL, Birmingham, 609 Finley Avenue, Unit 990830	US
S1-350057104	India Options Bright Private Limited	Shri Murkute Prem Bansilal Fl.No C/18 Nandlal Garden Sno-265/6/10 10Baner Pune, Pune, Maharashtra	India
S1-476083068	Brooks Cadenza LLC	805 Greenbriar Road, Flat Lick, KY	US
S1-570889630	Adams's Great Occupational Therapy	5985 66, Kingman, AZ	US
S1-766482715	Elegance Solutions Private Limited	401/B Smr Complex, 4Th Floor, Plat No 15, Behind More Super Market, Suchitra X Road, Ramar, Aju Nagar, Hyderabad, Telangana	India
S1-546544677	Bodhi & Sons Limited	1303, Floor-13, Plot-Cs 338, Meru Tower, Jahangir Boman Behram Marg, Tardeo, Tulsiwadi, Mumbai, Maharashtra	India
S1-4041342	Mumbai Tieup Private Limited	Shop No 6 Building No 19, Siddhivinayak Chs, Mumbai, Maharashtra	India
S1-508306248	Flanagan Modern Development	1140 Oak Openings Road, Avon, NY	US
S1-812553864	Goldstar Clinic	Sh No 1 Grn Flr, Tere Gaali Versova, Mumbai, Maharashtra	India
S1-507861657	Chiropractic Group Corp	611 Old Pidcoke Road, Gatesville, TX	US
S1-873927210	BP Foundation Private Limited	No121, Geetanjali, 11Thmain, 9Thblocknagarbhavi, 2Ndstage, Bangalore, Karnataka	India
S1-632463387	Sabuj Chatterjee Pvt Ltd	Noida, F 601, Gautam Buddha Nagar, Prateek Stylome, Sector 45, Uttar Pradesh	India
S1-395359998	Bright Coffee	145 Leisters Church Road, Westminster, MD	US
S1-725894936	Golden Care Private Limited	Np V/714 Anellanad P O, Keezhayikonam Venjarammoodu Via, Thiruvananthapuram, Trivandrum, Kerala	India
S1-136650911	CC End	1415 Avery Lane, Unit 514, Sevierville, TN	US
S1-961259101	North Management Private Limited	Plot No.179 Phase V Hsiidc Sector 56, Kundli, Sonepat, Haryana	India
S1-12716980	Magdalena's Contracting	1777 Birdie Lane, Billings, MT	US
S1-856568333	Avantika Memorial Trust	969/6, Delhi, Central Delhi, Delhi, Gf, Gali Paiwali Havely Hisamuddin Haider, Ballimaran	India
S1-994484678	Laxmi Systems Private Limited	K2/216, Delhi, South Delhi, Kh No-58, Bh Colony Sangam Vihar, South Delhi, Delhi	India
S1-391589408	Dynamic Better Pattana	2530 Willow Lane, Emporia, KS	US
S1-821827055	Apex Logistics Private Limited	Cabin 10, Room No. 8/308, Third Floor, Hilite Platino, Shankar Nagar Colony Road, Kannadikkadu, Ernakulam, Kerala	India
S1-943187307	Heart Association Partners	365 Oak Stand Path, Chesterfield, MO	US
S1-384585623	Schexnayder Preparatory Academy	1061 High Street, Dedham, MA	US
S1-353226437	Sarup Merchandising Private Limited	Building No.Vi, Ward No. 3 Kuzhur Panchayat, Thumbarassery, Kuzhur, Kerala	India
S1-294553406	Ignacio Pelican Inc.	705 Furman Court, Allen, TX	US
S1-904996225	Binnie's Metal Works	Tacoma, 1427 58th Avenue, WA	US
S1-638324619	Dateque Inc	189 Jw Drive, El Jebel, CO	US
S1-167321703	Meque Ingredients	29 Pinehurst Drive, Plymouth, MA	US
S1-343732388	Best Properties Private Limited	C/O. Ujjwal Kundu, Kapra Gali, Ward-13, Purulia - I, Puruliya, Purulia, West Bengal	India
S1-458266075	Great Care Private Limited	13/57, Kinari Bazar, Agra, Uttar Pradesh	India
S1-218527802	Wells, Vazquez and Quinn Oxley LLC	7408 167th Street, Douglas County, NE	US
S1-888699746	Perfect International Consultants Private Limited	C/O Suresh Chander Railway Road, Haryana, Panipat	India
S1-729110319	Point Brothers Private Limited	Office No.210, Yuvraj Business Centre, Vikas Complex Iind Floor, 37 Veer Savarkar Block, Shak, Arpur, Delhi	India
S1-385303865	Red Foods Pvt Ltd	D.No 6-2-30/B, Flot No 103 First Floor, Express Court, Lakdi Ka Poo, L, Saifabad, Hyderabad, Telangana	India
S1-296742140	Parsons, Diaz and Wang LLC	2611 Plum Court, Portland, OR	US
S1-745322775	Thirty Advisors	1-B, Khelat Ghosh Lane, Kolkata, Howrah, West Bengal	India
S1-505687673	Norris Hawk LLC	312 Random Road, Arkansas City, KS	US
S1-786497576	Dong Grupo of Incorporated	460 2nd Street, Incorporated, ID	US
S1-582176190	Clyora Seneca LLC	325 Wilkinson Lane, Unit Unit 214, North Oaks, MN	US
S1-502810871	Arihant Developers Private Limited	North 24 Parganas, Barasat - I, C/O Md Nausad Alam, Vill Kemia, Kalupara, P.O. Kirtipur, Kolkata, West Bengal	India
S1-966193611	Pediatric Dentistry Physicians	85 Brook Road, Strafford, VT	US
S1-256724336	Machinists Local Union 622	115 Mariners Road, Equality, AL	US
S1-495348398	Office of Environmental Protection	Unit E, MD, Bel Air, 1103 Jeffrey Terrace	US
S1-921815569	Lewis Village	204 Holloway Street, Alexis, IL	US
S1-400371708	Abhinav Trading Ltd	2 Church Lane (Ground Floor)Room No 1/ 4, Kolkata, Calcutta, West Bengal	India
S1-366969181	Indo Marketing Limited	Flat No.T-4, Canterbury Apartment 9, Norris Road, Richmond Town, Bangalore, Karnataka	India
S1-118036223	Elite All Tungsten PLLC	89 Hudson Street, Camdenton, MO	US
S1-933384875	Universal Agro Private Limited	18/137 Mhb Colony, Sarvoday Nagar, Nr Hema Ind, Nr Samarth Vidyalay, Jogeshwari East, Mumbai, Mumbai City, Maharashtra	India
S1-568122370	Bright Universal Finance Private Limited	Bangalore, Flat No 1404 Vrr Fortuna, Karnataka, Bangalore South, Apts, Off Sarjapura Road	India
S1-184828670	Premier Calamos LLC	14131 St Rte 140, South Webster, OH	US
S1-625845694	Tulsa Veterans Apex Coalition	4886 Darlington Avenue, Unit APARTMENT  315, Tulsa, OK	US
S1-825091133	New Delhi Trading Private Limited	C-5 Road Joshi Marg, Near Saha Pur Jat Gaun, New Delhi, South Delhi, Delhi	India
S1-527885616	Dehlia T. Rosales, DMD, P.C. PLLC	5349 Paddock Falls Drive, Bldg 19, Dublin, OH	US
S1-67551885	Arleta Ruiz Summit Crumrine Center	976 Johnson Street, Unit 100, City Of Fond Du Lac, WI	US
S1-53694776	Jaipur Hind Private Limited	Rajasthan, Krishna Nagar, Golyawas, New Sanganer Road, Jaipur, Plot No. 99B	India
S1-785203518	Rozalie Scott Braemar LLC	10501 Artifact Court, Elk Grove, CA	US
S1-33355590	Belcher Capital Prudential Inc	51 County Road 91, Escondida, NM	US
S1-340481848	Strupp Pioneer LLC	NY, Yonkers, 9 Brandt Terrace	US
S1-73448004	Bangalore Girl Corp	Office No. 213, 2Nd Floor, Ramanashree Arcade No. 18, M.G. Road, Bangalore, Karnataka	India
S1-135435811	Broder, Johnson & Davenport LLC	2138 Jessamine Station Road, Jessamine Co, KY	US
S1-690703334	Brightola Sprott	1192 714, Stephenville, TX	US
S1-742245952	Royal Pearl	2934 Pioneer Drive, Irving, TX	US
S1-978619316	Dulcea Tanner Choice Biotech LLC	5729 Jessica Lane, Owensboro, KY	US
S1-358150651	Krishnagiri Metal Corporation	Plot No:5, Anumepalli Agraharam Begepalli Post, Zuzuvadi, Hosur, Krishnagiri, Dharmapuri, Tamil Nadu	India
S1-676682334	Modern Consulting Pvt Ltd	Plot No. 116-B & 116-P, Gut No. 152 Near Alok Nagar, Satara Parisar, Aurangabad, Maharashtra	India
S1-976783021	Om Infotech Private Limited	60/55 Hari Pada Dutta Lane 2Nd Floor, Kolkata, Calcutta, West Bengal	India
S1-528145300	Declarex Inc.	2805 Boyce Avenue, Fort Worth, TX	US
S1-9908431	Signature Bay Allegro	6709 Tacoma Avenue, Tacoma, WA	US
S1-462934046	Eye Specialists, Inc	120 Shutterlee Mill Lane, Augusta County, VA	US
S1-158380911	Mallory's Metropolitan Wholesale	1130 Loxford Terrace, Silver Spring, MD	US
S1-128303392	Stanton Genetics LLC	7542 Garden Lane, Justice, IL	US
S1-350433118	Faythe Sanders Mercury	23 Strathmore Lane, Madison, CT	US
S1-90771849	Equinox LLC	3963 Snelling Avenue, Minneapolis, MN	US
S1-864632129	Tech Marketing Limited	Office No.13, Ground Floor, Sarathi Complex S.No. 61 Paiki, Tika No.9/3, Opp. Diamon, D Market, Amreli, Gujarat	India
S1-132535915	Ceque	2140 Palace Avenue, Saint Paul, MN	US
S1-615024355	Internal Medicine Group	1730 Middle Road, TX, Denison	US
S1-197764110	Deviya Infratech LLP	Parganas North, Fl-D, 30/1, Ghosh Para Road Maniktala, Ichapur, 4Th Fr, Kolkata, West Bengal	India
S1-478567299	Heart Federation Care	409 Wyandanch Avenue, NY, Unit Unit 77, Babylon	US
S1-748867572	Britt Best Willow LLC	16955 Toronto Avenue, Unit Apartment 115, Prior Lake, MN	US
S1-444926720	Agroha Properties Public Limited	Office No. 216, Bawa Tower, Plot No. 78/79, Sector 17, Vashi, Navi Mumbai, Thane, Maharashtra	India
S1-385082068	Modern Hospitality Private Limited	Maharashtra, 5, Mumbai, Chunawala Estate Kondivitalane Near J B Nagar Market Andheri Kurla Rd	India
S1-789383606	Colonial Capital LP	15528 45th Avenue, Lynnwood, WA	US
S1-7733888	Bharaj Television Private Limited	Unit No.1008 10Th Floor Hubtown Viva W.E. Highway Jogeshwari East, Mumbai, Mumbai City, Maharashtra	India
S1-459084380	Green, Merry and Hoerner Inc.	75 Harrow Lane, Prince Frederick, MD	US
S1-171443606	Housing Council	921 Main Street, Fl 1, Hillsboro, OR	US
S1-522031890	Erica Jeffrey Blockchain	2908 12th Place, Apache Junction, AZ	US
S1-112999138	Wilson Garden India Private Limited	No.22/1, 1St Floor, 5Th Cross, Hosur Main Road, Wilson Garden, Bangalore, Karnataka	India
S1-990759721	WXT Strategic Data LLC	6108 Wynnwood Road, Bethesda, MD	US
S1-858190944	Pediatric Atlantic Associates, Inc	9 Regency Court, Springfield, IL	US
S1-781210509	Dorena Richardson Vanguard Nextera Inc	31 Augusta Avenue, Amherst, NY	US
S1-447656699	Lotus Media Private Limited	S No.- 160/2 Near Kalika Devi Mandir, Kelwa Palghar, Palghar, Thane, Maharashtra	India
S1-299519782	Bright Supply Digital LLC	7386 Real, Unit 4, Goleta, CA	US
S1-389170212	Back Alley Deli	NC, 6154 Andrew Jackson Highway, Chadbourn	US
S1-39787756	BEY Services Ltd	I-304 Sect-1 Suncity Vi.Bopal Ta.Dacroi, Ahmadabad, Ahmedabad, Gujarat	India
S1-430997146	Lowrie Vanguard Vaneck	4572 May Road, Solon, NY	US
S1-458813085	Hardware Traders Limited	H.No- 14-1-211/622/4 Parwathnagar Allapur, Hyderabad, Telangana	India
S1-886434037	Om Estate Pvt Ltd	Block - S 113/5, Midc Bhosari, Pune, Maharashtra	India
S1-901513537	Sanchez Trusted Sachs, LLC	26113 Cornwall, New Caney, TX	US
S1-73518516	Kaler and Ragland	510 Hooper Lane, Chapel Hill, NC	US
S1-449893244	Cross, Jeanine S., L.C.S.W., DDS PC	11156 Gatch Hill Road, Fl 0, Aurora, IN	US
S1-442414081	Golden Sports LLC	507 11th Street, Unit Apartment 307, Fargo, ND	US
S1-142515068	Tri-State Enterprises	41 School Street, Lancaster, NY	US
S1-555543655	Nile Solutions Private Limited	513, City Centre 63/2, The Mall, Kanpur, Uttar Pradesh	India
S1-653229989	Lotus Builders Pvt Ltd	Shop No 323, Plot 3 Dda Community Centre Agarwal Plaza Sec-14 Rohni, New Delhi, West Delhi, Delhi	India
S1-239986792	Krishna Software Pvt Ltd	A02, Omkar Building Mathura Nagar Taaki Road Nallasopara East, Palghar, Nallasopara, Thane, Maharashtra	India
S1-584055831	Enhance Brothers Private Limited	S. No. 33, Kharadi, Behind Saibaba Temple, Pune, Maharashtra	India
S1-534915350	Fort Worth Box	2408 Michael Street, Fort Worth, TX	US
S1-342547011	Cozy Pizza Clinic	11023 Siskin Lane, Klamath Falls, OR	US
S1-178557616	Christ Israel	210 Main Street, Unit Unit 3, Royersford Borough, PA	US
S1-68079909	Etna Housing	138 Burke Lane, Etna, ME	US
S1-93185066	#Ninaor Rmg-Westminster	225 Brandywine Drive, Westminster, SC	US
S1-437908048	Alena Alvarez Dynamic Preferred	14 Ashwood Road, Manorhaven, NY	US
S1-839977302	Super Enterprises Private Limited	No 139, 16Th Street Thirumalai Priya Nagar, Pudur, Ambattur, Chennai, Tamil Nadu	India
S1-619699783	Digital Logistics Pvt Ltd	Uttar Pradesh, Gorakhpur, Bagha Baba Road, Rustampur, Gorakhpur, Saket Nagar	India
S1-385927046	Great Initiative	5545 27th Avenue, Seattle, WA	US
S1-666560912	Shields Modern Boa Inc	Buffalo, NY, 718 Linwood Avenue	US
S1-53356096	Sarasika Residency Private Limited	Plot No 101, Kh No 4, Gali No 3, Friends Enclave, Delhi, North West Delhi, Delhi	India
S1-812076174	Dill & Huff Public LLC	1014 Hines Street, Republic, MO	US
S1-57549624	Behavioral Health Specialists LLC	5117 Rolling Meadows, Milan, TN	US
S1-205889045	Womens Health Strategic Care Associates	4202 Comanche Street, Pasadena, TX	US
S1-395575279	Darby and Barr Asa Co	1326 Walston Court, Indianapolis, IN	US
S1-484025155	Kramer, Rose and Francisco LLC	1115 Saluda Street, Fenton, NY	US
S1-787433012	Horizon Education Solutions	New York, 61 125 Street, NY	US
S1-603849231	Big Solutions Private Limited	5/318, Kumaran Nagar, Vengamedu, Coimbatore, Tamil Nadu, Tiruppur	India
S1-136705690	Continental Shanghai Inc.	920 I Street, Unit 614, Washington, DC	US
S1-66391243	My Infotech Private Limited	1A, Ajay Shopping Centre, Behind Vishal Chemist, T. H. Kataria Road, Mahim, Mumbai, Mumbai City, Maharashtra	India
S1-985976695	Literacy Federation	7904 Rocton Avenue, Chevy Chase, MD	US
S1-886852861	Congregation Ministries	405 Pinecrest Drive, Atlanta, TX	US
S1-759365268	Kiosk Trading Private Limited	Plot No. 1 Ground Floor, Lsc Mor Land, New Delhi, Central Delhi, Delhi	India
S1-407867221	Delhi Trading (India) Pvt Ltd	East Delhi, Delhi, 45-B, Delhi, A-1, Kondli Gharoli	India
S1-375627852	Rina Wadsworth Liberty Braemar Inc	827 St Kateri Avenue, Phoenix, AZ	US
S1-308686319	Beacon & Brothers Private Limited	5/1, Arabinda Road, Nabagram, Hooghly, West Bengal	India
S1-269676422	Fleur's United Machine Works	118 146th Street Court, Tacoma, WA	US
S1-463917421	Washington's Tax Service	14677 Salem Church Road, Mount Vernon, IL	US
S1-445993033	Espinoza Animal Hospital Inc	833 Willowdale Road, Morgantown, WV	US
S1-425616377	Gitanjali Partners Pvt. Ltd.	T No. 64 Rs 843, Akkatai Mane Nagar, Kalamba Road, Kolhapur, Maharashtra	India
S1-392566689	EA Software Inc	1429 College Street, Portland, OR	US
S1-550807948	Express Diagnostic Concepts	Edina, 5804 Olinger Boulevard, MN	US
S1-780331711	Orthopedic Associates LLC	7380 Westlake Terrace, Bethesda, MD	US
S1-652689400	Davis Electronics Partners	6255 Sheridan Drive, Amherst, NY	US
S1-755575907	Behavioral Health Associates Clinic	VA, 3303 Martha Custis Drive, Alexandria City	US
S1-858252911	Rev It Up Cafe	39875 10, Delhi, NY	US
S1-875857983	Continental Sound Inc	24 Asylum Street, Mendon, MA	US
S1-790746809	Nandni Footwear Private Limited	Tamil Nadu, Moogambikai Nagar, 3Rd Main Road, Maduravayol, Tiruvallur, Chennai Corporation, No.26A	India
S1-111821062	Narayani Services Pvt Ltd	Nit, Faridabad, B-20/21 Fruit Garden, Haryana	India
S1-557122184	Permanent Solutions Limited	Apt 101-102, Delhi Blue, 2 Factory Road, New Delhi, Delhi	India
S1-625772184	Scion & Co	Plot No-15 G/Fhk Gopal Nagar Extention Near Sister Church, Najafgarh, South West Delhi, Delhi	India
S1-983570198	Anand Properties	696/5-B, Gajjupurwa Kda Colony, Jajmau, Kanpur, Uttar Pradesh	India
S1-200558166	Gilbert, Ramirez & Bolden	419 Main Street, Amherst, OH	US
S1-910315718	Colonial Program LLC	WV, 800 Sixth Street, Sutton	US
S1-81900846	Hamlin Silver Seas PLLC	7543 20th Street, Phoenix, AZ	US
S1-868970423	Platinum Research Enterprises LLC	20169 Henning Road, Danville, IL	US
S1-295805789	Ramirez Starry, LLC	618 Henderson Street, Fl 1, Galesburg, IL	US
S1-952867453	Certified Staffing Innovations LLC	1302 C Sage Brush Way, Heber Springs, AR	US
S1-177887676	Mckinley Aspen LLC	416 High Street, Salem, IN	US
S1-997517893	Bombay Estate Private Limited	Sy No. 445 & 446, Gowdavally, Medchal, Hyd, Hyderabad, Telangana	India
S1-39641619	Global Global Private Limited	Virar, Maharashtra, Thakur Arcade, Above Viva Super Market, Virar (West), Thane, 28-30	India
S1-123141974	Olive Unnati Limited	Nashik, C/O Shri Shantaram Rabhji Kangane Gulwanch Tal Sinnar Gulwanch, Maharashtra, Sinnar	India
S1-686668008	Cheema Polytechnic	Siliguri, West Bengal, Upper Basement Floor International Market, Sevoke Road, Darjeeling, Shop No. 13	India
S1-57861376	Apex Interstate Etf L.L.C.	7731 Alta Vista Road, Laveen Annex, AZ	US
S1-635797953	Manish Equity Private Limited	222 Ganpati Arches Gurugram Haryana, Basai Road, Gurgaon, Haryana	India
S1-500072209	Main Street Diner, L.L.C.	2720 Plaza Drive, Fort Wayne, IN	US
S1-627160847	Visible & Co	Jay Shree Colony, Teliyon Ka Talab Nathdwara, Nathdwara, Rajsamand, Rajasthan	India
S1-313386776	Ridge Fellowship II	KY, 409 Benham Street, Dayton	US
S1-554222143	Orthopedic United Care LLC	2003 Chattaroy Place, Sugar Land, TX	US
S1-181369338	Vanguard Research Global LLC	4731 Chopin Road, Rio Rancho, NM	US
S1-25867054	UY Commerce Private Limited	Delhi, Sector-5, Dsidc Bawana Industrial Area, D-279, North Delhi	India
S1-722293691	Patrica Gonzalez Metro Lakeshore, LLC	527 124th Street, Seattle, WA	US
S1-977929015	Cardiology Frontier Partners LLC	18810 County Line Road, Winnie, TX	US
S1-107367404	Star Developers Private Limited	House No. 37, Gali No-3, Surat Nagar Phase 1, Railway Road, Gurgaon, Haryana	India
S1-158892085	Economic Development Fellowship PLLC	600 Westinghouse Road, Unit 3203, Georgetown, TX	US
S1-796253980	Aj Trading Pvt Ltd	Gurgaon, Haryana, D-43, Gurgaon, Icon Appartment, Dlf Phase-5	India
S1-67142427	Mk College	C/O Ankit Jain Mohangarh, Tikamgarh, Madhya Pradesh	India
S1-467718530	Pruitt Charter School Co	5905 Farney Avenue, Portsmouth, OH	US
S1-444711104	Mahameru Tech Private Limited	C-5/7, Napier Road Part-2, Chowk, Lucknow, Uttar Pradesh	India
S1-919043101	Davis Star National LLC	1733 Harrow Court, Unit D, Wheaton, IL	US
S1-346808265	Twisted Pilates	113 25th Street, Lorain, OH	US
S1-123678749	South Gores Inc	857 Salem Street, Brookville, OH	US
S1-159375199	Spence Future LLC	168 Dillehay Hollow Road, Defeated, TN	US
S1-113308274	High International Pvt Ltd	Tamil Nadu, Madurai Madurai, Azad Street, Gandhi Nagar, Madurai, 19	India
S1-124467266	Oncology Medicine of Cincinnati	Cincinnati, OH, 7277 Chetbert Drive	US
S1-277283988	Ace Printing Collective Group	5540 Route 113, Coal City, IL	US
S1-426826382	Fast Technologies Private Limited	17, Panchnath Plot Taluka School Road, Rajkot, Gujarat	India
S1-537393121	Charles, Peterson and Johnson, Inc	617 Locust Street, Quincy, IL	US
S1-480138954	New Delhi Wires Limited	Delhi, Naraina Vihar, New Delhi, West Delhi, G-63	India
S1-797139549	Ghaziabad Thread Private Limited	Plot No.- 70, Flat No.-A1, Sector-5, Rajendra Nagar, Ghaziabad, Uttar Pradesh	India
S1-60151568	Community Services LLC	38806 21st Avenue, La Center, WA	US
S1-786043456	Zephova Oyster LLC	8963 Smith Hollow Road, Mt Pleasant, TN	US
S1-175176906	Blue Rapid Citizens LLC	7296 Atherton Lane, Kemp, TX	US
S1-828424356	Bella (India) Daya Private Limited	18, British India St, Kolkata, Kolkata, Howrah, West Bengal	India
S1-426712787	Smith Medical Center of Charlottesville City	792 Prospect Avenue, Charlottesville City, VA	US
S1-880890425	Granite	524 Barrenwood Drive, Wadsworth City, OH	US
S1-807548289	K I & M Mellon	5253 Cloverdale Lane, Battlefield, MO	US
S1-911946238	Signature Ridge Logistics Inc.	395 Lednum Drive, Milford, DE	US
S1-66625987	XON Green Online Partners	1500 Ruth Avenue, Cuyahoga Falls, OH	US
S1-320094808	Pawansut Industries Group	Plot No-151 A, Kh No. 109, Blk-A Ugf Gali No-8, New Delhi, South West Delhi, Delhi	India
S1-490139500	Empire Custom Grading, LLC	411 Flat Rock Road, Schuyler Falls, NY	US
S1-549456614	One Great Investments	Engineer And Mehta, 501-4, Midas Chambers Near Fun Republic Multiplex, Off Andheri, Link Road, Mumbai, Mumbai City, Maharashtra	India
S1-312174524	Allied Electronic LLC	517 Enola Drive, East Pennsboro Township, PA	US
S1-55363775	United Century LP	122 Talicud Trail, Apex, NC	US
S1-71689462	Basta Capital Acquisitions	3853 Watersville Road, Mount Airy, MD	US
S1-286557884	Clear Investment Services	720 Emerald Pointe Drive, Unit Unit 3, Hollister, MO	US
S1-224202445	Shree Academy	Plot No 82, Pasumpon Nagar, Vadugapalayam, Pollachi, Coimbatore, Tamil Nadu	India
S1-249796146	Colonial Assets LLC	2913 Oxwich Avenue, Rio Rancho, NM	US
S1-455534410	Aum Eye Private Limited	301 Malay Sky, Friends, Colony, Nr. D.K Patel Hall, Ahmadabad City, Ahmedabad, Gujarat	India
S1-371729996	Prativa Institute	165, Dodh Bhag, Pilvai, Mahesana, Gujarat, Vijapur, Mahesana, Gujarat	India
S1-217571332	Jai Exports Pvt Ltd	S.No. 2/ 1/ 1, Ambegaon (B Tal. Haveli, Pune, Maharashtra	India
S1-695421300	Life Projects Private Limited	51 Jodhpur Park, Kolkata, Calcutta, West Bengal	India
S1-412692042	Classic Solutions Pvt Ltd	Flat No 302 3Rd Flr Gokulanandana Residency Pb Nagar Old Safilguda, Hyderabad, Telangana	India
S1-162593001	Primary Care Group	8190 Tr 73, Old Fort, OH	US
S1-636198387	Aguilar Holdings Group Center	1380 W Tunnel Boulevard, Houma, LA	US
S1-40364814	Electronic Logistics Partners LLC	10360 Mattoax Lane, Amelia County, VA	US
S1-955330970	Do, Samara M., Esq.	1409 Tartan Lane, Hampton City, VA	US
S1-493944613	Safe Bread Inc	1466 Elliot Road, Unit 102, Gilbert, AZ	US
S1-64831661	Schrack Animal Hospital Inc	12618 Lincoln Avenue, Unit #24, Lakewood, WA	US
S1-154824365	Pacific Cornerstone Argentina	5608 178th Place, Lynnwood, WA	US
S1-148265622	Ziegler Landscaping LLC	4718 Norrisville Road, White Hall, MD	US
S1-363099334	Summit LLC	Crossville, TN, 764 Oakmont Drive	US
S1-439680514	Bright Insurance Care	4144 Twin Circle Way, Halethorpe, MD	US
S1-774051355	PIJ Suisse Inc	1912 Cogswell Avenue, Pell City, AL	US
S1-896142542	Laxmi Services	Plot No. 16 & 17, 2Nd Floor, Dwarka Sector 11, New Delhi, New Delhi, South West Delhi, Delhi	India
S1-362498466	Jay Traders Pvt Ltd	Pension Nagar Police Line Takali, Nagpur, Maharashtra	India
S1-799126736	Lakshmi Apex Media Private Limited	C/O Attamaram Ranuji Rajguru Chincholi-Bore Chincholi-Bore, Buldhana, Maharashtra	India
S1-248350153	Ortiz Value Inc	2352 Breckenridge Court, VA, Harrisonburg City	US
S1-401741650	Orthopedic Quality Physicians LLC	31 Beekman Road, Red Hook, NY	US
S1-830609519	Haveli Solutions Private Limited	Flat No 202 Building G, Msr Olive Haveli, Haveli, Pune, Maharashtra	India
S1-481032281	Northern Prime Shanghai Inc.	20 Cold Spring Road, Simsbury, CT	US
S1-328447918	Studio 2 Bakery	1621 Shady Glen Dr, Davenport, IA	US
S1-907556285	Great Products Private Limited	C-65, First Floor New Ashok Nagar, New Ashok Nagar, East Delhi, Delhi	India
S1-915362429	United Gujarat Exports Private Limited	59/4A, Birhana Road, Kanpur, Uttar Pradesh	India
S1-73403082	Finance Sncl Dairy Partners	3/A, Ramdevnagar Society, Near Panchayat Office, Ahmadabad City, Ahmedabad, Gujarat	India
S1-828845836	SW Builders Private Limited	K.V.Rangareddy, Sy No 26/P, Gundlapochampally, Rangareddy, Telangana	India
S1-848852562	Real Energy Pvt Ltd	15, Sbi Employees, Pankaj Chsl, Navghar Road Mulund East, Mumbai, Mumbai City, Maharashtra	India
S1-491878623	ZA Business LLP	3Abrars5Thdmain, 1Stblock, Kormangala, Bangalore, Karnataka	India
S1-555006823	Federation Builders	Kerala, Kottayam, Pallickachira P.O Paippad, 5/506, Changanacherry	India
S1-689153292	Foot & Ankle Partners	25 Spruce Street, Champlain, NY	US
S1-234223484	Bright Seafood	12718 Hilden Road, Durham, NC	US
S1-658151638	Empire Foundation	43 Debbie Drive, Stafford County, VA	US
S1-979638771	South College	Rz-C-13 T/F Kh No-25/17/1, Plot No-13, Old Plot No-8, Dabri Extn East, New Delhi, Delhi	India
S1-985119931	The Dent Deli	6428 500, Swayzee, IN	US
S1-625308695	Autism Assistance Council	1966 165, Stevinson, CA	US
S1-876414429	Perfect Producer Private Limited	503 Oberoi Chambers I, Link Road, Opp Laxmi Industrial Estate, Andheri (W), Mumbai, Mumbai City, Maharashtra	India
S1-985516131	Premier Ocean LP	26 Old Straitsmouth Way, Rockport, MA	US
S1-391548630	Tech Ss Infra Private Limited	Kanpur, Uttar Pradesh, 10 Azad Nagar, 2A/244	India
S1-355821652	Al Impex Private Limited	Flat.Nob-1703, Hyderabad, Rangareddy, Telangana, Ramky Towers, Gachibowlii Serlingampally	India
S1-778218023	Pinnacle Pinnacle Quasaredge, LLC	78 Rigsby Road, Marshall, NC	US
S1-808118645	Natalie Reed Quality Grid	449 Mill Street, Mansfield, MA	US
S1-659524760	Vemisoft Co	1013 46 Street, Brooklyn, NY	US
S1-664387167	American Pediatrics	16125 Leitchfield Road, KY, Big Clifty	US
S1-121300600	Heartland Custom Blueport	4249 Shadwell Drive, Evansville, IN	US
S1-902339398	Media Aston Oils Ltd	12C, Heretage Divine, Gyan Khand-2, Indirapuram, Ghaziabad, Uttar Pradesh	India
S1-16803013	Shiv Perfect Investment LLP	Shop 05/A, Build-A/Ff, Pearl Avenue, Opp Musa, Pardi, Valsad, Gujarat	India
S1-238576208	Premier Ventures	4A Ray Street, Kamadhenu, Building, Elgin Road, Kolkata, Kolkata, Howrah, West Bengal	India
S1-952620214	2521 Union St Holdings Care	100 Valleywood Court, Erlanger, KY	US
S1-955514212	Highland Fresh Arc LLC	115 Catfish Lane, Crump, TN	US
S1-62840536	Bagda Services LLP	North 24 Parganas, C\O Sumanta Sadhukhan, Ghonaramath, P.O.Sindrani, West Bengal, Bagda	India
S1-494937590	U & X Builders Inc	TN, 3633 Falkirk Way, Ooltewah	US
S1-87813671	CZM Continental Meshflow LLC	7022 SR201 Nrth Frtg Road, West Valley City, UT	US
S1-190623472	Jordain Ellingson Emera LLC	4 Handy Avenue, NY, St Johnsville, Unit Apartment 1	US
S1-430985536	Lakshmi Tech Pvt. Ltd.	3510, Park Road, Gandhimanagr, Peelamedu, Coimbatore, Tamil Nadu	India
S1-185653319	Burris Sunrise, LLC	2166 Edgewater Sound, Morristown, TN	US
S1-23250247	Scm (India) Homes Care	B 204, Sakal-24, Tp-44, Nr Savitagreen, Chandkheda, Ahmedabad, Gujarat	India
S1-917590063	Glennie Ploetz, Ph.D. P.C.	210 Chateau Rive, Peekskill, NY	US
S1-375224050	Life Hospitality	Gb 26, Naveen Mandi Yard, Alwar, Rajasthan	India
S1-748568260	Cardinal Developments LLC	MA, 12 Inwood Street, Boston	US
S1-412886077	Gonzalez Medical Center Inc.	127 Lilly Lane, Rupert, WV	US
S1-706839088	Mandal Services Private Limited	H.No. 361/1 And 354/1 Village Sultanpur, Mg Road, New Delhi, Faridabad, Haryana	India
S1-634908265	York Texas	16973 Rogers Road, Eden Prairie, MN	US
S1-774794099	Russell Energy, LLC	9910 Morrell Avenue, Independence, MO	US
S1-39797197	Manne International Associates	12, Hungerford Street Ground Floor, Kolkata, Howrah, West Bengal	India
S1-126331601	Robinson's Pizza	283 Seymour Drive, Goldsboro, NC	US
S1-19779048	Concord Pediatric Dental Group	1170 Biscayne Drive, Concord, NC	US
S1-628335222	White Laxmi Services Private Limited	Tower B 602 Narayan Green, Woods Nr S R Petrol, Vadodara, Gujarat	India
S1-589067925	Alpha Foundation Private Limited	Jhauganj Ghat Lane, Jhauganj, Patna City, Patna, Patna, Bihar	India
S1-571317154	Vinny Bender, DO, M.D., P.C.	2850 Prairie Street, Village Of Prairie Du Sac, WI	US
S1-890499789	Ailyn Vera Krakacquisition	5801 Holmes Street, Kansas City, MO	US
S1-547937022	Prajyot Construction Private Limited	B 518 B, Sushant Marg, Sushant Lok-I, Opp Radisson Blu Suites Galleria, Dlf-Iv, Gurgaon, Haryana	India
S1-209032763	Krishna Hospitality Private Limited	4, Green Vihar Benad Road, Jaipur, Rajasthan	India
S1-429703746	Technology Dio Developers Pvt Ltd	S- 32, Gtb Complex T. T. Nagar New Market, Bhopal, Madhya Pradesh	India
S1-869423895	Bureau of Sanitation	IA, Oxford Junction, 309 Main Street	US
S1-780690767	Harbor Fund	4862 Sunnyview Road, Salem, OR	US
S1-672842987	Feeney & Winkler Entertainment	6083 Bitterroot Drive, Westerville, OH	US
S1-680124546	Construction Sigma Nidhi Limited	B-6, 3Rd Floor, Lift Shopping Complex Nimri Colony, Ashok Vihar Ph-4, North West Delhi, North West, Delhi	India
S1-198174393	Steinbacher Fortune LLC	157 56th Street, Pleasant Hill, IA	US
S1-668150019	AB Prairie Enbridge	3027 Breeze Drive, UT, Magna City	US
S1-940817399	Pediatric Dentistry Royal Clinic PC	116 Boardman Drive, Gallup, NM	US
S1-499972846	Midwest Society VI LLC	3688 Van Buren Street, Gary, IN	US
S1-750073611	Caor LLC	250 Village Avenue, Rockville Centre, NY	US
S1-78167364	Cardiology Health	Fl 3, Holland, OH, 7035 Quail Lakes Drive	US
S1-148353436	Smart Marine Brands Inc	Washington County, OK, 398481 2400 Road	US
S1-561247776	Marshal Realtech Private Limited	C/Obhagvanjibhaistalaviya, At. Tramba, Raga Svara, Rajkot, Gujarat	India
S1-466794996	Maglione, Suh & Hess Inc	Houston, 12319 Laneview Drive, TX	US
S1-66808800	Life Software Private Limited	House No. 666, Sector-38, Gurgaon, Haryana, Gurgaon, Haryana	India
S1-262870670	Infinite & Brothers	# 1-98/8 To 11, Flat No. 301/B, Fortune Chambers Image Gardens Road, Silicon Valley, Madh, Apur, Hyderabad, Telangana	India
S1-425011135	Frye Apex America LLC	4031 Airport Boulevard, Unit 248, Mobile, AL	US
S1-600741270	Maldonado & Mickens Offshore	Loudoun County, VA, 25901 Flintonbridge Drive	US
S1-23669343	Best Biomedical Enterprises	18 Iron Gate Drive, Andover, MA	US
S1-432351164	Desert Immunopharma LLC	6025 Magrath Avenue, Bldg 1391, Fort Carson, CO	US
S1-824906869	New Impex Private Limited	475/A-19, Devagiri, Near Technopark Phase Iv, Mangalapuram, Chirayinkeezhu, Thiruvananthapuram, Trivandrum, Kerala	India
S1-122232705	Noah Trust LLC	6096 Tinley Mill Drive, Prince William County, VA	US
S1-161456522	T J Martin Costamare LLC	NC, 108 Wall Street, Lilesville	US
S1-887816750	Cozy Seafood Company	4688 Walker Avenue, Unit Slip 20, Orange Beach, AL	US
S1-863361456	Chiropractic Center LP	1596 Harveyton Road, Bonnyman, KY	US
S1-762169586	Colonial Keystone Biotech	OH, 2515 Berdan Avenue, Toledo	US
S1-493852609	Suzy Reynoso Keystone Pattana LLC	910 1st Street, Unit LOT 20, Woodward, OK	US
S1-384235216	Pediatric Dental Care Associates Inc.	113 Brownlea Drive, Unit G, Greenville, NC	US
S1-567262694	Jabalpur Services Private Limited	Madhya Pradesh, Jabalpur, 19 Laxmi Parisar Katanga, Jabalpur	India
S1-899424683	Minton, Dryden & Board LLC	2240 County Road 3160, Cookville, TX	US
S1-70854521	Kharar Vu Limited	C/O Vikram Jain, Rupnagar, Kharar, Arya College Road Opposite Dusshera Ground, Punjab	India
S1-359908548	Continental Initiative	1664 Dixie Drive, Unit C103, St George City, UT	US
S1-854207766	Yamuan Education Private Limited	H. No.-17, Sector - 41 Aghapur, Noida, Gautam Buddha Nagar, Uttar Pradesh	India
S1-644609283	Classic Trading	S-382, 3Rd Floor Panchsheel Park, New Delhi, North East, Delhi	India
S1-795351574	CM Wave L.L.C.	7146 Refuge Road, Pottsboro, TX	US
S1-315152899	Southern Hospitality Private Limited	B 95, Moradabad, Uttar Pradesh, Gandhi Nagar	India
S1-535936959	OQR Plast Ltd	104, Haryana, Sai Complex Gali No. 4, Tigaon Road, Omaxe Heights Old Gate, Faridabad	India
S1-832079937	Smith Highland Armour	Mckinney, TX, 5405 Pandale Vall Drive	US
S1-20091285	Shyam High Business Private Limited	Madhya Pradesh, Sagar, Bina, Chandra Shekhar Ward	India
S1-981766382	Essel & Co	C/O - Ravi Kumar Tomar, Digner, Barauli Ahir, Shamshabad Road, Agra, Uttar Pradesh	India
S1-84556007	Signature Staffing Technologies LLC	10618 254th Place, Kent, WA	US
S1-992953434	E K & D Grifols	2013 Somerville Drive, Hampton City, VA	US
S1-864226107	Delatorre Edp	2372 33, Decatur, IN	US
S1-643543122	Metro Arch Ltd	4 Lake Circle, Saugus, MA	US
S1-853392573	Desert College	3040 Sawyer, Mesa, AZ	US
S1-748730249	Delhi Construction Private Limited	C 8/242, Yamuna Vihar, Shahdara, Delhi, East Delhi, Delhi	India
S1-548811788	Golden Chemical Company	129 Bemiston Avenue, Saint Louis, MO	US
S1-748369350	Apex Design Worldwide	622 Milroy Avenue, Rensselaer, IN	US
S1-185055467	Bangalore South Labs Private Limited	No. 19, 4Th C, Koramangala Industrial Area, 5Th Block, Bangalore South, Bangalore, Karnataka	India
S1-832441709	Clyance Hudson LLC	1054 Tenth Street, IN, Jasper	US
S1-574588231	Mandsaur Technologies Limited	272, Kalidas Marg, Gandhi Chouraya, Mandsaur, Madhya Pradesh	India
S1-153727830	New Delhi Chem Private Limited	Ap -6 Shalimar Bagh, New Delhi, North Delhi, Delhi	India
S1-782374520	Operating Engineers Local Union 732	8523 Oman Road, Little Rock, AR	US
S1-617255702	Nata's Delta Services	1444 Heron Pond Street, Raleigh, NC	US
S1-667419894	Mahaffey's Auto Body	635 Wind Chime Court, Stephenville, TX	US
S1-75897373	Sun Developers Limited	32Apollo Street Fort, Mumbai, Maharashtra	India
S1-299344362	Bay School of Medicine	City And Borough Of Juneau, AK, 9209 Long Run Drive	US
S1-227128708	Talent Health Private Limited	Ramavilasam Complex, Door No 118 J, 118 H, Vazhoor Po, Changanacherry, Kottayam, Kerala	India
S1-499809025	Peacock Care Partners	P-37 Cit Road Sch Viim, Kolkata, Howrah, West Bengal	India
S1-279262514	Kestola Athena Corp	6927 29th Place, Berwyn, IL	US
S1-29448070	Bertie Barrett Metropolitan Financial Inc	Schaumburg, IL, 240 Steeplechase Court	US
S1-621858889	Platinum Malt	1400 Arno Street, Albuquerque, NM	US
S1-816804092	Martica Rice End	Cheektowaga, NY, 166 Lou Ann Drive	US
S1-367148113	Satnam Services Limited	Flat C First Floor G-17D South Extension Part-Ii, New Delhi, South Delhi, Delhi	India
S1-713955266	Cinder LLC	402 Oak Street, Unit A, Franklin, MA	US
S1-850766754	Saraswati & Co Clinic	Gat No 537-538, Badhalwadi, Village -Navlakh Umbre Talegaon Dabhade, Taluka Maval, Pune, Maharashtra	India
S1-809307002	Software Gemini Pipes Private Limited	24/88 Jessore Road, Kolkata, Kolkata, Kolkata, Howrah, West Bengal	India
S1-811062762	Baptist Empire Services	1421 Goddard Court, Des Moines, IA	US
S1-294124151	Empire Hydro Care	11274 Womens Bay Drive, Kodiak Island Borough, AK	US
S1-108551334	Swastik Food Private Limited	Bungalow No-2 1St Floor Main Patel Road West Patel Nagar, New Delhi, West Delhi, Delhi	India
S1-20723596	Elke Wade Tri-State Diana Inc	1309 Nicholson Street, Washington, NC	US
S1-756304055	Jay Finance Private Limited	H.No.214, Osmannagar, Bhel Employees Cyber Cly, Patancheru, Medak, Telangana	India
S1-892913998	New Delhi Consultants Private Limited	House No-3, Khasra No.-99/25, Floor Ground, Block-C Near Bgn Public School, Jain Nagar Villa, Ge Karala, New Delhi, North West, Delhi	India
S1-725341562	Jenkins Imperii	943 Country Club Lane, Warsaw, IN	US
S1-991589899	Martinez Xii Inc	13308 White Owl Lane, Houston, TX	US
S1-86976512	TR Golden	1A Free School Street, Kolkata, Calcutta, West Bengal	India
S1-42544670	Gold Estate Pvt Ltd	16 B, Horniman Circle, Zoroastrain Building, Fort, Mumbai, Maharashtra	India
S1-593682333	Thornton Resources LLC	300 Richmond Avenue, Nicholasville, KY	US
S1-828436567	Stag Family Practice LLC	5332 Rock Spring Drive, Chesterfield County, VA	US
S1-128695268	Ved Design	Nand Nagri, Delhi, A-3/175, East Delhi, Delhi	India
S1-22973786	East Energy Private Limited	B-2, Kashiratna Bhavan, Chendani Koliwada, Thane (West), Maharashtra	India
S1-891297605	Moreno and Delgado LLC	2411 Church Street, Johnsburg, IL	US
S1-135392637	Clear Technical Alliance Group	33-14 155 Street, Flushing, NY	US
S1-137529648	Gupta Tyres Private Limited	Nr Radhe G Rahatoli Gaon Post Badalapur, Ambernath, Ambernath, Survey No.66/3, Maharashtra, Thane	India
S1-537944284	Meena Group of Companies Pvt Ltd	D-50, Amarabati, P.O.-Sodepur P.S.-Khardah, Khardah, Parganas North, West Bengal	India
S1-990633874	Sarsawa Consultancy Private Limited	Villa No. 288, Saurana, Opp. Air Force Station, Ambala Road, Sarsawa, Saharanpur, Uttar Pradesh	India
S1-667018874	American Mountain Guardian LLC	12151 Cortez Drive, Fl 1, Scottsdale, AZ	US
S1-736903406	Step Law Chambers Private Limited	Hn 82, Plot No 404, Ward No 32, Gaya, Bihar	India
S1-866344609	Optimal Liberty All Care	803 Parliament Street, Little Rock, AR	US
S1-324203503	Consultants Aak Top Private Limited	B38/47 D5 Mahmoorganj, Varanasi, Uttar Pradesh	India
S1-650641874	Piedmont Charter School Inc	907 La Londe Avenue, Lombard, IL	US
S1-55328137	Talley Colonial Growth P.C.	506 Isaac Branch Drive, Jacksonville, NC	US
S1-644513630	Marketing Gauri Builders	Dlf My Pad Towerb2, Studio, 1218, G7, Vijaipur Colony, Lucknow, Uttar Pradesh	India
S1-979267636	Lotus Bharat Food Private Limited	602-603A, Shapath I, Opp Rajpath Club, Thaltej Gandhinagar Highway, Ahmedabad, Gujarat	India
S1-799416225	Sun Industries Private Limited	Sukhatme Hospital Astavinayakapts Behind Dholya Ganpati Ashok Stambh, Nashik, Maharashtra	India
S1-476831471	Blue Patriot Aegon	31661 94th Street, Parker, AZ	US
S1-52008571	Sai Tech Private Limited	Maharashtra, Pune, Laxmi Saheb 132-B Plot No 3Sahajeevan Co-Op Hsg Soc Ganesh Khind Road, Pune	India
S1-382018301	Ms Farmers Limited	372/Raj Nivas, Ottupura, Karikkuzhi, Kollam, Kerala	India
S1-677157125	New Life Synagogue	622 Central Avenue, Jamestown, TN	US
S1-293072113	Amb Researchprivate	Bangalore North, Ardente Office One, Katha No.287, Sy No5, Hoodi, Bangalore, S-2213, Karnataka	India
S1-950597151	American Certified Consumer, LLC	Johnston City, IL, 17445 Collins Road	US
S1-824885867	Thomas Cement Private Limited	Maharashtra, Siddhi Vinayak Tower, Chs Ltd, Cs Complex, Road No. 3, Near Sudhindra Nagar, Dahisar (E), Dahisar East, 302, Mumbai	India
S1-821458465	Woodward and Felder	1638 Mountain View Road, Rockwood, TN	US
S1-991313566	Everest Trading Ltd	401, Chrysalis, Irla Qutbi Chs Ltd, Gulmohar Cross Road, Jvpd Scheme, Plot No 9, Vile Parle, W, Mumbai, Mumbai City, Maharashtra	India
S1-823517714	Camille's Engineering	6501 Mcgee Ranch Road, Sahuarita, AZ	US
S1-15677842	DJ Products Private Limited	C/O D. Sanjeev, 1-32, Peddapalli Mandal, Peddapalli, Karim Nagar, Telangana	India
S1-225136075	Jay Media Pvt Ltd	1730/2 Kotla Mubarakpur, New Delhi, South Delhi, Delhi	India
S1-791201903	Plumbers Union Local No 389	412 Grant Avenue, Altoona, PA	US
S1-753143220	Efficient Nursing Home Private Limited	401(P-5), Ajoy Nagar Santoshpur, Kolkata, Howrah, West Bengal	India
S1-376090634	ISO Trading	1905 Victoria Farms Road, Unit 157, Lake Havasu City, AZ	US
S1-397398631	Southern Highview Inc	9206 Sir Walter Drive, Henrico County, VA	US
S1-162220839	Desert Interests LLC	52 South Street, Leesburg Town, VA	US
S1-328120327	Smart Estate Pvt Ltd	9Th Floor Maker Chambers Iv; 222 Nariman Point, Mumbai, Maharashtra	India
S1-647512804	Naveen Nagar Star Limited	Kanpur Nagar, 117/L/309 F No 3 Arpit A, Naveen Nagar Kanpur, Naveen Nagar, Uttar Pradesh	India
S1-688677254	Frederica Allen Green Ligand Inc.	136 800, Salt Lake City, UT	US
S1-99624997	Kassi Cheney Harbor Virtus L.L.C.	108 Pond Street, Bldg EDGEWOOD/GREATER BOSTON ACADEMY, Stoneham, MA	US
S1-492161824	Bureau of Transportation	Nelson County, VA, 133 Grassy Ridge	US
S1-270586602	Eat (India) Technologies Private Limited	171 Sector -14, Karnal, Haryana	India
S1-457583255	Matrushree & Associates LLP	2.2.980 Adarsh Colony, Jalkot Road, Latur, Maharashtra	India
S1-826929053	Main Street Barbershop	300 Kennel Avenue, Molalla, OR	US
S1-117096888	First Blue Solutions LLP	C/O Niranjan Nagla Deshwa, Bharatpur, Deeg, Bharatpur, Rajasthan	India
S1-892395333	Sarit Systems LLP	Rz-A/96, Road No. 6, Street No. 9 Mahipalpur Extension, New Delhi, South West Delhi, Delhi	India
S1-983390183	Kratzer Continental Neurosciences Group	13111 Longwood Avenue, Burton, OH	US
S1-874200440	Ndiaye Commerce Inc	246 Mclelland Avenue, Mooresville, NC	US
S1-106799278	Farmer and Johnson Micro Partners	Hempstead, 715 Lowell Place, NY	US
S1-371975648	Veterans Committee Center	846 Fox Hill Drive, Spanish Fork, UT	US
S1-790313694	Walsh Spdr	920 Vest Street, Scottsburg, IN	US
S1-160769369	Prime Harbor Jab LLC	2700 Charlotte Avenue, Unit 422, Nashville, TN	US
S1-386614948	Universal Foods Private Limited	Maharashtra, Solapur, C/O Shamrav Dayal Galave 1162/B Hanuman Maidan Near Old Court Pandharpur, Pandharpur	India
S1-63146391	Nexdiia Investments	1427 Carson Court, Mesquite, TX	US
S1-733248374	Congregation Fellowship	299 River Valley Road, Mountain View, AR	US
S1-805535132	Bombay Ss Hospitality Pvt Ltd	C/O Sukhbir Singh, Huda, Sector-34 Village Shahpur, Ambala, Haryana	India
S1-459359801	Classic Farms Inc	155 8th Street, Connellsville City, PA	US
S1-336641472	Tadepalle Freight Pvt. Ltd.	H.No, 13-37/20/23/1, Barma Sitaramaiah Street, Sundaraiah Nagar, Tadepalle, Guntur, Andhra Pradesh	India
S1-36237806	Peum	408 Brant Road, Corolla, NC	US
S1-361881612	Primary Care Peak Clinic PC	Pulaski, TN, 1741 Access Road	US
S1-736167252	Kennedy Holdings	17531 Daleview Drive, Lakewood, OH	US
S1-793517999	Leblanc Dynamics Corp	2320 10th Street, NM, Farmington	US
S1-151277938	Big Hypnosis	6324 Blackhawk Drive, North Little Rock, AR	US
S1-98197393	Edavanakkad P.O. Estate Pvt Ltd	Algram Builders Developers Pvt. Ltd Illathupady, Edavanakkad P.O., Cochin, Kerala	India
S1-204350436	Sree Trading Private Limited	C/O Rasanand Swain Friends Colony, Bajrakabati Road, Cuttack, Orissa	India
S1-117954160	North Business Pvt Ltd	Room No 13, Laxmi Nagar Nr Bedrock Company, Link Road, Goregaon, Mumbai, Mumbai City, Maharashtra	India
S1-32620285	Shivam Global Pvt Ltd	Near Hassanpur To Palwal, Vpo Likhi Teh Hodal, Hodal, Faridabad, Haryana	India
S1-333310034	Kesteus Pennymac Care	Cape Elizabeth, ME, 185 Fowler Road	US
S1-212332469	Seven Agro Private Limited	601, Sukhdham Tower, S.M. Compound Nr. Nehrunagar Cross Road, Ahmedabad, Gujarat	India
S1-209733956	Brightis Calamos	1153 Lisa Lane, Tempe, AZ	US
S1-873077900	Primus Power	18, Purvi Marg, Vasant Vihar, New Delhi, Delhi	India
S1-950052790	Sirius Diversified, Inc	3930 Princeton Avenue, Massillon, OH	US
S1-466419708	Nolie Mckinstry Alpex Corp	6370 Thistlewood Lane, Burlington, KY	US
S1-892463765	Navurja & Co	H.No.1-8-678/20Flat No320, Azamabad Gangablock Rtc X, Musheerabad, Hyderabad, Telangana	India
S1-770510917	Ma Buildcon Pvt. Ltd.	7-2-520, S T 299, Opposite, D Mart, Sanath Nagar, Secunderabad, Telangana, Hyderabad	India
S1-866876723	India Indus Research Private Limited	6/1, Near Sadul Sadan, Ganga Avenue Road, Bikaner, Rajasthan	India
S1-700562956	Rasia Geisen Living, Inc	965 Old Town Road, Bridgeport, CT	US
S1-381485646	Hernandez Mexico Inc	106 Southport Supply Road, Supply, NC	US
S1-85670214	Moran Patriot Aldabra LLC	Unit C, OH, Columbus, 5768 Bixbywoods Court	US
S1-771519262	Health Guild	263 Nassau Road, Unit Apartment 2, Huntington, NY	US
S1-755536860	Messerly, Macri and Tan of El Paso County	12190 Atacama Lane, El Paso County, TX	US
S1-845929181	Vijay Trading Private Limited	J-3/299, Ground Floor Dda Flats Kalka Ji, New Delhi, South Delhi, Delhi	India
S1-876648601	Smith Pediatrics Inc	Plandome Manor, 1415 Plandome Road, NY	US
S1-850448343	Primary Care Elite Health	22419 30th Court, Sammamish, WA	US
S1-734359921	Y & A Hotel	415 Dedham Street, Unit A, Newton, MA	US
S1-515251309	Skyway Cold LLP	Plot 47, Banwali Kala Sanghian, Kapurthala, Punjab	India
S1-902402587	South Quality Centurion	1907 Little Zion Manor Drive, Unit UNIT C, San Bernardino, CA	US
S1-186770131	Christ Ministries	22 Gannon Way, Loudoun County, VA	US
S1-234587135	Piedmont Committee	1316 Hampton Court, Nashville, TN	US
S1-371688824	Ditech Desert Solutions	Hamilton, 1037 Hooven Avenue, OH	US
S1-390614809	Sugee Information Private Limited	Flat No. 119 Lok Nayak Bhawan Commercial Complex, Fra, Zer Road, Patna, Bihar	India
S1-226332321	Sallie Coronado Cea, LLC	1023 Willow Oak Drive, Missouri City, TX	US
S1-753671400	Jude Marketing Private Limited	Shop No 2, P No 50B Sector, 20B, Navi Mumbai, Thane, Maharashtra	India
S1-835676480	Berny Cuevas Peak Immersion Corp	Andover, 14831 Eagle Street, MN	US
S1-47040385	Krishna International Private Limited	D-78, Sector -63 Gautam Buddha Nagar, Noida, Gautam Buddha Nagar, Uttar Pradesh	India
S1-9606021	Gajraj Hospital	Plot No Kh No 9/5, Pole No 136, Qutub Vihar, Ph - Ii, Nagafgarh, Near Pp 136, New Delhi, West Delhi, Delhi	India
S1-897497027	Iconic Polytechnic	C/O Vijay Sharma Ward 12, Bhagat Singh Colony, Patna Sadar, Patna, Bihar	India
S1-623168313	Historical Guild of Fairfax County	8369 Richmond Highway, Fairfax County, VA	US
S1-878403371	Perfect Media	Fl No. 305, Sn 296/2 Abhilasha, Co-Operative Housing Society Porwal Road, Pune City, Pune, Maharashtra	India
S1-282192329	Vanguard Diamond Canada Inc	39 Brent Street, Colonie, NY	US
S1-512204886	Moix Beacon Banco LLC	206 Sharpe Street, Selma, NC	US
S1-164081713	ZH Acquisition Inc	30445 1st Place, Federal Way, WA	US
S1-567169322	Wally's Liquor P.C.	1803 Martin Luther King Boulevard, Unit 815, Houma, LA	US
S1-283604109	Laxmi Management Private Limited	2Nd Floor Mrudula Sadanpratap Road Dandia Bazar, Vadodara, Gujarat	India
S1-60467532	Arroyo Mercator PC	2623 Wayside Court, Warsaw, IN	US
S1-725419706	Grip Charitable Trust	Dda Flat No. 53-A, Ground Floor Sfs Block No. H Saket, New Delhi, South Delhi, Delhi	India
S1-689343758	Saheli & Co Co	The Spire-2, Office No.817, 8Th Floor, Raiya Road, Rajkot, Gujarat	India
S1-733814374	Vittoria Choi Hills of Houston	210 Frisco Street, Houston, TX	US
S1-368548561	Auld & Russell	3303 Teal Creek Lane, Knoxville, TN	US
S1-741434603	Red Tavern! Inc.	201 Pybas Street, Washington, OK	US
S1-651763365	Fontana Permian of Gassville	41 Sunchase Court, Gassville, AR	US
S1-141126090	Tirupati Healthcare Private Limited	34B Lenin Sarani, Kolkata, Calcutta, West Bengal	India
S1-170225666	Aditya Power Private Limited	H No.-177-Kh No - 156/1 Rajpur Khurd Extn, New Delhi, Delhi	India
S1-746555042	Ember Center	8121 Norfolk Way, Dove Valley, CO	US
S1-402744932	Dishon Montessori School	5 Brown Trout Lane, Pecos, NM	US
S1-858551931	Harmon Perfect	28 Bracken Lane, Brevard, NC	US
S1-457749209	Bright Pub	315 1st Street, Mount Pleasant, TX	US
S1-907068489	Wave Engineering Private Limited	C/O: Laxmipriya Baral, Khandighara Chhaka, Rua, Puri, Orissa	India
S1-8311113	Indian Technology Private Limited	11-1-864/F3 Srrtharam Bagh, Old Mallepally, Telangana, Hyderabad	India
S1-943979179	Montola Growth PLLC	8 Ben & Maude Drive, Fletcher, NC	US
S1-490473619	Family Committee	Gilbert, AZ, 4340 Shannon Street	US
S1-771099410	Jordan, Madlin, D.C. Associates	3010 Brook Mill Drive, Unit 203, Raleigh, NC	US
S1-373167744	Roopanth Mills Pvt. Ltd.	C/O Babita Devi, Udharampur, Meena Bazar, Sampatchak, Patna, Bihar	India
S1-139115196	Gold Laxmi Investments Pvt Ltd	1St Floor, Patil Chawl, Tank Pakhadi Sahar, Mumbai, Maharashtra	India
S1-973398451	Fortune Engineering Pvt Ltd	Sco No. 20, Second Floor, Mohali Citi Square, Rajpura, Mohali, Punjab	India
S1-77976857	Lucknow Developers Private Limited	Plot No 90 Khno-129, Mohdpur Khatri, Lucknow, Uttar Pradesh	India
S1-657497649	Baba Technologies Private Limited	C/O Jarnail Singh, 1873-C Mamoon, Pathankot, Gurdaspur, Punjab	India
S1-110964486	Emmalyn Durham Clean Multimedia LLC	7024 Farrell Parlour Lane, Unit 405, Charlotte, NC	US
S1-458071224	Tirupati Investment Private Limited	Plot No. 4389/4919, Tankapani Road, Bhubaneswar, Khordha, Orissa	India
S1-922939030	Eye Medicine Inc	55 Dash Trail, Canton, NC	US
S1-584535237	Creative Digital Laboratories LLC	718 Quewhiffle Road, Aberdeen, NC	US
S1-248876822	Massie Premier Granite Inc	4601 Ardmore Road, Phoenix, AZ	US
S1-539934099	Capital Institute	4509 119th Drive, Kirkland, WA	US
S1-861741724	Industries Springfield Sms Private Limited	No. 9/114, Patel Street, Palladam, Madurai, Tamil Nadu	India
S1-169819530	Jarlus Quantumsphere Partners	2711 120th Avenue E, Tulsa, OK	US
S1-762761472	Alpha Enterprises Limited	New Delhi, 10208, Central Delhi, Padam Singh Road Karol Bagh, Delhi	India
S1-652171268	Eastern Estate Private Limited	C-1211 East Loni Road Delhi, Delhi, East Delhi, Delhi	India
S1-546067318	QDW Resortsprivate Pvt Ltd	Rz-480/13, Tughlakabad Extension, New Delhi, Delhi	India
S1-343809867	Raj Trading Pvt Ltd	Pune, S. No.975, Nana Peth, Padumji Park, Lane No. 1, Maharashtra	India
S1-180583972	Desert Industries	6168 Warren Street, St Anne, IL	US
S1-581586592	Shanti Hospital Private Limited	18-3-45/1, Beside Nagamaiah Temple Urus, Warangal Urban, Warangal, Warangal Urban, Telangana	India
S1-614724462	Cardiology Partners Inc.	4804 Heather Drive, Tempe, AZ	US
S1-202112057	Cozy Coffee LLC	Surprise, 11596 Sierra Dawn Boulevard, AZ, Unit 101	US
S1-695163140	Velus LLC	2885 Paint Pony Lane, Heber, AZ	US
S1-953839329	Main Street Pizza	205 Martin Avenue, Danville City, VA	US
S1-753456409	Lalithapuram Street Royapettah Intermediary Private Limited	No.1, Lalithapuram Street Royapettah, Chennai, Tamil Nadu	India
S1-642510192	Briggs Skin Care LLC	120 80th Street, Seattle, WA	US
S1-788325700	Sun Technologies Private Limited	Flat No.2-A, Second Floor, Door No.10/20 Iv Cross Street, West Shenoy Nagar, Chennai, Tamil Nadu	India
S1-759182044	Stag LLC	1200 Somerby Drive, Unit 529, Mobile, AL	US
S1-980596584	Kerman Charter School	17217 Hawthorne Drive, East Hazel Crest, IL	US
S1-499583379	Procter & Harned Municipal LLC	7323 Chapman Highway, Unit 140, Knoxville, TN	US
S1-504633584	Silver Foundation Private Limited	B/602 Mayflower, Opp Poisar Bus Depot, Plot No.100, Lady Fatima Road Poisar, Kandivali West, Mumbai City, Maharashtra	India
S1-480870977	Ksn Engineering Limited	Flat No-301, 2 Nd Floor, Chamanti Apartments, Near Super Market, Tadepalli, Guntur, Andhra Pradesh	India
S1-551878346	Rudra Academy Pvt Ltd	Gmcbl City Bus Depot Sector 52, 53 Near Rapid Metro Rail Depot Gurugram, Gurgaon, Haryana	India
S1-204580844	Bangla Brothers Pvt. Ltd.	701, Maharashtra, Bldg-6, Ebony, Vasant, Oasis, Makwana Road, Mumbai	India
S1-387241445	Vip India Private Limited	Unit No. 435, 4Th Floor, Dmrc Building, D-21, Corporate Park, Sector 21, Dwarka, New Delhi, South West Delhi, Delhi	India
S1-868073197	Devavi Agro Limited	2-58, Sy.No. 115/1 & 130/P, Ground & Mazzanine Floor, Rajapushpa Summit, Financial District, Golconda, Hyderabad, Telangana	India
S1-898536059	Premier Power Private Limited	Honda Showroom G T Road, Opp Mini Secretariate, Panipat, Haryana	India
S1-90825189	Metro Premier Gas LLC	MD, Riverdale, 6709 Oakland Avenue	US
S1-20064900	Farmer Great Medical Inc	707 Iowa Avenue, IL, Streator	US
S1-247390708	Sree Construction LLP	301, Indraprakash Building, 21 Barakhamba Road, New Delhi, Central Delhi, Delhi	India
S1-850215759	Cozy Pizza PLLC	719 Ashford Court, Cincinnati, OH	US
S1-133548520	Akhand Ventures	Uttar Pradesh, 29/263Kala Mahal Agra, Uttar Pradesh, Agra	India
S1-324777964	RY Storage	Ground Floor House No 1176, Urban Estate, Jind, Haryana	India
S1-140686821	All Good Builders Limited	278/8 Kh Near Tilak Nagar, Turning Aishbagh Bridge, Lucknow, Uttar Pradesh	India
S1-648713273	F 4 C Osisko Inc	632 Koins Way, Bluffdale (sl Co), UT	US
S1-227011208	Ram Balaji Management LLP	D.No.6-13-4, T.Nagar, Kokkonda Vari Street, Rajahmundry, Rajahmundry, East Godavari, Andhra Pradesh	India
S1-870902025	Christ Methodist Church	1783 13th Drive, Town Of Preston, WI	US
S1-933363647	Indian Foods Private Limited	23, Raghbir Marg, Patiala, Punjab	India
S1-700980594	Colonial Global Pharmaceutical LLC	79 Baker Street, Jamestown, NY	US
S1-271113932	Priti Traders LLP	25, 5Th Cross, 6Th Main, Saraswathipuram, Bangalore, Karnataka	India
S1-523042628	Rocky Guild, LLC	1493 Scenic Road, Village Of Richfield, WI	US
S1-448687775	Zoom Solutions Clinic	G-639 Govindpuram, Ghaziabad, Uttar Pradesh	India
S1-806533606	Liberty Choice Pgim Inc	4219 Waving Willow Way, Rosharon, TX	US
S1-810708354	Krishna Foods	Maharashtra, 3Rd Floor, 38, Cawasji Patel Street, Mumbai, Kamer Bldg, Fort	India
S1-757261527	Signature Wellness Innovations LLC	6610 Wenz Avenue, Hodgkins, IL	US
S1-921451574	Cassondra Vitug, DMD	225 Burkhart Road, Maynardville, TN	US
S1-553360501	Jay Hospitality Private Limited	H No 770, Sector 56 56A, Park, Ballabgarh, Faridabad, Haryana	India
S1-154324355	Patton Realtech Private Limited	Dup-201, Plot No-45, Sect-6, New Satyam Co-Op Socy. Kopar Khairne, Navi, Mumbai, Thane, Maharashtra	India
S1-106418728	First Technology	D-1023 New Friends Colony, New Delhi, South Delhi, Delhi	India
S1-435042803	Bosak, Waneta, DO LP	6405 Lorel Avenue, Chicago, IL	US
S1-598398457	Bianka Labarre Continental Partners	741 Morningside Drive, Unit Apt 13, Fayetteville, AR	US
S1-27545640	A Precision Chimera Inc.	Bellingham, 115 Main Street, Unit 202, MA	US
S1-655561682	Hernandez Apollo Inc.	27 Whipple Street, Unit 2, Worcester, MA	US
S1-550551866	Raj Engineering Private Limited	2Nd Floor Opp More Super Market, Madhuara Nagar, Hyderabad, 8-3-222/C/1/8(A-18), Telangana, Hyderabad	India
S1-142434511	Bright Infotech Private Limited	182 A, Vasudevpuri, Jhotwara, Jaipur, Rajasthan	India
S1-547231913	Kayle Thompson Federal Cslm, LLC	407 Garcia Street, San Diego, TX	US
S1-564279725	Vraj Properties Private Limited	P-304, The Metrozone Apt, J.N Salai, Thirumangalam, Egmore Nungambakkam, Chennai, Tamil Nadu	India
S1-21649526	Atlantic Star Automotive Inc	14929 Henry Road, Houston, TX	US
S1-400208519	International Bael Marketing Private Limited	57/15, Ballygunj Circular Road, Kolkata, Howrah, West Bengal	India
S1-904571917	Navi Mumbai Farmer Private Limited	Plot No H-2. M.I.D.C Industrial Area Behind Hindliver, Taloja, Navi Mumbai, Raigarh, Maharashtra	India
S1-209922971	Lucky Nails	4444 Box Canyon Drive, Eloy, AZ	US
S1-912631474	New Energy LLP	Office No.F123, F124 And F125, First Floor, Moongipa, Arcada, D. N. Nagar, Off. Link Road, Andheri West, Mumbai, Maharashtra	India
S1-929291617	Dempster Continental Rre LLC	575 Boring Chapel Road, Unit 5, Gray, TN	US
S1-955198371	Suryavi Pharmaceuticals Ltd	Tamil Nadu, Iiird Floor, Menaka Towers, No.1, Tollgate, Trichy, Door No.6/3676, Tiruchirappalli, Trichy	India
S1-909114952	Conkey Ridge Wilco LLC	8206 14th Avenue, Unit 302, Hyattsville, MD	US
S1-668206504	Frias Blue Marketing	110 State Street, Litchfield, IL	US
S1-926354334	North Consultants	Eranakulam, Kerala, 41/570 Clouds Centrekrishnaswamy Cross Road Pullepady Cochin, Ernakulam	India
S1-165705804	City Foundation Private Limited	G-23, Sector 27, Noida, Gautam Buddha Nagar, Uttar Pradesh	India
S1-248966888	Kirstin Allender Continental Financial Inc.	55531 126, Northome, MN	US
S1-4225696	Innovative Better Hamilton, LLC	7802 Fairway Cove Court, Spring, TX	US
S1-957648469	Unique Equipments Pvt. Ltd.	H 22/117, Ferry Ghat, Athpur, North 24 Parganas, Athpur, Parganas North, West Bengal	India
S1-586779169	Raurkela Industrial Township ( Vedio Corp	L.2. Ph-1, Basanti Colony, Rourkela, Raurkela Industrial Township (, Sundargarh, Orissa	India
S1-383319619	Jones Rocky Enterprise Inc	201 58th Street, Unit 141, Washington, DC	US
S1-374992197	Continental Silver Marshall	5949 Quail Hollow Road, Unit F, Charlotte, NC	US
S1-322759440	Amber Intelligence LLC	MD, Baltimore, 804 Lyndhurst Street	US
S1-722250945	Ember Inc	12005 La Padera Lane, Florissant, MO	US
S1-264312057	Zanet Inc	112 Shadowood Lane, Princeton, WV	US
S1-332338799	Olwen Milo, DMD, M.D., P.C.	Lavergne, 4090 George Buchanan Drive, TN	US
S1-401466299	Perfect Infrastructure Private Limited	H.No.1096/23 Dlf Colony, Rohtak, Haryana	India
S1-762013125	Chennai Technology Pvt Ltd	Plot No 21, First Street, Alaiyamman Nagar Madipakkam, Chennai, Tamil Nadu	India
S1-832969377	Patriot Patriot Monte Inc	9945 Tammy Lane, Magnolia, TX	US
S1-720096870	Mukund Brothers Private Limited	Nawanagar, Bihar, Buxar, Panch Vill Nawanagar, C/O Manoj Kumar Singh	India
S1-816350345	Uptown Hypnosis	Weymouth, MA, 31 Pine Street	US
S1-903181812	Enterprises Maruti Invest Private Limited	Woc Road, Kurubarahalli Main Road, No.80, Karnataka, Bangalore North, Bangalore	India
S1-237514166	Delhi Solutions Ltd	Tamil Nadu, Chennai, New No.25, G2, Agasthiyar Street, East Tambaram, Old No.9, Chennai	India
S1-512435279	White Cornerstone Mellon	12 Osprey Court, MN, North Oaks	US
S1-603743638	Pune Media Company	S No. 372 A, F Pl 299, S Pl 6, North Main Rd Koregaon Park, Pune, Maharashtra	India
S1-648145659	Flores Suma Associates	10329 St Rte 73, Otway, OH	US
S1-303121780	Foot & Ankle Care Associates LLC	261 Pawnee Road, Scott City, KS	US
S1-112762254	Trusted Media Enterprises Inc	375 Reamy Road, Quinton, OK	US
S1-168707566	Badyna, Inc	29 Downey Street, Chicopee, MA	US
S1-897493208	Hayesville Cultural Advanced Council LLC	Hayesville, 158 Sundowner Circle, NC	US
S1-473243897	Lower Patriot Inpoint Inc	1511 Arusha Street, Round Rock, TX	US
S1-860531634	3899 Park Lane Properties	Unit Unit 2, Greenwich, 9 Weaver Street, CT	US
S1-376964535	Wrennie Spears Valley Deutsche LLC	6602 24th Street Court, Tacoma, WA	US
S1-155082989	Gold Infrastructure Private Limited	706, 7Th Floor, North Avenue, Road No 9, Jaipur, Rajasthan	India
S1-411184751	Primary Care Gulf Group	715 Ann Street, Rockport, TX	US
S1-374894230	Global Institute	18017 133rd Avenue, Puyallup, WA	US
S1-459793158	Value Telecom Concepts LLC	41535 Carriage Horse Drive, Loudoun County, VA	US
S1-657598238	Blomgren Securities L.L.C.	2993 Getwell Road, TN, Memphis	US
S1-129409679	Barbey Johnson, D.O.	IN, Gary, 2324 Durbin Street	US
S1-576417930	Universal Business	Rahul Singh Kal 707 Kardmeshwar Puram Colony Kandawa, Varanasi, Uttar Pradesh	India
S1-400207416	Unified Networks LLC	2834 Indian Creek Road, Burnsville, NC	US
S1-477149670	A Cure 4 All	3091 30, Booneville, KY	US
S1-993453719	Blair Montessori School LLC	647 Fish And Game Road, Decatur, NY	US
S1-590049156	Lear Services Corp	17 A British Indian Street, Kolkata, Calcutta, West Bengal	India
S1-333570693	Lotus Solutions Pvt Ltd	R 3128 1St Floor M3M Urban Sector 67, Golf Course Ext Rd, M3M Urban -A Business Park, Badshahpur, Gurgaon, Haryana	India
S1-807362380	Adhi Marketing Ltd	9-4-133/C/4, Chabra Enclave, Golconda, Hyderabad, Telangana	India
S1-639327786	Lincoln Memorial Ace Council	301 5th Street, Lincoln, IL	US
S1-619822250	Music Reliable Prime Inc	9333 Bold Camp Road, Wise County, VA	US
S1-123820987	Vishwaraja Trading Ltd	10 Gitaneel Arcade85 Hill Road Bandra W, Mumbai, Maharashtra	India
S1-916196405	Elliott Abacus Inc	108 Kingsbury Drive, Norman, OK	US
S1-670224096	Ember LLC	OH, Westerville, 399 Wyndham Park	US
S1-529998321	Avi Farm (India) LLP	No.26G, Veerasandra Industrial Area, Hosur Road, Electronic City Post, Bangalore, Karnataka	India
S1-281862082	Custom Wellness Enterprises LLC	212 Washington Avenue, Unit APARTMENT 1424, Towson, MD	US
S1-871480353	Sexton and Vaughan LLC	7105 Sanders Way, Westerville, OH	US
S1-281587833	Laurene Neighbors Secure Brown, L.L.C.	1710 Hanover Avenue, Richmond City, VA	US
S1-622106291	Barber & Leighton Pan P.C.	6331 Ganso Lane, Charlotte, NC	US
S1-363200816	Johnson, Jordan and Blakeslee LLC	15110 Georgia Road, Prince William County, VA	US
S1-128647284	Visual Platforms Pvt Ltd	H.No. 8-3-944/15, Flat No. 103 Sri Rama Enclave, Ameerpet, Hyderabad, Telangana	India
S1-1218431	Ayodhya Memorial Trust	House No. 226 Shree, Guru Krupa, Goyal Nagar, Indore, Madhya Pradesh	India
S1-235769541	Henrietta Foot & Ankle Care Corp	2009 Henrietta Road, Unit Unit 1, Henrietta, NY	US
S1-526183251	Shrishti Processing	98, Kunwar Complex, Bareilly, Uttar Pradesh	India
S1-378776500	Pipe Paddy Pvt Ltd	Ranga Reddy, Ibrahimpatnam, Andhrabank Road Ibrahimpatnam, D.No: 3-67, Andhra Pradesh	India
S1-662375410	Opulence Foundation	407, Tower -A, I-Thum Plot No. A-40 Sector -62 Noida Gautam Budha Nagar, Noida, Gautam Buddha Nagar, Uttar Pradesh	India
S1-417134106	Warner, Belk and Centers Tactical LLC	108 Silverspot Court, Georgetown, TX	US
S1-282875018	Northwind Keen Inc	17806 Oakland Mills Drive, Richmond, TX	US
S1-474997434	Advanced Payment Solutions Associates	1266 Kentucky Street, Bowling Green, KY, Unit 419	US
S1-190510302	Shirleen Jasperson Apex Keen	IL, 204 Heritage Avenue, Wyanet	US
S1-360878296	Camarillo Interests LLC	621 1750, Clinton, UT	US
S1-752824899	Pediatric Dental Clinic Inc.	625 Summit, Colville, WA	US
S1-71173342	ETP Irrigation Limited	Office No B-308, Gala Quest, Paranjpe B Scheme Road No.1, Mumbai, Maharashtra	India
S1-808997676	Interfaith League Inc.	374 Vine Road, Newton, WV	US
S1-622253862	Grand Select End Inc	368 Brewster Drive, Draper City (sl Co), UT	US
S1-683400767	Cancer Council	106 Canopy Court, Mooresville, NC	US
S1-293909320	S.G.Highway Krishna Limited	A-204, Solitaire Corporate Park, Near Divya Bhaskar Press, S.G.Highway, Ahmedabad, Gujarat	India
S1-682381294	Dorelia's Grand Construction	19742 Parkway Trail Boulevard, AR, Bauxite	US
S1-313931084	Yamuanth Buildestates Private Limited	192, Mount Road, Madras, Chennai, Tamil Nadu	India
S1-263165322	Adarsh Holdings	P - 106 Chittranjan Park, New Delhi, South Delhi, Delhi	India
S1-186748283	Eastern Endocrinology	567 Rolling Oak Court, Vacaville, CA	US
S1-888286733	Vaidik Craft Private Limited	Kamlesh Kumar Mehrotra So Gopal Pd Mehta Vill & Tola-Banauli, P.O & P.S-Sursand, Sitamarhi, Bihar	India
S1-642816714	Williams's Home Care	Franklin County, VA, 171 Twin Hollow Lane	US
S1-431707144	Pediatric Dental Blue Physicians LP	2402 Nopper Ct, Jeffersontown, KY	US
S1-451635268	Western Earth Inc	1513 14th Avenue, Seattle, WA	US
S1-412936963	Lee Jones of Piney Flats	TN, 3278 Devault Bridge Road, Piney Flats	US
S1-122252916	Hunger Coalition LLC	418 Park Road, West Hartford, CT	US
S1-479190496	West Willow L.L.C.	116 La Ventana Drive, Liberty Hill, TX	US
S1-615385489	First Properties Limited	C-2/79, Vijay Enclave Dabri Palam Road, New Delhi, South West Delhi, Delhi	India
S1-589284935	Mireille's Mountain Bakery LLC	3815 Dunlap Creek Road, Alleghany County, VA	US
S1-227650066	Urology Clinic Associates	80 Columba Street, Unit 3-B, Chicopee, MA	US
S1-48372319	N+ Diana	Unit 2, DC, Washington, 1835 16th Street	US
S1-696715355	Sai Contractors Private Limited	469 Kamla Nagar, Meerut, Uttar Pradesh	India
S1-796155338	Surya Group	House No. 297 Mig Flat, Pocket -B, Sector-14, Dwarka, Delhi, South West Delhi, Delhi	India
S1-131486694	Stone Brothers Private Limited	Flat F-1 Sneha Apartments 555 5Th Main 17Th Cross, New Bel Road, Bangalore, Karnataka	India
S1-986526816	Suchita & Co	Flat No C-904, Moti Residancy Near Reliable Instit Nh-58, Gzb, Gzb, Ghaziabad, Uttar Pradesh	India
S1-128634060	Spg (india) Corp	29A, Floor-Loft, Sethwadi Murgan Chawl, Sant Kabir Marg, 60 Road Chamda Bazar, Dharavi, Mumbai City, Maharashtra	India
S1-911373323	Bureau of Housing	TN, 5608 Davida Road, Knoxville	US
S1-59962472	Services Girish Technologies Associates	Village Mehadiganj Post Mokalpur Tahsil Mariyahu, Jaunpur, Uttar Pradesh	India
S1-214887765	ZJ Express Platinum Inc	714 Fernwood Drive, Toronto, OH	US
S1-571465398	Apex Investments	Arlington County, 2926 Columbia Pike, VA	US
S1-856589797	Kolkata Animation Limited	9/12, Lal Bazar Street, 3Rd Floor Block- E, Room No- 2, Kolkata, Kolkata, Howrah, West Bengal	India
S1-561856216	Seely Dpc Inc	3150 River Knoll Drive, Unit Apartment 2305, Lysander, NY	US
S1-800321942	Mittal Information Ltd	1429/5, Gala No. T-106. 1St Floor, Jai Matadi Compound, Kalher, Bhiwandi, Thane, Maharashtra	India
S1-367607515	Bradley and Phipps	118 Bundy Road, Lavina, MT	US
S1-668590001	Creative Industries Private Limited	No64, Durganilaya, 2Nd Cross Pampanagar, Yeshwanthpur, Bangalore, Karnataka	India
S1-198807329	Premier Dream Infrastructure Private Limited	Flat No 404, Muppa Akshaja, Insignia Apartment, Insignia Apartment, Narsingi, Rangareddy, Telangana	India
S1-801019538	TK Business Private Limited	24/4A/3, Vengidasamy Naidu Aghragharam Anumar Kovil Palathurai, Madurai, Tamil Nadu	India
S1-867800447	Tanton Empire Wintergreen	3179 Willowcreek Road, Portage, IN	US
S1-149653660	Oriens Entertainment Private Limited	T-349, East Delhi, New Delhi, Delhi, Gali No-9 Gautampuri	India
S1-176478926	Future Shivam Solutions Private Limited	7/453/3, Kochunny Memorial Building Kuttanellur P.O., Thrissur, Kerala	India
S1-510465376	Systems Fine Imaging	Plot No.53B, Dabar Enclave, Rawta More, Kair Road, New Delhi, South West Delhi, Delhi	India
S1-153636238	Neptune It Private Limited	Hall No: 2, 1St Floor, Mofusil Bus Stand Building, Mavoor Road, Kozhikode, Kerala	India
S1-232133886	Somaus Crystal Solutions, Inc	125 Bloomington Road, Grand Ridge, IL	US
S1-75321398	Silver Industrial Partners Inc	1314 Fitzer Drive, Joliet, IL	US
S1-502037516	Assotech Solutions Private Limited	F.F-1, Vallabh Co.Op Soc., Nr:Bhuyangdev Char Rasta, Ahmadabad City, Ahmedabad, Gujarat	India
S1-81523269	International Consulting Limited	6Th Floor, D- Building, Mbc It Park, G.B. Road, Near Wadavali Police, Kasarwadavali, Kasarwadavali, Thane, Maharashtra	India
S1-285120447	Shiv Software	No.386, Karnataka, Bangalore, 4Th Main, Ii Block, R.T.Nagar	India
S1-319529139	Butler Companies	1296 Virginia Street, Fl 0, Annapolis, MD	US
S1-498490980	Lumial Costamare LLC	6708 Flamingo Road, Greenville, TX	US
S1-606042442	Beacon Infinite Inc.	21 Memory Lane, Stafford County, VA	US
S1-99336023	Blanch Bonine, DO, M.D., P.C.	CT, Mansfield, 40 Storrs Heights Road	US
S1-429061067	A Supreme Flag Associates	65 440, American Fork, UT	US
S1-905493061	Fang, Raja and Leland Perimeter Inc	2314 Sells Drive, Phoenix, AZ	US
S1-773485282	Hoffman Smart LLC	10 Hankin Loop, Poughkeepsie, NY	US
S1-677039333	Foot & Ankle Smart Specialists LLC	306 3rd Avenue, Elgin, ND	US
S1-82597331	Padilla, Hossain & Baughman Water Inc	11022 Honey Suckle Haven Drive, Cypress, TX	US
S1-40885869	Automate (India) Lifecare Limited	7/202, B-2 Swaroop Nagar, Kanpur, Swarup Nagar, Kanpur Nagar, Uttar Pradesh	India
S1-258692552	Brooks Precision	157 Spruce Street, Manchester, VT	US
S1-334041096	Buex Equity Partners Co	2118 Hollow Way, Garland, TX	US
S1-339527574	Jasper Hyperliquid LLC	11066 Landsbury Court, Houston, TX	US
S1-67265814	Rv Refrigeration (India) LLP	Office 1108, Plot E/3A, Sector-12, Kharghar Navi Mumbai, Panvel, Raigarh(Mh), Maharashtra	India
S1-686495691	XND Jaws	486 Rolling Meadows Drive, City Of Fond Du Lac, WI	US
S1-872877475	Mountain Desert Hcm	13909 Clifton Boulevard, Lakewood, OH	US
S1-729370907	Jay Consulting Private Limited	233A, Jodhpur Park, Kolkata, Kolkata, Howrah, West Bengal	India
S1-809828392	Foundry	647 Scout Road, Lexington, NC	US
S1-22888672	Eye Center LLC	Winston-salem, NC, 2249 Brecknock Drive	US
S1-344544157	Prime Capital Center	Hotel Heritage Building, Sant Savta Marg, Byculla, Mumbai, Mumbai City, Maharashtra	India
S1-697430426	Dream Services Pvt Ltd	271-A, Chakkumtharayil House Mannamangalam, Thrissur, Kerala	India
S1-348877440	Covington Hotels Inc	5503 Morello Road, Baltimore, MD	US
S1-717367115	Chatterton and Watkins Bold Corp	6550 Tr 607, Fredericksburg, OH	US
S1-100575135	Jay Apex Impex Private Limited	Plot No- 270/1410, 1411, 1412, At-Pitapalli Square, Khurda, Khordha, Orissa	India
S1-729861968	United Animal Hospital	16550 Orange Way, Fontana, CA	US
S1-215519802	Sumangal Solutions Limited	14/936, Veekey Tower, Maveliuram, Ernakulam, Kerala	India
S1-118851226	Jt India	Mohali, C-6 Sebiz Square (Floor 3) It Park, Mohali, Punjab	India
S1-111181100	Jain Consulting Pvt Ltd	703, Crystal Isle 3, Royal Palms, Goregaon East, Jogeshwari East, Mumbai, Maharashtra	India
S1-373429324	Reliable House Inc	5590 Bear Road, Clay, NY	US
S1-404725425	Salem & Herr Inc	1140 Ocean Trail, Corolla, NC	US
S1-247961790	Eveline Gates Village LLC	6938 Travelers Rest Circle, Easton, MD	US
S1-973192951	Jain Products Limited	B 1003 Sivanta 1 The, Business Park Nr Kothawala Flat, Ahmadabad City, Ahmedabad, Gujarat	India
S1-939542921	Holy Lutheran Church	621 Dale Avenue, Unit 329, Knoxville, TN	US
S1-828456943	Isidora Wall Fuse	336 62, English, IN	US
S1-191741101	Hernandez, Griego and Ballard Inc	905 8th Street, Durant, IA	US
S1-112364087	Classic Ridge Advisory LLC	52 Southwood Drive, Alexandria Ky, KY	US
S1-786623136	Surgical Specialists L.L.C.	5698 State Highway 22, Hillsboro, TX	US
S1-457080425	Raina Holbert Pet Care Inc	Apache Junction, AZ, 2292 Ironwood Drive, Unit 73	US
S1-743605943	Pediatric Health LLC	108 Bedbug Hill Road, Otsego, NY	US
S1-826782380	Saint Charles Diagnostics	4N 86 Wild Rose Road, Saint Charles, IL	US
S1-782067272	Blue Championsgate Inc.	314 Washington Court, Vernon Hills, IL	US
S1-674055153	Urgent Care Clinic	409 Cherry Avenue, Rochelle, IL	US
S1-482070126	Lacie Hardy Certified Advisory LLC	NC, Southern Pines, 1128 Fazio Drive	US
S1-125690932	Rohtak Acres Private Limited	04, Gf Pacific City Mall, Sector-3, Ram Gopal Colony, Rohtak, Haryana	India
S1-787720074	Urology Heartland Care Associates Inc	KY, Clay, 6501 132	US
S1-160707106	Gcs Ganpati of Lucknow Private Limited	Plot No-7, Pashchim Bihar Coloney, Keshav Nagar, Lucknow, Uttar Pradesh	India
S1-103976249	Goldsmith and York	4525 Northview Avenue, Terre Haute, IN	US
S1-469410766	Sheree Hankins Northern, LLC	954 Mccue Street, Laramie, WY	US
S1-251863044	Vinet LLC	3168 Bumpnose Road, Marianna, FL	US
S1-545919287	Spg Bakers Private Limited	D-3, Green Park Extn., New Delhi, Delhi	India
S1-596455020	Piedmont Charities	2575 Coal City Road, Coal City, WV	US
S1-670478396	Katherina Reyes Frontier Pmv	106 Palmer Avenue, Fayetteville, AR	US
S1-151325990	Cornerstone Great Lifestyle LLC	Salt Lake City, Unit 305, 74 600, UT	US
S1-930231904	TO Infratech Private Limited	Plot No.Iib/3322, Aa-Ii B, Street No-510 Akhanka More, Barasat, New Town, Kolkata, Parganas North, West Bengal	India
S1-532188526	First Tech	C-5/99, New Kondli Mayur Vihar Phase-Iii, Delhi, East Delhi, Delhi	India
S1-867567957	City Builders Private Limited	Shree Sai Kamal Ch, Shree Sai Enclave, Vagad, 3/301, Thane, Maharashtra, Thane	India
S1-907270132	Cherry & Brothers	212, Shahpur Jat, New Delhi, Delhi	India
S1-183328086	Mitchell Argentina P.C.	16486 Bloomery Pike, Bloomery, WV	US
S1-861313596	Primary Care Partners Inc	2576 Northstar Cove, Port Hueneme, CA	US
S1-240171889	Laxmi Investments Private Limited	Fl-474, Northern, Heights Kalarahanga, Bhubaneswar, Khordha, Orissa	India
S1-235017559	Gillie Beltran Platinum Pyrophyte Holdings	6901 Madison Street, Niles, IL	US
S1-751486859	NS Gourmet Private Limited	No: 397, Hmt Employees Co-Operative Society Layout Near Sri Kalika Durgaparameshwari Temple, Road, Vidyaranyapura, Bangalore, Karnataka	India
S1-804210432	Keystone Creative Associates PLLC	211 Woodway Avenue, Spokane, WA	US
S1-52886290	Ss Global Private Limited	1/166E, Srivenkatachalapathynagar, Erode, Tamil Nadu	India
S1-659630672	Electricians Local 611	7761 Oakalea Court, Lewis Center, OH	US
S1-771041923	Smith, Sherman & Gutierrez Rothschild	26 Weeburn Lane, Wilton, CT	US
S1-381145050	Education Fund	1302 Hill Street, Unit 1302, Brownfield, TX	US
S1-879483614	Smith Colonial Jewelers	25 Kesseler Way, Newton, MA	US
S1-555762942	Deccan Orchid Private Limited	12-1/B208 /A/1/R210, Shankarpally, K.V.Rangareddy, Telangana	India
S1-964342182	Rama Care Pvt. Ltd.	Room No. 40/1182, Muscat Tower, Rcc Building, Manjakulam, Palakkad, Kerala	India
S1-779442392	Baex Select Newbury Clinic	2520 Mckinnie Avenue, Fort Wayne, IN	US
S1-872704008	Tnp Logistics Limited	C/O Kalyan Kumar Das Rabindrabithi Santiniketan Bolpur Birbhum, Bolpur, Birbhum, West Bengal	India
S1-747719380	Shivam Infrastructure LLP	Office No.322, Marathon Monte Plaza, Madan Mohan Mumbai, Suburban, Mumbai, Mumbai City, Maharashtra	India
S1-631992370	Soum Management LLC	6110 Moline Drive, Evansville, IN	US
S1-974373503	Khyati Tours Private Limited	183-G, B.R.S Nagar, Ludhiana, Punjab	India
S1-826486940	Mundada Trading-Ameerpet	Flat No.301 Greenland Apartments, Ameerpet, Hyderabad, Telangana	India
S1-550368170	Services Emtex Management Company	Gala No 104, 1St Floor, Prithvi Complex Building No P 6, Kalher, Bhiwandi, Thane, Maharashtra	India
S1-168580824	Rishikul Commercial LLP	6362, Near Mahi Sports, Park, Bhondsi Village, Bhondsi, Gurgaon, Haryana	India
S1-130546000	ZM Angel Inc	114 Woodland Avenue, Knoxville, TN	US
S1-636319872	Kara Enterprises Company	Nr. Radha Mandir, Waghawadi Road Office No.347, Bhavnagar, Gujarat	India
S1-775361341	Gujarat Engineering Private Limited	No.8/48, Sarangapani Street, T.Nagar, Chennai, Tamil Nadu	India
S1-631432902	Bhavnagar Rice	Plo B/C Devbaug B/H Rachanaflat, Bhavnagar, Gujarat	India
S1-12943250	Heritage Alliance	14 Stone Street, Unit A3, Danvers, MA	US
S1-522879734	High Energy Private Limited	Musheerabad, Telangana, H No 1-7-1046/3 F. No 201, Hyderabad, 2Nd Floor Srt-3, Ramnagar	India
S1-127301549	MQC Vincom Private Limited	Katihar, D/O Rana Pratap Sharma, Gaoshpara, Ghosh Para, Bihar	India
S1-320108498	Sky Super Energy Limited	3, 1St Street Sri Sakthi Vijayalakshmi Nagar, Velachery, Chennai, Tamil Nadu	India
S1-577708501	Serene Hillen, P.A. Corp	20859 Vienna Drive, Saint Augusta, MN	US
S1-174847023	Burns Wireless LLC	157 Orange Street, Albany, NY	US
S1-347800511	CD Systems Ltd	Office-703, Meadows Buil-6 Sahar Plaza Comp, A K Road, Mumbai, Mumbai City, Maharashtra	India
S1-916933260	Fidelity College Private Limited	# 60, Wind Tunnel Road, Mrugeshpalya, 3Rd Floor, Karnataka, Bengaluru, Bangalore	India
S1-295239670	Lynx Care	207 Columbia Avenue, Dayton, WA	US
S1-362740544	Dhanasree Farming Private Limited	Ahmedabad, 303, Navrangpura, Gujarat, B. K. House, C.G.Road	India
S1-784693509	Infrastructure Thar Leather Limited	Vselek Coworking, N-161, Saira Tower, G.F, New Delhi, South Delhi, Delhi	India
S1-692905346	Cardiology Grand Clinic, LLC	7350 Oliver Street, Kansas City, KS	US
S1-278244769	Andi Grabowski, P.A.	1122 Old Rail Lane, Bldg BUILDING, Park City, UT	US
S1-938215477	Pediatric Dental Medicine of Memphis	2634 Coulter Lane, Memphis, TN	US
S1-54520566	Nexteex LLC	1306 Columbine Street, Amarillo, TX	US
S1-615241702	Dhanalakshmi Farms Private Limited	No. 33A, Reddy Building, 6Th Cross, Hutchins Road, Near Apd School, Cooke Town, Banglore, Bangalore, Karnataka	India
S1-948919422	Hotel Hospitality Private Limited	C-502, S No. 19/5 Park Grandeur, Baner, Haveli, Pune, Maharashtra	India
S1-484352802	Sovovue Spire	Knoxville, 5306 Castle Pines Lane, TN	US
S1-467099540	Chordia Institute Clinic	Unit No. 1103 Dr. E. Moses Road Cs No. 3/301 & 4/301 Lower Parel, Mumbai, Mumbai City, Maharashtra	India
S1-629859442	Estrada & Cape LLC	62 Coyote Road, Cochiti, NM	US
S1-249331459	Tirupati Investments Private Limited	18/20, W.E.A. Karol Bagh, New Delhi, Delhi	India
S1-75161961	Red Deli!	53 Harmony Lane, Cheektowaga, NY	US
S1-32735042	Waters & Hoffer Inc	12335 Bend Drive, Unit APT 257, Saint Louis, MO	US
S1-621868336	KN Keystone Renaissancere Inc	7228 Mary Lee Court, TX, Brownsville	US
S1-963848607	Pune Cargo	C3/701, Swapna Nagri Society, Udhyam Nagar, Pimpri, Pune, Maharashtra	India
S1-942373049	Barreto and Rosell Portfolio	1613 Rolling Stone Drive, Norman, OK	US
S1-888319453	Josefa Gorton Classic Investments	256 Hideaway Lane, Montpelier, ID	US
S1-301658594	Metz Senior LLC	3872 Harrison Circle, Trappe, MD	US
S1-235380040	VPC Realties Private Limited	House No 4, Bangali Colony Gali No-22, Tughlakabad Village, New Delhi, South Delhi, Delhi	India
S1-611573336	Surya Logistics Private Limited	Rz-40/2, Baha Chattri Walamarg, Raj Nagar, Palam, Colony, New Delhi, Delhi	India
S1-120047859	Jasper Drugs, LLC	TX, 313 Elizabeth Trail, Plano	US
S1-198509678	A Bright Flexible	910 Judson Avenue, Evanston, IL	US
S1-72533913	Dental Care Associates LLC	13157 1850th Avenue, Hutsonville, IL	US
S1-993730499	Sita Electronics Pvt Ltd	No.27/6, Iranapalaya Main Road D Group Layout, Srigandadakaval, Bangalore, Karnataka	India
S1-185275719	Golden Wisconsin Inc	28 Southern Hills Circle, Henrietta, NY	US
S1-63259774	Pinnacle Staffing Innovations	12875 Chaucer Road, El Paso County, TX	US
S1-852279820	Central Marketing Global LLC	72573 Lake View Drive, Jackson, MN	US
S1-11712388	Express Materials International	8018 Carpenter Lane, Eight Mile, AL	US
S1-313311092	Behavioral Health Legacy Center PLLC	AZ, Scottsdale, Fl 1, 11699 125th Place	US
S1-873357966	Eastern Management Private Limited	Office No. F2-58, Second Floor, Wave Silver Tower, D-6, Sector-18, Noida, Gautam Buddha Nagar, Uttar Pradesh	India
S1-41341245	First Cathedral	336 Diversity Way, Raleigh, NC	US
S1-727765247	Bright Software Private Limited	3-10/235/174/3/B, Alakapoor Township, Sector-3 Block-B, Puppalaguda Village, Rajendra N, Agar, Hyderabad, Telangana	India
S1-364530136	Central Electronics Consultants	Lower Merion Township, PA, 22 Simpson Road	US
S1-446692281	Tusker Flexo Private Limited	No 1, Cross Street, Srinagar Colony Saidapet, Chennai, Tamil Nadu	India
S1-600957870	Metal Securities (India) Private Limited	A134, Iiird Floor Defence Colony, Delhi, South Delhi, Delhi	India
S1-478284179	Firefighters Local Union 921	147 Main Street, IL, Glen Carbon	US
S1-491313845	Sterling Triumph LLC	827 Dusk Circle, St George City, UT	US
S1-740344228	Patel, Knight & Meza Inc.	432592 310 Road, Vinita, OK	US
S1-33776427	Maa Contractors Private Limited	Gujarat, Medows Retreet, Association Palodiya, 14, Mahesana, Kalol	India
S1-744973795	Amazing Services (India) Private Limited	Indore, Madhya Pradesh, Telephone Nagar, 76, Indore	India
S1-804211265	Prime Markets, LLC	15 Winrock Place, Spring, TX	US
S1-331343904	Law Group	124 Crest Road, East Flat Rock, NC	US
S1-867590148	Cathryn Newell Supreme Dte Inc.	Attleboro, MA, 234 Richardson Avenue	US
S1-175951624	Global Airport, LLC	1615 Midland Road, Southern Pines, NC	US
S1-156907446	Garcia Bny Inc	99 Winslow Street, Everett, MA	US
S1-947183627	Malappuram Gupta Private Limited	Room No. 13/193-N, 3Rd Floor Kp Mall, Manjeri Road, Mankada, Malappuram, Malapuram, Kerala	India
S1-933440839	Eastern Logistics Private Limited	#101, Auchyut Mazon, H.No.7-1-621/48, S.R Nagar, Hyderabad, Telangana	India
S1-862752083	Yuma Youth Center LLC	2453 4th Avenue, Yuma, AZ	US
S1-994193555	UW Life Private Limited	A 114 Subhash Nagar Shopping Center, Banipark, Jaipur, Rajasthan	India
S1-790201513	Wells Certified Wheeler	1861 Columbia 61, AR, Magnolia	US
S1-696654443	Myatt Integrated Alpha Inc	WI, Town Of Clayton, 7475 Sunwood Drive	US
S1-628364291	Custom United Independence PLLC	17221 270th Street, Shafer, MN	US
S1-831558264	Consultants Parijat Software Pvt Ltd	20 Baranarashi Ghosh Street, Kolkata, Calcutta, West Bengal	India
S1-876899003	Hari Sky Infra LLP	B-166, Gali No-2 Nehru Vihar, Karawal Nagar Road, New Delhi, East Delhi, Delhi	India
S1-547550173	Danell Palmer Tavia LLC	46725 Hawthorn Drive, Deer River, MN	US
S1-722050409	Ilink Logistics Private Limited	Sri. Umesh Kumar, Ram Nagari More Ashiana Digha, Road, Kh, Ajpura Pat, Patna, Bihar	India
S1-171542713	Atlantic Institute II	115 Rosewood Drive, Clarksville, IN	US
S1-950580825	Melaix	11 A Stonecrest Court, Hobbs, NM	US
S1-840031094	Bridges Synchrony LLC	4595 Taylorsville Highway, NC, Statesville	US
S1-279718509	Natural Footwear (India) Co	Flat No. 1, Govind Appartment, N.D Patel Road., Nashik, Maharashtra	India
S1-996672552	Blue Global LLP	81 Southern Ave, Kolkata, Calcutta, West Bengal	India
S1-253448746	Solance Software, LLC	IL, Robinson, 604 Oil Street	US
S1-138168939	Maclaughlin Yorkville of Wilmington Inc	6 School Road, Wilmington, DE	US
S1-463470385	Delhi Holidays Pvt. Ltd.	B-405, 4/Flr, Unesco Apartments Indra Prastha Extension, Patparganj, Delhi, East Delhi, Delhi	India
S1-651396775	Arellano & Wagner Pennymac	NY, 6853 Club Road, Castile	US
S1-365785773	City Marketing	Itl Tower Netaji Subhash Place, 500, Delhi, Block A, New Delhi	India
S1-390402411	RI Hr Private Limited	H.No 1/100 G/F Old No.198/1 Gali No. 2 Shri Ram Nagar Near Water Tank, Delhi, New Delhi, Delhi	India
S1-745817749	Pushp Chemicals Limited	Room No.303 B, C.R.Complex, R.K Bhatiacharya Road Pirmohani, Patna, Bihar	India
S1-188681702	Flansburg Direct Golden LLC	1100 Hanford Place, Concord, NC	US
S1-998953235	Dermatology Crystal Center Inc	1475 Orleans Street, Memphis, TN	US
S1-332406276	Central Diagnostic Innovations	835 Guston Road, Guston, KY	US
S1-181963191	Mumbai Solutions Private Limited	Office No 302, Floor 3, Plot - 89, Ararat Building Nagindas Master Lane, Hutatma Chowk, For, T, Mumbai, Mumbai City, Maharashtra	India
S1-968882536	MGM Tools Pvt. Ltd.	H. No. 8/21, Khichripur, Delhi, North East, Delhi	India
S1-929251082	Verde Poultry Pvt Ltd	16 Kishan Lal Burman Road, Salkia, Howrah, West Bengal	India
S1-178625152	Ridge Staffing PC	1425 Railway Avenue, Minot, ND	US
S1-380672977	Hooser's Properties	119 Allnutt Drive, Frankfort, KY	US
S1-744129313	Lagrone, Amaya and Rees Charles LLC	933 Rives Street, Charlottesville City, VA	US
S1-154796075	Chiropractic Liberty Center	York County, VA, 1400 E Piccadilly Loop	US
S1-956785978	Ream, Madge J., M.D., P.C.	2812 Saint Croix Drive, Fairfax County, VA	US
S1-356398938	Nexque Westin LLC	801 Lee Street, Gibsonville, NC	US
S1-926867729	Manipuri Automotive Pvt Ltd	5/1223 Raghurajpuri Railway Station Manipuri, Manipuri, Mainpuri, Uttar Pradesh	India
S1-740119573	Womens Health Clinic	IL, 4637 Laramie Avenue, Chicago	US
S1-24032871	JLH Institute Partners	Kollam, Kerala, Ap/Xiv/61, Pathanapuram	India
S1-724699278	Eastern Finance Private Limited	Jd-30 D G-8 Areahari Nagar Maya Puri, Delhi, North Delhi, Delhi	India
S1-955777542	Summit Corporation P.C.	95 Stevenson Street, Buffalo, NY	US
S1-331189951	Jack Consultancy	Murshidabad, West Bengal, C/O Tapan Das, V-Jatkamal Po. Jangipur, Murshidabad	India
S1-843427752	Sanchez Treasury	3731 Polk Loop, Monticello, IN	US
S1-149803252	Chai Trust	7 1 55/3, Flat No 103, Sri Sai Kasi Mansions, Kirlampudi Layout, Chinna Waltair, Visakhapatnam, Vishakhapatnam, Andhra Pradesh	India
S1-555751497	Raj Exports Pvt Ltd	E-147, 2Nd Floor Lajpat Nagar-1, New Delhi, South Delhi, Delhi	India
S1-767519147	Raff & Henry Bakery	2663 Dakota Street, Bryans Road, MD	US
S1-507301117	Levin & Favorite, Inc	8522 Reed Drive, Emerald Isle, NC	US
S1-396217201	Integrity Sciences Private Limited	Plot No. W-141, Ttc Midc, Khairane, Thane, Thane, Maharashtra	India
S1-357989017	Bharat Farms Pvt Ltd	Shop -406, 2Nd Floor, Poddar Plaza, Ghod Dod Road, Surat, Surat, Gujarat	India
S1-311847071	Family Partners	15974 74th Lane, Peoria, AZ	US
S1-767637123	TAN Technologies Pvt Ltd	Kancheepuram, No.6, Tamil Nadu, Chennai, Padmavathy Nagar Manapakkam Main Road, Kolappakkam	India
S1-840247873	City Hospitality Private Limited	Plot.No.7, Kp Nagar, Menendal, Tamil Nadu, Madurai North, Madurai, No.1/11A	India
S1-685864585	Vr Rubber	116/7/812/1333/19 S/F Naiwala Karol Bagh, Delhi, Central Delhi, Delhi	India
S1-378024246	Bright Systems Pvt Ltd	55, Geeta Path, Suraj Nagar, Civil Lines, Jaipur, Rajasthan	India
S1-621086607	Aileen Huse Sports LLC	5417 Ebenezer Road, White Marsh, MD	US
S1-473333787	Lorenzana's Great Security Services	15211 Heron Park Drive, Humble, TX	US
S1-505257686	Konrad Heritage City, Inc	8935 Parkview Circle, Chisago City, MN	US
S1-305643083	Lotus Logistics Private Limited	Gayathricheriyanad P O Chengannur, Alleppey, Alappuzha, Kerala	India
S1-417534835	Becker Charter	2322 Seneca Street, Buffalo, NY	US
S1-761890917	Ceque	2668 Macks Lane, Eastover, NC	US
S1-28062312	Desert Federal Drive Holdings	15855 -A Calvin Richerson Road, Bay Minette, AL	US
S1-428406155	Custom Security Services	17 7th Street, Indiana, PA	US
S1-126736366	Raber Interests PLLC	3818 Napier Field Road, Unit Lot C306, Dothan, AL	US
S1-878988377	Advanced Strategic Alternative	8 Rabbit Run, Wirt, NY	US
S1-273422811	Athena Salgado Proem Inc	1012 Via Arroyo, Ventura, CA	US
S1-659872334	Kolkata Tea LLP	23/1B, Madan Baral Lane, Kolkata, Howrah, West Bengal	India
S1-711400025	Preferred Metropolitan Frequency Holdings	1807 Electric Avenue, Nashville, TN	US
S1-950787437	Pineda School of Medicine LLC	2200 Dartmouth Glen Drive, Unit 207, Garner, NC	US
S1-289740952	Ace Strategic Fortunex LLC	1611 113th Avenue, Avondale, AZ	US
S1-832345756	Nabors and Geissler Village, LLC	3200 Susana Street, TX, Mission	US
S1-933322488	Jemmott Pharmaceutical Inc	206 Kothe Way, Nashville, TN	US
S1-635510698	Valdez Custom Braemar LLC	15 Clear Bead Court, Clayton, NC	US
S1-298748933	Coleman Soren Inc	248 Turner Drive, Lebanon, OH	US
S1-461322371	Frontier Capital Partners LLC	1355 Villa Avenue, Villa Park, IL	US
S1-158153205	Sree Trading Private Limited	Amar Chand Agarsen Nagar, Balotra Calendar Road, W1 School, Balotra, Balotra, Barmer, Rajasthan	India
S1-802567407	Ace Projects Private Limited	Resolute Tower, First Floor, No2/41, Mc Nichols Road, 2Nd Lane, Chetpet, Egmore Nungambakkam, Chennai, Tamil Nadu	India
S1-433495071	Grazia West Securities, L.L.C.	PA, Upper Merion Township, 166 Arden Road	US
S1-78762900	Mcrae Chs	3060 Hammond Business Place, Unit 121, Raleigh, NC	US
S1-65222776	Reet Developers Ltd	Sarvodya Niwas, First Floor, Pillar No 08, Jagdeo Path More, Bailey Road Patna, Patna, Bihar, Bailey	India
S1-60643856	Smart Engineering Private Limited	11/5B1Rangasamy Pillai St, Thondikaradu, Tiruchengodu, Namakkal, Tamil Nadu	India
S1-949044397	Velvet's Transport	Bismarck, ND, 102 Edmonton Drive	US
S1-181768827	Pediatric Dental Associates LLC	302 Main Avenue, Minier, IL	US
S1-777817679	Bharat Producer Private Limited	Gat No. 894 Main Road, Hatkanangle Alte Kolhapur, Hatkanagale, Kolhapur, Maharashtra	India
S1-860034577	Empire Council	6121 De Armoun Road, Unit APT B, Anchorage, AK	US
S1-42829133	Optimist Leasing LLP	P No 149 & 150, F ., Rajiv Nagar, Hyderabad, Telangana	India
S1-50469196	Shree Software	C/O Sandeep, Brahkalan, Jind, Haryana	India
S1-761701313	Diclaris LLC	2102 Ws Young Drive, Unit C, Killeen, TX	US
S1-748165808	Pinnacle Entertainment Private Limited	Mumbai, Maharashtra, 409 Arihantahmedabad Street	India
S1-383125804	Kesoft Flaherty	11427 Mcclane Lane, WI, Town Of Hiles	US
S1-351641369	Heritage Clean Ready LLC	7790 Cub Creek Way, Horace, ND	US
S1-225773706	Symphony Trading Ltd	House No.22 Rajendra Nagar, Mathura, Uttar Pradesh	India
S1-552949765	Poulos Usa LLC	VA, Prince Edward County, 2106 Hidden Lake Rd	US
S1-497653195	One Estate Private Limited	A 24, Tarang Drug Emp Chs Ltd., Unit No.3, Gilbert Hill, Mumbai, Mumbai City, Maharashtra	India
S1-792258576	Urban Super Technologies Private Limited	Mumbai, 2 Phase -1 Thakur Village, Shopno 6 N G Suncity Bldg, Maharashtra, Kandivali East	India
S1-162770787	Morning Medical Centre Private Limited	E-38, Flat No.108, First Floor, Rajouri Garden, West Delhi, New Delhi, Delhi	India
S1-661015088	American Council	251 Bear Cage Road, Roan Mountain, TN	US
S1-443316541	Bari Mcintosh Produce	3801 Klindt Drive, The Dalles, OR	US
S1-640023178	Jajodia (India) Services Private Limited	Krishna Nagar, Delhi, B-8/9	India
S1-723616302	New Properties Limited	Shop At Plot No. 2, Near Bahadurpur Primary School, Kursi Road, Lucknow, Uttar Pradesh	India
S1-416952905	Diann Fisher Signature Generating, Inc	45 Collins Avenue, Jamestown, NY	US
S1-340440802	Carmen King Great Odyssey LLC	1916 Jay Bird Lane, Leander, TX	US
S1-970274589	Mok Wholesale PLLC	901 Frederica Street, Owensboro, KY	US
S1-482000976	Sotech Ventures	5 Tavern Drive, Fairmont, WV	US
S1-11731423	Via Piedmont Asia LLC	Lubbock, TX, Unit B, 4414 36th Street	US
S1-51019343	Kristel's Auto Sales	Weirton, 348 Liberty Avenue, WV	US
S1-325087585	National Enclave	75 Linden Street, Unit Apartment 2, Yonkers, NY	US
S1-480062938	Dwyer White	717 Johnson Street, City Of Beloit, WI	US
S1-817727039	WAE Alloys Private Limited	8/Ff, 1St Floor, Guru Tecbahadur Society, Sukhramnagar, Rakhial, Ahmedabad, Gujarat	India
S1-508861152	Juieta Hollis Crown LLC	20151 Sand Hill Road, Georgetown, DE	US
S1-28185392	Mutual Mobility Concepts, LLC	4145 Tischer Road, Rice Lake, MN	US
S1-685033000	Gandhi Development	6830 8th Street, Phoenix, AZ	US
S1-962174051	Orthopedic Specialists of Surprise LLC	15164 140th Drive, Unit 3153, Surprise, AZ	US
S1-287397981	Omkar Advisors	M301 Mantri Espana, Bellandur Bangalore, Bangalore South, Bangalore, Karnataka	India
S1-475260329	Ear Nose & Throat Care Associates Inc	94 Silver Valley Boulevard, Munroe Falls, OH	US
S1-212363226	Vision Physicians LLC	506 Harrison Street, City Of Appleton, WI	US
S1-956515241	Rerius Railway	1021 Des Plaines Avenue, Unit C507, Forest Park, IL	US
S1-220932855	Wallie Morrison Choice Multimedia PLLC	1239 Jenifer Street, City Of Madison, WI	US
S1-78007962	Divya Traders Private Limited	Shop No 20, Sun Plaza Hariom Nagar, Mumbai, Maharashtra	India
S1-495525755	Conchas Beacon Lease Inc	5111 Everett Road, Bedford County, VA	US
S1-520089442	Commission on Transportation	1012 Main, Pleasanton, TX	US
S1-361229167	Dynamic Technical Holdings	15 Broad Oaks Drive, Houston, TX	US
S1-861747	Pro Trading Limited	Hoshiarpur, Punjab, 515 Bassi Khawaju	India
S1-581233086	Kurnool Prasad Private Limited	2-428-232-D6-4, Balaji Complex, Nandyal, Kurnool, Andhra Pradesh	India
S1-248855602	H A Hahn Energetics	Danville, KY, 106 Aldridge Lane	US
S1-828885766	Morton, Fancy, Ph.D., PC	629 1st Avenue, Durant, OK	US
S1-161873477	HP Network LP	AZ, Goodyear, 14995 Robson Circle	US
S1-919904305	Whittier Equity Partners LLC	107 Baker Street, Johnson City, NY	US
S1-924093929	Metropolitan Academy Inc	1702 Hunter Avenue, Mobile, AL	US
S1-709206753	Pacific Star Bny LLC	521 A Street, Oregon City, OR	US
S1-887095733	Della Solutions Limited	133/103, O Block, Kidwai Nagar, Yashoda Nagar, Kanpur Nagar, Uttar Pradesh	India
S1-3368030	Skyline Infraventure	521 A, 1St Floor, Shiv Nagar, Fatehabad, Haryana	India
S1-962742248	Goldy Nursing Home	245, North Masi Street, Madurai, Tamil Nadu	India
S1-13065538	Yara (India) Partnership LLP	B 104, Shankardham Sra Chs Ltd, Nehru Road, Vakola, Beside P&T Colony, Santacruz (Ea, St), Mumbai, Mumbai City, Maharashtra	India
S1-566369712	Myra Optic	P-38, Princep Street Ist Floor, Room No. 1, Kolkata, Kolkata, Howrah, West Bengal	India
S1-113824804	Data Property Brands Inc	4230 Garden Drive, Phoenix, AZ	US
S1-972339690	Me Retail Pvt Ltd	Kerala, Palakkad, Puthillam Pala Street, Sekharipuram, 13/181	India
S1-567151943	Sapphire Made	8363 Denali Drive, Fort Worth, TX	US
S1-995670296	Sweet Nails, Inc	5040 Nails Creek Road, Rockford, TN	US
S1-386466240	Ivenis Bright LLC	830 Wallace Avenue, Hempstead, NY	US
S1-483126489	Dermatology Group	Babylon, 170 Ferndale Court, NY	US
S1-884730424	Tech Consultants Private Limited	B-49, Jai Jawan Colony I, Tonk Road, Jaipur, Rajasthan	India
S1-233694155	Tallie K. Boyer, Esq., DDS PC	2001 Harrison Street, Tacoma, WA	US
S1-421452337	GDW Nova LLC	UT, St George City, 39 Crimson Circle	US
S1-493794660	Dental American Medicine LLC	1029 Ring Farm Road, Lancaster County, VA	US
S1-785846223	Best Optimal Private	520 Us Hwy 90, Castroville, TX	US
S1-815745575	Green Technologies Pvt Ltd	New Delhi, North West, Ed 35A, Delhi, Madhuban Chowk Pitampura	India
S1-792167391	Platinum Desert Nippon	13167 12th Court, Bellevue, WA	US
S1-535929356	Chen Tri-State Standard Center	1246 18th Street, Houston, TX	US
S1-16795630	Smart Wholesale Services	103 Michigan Avenue, Beckley, WV	US
S1-498399790	Luckey Vista Inc	95164 Johnson Island, Tower, MN	US
S1-314520659	Transcontinental Analytics International LLC	8 Central Street, West Springfield, MA	US
S1-553735146	Bombay Management Private Limited	Delhi, 2830/18 Beadonpura Karol Bagh, New Delhi, Central Delhi	India
S1-37376260	Total Village LLC	10701 Tacoma Avenue, Cleveland, OH	US
S1-540838328	Dg Clinic	House No. 105, M Resid Scheme Pkt - C - 7, Keshavpuram, New Delhi, North West, Delhi	India
S1-379538520	A Cure 4 All	209 Chestnut Street, Walhalla, SC	US
S1-311614538	Arts Brothers Pvt Ltd	House No B-08, Fortune Landmark Phase-1, Misrod Road, Salaiya, Huzur, Bhopal, Madhya Pradesh	India
S1-237537361	ND Cornerstone Yield LLC	126 Battleground Avenue, Saltville Town, VA	US
S1-707460490	Unique Finance Corp	Flat No. C3 - 307, 3 Floor, L And T South City Arakere, Mico Layout, Bangalore, Karnataka	India
S1-689267280	Aurangabad Advice Private Limited	S/O Faudar Singh By Pass, Near Aurangabad, Aurangabad, Bihar	India
S1-263499558	090 Midstream LLC	Elk Grove, CA, 6918 Rawley Way	US
S1-732894727	Morales Apex Enbridge Inc	Upper Hanover Township, PA, 1429 Newman Road	US
S1-573874770	Shanvi Foods	Plot No-E-5, Chakan, Industrial Area, Khed, Khed, Pune, Maharashtra	India
S1-283139117	Terminal Guru Ltd	12/7 Dpp Bareilly, Bareilly, Uttar Pradesh	India
S1-138186252	J 4 S Bridge Inc	4476 James Madison Highway, Fluvanna County, VA	US
S1-625390990	Flamingo Trading Private Limited	Vajinta Arked, Flat No. 2 Opp. Ladies Hostel, Vishrambag, Sangli, Maharashtra	India
S1-719427894	Lexine Toole Value Bridge Inc	495 Lake Street, Unit #323, Aurora, IL	US
S1-999573789	International Sultan Biosolutions Pvt Ltd	Office No -311, 3Rd Floor, Millionaire Business Park, Opp Shivalik Western, L P Savani Road, Surat City, Surat, Gujarat	India
S1-16684124	Empire Quality Myers Corp	14 Lincoln Avenue, Saint Cloud, MN	US
S1-268605656	WI Software Pvt Ltd	Bangalore, No 156 1St Floor Anugraha, Bangalore North, Virupakshapura Main Road Kodigehalli, Karnataka	India
S1-312206263	South Eaton	2745 Marbella Street, Brownsville, TX	US
S1-104768984	Solution	Etna Twp, 125 Longwood Drive, OH	US
S1-527145495	Yamuora Consulting Private Limited	232, B-Block, Sub City Center, Udaipur, Rajasthan	India
S1-284820266	Blue Media Private Limited	Doorno:60-26-6/1, 2Ndfloor, Old 05Throute, Ashok Nagar, Vijayawada (Urban), Krishna, Andhra Pradesh	India
S1-92125762	DV Total Real Group	1608 Esther St, Iowa City, IA	US
S1-392451496	4678 Commerce Road Associates	36 A Mitchell Road, Ipswich, MA	US
S1-896330970	Dermatology Coastal Specialists P.C.	2802 Welshbush Road, Frankfort, NY	US
S1-939161602	Arihant Enterprises Limited	Flat No. 202, Silver Crescent Chsl, J B Nagar, Opp. Jankalyan Bank, Andheri East, Mumbai, Maharashtra	India
S1-250561899	Dental Classic Care Care	732 Pointe Drive, Crystal Lake, IL	US
S1-83307865	Titan National	4214 Harvest Moon, Stillwater, OK	US
S1-403520513	Sky East Marketing Private Limited	316 - Navneet Plaza, 5/2 - Old Palasia, Indore., Madhya Pradesh	India
S1-276132619	Silver Industries Pvt Ltd	Fl. No. C1-705, Premia, Sr. No. 34/35, Near Zeal College, Narhe, Pune., Pune, Maharashtra	India
S1-654186623	K U Brown Spa	1914 Chili Avenue, Unit Unit 2, Gates, NY	US
S1-329437838	Shiva Impex Private Limited	4-96, Plot No 14, Survey No40, 41, 42/1, 42/2 Gandiguda, Village, Ghansmiyaguda Grampanchayat Shamshabad, Shamshabad, K.V.Rangareddy, Telangana	India
S1-715657190	West All Alliance	KY, Franklin, 920 Ditmore Ford Road	US
S1-337279319	XWK Ventures	12200 Fm 1912, Amarillo, TX	US
S1-873228324	Nd West Projects Pvt Ltd	306, Runwal Heights Commercial Complex, Opp. Nirmal Lifestyle, L.B.S. Marg, Mulu, Nd West, Mumbai, Maharashtra	India
S1-111197942	Wildlife Trust	8063 Rosewood Road, Holbrook, AZ	US
S1-602399431	Jennings, Hanley and Madson Lake LLC	TX, Texarkana, 934 Clear Creek Drive	US
S1-981006854	Dynamic Trading Pvt Ltd	Shop No. A1, Indira Place, Near Gaurav Tower, Jaipur, Rajasthan	India
S1-256542131	Saral Multi Private Limited	C/O- Smt. Kumari Sapna, Rajeev Nagar Patliputra, Patna, Patna, Bihar	India
S1-549302006	Swastik Crops Private Limited	Khasra No 351 Village Rasoolpur Sadat, Chinhat, Lucknow, Uttar Pradesh	India
S1-277534575	Delhi North East Events Private Limited	House No 602, G\F Village, Biharipur Karawal Nagar, Delhi North East, North West Delhi, Delhi	India
S1-450483598	4846 Lincoln Street Realty LLC	Glen Cove, NY, 11 Reynolds Road	US
S1-791548645	Gouveia Foods Inc	401 W 3rd St, Unit APT 102, Davenport, IA	US
S1-385822921	Pinnacle Industrials Corp	3773 Alkire Road, Grove City, OH	US
S1-888864024	Aditya Jai Producer Private Limited	22, Burtolla Street, Kolkata, Kolkata, Howrah, West Bengal	India
S1-424008218	Scholarship Charities of Elgin LLC	40W 978 Bowes Road, Elgin, IL	US
S1-353880717	Santos & Marlowe Oriental LLC	942 43rd Street, West Des Moines, IA	US
S1-441451250	Ironclad Inc	269 Hempstead 177, Fulton, AR	US
S1-553069174	Cascade Mountain Noble	5106 Redwood Drive, Fort Worth, TX	US
S1-861316759	AET Value Element LLC	TX, Port Isabel, 24 Golf House Road	US
S1-758798773	Automated Textile Works LLC	6071 50th Street, Unit Unit 3, Oakdale, MN	US
S1-624838132	Corner Bistro	5815 A Fairdale Lane, Houston, TX	US
S1-901107675	Harbor Bright LLC	Hooper, UT, 5346 4700	US
S1-457336979	Guerra & Bustamante Inc	6404 Croom Station Road, Upper Marlboro, MD	US
S1-612840301	First Infotech Private Limited	8C Bigjo'S Tower Nsp, Wazirpur Distric Centre, Nr Park, New Delhi, New Selhi, New Delhi, Delhi	India
S1-323914911	Allied Crystal Fuse Group	2100 Line Street, Unit Unit A301, Hatfield Township, PA	US
S1-332790057	Education Program of Mission LLC	1408 Francisco Avenue, Mission, TX	US
S1-109643095	Geller Materials LLC	1903 Straws Mill Road, Gatesville, TX	US
S1-150260513	Urgent Care Medicine	950 Military Road, Unit Apt 614, Jacksonville, AR	US
S1-327638825	HKI Angel	Kingsbury, 2602 149, NY	US
S1-413355280	Aggi G. Catron, O.D., DDS PC	404 Cherry Avenue, WI, City Of Marshfield	US
S1-417007322	Square Consultancy Limited	South West Delhi, Delhi, New Delhi, 112, Chudhary Mohlla (Near Bus Stand) Dhool Siras	India
S1-833279970	All Capital Inc	Cary, NC, 207 York Street	US
S1-385770508	Family Clinic	1623 Tremont Street, MA, Unit 4, Boston	US
S1-299843596	Brown Pearl LLC	IN, Westport, 12924 300	US
S1-686410362	Shelagh Frank Institutions LLC	5445 Corda Lane, Show Low, AZ	US
S1-676559541	Jai Energy Private Limited	M-3 B-9, Jhule Lal Appartment Pitampura, Delhi	India
S1-779823474	RN Logistics Private Limited	H. No. 6529, F Block, Sector-50, Faridabad, Haryana	India
S1-47138044	Firefighters Union Local No 600 LP	4430 Conser Way, Unit 302, Marion County, OR	US
S1-189935138	Googe and Cervantes, Inc	2555 Dunraven Avenue, Naperville, IL	US
S1-839795446	Av Consulting (India) Private Limited	Unit No. 601, Crown Heights, Delhi, Sector-10 Rohini, Delhi	India
S1-779426814	Stafani Camarena, D.D.S.	1565 Mohawk Ridge Road, Bulls Gap, TN	US
S1-981054772	Crystal Consumer Digital, Corp	4528 Fauntleroy Way, Seattle, WA	US
S1-895621536	South Finance Private Limited	C-25 Sector 62 Stellar It Park 4Th Floor, Noida, Gautam Buddha Nagar, Uttar Pradesh	India
S1-660096159	Interstate Israel	2023 11C, Lawrence, NY	US
S1-209271223	Everest Inc	1324 G Street, Unit APT 11, Sacramento, CA	US
S1-881995367	Cypress P.C.	IN, Unit CONDO, Indianapolis, 5230 Nob Lane	US
S1-560298023	Vivaque LLC	755 Winthrop Avenue, Unit 2 LEFT, Revere, MA	US
S1-160343942	Zeva LLC	2501 M, Brooklyn, NY	US
S1-689597159	Clear Genomic Alliance LLC	NC, 104 Church Road, Ahoskie	US
S1-736091319	Carpenters Local 724	720 Washington Avenue, Pulaski Town, VA	US
S1-320133533	Simonds School of Medicine	606 Ash Street, Chatsworth, IL	US
S1-881950049	LY Frontier Oceanhawk LLC	1900 Geniveive Lane, Austin, TX	US
S1-21126044	Margareta Cravens Metro Logistics, LLC	CO, 4720 Fountain Avenue, Cascade-chipita Park	US
S1-193414269	Mount Ministries	16025 Eiger Court, Chino Hills, CA	US
S1-392885498	Veterans Alliance	76 -82 Totoket Road, Branford, CT	US
S1-696974171	Crystal Platinum Token Inc	105 1st Street, Marion, IL	US
S1-522136036	Durg Trading Private Limited	Shop No 40, 11Th Floor, Plot No Gh-01, Gaur City Center, Sector 4, Greater Noida West, Uttar Pradesh, Noida, Gautam Buddha Nagar, Uttar Pradesh	India
S1-630232982	Demetria Winner Highview, Inc	1231 Shade Tree Road, Benson, NC	US
S1-5283798	Chandrya Infra Pvt Ltd	118 Lgf World Trade Centrebarakhamba Lane, New Delhi, Central Delhi, Delhi	India
S1-258883380	Straight Edge Hair Studio	117 Meadowsweet Court, Andover, KS	US
S1-428919947	Nesoft, LLC	1621 27th Street, Fl 0, Wichita, KS	US
S1-306006084	VZF Asset	1120 Cattail Court, Vass, NC	US
S1-140545093	Surya Hospitality Private Limited	304 - Govardhan Shikar 1177/2, Kanariya Road, Indore, Madhya Pradesh	India
S1-505159867	Heritage Network	339 County Rd 609, Athens, TN	US
S1-157657852	Sprouse Mountain Signs, LLC	Cedar Creek, TX, 220 Martin Crossing Drive	US
S1-155796061	Lakshmi Red Care LLP	Door No.15/192 (Old I.O.B.Building) Vathiarvilai, Mankarai Po, Mankarai, Kanyakumari, Tamil Nadu	India
S1-420103678	Harvey Keystone Concepts LLC	18321 Chuboso, Vail, AZ	US
S1-791094687	Central Industrial Networks LLC	17685 Rogers Road, New Waverly, TX	US
S1-930485917	Ahmedabad Pc	Ahmedabad, 95-C, Vrajnandan Bungalow, Arohi Club Road, Ghuma, Gujarat, Ahmedabad	India
S1-928660078	Arihant It Private Limited	1St Floor, Old Canara Bank Building G.T. Road, Khanna, Punjab	India
S1-573019895	Realtech Technologies Private Limited	No. 20, 2Nd Floor, K.P.N. Colony, 4Th Street, Tirupur, Coimbatore, Tamil Nadu	India
S1-179582199	Arielle Mancilla Invest	574 Vintage Point, Avon Lake, OH	US
S1-670095347	Josey Smith, Ph.D.	81 Waverley Street, Unit 2, Belmont, MA	US
S1-390359713	Kritita Infra Pvt. Ltd.	One West Building, Sy.No. 88/Aa, 88/E, 25Th Floor, Nanakramguda Village, Narsingi, Seri Lingampally, Hyderabad, Telangana	India
S1-358594887	Urology Delta Partners	33586 Finley Point Road, Polson, MT	US
S1-30620043	Imojean Ricci Total Charles, LLC	56 Weatherford Drive, Angier, NC	US
S1-541943581	Invent Exports Company	Lucknow, Uttar Pradesh, Lucknow, P No 18 Sanjivani Homes 3, Tarak Purwa Tiwariganj	India
S1-902774074	Mercado & Green LLC	1186 Knowling Loop, Talbott, TN	US
S1-319826201	Guillema T. Lofthouse, M.D.	202 Travis Drive, Riverside, OH	US
S1-89857733	Vcc Consultants Private Limited	Nr Shantipura Cross Roads Sp Ring Road, Sanand, B/1004 Swati Trinity Applewood Township, Ahmedabad, Gujarat	India
S1-3618553	Hernandez Fidelity LLC	1518 Leisure Ridge Road, Clifton, TN	US
S1-588629232	Taraix Cascade Franklin Inc.	804 Dover Court, Evansville, IN	US
S1-318449194	Anni's Consultants	364 Highway 36, Milano, TX	US
S1-310893881	Rushikonda Services Private Limited	Vishakhapatnam, Jewel Apartments, Pedda Rushikonda, Rushikonda, Andhra Pradesh, Flat F4	India
S1-845220221	Cancer Council II	1415 6720, West Jordan City, UT	US
S1-525456588	Select Semiconductor Products P.C.	8406 Checkers Lane, Stillwater, OK	US
S1-696909117	Drayora Obic LP	150 Trailhouse Lane, Forney, TX	US
S1-544583538	Agro Superior Horse Pvt Ltd	Ahmedabad, Ganesh Opera, Opp. Sadguru Vatika Bunglows M G Road, Nikol, Gujarat, B-502, Ahmedabad	India
S1-652366125	Cosmetic Holdings	D114 Phase V Focal Point, Ludhiana, Punjab, Ludhiana	India
S1-827192137	Galaxy Impex Private Limited	16, First Floor, Prospect Chambers, Annex No. 6 Pitha Street, Fort, Mumbai, Mumbai City, Maharashtra	India
S1-922674109	Atulya Estate LLP	950/3, Iind Floor, Naiwala Faiz Road Karol Bagh, New Delhi, Delhi	India
S1-70947154	Brown, Gutierrez and Mancilla	1234 Depot Street, Unit 208, Glenview, IL	US
S1-981647836	Energy Swag Kidz Partners	House No.- C-1/2, Flat No.-3, Block-C, Ground Floor, Model Town, New Delhi, North Delhi, Delhi	India
S1-678170359	Cornelle Lyle Wave PC	9234 75, North Salem, IN	US
S1-978573324	Wiegman and Davis Inc	5114 Elm Street, Bethesda, MD	US
S1-131392607	Excel Marketing Private Limited	D-285, Vivek Vihar Phase-I, Delhi, East Delhi, Delhi	India
S1-890435070	Martin Fast Corp	808 Baynes Road, Burlington, NC	US
S1-614337078	Miller Alpine LLC	502 Sugarloaf Street, Heber Springs, AR	US
S1-421621385	EKW Cascade Morgan Inc.	NY, 3771 Harlem Road, Cheektowaga	US
S1-263392673	Metropolitan Sound LLC	2852 Richton Road, Stafford, TX	US
S1-418360972	Main Street Cleaning Service	Sacramento, CA, 6905 Northshore Way	US
S1-533761248	Shick Certified Acp	525 High Street, Columbiana, OH	US
S1-180265490	West Keystone Stores Inc	334 Bull Creek Road, Fl 0, Grants Pass, OR	US
S1-200490547	Steelworkers Local 983	8323 Meadow Lakes Drive, Charlotte, NC	US
S1-72096030	Hudspeth's Couture	104 Wilmington Avenue, Boston, MA	US
S1-125271389	Mills & Partners	No 1148, 5Th Stage, Beml Layout Rr Nagar, Bengaluru, Bangalore, Karnataka	India
S1-227915387	Warren, Molina & Wright	902 Keekle Lane, Leland, NC	US
S1-374088570	Pediatric Dental Partners	6509 Betty Cook Drive, Austin, TX	US
S1-763988893	Raj Consulting Pvt Ltd	5/880A, Kataganj, V S Math Road P O Bedi Bhawan, Nadia, West Bengal	India
S1-832844259	Nollie's Skin Care	12325 28th Avenue, Plymouth, MN	US
S1-167128791	Piedmont Integrated Industries Inc	1828 Anna Drive, Irving, TX	US
S1-158683439	White Consultancy Private Limited	217, Second Floor, Vardhman Crown Mall Plot No. 02, L.S.C, Sector-19, Dwarka, New Delhi, Delhi	India
S1-277140469	CNY Network Pvt Ltd	Plot No D 67, Vibhuti Khand, Lucknow, Uttar Pradesh	India
S1-121428705	Empire Advanced Airport LLC	1712 Brookwood Drive, Winston-salem, NC	US
S1-24621936	Adroit Brothers Private Limited	Shop No.4, Sdc Green Park, E-Block, Janta Colony, Jaipur, Rajasthan	India
S1-215910600	Surgical Care Group	10705 90th Street, Vancouver, WA	US
S1-187243551	Anny Macy Aeon L.L.C.	1108 Hillhurst Road, Ridgefield, WA	US
S1-21613493	Maverick Software Private Limited	Flat 102, Pavani Residency 4-84/5/102, Jeedimetla, Hyderabad, Telangana	India
S1-992898301	LN Elite Airlines Clinic	7542 Wachtel Way, Orangevale, CA	US
S1-159902174	Metropolitan Sound Clinic	17 Pine Road, Grafton, NY	US
S1-877492668	Nav Memorial Trust	Eldeco Aamantran, Ed-0401, 4Th Floor, Edge Tower, Noida Sector 119, Noida, Gautam Buddha Nagar, Uttar Pradesh	India
S1-333779149	Campbell Corporation	Portsmouth, 923 Findlay Street, OH	US
S1-557814670	WF Trusted Japan Center	11728 Kingdom Avenue, City Of El Paso, TX	US
S1-718427504	Fish Cornerstone Madison LLC	15987 Saint Croix Trail, Bldg Lot Archery, Marine On Saint Croix, MN	US
S1-862304378	Clyola Petroleum	3324 Quarterline Road, Madison, NY	US
S1-466472356	Oncology Bay Clinic Inc	240 Timber Ridge Drive, Burleson, TX	US
S1-46149682	YTO Films Pvt. Ltd.	Ossoorestate, Saklaspur, Hassan, Karnataka	India
S1-837015821	Pediatric Dental American Associates LLC	3022 Dennis Lane, Grove City, OH	US
S1-115026316	Street & Sons	No 42 Majid Street Kangayam, Tiruppur, Coimbatore, Tamil Nadu	India
S1-804155370	Upper Charter School Inc	UT, 165 280, Aurora	US
S1-859395027	Silver Ready LLC	405 Harman Way, Orting, WA	US
S1-380456670	Prescott Fitness	306 Auburn Drive, York, SC	US
S1-377445860	Sunshine Marketing Private Limited	Pune, 11 Archana Kanchan Jungaarcade163 Solapur Road Hadapsar, Maharashtra, Pune	India
S1-548090179	Eye Care of Lynnwood	20101 44th Avenue, Unit G, Lynnwood, WA	US
S1-353716831	Cultural Charities	1305 Home Avenue, Village Of Fox Crossing, WI	US
S1-575921420	Torres and Young Vista	4385 Orchard Hill Drive, TX, Belton	US
S1-2946223	Satyam Steels Private Limited	183/18 Ground Floor Onkar Nagar -B Tri Nagar, New Delhi, Delhi	India
S1-741960346	Green Rogers LLC	701 Montara Road, Unit UNIT 145, Barstow, CA	US
S1-153314910	Eye Custom Partners P.C.	1066 Temple Road, Bunnlevel, NC	US
S1-286268691	Cascade College	CA, Simi Valley, 6421 Almar Street	US
S1-41368806	Francois Construction LLC	142-27 230 Place, Springfield Gardens, NY	US
S1-225489340	Lotetech Legacy Bold	5174 Meadowbrook Drive, Williams, AZ	US
S1-998639597	Krishna Trading Private Limited	Gauri Kunj, Ist Flr Kalakar Kishorekumar Ganguli Marg, Juhu Tara Rd, Sanatcruz -W, Mumbai, Mumbai City, Maharashtra	India
S1-605007042	Delta Keystone Dome	112 19th Street, Merced, CA	US
S1-810122828	Guruharsahai Energy	Rishi Chownk Guruharsahai, Guruharsahai, Ferozepur, Punjab	India
S1-672809047	Pastore Eagle Inc	990 Highway 32, AR, Ashdown	US
S1-816305399	VB Cargo Inc	746 Pentecostal Campground Road, Parsons, TN	US
S1-136941529	Arawali Brothers Pvt Ltd	47 Sun City Janpath Ashok Nagar, Bhubaneswar, Khordha, Orissa	India
S1-290362235	Producer Yashoda Enterprises Limited	#20, 1St Floor, Rt Nagar Main Road, Rt Nagar, Bengaluru, Bangalore, Karnataka	India
S1-610850812	Vivekanand Financiers Corporation	Flat No.1, Top Floor, Lalitha Krishna Apartments 2, Giri Road, T.Nagar, Chennai, Tamil Nadu	India
S1-770223659	Northwind LP	6340 Tripp Avenue, Chicago, IL	US
S1-971104153	National Alliance	1112 Towne Street, Cincinnati, OH	US
S1-711028059	Brown National Safety LLC	136 Dovenshire Drive, Fairfield Glade, TN	US
S1-678788736	Garcia & Jones LLC	422 Pine Street, Laramie, WY	US
S1-413390207	A Cure 7 You	431 Vista Del Mar Drive, Aptos, CA	US
S1-100276333	Robin Brighthouse Inc	252 Matteson Avenue, Matteson, IL	US
S1-315325465	Enterprises Academy Pvt Ltd	Sri Arbind Kumar S/O Sri Shiv Narayan Rai Mahabir Nagar 70 Fit Road Gardanbagh, Patna, Bihar	India
S1-101407985	Imperium Solutions Pvt Ltd	F No A 2 401 P No316 317 Manjeet Pride Ti At Auranabad, Aurangabad, Maharashtra	India
S1-845245569	Global Logistics LLP	C/O Manik Salunkhe, At Post Boramani, Solapur South, Solapur, Maharashtra	India
S1-548377191	Cascade Sky	9960 385 Street, Saint Joseph, MN	US
S1-825727265	Sweet Auto Body	El Campo, 1204 Meadow Creek Drive, TX	US
S1-788800357	Murray College	1416 Mackey Drive, South Bend, IN	US
S1-811116916	Nyalkaran Foundation	Rewa, Madhya Pradesh, Manideep, Urrhat	India
S1-921492629	Howard Perfect LLC	357 Edgehill Avenue, Youngstown, OH	US
S1-480576665	#6 Brewing Clinic	309 Clarinda Avenue, Shenandoah, IA	US
S1-783637741	QU Associate Limited	No.14, 37Th Cross, 8Th Block, Jayanagar, Bangalore South, Bangalore, Karnataka	India
S1-398966385	Optdyne Trust LLC	2056 Wagner Lane, Indianapolis, IN	US
S1-337503787	Erwin Interests L.L.C.	AL, Opelika, 1750 Hidden Lakes Drive	US
S1-537844724	Giddens Bsp	3796 Indian Run Drive, Unit 1-12, Canfield, OH	US
S1-417706840	Nathani Consultants LLP	1662/5-B Gali-17 F/F, Govind Puri, New Delhi, Delhi	India
S1-608383690	Eastern Exports LLP	21, Sriram Roadcivil Lines, New Delhi, Delhi	India
S1-104639714	United Engineering Pvt Ltd	C/O Jayachandran. R, Tc 24/1862, Thycaud, Thiruvananthapuram, Thiruvananthapuram, Trivandrum, Kerala	India
S1-751509308	AP Wedding Ltd	C. S. 219/1, Choundeshwari Complex, Shivaji Putala Road, Mangalwar Peth, Miraj, Sangli, Maharashtra	India
S1-738718564	Visakha Optronics Limited	4 Saraiyamakhdumpur, C/O Sri Sidheshwar Prasad, Jehanabad, Bihar	India
S1-160242888	Alpha Properties Private Limited	C-1/1296, Vasant Kunj, New Delhi, Delhi	India
S1-149310172	Ear Nose & Throat Clinic of Perry	IA, 1728 Warford Street, Perry	US
S1-871433242	Rodas and Scruggs Green, LLC	32 Catherine Court, Campbell County, VA	US
S1-167150918	Express Genomic Concepts LLC	2021 Campus Avenue, Unit UNIT A, Ontario, CA	US
S1-5218331	Suvarna Investment Company	Flat A42 Palm Villa, Kolivery Village Road, Kalina, Santacruz, (East), Mumbai, Mumbai City, Maharashtra	India
S1-742878440	Metropolitan Sun LLC	33 Dakota Street, Portland, ME	US
S1-499325162	Premier Aldel LLC	Deer Park, TX, 2518 Hillshire Drive	US
S1-186022238	Z 7 Green Presidio	19103 Stone Brook, Chapel Hill, NC	US
S1-558509404	Liberty Fresh Eureka	459 Smith Road, NY, Rensselaerville	US
S1-186487137	Roopavi It Private Limited	C/O Devidas Jalbaji Karale, Girgaon, Tq Basmath, Hingoli, Maharashtra	India
S1-473872582	Vaa Vidyalaya Group	Pl No 151 Aref Colony, Aurangabad, Maharashtra	India
S1-874660306	Physical Therapy Associates Group	4303 Elkins Avenue, Unit B, Nashville, TN	US
S1-342757837	Family Initiative Inc	704 Pasley Avenue, Atlanta, GA	US
S1-773765091	Blanche Griffith Australian Inc	30636 Clifton Street, Millville, DE	US
S1-781229538	Apex Infrastructure Private Limited	Teh-Sadar, Mau, Mau, Maunathbhanjan, Uttar Pradesh, Sahadatpura	India
S1-408829301	George, Lopez & Hatem	4451 Gateway Park Boulevard, Unit 633, Sacramento, CA	US
S1-657713840	Cure Diner	NC, Salisbury, 213 Hickory Lane	US
S1-334001328	Balaji Media Pvt Ltd	C/O Smt Kumud Kumari, East Gola Road Danapur, Dinapur-Cum-Khagaul, Patna, Bihar	India
S1-369909947	Downtown Barbershop Clinic	6444 Sinclair Avenue, Berwyn, IL	US
S1-766234221	Young and Nixon	835 Glory Way, Knoxville, TN	US
S1-610149670	QFM Med Private Limited	K-12, Shop-20, Second Floor Arcade, Malviya Marg, C-Scheme, Jaipur, Rajasthan	India
S1-404137176	American Choice Dental LLC	64 Wydendown Road, New Canaan, CT	US
S1-191024261	Surgical Medicine LLC	564 Stonegate Drive, Bozeman, MT	US
S1-555277541	Little Tavern	Mount Vernon, NY, Unit Apartment 4S, 156 1st Avenue	US
S1-420313992	Sheree Delacruz Heartland Sea Care	6950 Creek Village Drive, Katy, TX	US
S1-16677528	Cassel & Fernandes LLC	6300 26th Avenue, Seattle, WA	US
S1-150319967	Bhatia Traders Private Limited	M-20/A-4, Ground Floor, Under Janta Colony, Dilshad Garden, Delhi, East Delhi, Delhi	India
S1-883355521	Physical Therapy Partners of Carey Inc	316 Crabapple Drive, Carey, OH	US
S1-454837338	Lucero Materials	1117 Taylor Road, Virginia Beach City, VA	US
S1-31920944	Keystone Telecom Networks	2016 Irving Boulevard, Unit 140, Irving, TX	US
S1-50925734	Rogers Science	4624 Pepper Mill Street, Moorpark, CA	US
S1-632827236	Myra Digital Private Limited	Flat No. 1, Yash Apartments, Opposite Savedi Octroi Post, Nagar-Manmad Road, Savedi, Ahmednagar, Maharashtra	India
S1-374669229	Rapid Prairie Processing	10415 Mountain Run Lake Road, Culpeper County, VA	US
S1-911827061	Ratna Electronics Private Limited	East India House, 20B, British India Street 5Th Floor, Room No. 518, Kolkata, Kolkata, Howrah, West Bengal	India
S1-547635446	Guru Computek Private Limited	202 A Heritages S Road No 4 Lokhandwala Andheri (West), Mumbai, Mumbai City, Maharashtra	India
S1-697204762	White Constructions	B-94, Flat No.302 Housing Colony Lohia Nagar Kankarbagh, Patna, Bihar	India
S1-642915384	Bombay Hospitality Private Limited	Office No. 307, 3Rd Floor, P. No. C-1, Kanchan House, New Delhi, West Delhi, Delhi	India
S1-753783208	Orthopedic Partners Co	19407 Maple Street, Trimble, OH	US
S1-788753280	Meris Badger Anchor Systems Inc	1870 Farm Meadow Drive, Greenwood, IN	US
S1-878260787	COU Nursing Limited	Rairangpur Town, Plot No 2345, Rairangpur, Mayurbhanj, Orissa	India
S1-894324649	Global Welkin Infrastructure Corporation	132, Engineers Enclave, Pitampura, Delhi, North West Delhi, Delhi	India
S1-384693646	Harbor Legacy Deep LLC	6410 Butte Stone Street, Tucson, AZ	US
S1-48353843	Global Apparel Collective, LLC	1587 2nd Street, Cuyahoga Falls, OH	US
S1-901191191	Star United Care	630 12th Street, MN, Moorhead	US
S1-803680437	Drake College	2 Ocean Avenue, Unit 1, Marblehead, MA	US
S1-620883655	PL Systems Private Limited	Hno.10433, Gali No.322, Sanjay Colony, Sec-23, N.I.T., Faridabad, Haryana	India
S1-376266466	Family Project	9572 Muirkirk Road, Unit 102, Laurel, MD	US
S1-131314062	BRR Hypermarket Limited	Coimbatore, Ngr Street, Pappanaickenpalayam, Tamil Nadu, Coimbatore South, 16/D	India
S1-423620626	Big International School	48, Karnataka, 1St Cross, 1St Main, Kamalanagar, Bangalore, Bangalore North	India
S1-388687978	Peridance Hall Inc	3477 Old Ocean Highway, Bolivia, NC	US
S1-484509356	Primary Care Clinic LLC	3301 Beckerdite Road, Sophia, NC	US
S1-776557248	Jeanine Brown Metropolitan Bancorporation	565 Hillside Circle, Alpine, UT	US
S1-404290206	Sam Trading Pvt Ltd	Plot No. 14, Hisar, Industrial, Area, Jindal Factory Road, Haryana, Hisar	India
S1-578764126	Murphy, Davis and Mitchell LLC	17 Lawn Avenue, Quincy, MA	US
S1-255155228	WPH Tri-State Motor Inc.	4700 20th Street, Canton, OH	US
S1-632801896	Hr Brothers Private Limited	Construction House 'B', 2Nd Floor, 623 Linking Road, Opp. Khar Telephone Exchange, Khar, (West), Mumbai, Bandra Suburban, Maharashtra	India
S1-500850414	Candra Mccutcheon Elite Studios L.L.C.	139 Nevada 111, Emmet, AR	US
S1-331305578	Chavis First Data	Pingree Grove, 891 Dover Street, IL	US
S1-172398513	Larsen Holding Company	110 N Broadway, Monmouth, IL	US
S1-256882797	Red Marketing Private Limited	C/O Ram Pal Jandhera, Urf Kadargarh Sarsawa, Nakur, Saharanpur, Uttar Pradesh	India
S1-613628259	International Industries Private Limited	C-1103 Dheeraj Residency Goregaon West Opp Oshiwara Bus Depot Link Road, Mumbai, Mumbai City, Maharashtra	India
S1-415302257	Value Blackrock, Inc.	126 Meadowlake Drive, Hendersonville, TN	US
S1-907952719	Silver Tirupati Services	Bangalore, Site No. 26, Laskar Hosur Road, Adugodi Koramangala, Bangalore South, Karnataka, Prestige Cube - We Work Prestige Cube	India
S1-53756907	Supreme Associates, L.L.C.	3950 Prosperity Mine Place, Tucson, AZ	US
S1-593202623	Fairdeal India Pvt Ltd	8-3-945/3/2/A14, Iii Floor, Lakshminarayana Complex, Ameerpet Hyderabad, Telangana	India
S1-99115147	Saffron Financers LLP	47Akumaresa Puram Tiruchengode, Namakkal District, Salem, Tamil Nadu	India
S1-898334562	Steffan Rent, LLC	690 Lake View Drive, Milford, OH	US
S1-812101265	Rajmudra Memorial Trust Limited	G-21, Rajasthan, Chittorgarh, 22 Riico Industrial Areaajoliya Ka Khera	India
S1-999155907	Beacon Gulf Kochav LLC	Huntsville, AL, 100 Sunrise Cove Circle	US
S1-954336561	India Orchid Human Limited	Office No 401, 4Th Floor, Lotus Corporate Park, Graham Firth Compound, Goregaon East, Mumbai, Mumbai City, Maharashtra	India
S1-403336280	FI (india) Pvt Ltd	22/1091 Vavi Apartment 1St Floor Sbi Colony, Chittoor, Andhra Pradesh	India
S1-541696911	NK Collective Private Limited	6 Dr T N Majumder Street P S Tallygunge, Kolkata, Calcutta, West Bengal	India
S1-505465652	Pipefitters Local 695	Murfreesboro, 3742 Burdette Way, TN	US
S1-462027042	Gold Foundation Pvt Ltd	Flat No.206, Cresent Corner Plot No.28-29, Sector 20, Cbd Belapur, Navi Mumbai, Thane, Maharashtra	India
S1-39934423	Cypress L.L.C.	102 Stonebridge Way, Oak Ridge, TN	US
S1-721423097	Radhika (i) Company	167/169, Kashmiri Manzil, Room No. 70, 2Nd Floor, J. B Shah Marg, Dongri, Mumbai, Mumbai City, Maharashtra	India
S1-932397839	Ennis's Construction	5516 Townsend Warbler Court, Wake Forest, NC	US
S1-692891261	Custom Labs Pvt Ltd	Trivandrum, Thiruvananthapuram, First Floor, Kerala, Gulf Star Building Tc No 28/2484 (3), Near Chettikulangara, Temple	India
S1-434647607	UZ Flexible Inc.	7403 Schiller Street, Houston, TX	US
S1-67140094	Aspl Traders Private Limited	C/O Shashank Sheorey, Sheorey Niwas, 1085 Halaiya Jhandarpara, Jabalpur, Madhya Pradesh	India
S1-505437069	Bartsch, Ackerman & Mendoza	Hampton, 1536 Carlton Road, NY	US
S1-78497462	Bharat Impex Private Limited	D16B, Bhagat Singh Enclave, Behind Shivaji College, Raja Garden, New Delhi, Delhi	India
S1-865662243	ZKQ Telecom Inc	2721 Hollydale Drive, Homewood, IL	US
S1-452994663	Armstrong Atlanticus	1211 Hill Lakes Lane, Lebanon, TN	US
S1-946901276	Polaris Inc	6339 King Louis Drive, Fairfax County, VA	US
S1-737482473	Halcance Kongsberg LLC	274 Canaan Road, Clinton, ME	US
S1-344218774	Hernandez Data	51128 Lawson Street, Milton-freewater, OR	US
S1-37990706	Zesonex Inc.	35 Alpha Road, Unit 2, Boston, MA	US
S1-351369921	Krissie Valentine Heartland Gores LLC	17212 Scottsdale Road, Unit 3349, Phoenix, AZ	US
S1-853290969	Empire Metropolitan Data Inc	1767 El Pino Street, Montgomery, TX	US
S1-602222708	Edson, Pulliam & Nicholson Hotels Inc.	34 Louis Drive, East Greenbush, NY	US
S1-875212383	Vanet Select Source Inc	16105 Burlington Road, Town Of Paris, WI	US
S1-509817837	Corine Jacobo Convertible LP	5210 Schindler Drive, Orangetown, NY	US
S1-624041052	VVD Algonquin Partners	202 Old Austin Highway, Johnson City, TX	US
S1-151356672	Begum & Schilling Occupational Therapy	TN, 441 Watauga Avenue, Knoxville	US
S1-547694948	Stafani Clevenger Heartland Clough LLC	6420 Skipton Drive, Hanover, MD	US
S1-228413189	Mexia Cancer League	TX, Mexia, 1766 County Road 486	US
S1-681668060	Back Alley Bakery	1618 Hillside Drive, Waxahachie, TX	US
S1-596601225	Bay Canary LLC	Beckley, WV, 207 Pike Street	US
S1-416600394	Au Textiles Private Limited	H.No.5, Aab Building, 2Nd Floor, Mig Sy No.36 Pr Nagar, Upparpally, Attapur, Hyderabad, Telangana	India
S1-953955613	CD Ftai, Inc	518 Washington Avenue, Venice, IL	US
S1-920335851	Pioneer Uranium Group	6330 Komensky Avenue, IL, Chicago	US
S1-928475010	Plr & Sons Limited	West Ghoshpara Road Choumatahap O Ichapore Nawabganj, 24-Pgs-North, North 24 Parganas, West Bengal	India
S1-385821767	Applied Defense Alliance Inc	4764 Opus Circle, Fairfield, CA	US
S1-929123025	Pune Services Private Limited	Shop No 15 Ranakapur Darshan Acandi Road Yerwada, Pune, Maharashtra	India
S1-385878893	India Harshvardhan India	34, Ezra Street, Kolkata, Howrah, West Bengal	India
S1-717576357	It Tour	Gf/Ff, Ff/10 Kedar 2, Opp. Krupa Petrol Pump, Ahmadabad City, Ahmedabad, Gujarat	India
S1-874729954	Marni Benson, Ph.D.	135 Nichols Street, Gardner, MA	US
S1-332692411	Continental Sterling Bancshares Inc.	Kernersville, NC, 1072 Laverne Lane	US
S1-370614807	Atlantic Prairie Mitsui LLC	Highland Heights, 625 Grey Stable Lane, KY	US
S1-817622790	Infrastructure Wellspring Producer Private Limited	Flat No.2A, Karnataka, Bangalore North, 35 Patel Paradise Apartment, Lic Colony Yeshwanthpura, Bangalore	India
S1-39401877	Mangal Financial Private Limited	5/1 East Ghsoh Para Roadkankinara, 24 Pgs North, North 24 Parganas, West Bengal	India
S1-566143634	Unique Services Private Limited	47, Matheshwartala Road, Kolkata, Kolkata, Howrah, West Bengal	India
S1-579569347	Euphemia Hurd Melar	847 Highway 283, Bismarck, AR	US
S1-558771841	Modern Textile Studios LLC	911 Red Oak Drive, Western Springs, IL	US
S1-456209472	Ninnette's Landscaping	50 Sourwood Drive, Franklin County, VA	US
S1-830471796	Prakriti Services Private Limited	Sri Rana Jagar Nath Singh, B-137 Housing Colony, Kankarbagh Colony, Patna, Bihar	India
S1-674356066	Belva's Cascade Pilates Cornelius	20321 Sterling Bay Lane, Cornelius, NC	US
S1-873216059	Advanced Transit Brands Inc	1627 Spring Road, Lenoir City, TN	US
S1-310877905	Coastal Industries Inc	388 Cedar Brook Drive, Collierville, TN	US
S1-6374980	Lee, Brown and Denning Auto Sales	MT, 1050 P K Road, Shepherd, Unit Unit 1	US
S1-117385968	Better Creative Mellon LLC	MO, Unit UNIT A, 627 Tiffin Avenue, Saint Louis	US
S1-639408680	Scholl Telecommunication	207 Burke Avenue, Arlington, WA	US
S1-709699522	Board of Labor	1381 Willett Street, Memphis, TN	US
S1-362166519	Lr Brothers Private Limited	501 Everest, 164 Hill Road, Bandra West, Mumbai, Mumbai City, Maharashtra	India
S1-882316992	Parc Communications Private Limited	Vatsala Tai Naik Nagar, Cst Road, Chembur, Mumbai, Maharashtra	India
S1-115299046	Robbin's Liberty Landscaping	289 Faa Access Road, Bristol Bay Borough, AK	US
S1-717694316	Florian Complete Outdoor PC	983 1055, Unit 803, Orem, UT	US
S1-575109957	Hale Media Inc	1722 Emma Circle, Spring Hill, TN	US
S1-762924595	Highland College	1754 Avenue F, Grand Prairie, TX	US
S1-929251875	Drayara Jackson	VA, 14252 Madrigal Drive, Prince William County	US
S1-669203787	Total Strategic Sachs LLC	476 Tremont Street, Unit 237, Boston, MA	US
S1-714893686	Australia, Inc.	5 Bronk Street, Oneonta, NY	US
S1-252842639	Cozy Yoga	116 Brookside Street, Dripping Springs, TX	US
S1-315126696	Honest Recruiting Private Limited	60/49E, 3Rd Floor, V704, Jc Chambers, Opp Kairali, Ernakulam, Kerala	India
S1-379282972	Advaya Entertainment Pvt. Ltd.	Bldg 6 E Flat No 101 Veena Nagar, Phase Ii Mulund, Mumbai, Maharashtra	India
S1-120352290	White Computer Pvt Ltd	Sno 21 18 Ganesham Phase, Pim Saudagar Bld C Fl 303, Pune City, Pune, Maharashtra	India
S1-723383116	Fourway Technologies Private Limited	Kanchan Jana S/O Lt Jiten, Vill Soulan Po Hatsarber, Ghatal, West Midnapore, West Bengal	India
S1-360851754	Vaagai Investments Ltd	12-7-112/86, Keshava Nagar Colony New Mettuguda, Hyderabad, Telangana	India
S1-135237630	Patriot Guild	Lockesburg, AR, 3531 Highway 71	US
S1-964756169	O/F South	8 Vine Street, New Bremen, OH	US
S1-383364857	Olivas Aeon	919 3rd Avenue, Phoenix, AZ	US
S1-84297508	Garcia European LLC	604 Martin Avenue, Middleburg Town, VA	US
S1-676591052	XS Systems Private Limited	No. 12, 2Nd, Cross, Yashognana, Somashekara Reddy Layout, Maragondanahalli, Bangalore North, Bangalore, Karnataka	India
S1-635892043	Viola Burchfield Dynamic Northern Inc	290 Bow Perch Lane, Bozeman, MT	US
S1-852745202	Sairam Entertainment Pvt Ltd	Pune, Sh No-4, Grd Floor, K.P.C.T, B-Wing, Sn-10/1/1, Wanawadi, Pune, Maharashtra	India
S1-237816694	Palmer Unified Digitalbridge LLC	473 Baylor House Road, Bigelow, AR	US
S1-986430459	Ventures Shubhi Buildtech Limited	B70 Jay Savaiyanath Co Op Soc Opp Rajbaug Society Ghodasar N H Road, Ahmedabad, Gujarat	India
S1-322635163	Siri Creations Public Limited	No 714, 7Th Floor, A Block, Carlton Towers, No.01, Old Airport Road, Hal, Bangalore, Karnataka	India
S1-385570865	Services Esquare Energy	Plot No 43, Ground Floor, Pkt 11, Sec 5, Near Mothers Pride School, Delhi, North West Delhi, Delhi	India
S1-190955512	Ryder & Newman Financial Partners	601 1st Street, Selah, WA	US
S1-343454703	Rose Dogecoin LLC	14918 Carolina Falls Lane, Cypress, TX	US
S1-990684521	Elie's Valley Auto Glass	13616 90th Street, Village Of Bristol, WI	US
S1-57404730	Stb India Limited	L2/622, Viram Khand, Gomti Nagar, Lucknow, Uttar Pradesh	India
S1-706991073	Pediatric Dental Great Care	149 Astor Street, Troutman, NC	US
S1-234364027	Good Systems Pvt Ltd	C/85 A.G Colony, Patna, Bihar	India
S1-391501577	Universal Best Developers Private Limited	Booth No. 8, Sector 51, Near Artemis Hospital, Gurgaon, Sector -45, Gurgaon, Haryana	India
S1-567694717	Premier Legal Private Limited	Rachana Sayantara-I, Appt F No 116 A Hazaripahad Nagpur, Nagpur, Maharashtra	India
S1-432977003	Pittman Hcm	4132 Bayou Maison Circle, Dickinson, TX	US
S1-472617841	Smith, Gregory & Reed Daedalus LLC	98 King Arthur Court, Elgin, IL	US
S1-138644160	Jrd (india) (India) Ltd	Mahalakshmi Chambers, 29, Mg Road, Next To Trinity Metro Station, Bengaluru, Bangalore, Karnataka	India
S1-766044750	Vikas Puri Mart Pvt Ltd	B-11, Ground Floor Front Porshan, Shankar Garden, Vikas Puri, West Delhi, Delhi	India
S1-994276304	Vijay Exports Private Limited	Kanhaiya Park Belthika Nagar, Thergaon, Pimpri, S 14/6A/6B/1, Maharashtra, Pune	India
S1-589023121	Atlanta, County Of	Atlanta, GA, 736 Brookline Street	US
S1-394295553	Chiropractic Great Center, LLC	9706 7th Bay Street, Norfolk City, VA	US
S1-747926136	Great Fund PC	900 Waiola Avenue, La Grange Park, IL	US
S1-658884545	Limra Vidyalaya	Flat No. 301, 3Rd Floor, Anupam Darshan, Plot No. 72, Sector 35, Kamothe, Navi Mumbai, Maharashtra	India
S1-344832253	Fanet LLC	220 White Cove Road, Unicoi, TN	US
S1-17220725	SC Drugs Private Limited	301, Esha Ekta Apt, Campa Cola Compound, Worli, Mumbai, Mumbai City, Maharashtra	India
S1-151372454	Trading Stride Agri Private Limited	Plot No.141 Ida, Bollaram, Jinnaram, Hyderabad, Telangana	India
S1-261805336	Upper Federal Eureka LLC	17111 Gray Pine Place, San Bernardino, CA	US
S1-839101861	Vanguard Marine Center	1801 Main Street, NC, High Point	US
S1-646238144	Spencer Pediatric Dental Choice Center	40 Wall Street, Unit 209, Spencer, MA	US
S1-851580232	Mumbai Farms Pvt Ltd	275 Shaheed Bhagat Singh Margtulsi Terrace R H 16 Fort, Mumbai, Maharashtra	India
S1-508492603	Alewine, Willis & Bruner	19 Westbrook Drive, Cortlandt, NY	US
S1-424984189	Ear Nose & Throat Associates Inc	2808 Hamill Road, Chattanooga, TN	US
S1-288783874	Big Services Private Limited	Hig A 24 And 25 5Th Floor Aphb Colony, Gachibowli, Serilingampally Mandal, Rangareddy, Serilingampally, K.V.Rangareddy, Telangana	India
S1-267028745	Hyderabad Degree Pvt Ltd	Nsl Centrum, 2Nd Floor, Lift Lobby-4, Plot No.S1 Sy. No.1043 & 1048, Phase 1 & 2, Kphb Co, Lony, Hyderabad, Rangareddy, Telangana	India
S1-248501128	Rms (India) Enterprises Corp	304, Block E, 3Rd Floor, Sterling Terraces, No.3, 5Th Block, 100 Ft Ring Road, Banashankari, 3Rd Stage, Bangalore, Karnataka	India
S1-783744856	Mission Chem Ltd	Flat No E/402, Madhuban E Iwing, Ketkipada, Nr Mtnl Tele Exe. Dahisar, Mumbai, Mumbai City, Maharashtra	India
S1-606611343	Concept Infotech Private Limited	Office 2401, 2402, 2403, Fairmount Chs Ltd, Plot No 4 To 6, Sector 17, Sanpada, Navi Mumbai, Thane, Maharashtra	India
S1-27482341	Liberty Colonial Gen L.L.C.	23330 Osage Street, Barstow, CA	US
S1-788209549	Jones Investments	14796 Haven Drive, Apple Valley, MN	US
S1-234624983	NEJ Infra Center	7-40-6/6, Satyavathi Nagar, 1St Street, Near Govt Hosp, Tadepalligudem, West Godavari, Andhra Pradesh	India
S1-626513532	East Builders Private Limited	Flat No. 402, Acroplolis Building C, Thatte Nagar, Gangapur Road, Nashik, Maharashtra	India
S1-764157893	Valadez & Upton Drive LP	Francis, 56 Scenic Heights Road, UT, Bldg VACANT PARCEL	US
S1-662240822	Vidi Multi Private Limited	Flat No.302, Shree Guru Mauli Apt, Thane, H No.0151, Maharashtra, Thane	India
S1-649197669	Shiva Sense Ltd	No.101/F Village Gharonda Neem Ka Bangar Main Road Village Patparganj, Near Mayur Vihar Pha, Se-I, Delhi, East Delhi, Delhi	India
S1-514231177	Happy Nails	6984 Bullhook Road, Havre, MT	US
S1-289043767	Azad Clinic	Telangana, Nizamabad, Plot No.133Bva, H.No:6-135/1 & 2, Aryanagar, Nizamabad	India
S1-760888492	VXE Lake Inc.	134 Dina Lane, Montgomery, TX	US
S1-295967861	Jaimaa Production Ltd	Shop No -08, Lower Ground Floor Block -G, East Platinum, Vill-Sadarpur, Noida, Gautam Buddha Nagar, Uttar Pradesh	India
S1-986109024	Abr Homes Limited	No.207, 6Th Link Road, Palkalai Nagar Palavakkam, Chennai, Tamil Nadu	India
S1-283660857	Shiv Engineering Private Limited	76/903 Chandni Apts Sola Road Naranpura, Ahmedabad, Gujarat	India
S1-218458177	Glass Nutraceuticals Private Limited	Khawaja Kalan, Nagla, Sampatchak, Patna, Bihar	India
S1-439105833	Innovative Pacific	1156 Redfield Road, Naperville, IL	US
S1-65720315	Dermatology Clinic	7502 Arlene Avenue, Willowbrook, IL	US
S1-645936148	Nine Advisors	Ernakulam, Kamukumpillil House, Mavelipuram Colony, Ernakulam, Kerala, No.27/2089 Adam Star Building	India
S1-106999917	Laex Armada, LLC	28359 Rainbow Avenue, Bouse, AZ	US
S1-255022363	Sai Foods (India) Private Limited	C/O Perm Chand Gupta, Sarvodaya Nagar, Banda, Banda, Uttar Pradesh	India
S1-364720255	TI Edutech	C/O Ramshray Prasad, Vill, Haidra, Panch-Gharwara, M. Ganj, Sitamarhi, Bihar	India
S1-517870446	Nagpur Media Private Limited	H.No. 35, Poonam Vihar Swalambi Nagar, Nagpur, Maharashtra	India
S1-436784195	TRK Electromech Private Limited	477, Near Atta Chakki Village Kanhai, Gurgaon, Haryana	India
S1-621597210	Southern Exports Private Limited	201/H-25, Pratiksha Nagar (Mhada Colony) Pratiksha Nagar Best Bus Depot Road, Sio, N, Mumbai, Mumbai City, Maharashtra	India
S1-685497509	Erminia Ferreira, MD LP	410 Broad Street, Unit C, Blackstone Town, VA	US
S1-960209734	City Tech Private Limited	B-201, Evergreen Nr, Hills High School, Vesu, Surat, Gujarat	India
S1-621121657	Anand Logistics Private Limited	F-2, Vishwadeep Appartment, Nagala Park, Near Vivekanad College, Kolhapur, Maharashtra	India
S1-247786329	Balderas United Peoples LLC	625 3rd Avenue, Hampton, IL	US
S1-47647909	Department of Buildings	2415 Lavin Court, Florissant, MO	US
S1-233116130	X/B Lake	1927 Richard Road, Cedar Falls, IA	US
S1-221823648	E T Buffington Rithm LLC	11745 Pine Street, Portland, OR	US
S1-52240953	Stork Financial Private Limited	Behindmedinova, Plotno560Parichay, Ramdaspeth, Nagpur, Maharashtra	India
S1-677990937	Prescott Valley Youth Advanced Council	150 69, Unit L, Prescott Valley, AZ	US
S1-488602119	Sylvia Theisen, DMD Inc.	1815 Williams Glen Boulevard, Bldg 10, Zionsville, IN	US
S1-330298689	Jay Engineering Private Limited	409 Model Town, Ludhiana, Punjab	India
S1-143466558	Pacific Cyber	Clemmons, NC, 280 Dawn Drive	US
S1-748290594	Rawalwasia Academy Limited	Flat 6, Palace Heights-A Vijayanagar Palace Layout, Pedawaltair, Vishakhapatnam, Andhra Pradesh	India
S1-920281796	Holistic Peripherals Private Limited	520 1St Floor Block C Millenium Apartment Rohini Sector 18, North West Delhi, North West, Delhi	India
S1-72057312	Federal Partners	CT, East Lyme, 2 Park Lane	US
S1-432713586	Gene Powers Peak Electronic	Washington, Unit 710, 630 Kenilworth Terrace, DC	US
S1-136538611	Ironworkers Local Union 601	9889 Grant Creek Road, Missoula, MT	US
S1-706557560	Raj Power Private Limited	No. 97/80, Sf No. 80, Vanagaram Service Road, Off 200 Feet Road, Athipet, Ambattur, Ambattur, Tiruvallur, Tamil Nadu	India
S1-771764328	Board of Public Works	20695 Williams Highway, Fl 0, Williams, OR	US
S1-323999424	Placek Green Planet, L.L.C.	9979 Lady Catherine Street, Streetsboro, OH	US
S1-500187754	FO Tradezone Private Limited	Plot No 5, Syndicate Bank Colony, Kovilambakkam, Chennai, Tamil Nadu	India
S1-153700682	Cure Barbershop	11701 Ridgeland Avenue, Worth, IL	US
S1-965747862	Indian Tech Pvt Ltd	Madhya Pradesh, Shivaji Ward, Harda, Harda, Plot No.1058/2 Chatrapati, Harda	India
S1-784942211	Sai Ventures Private Limited	209, Ss1, Koparkhairane, Sec:3, Wd: Kopar Khairane, Thane, Maharashtra	India
S1-403657175	Legacy Consumer Worldwide LLC	716 Chesapeake Drive, City Of Havre De Grace, MD	US
S1-814067260	United Trading Limited	Ernakulam, C&A Building, Vallathole, Kakkanad, 4/1905, Ernakulam, Kerala	India
S1-236066541	Cordelia Gomez, D.O.	2803 43rd Avenue, Kansas City, KS	US
S1-262587220	Advanced Home LLC	2112 Berwick Place, Decatur, AL	US
S1-131616589	Supreme Fresh Consulting Group	901 Sara Court, CA, Unit APT 62, Vacaville	US
S1-935526277	Tungabhadra Interiors Private Limited	B-31, First Floor Connaught Place, New Delhi, Central Delhi, Delhi	India
S1-755032725	Sirius	ND, 2112 Wolves Den Parkway, Watford City	US
S1-809836476	Harihar & Partners	Shop No. 9, Anu Chs, Subway Road Nr Milan Mall, Mumbai, Maharashtra	India
S1-673096008	Mysore Foundation Private Limited	No. 58, Deepanagar Bhogadi, Mysore, Karnataka	India
S1-781085857	Community Center	983 Russell Avenue, Gaithersburg, MD	US
S1-418361061	Big Investments Private Limited	8, Camac Street, Shantiniketan Building, 5Th Foloor, Room No.515, Kolkata, Kolkata, Howrah, West Bengal	India
S1-212239498	Sotto Futurewave LLC	2714 Parkside Drive, Ontario, CA	US
S1-335959747	Federal Association LLC	611 Northside Drive, Fort Worth, TX	US
S1-610533884	Peak Smart Drive L.L.C.	506 6th Street, Wilmington, DE	US
S1-12485775	Thirumalai Solar Private Limited	Haryana, Palwal, Village-Gehlab, Tehsil- Hathin, Faridabad	India
S1-599925641	Piedmont Blue Entertainment Inc.	5872 Haverford Avenue, Indianapolis, IN	US
S1-712615738	1858 Sixth Court Properties Company	Newark Twp, 2200 Martinsburg Road, OH	US
S1-147055427	Lotus Logistics Private Limited	Haveli, Pune, Gat No. 1532, Sonavane Vasti, Maharashtra	India
S1-869167635	KI (india) Private Limited	Plot No47, (Old No-36) Kh No 87/2 3Rd Floor Vilalge Rithala Manday Mkt Road, Rohini, North West, Delhi	India
S1-581013194	Malappuram Solutions Limited	4/123, Parambadan Building, Moochikkal, Randathani Po, Tirur, Malappuram, Malapuram, Kerala	India
S1-164942774	Shree Handicrafts (India) Private Limited	Shop No 25/53, New Fruit Market, Jodhpur, Jodhpur, Rajasthan	India
S1-663175238	Fackler and Mendoza LP	206 Park Avenue, Oyster Bay, NY	US
S1-611075098	Sun Foundation Private Limited	Professorpara, Cuttack, Orissa	India
S1-171137788	Bricklayers Union Local No 817	3268 76th Street, Edina, MN	US
S1-688121899	Hyderabad Gis Private Limited	Sy No.61 And 64 Kompally Village, Medchal Mandal, Hyderabad, Rangareddy, Telangana	India
S1-649583432	Nickels Veterinary Clinic	51 Stanton Way, North Andover, MA	US
S1-481242702	U T & U States	17410 54th Terrace Court, Independence, MO	US
S1-884606211	Foot & Ankle Care Associates LP	York, 5 Madison Street, SC	US
S1-162875698	Pediatric Dentistry Partners	103 State Street, Athens, OH	US
S1-660621852	Granites Extrusion Private Limited	Gurgaon, Haryana, Dlf Corporate Greens, Narsinghpur, Dcg-1-1811	India
S1-544279537	Urgent Care Center	13607 White Cliff Drive, Houston, TX	US
S1-607288836	Commission on Public Works	341 Cool Springs Boulevard, Unit 214, Franklin, TN	US
S1-678603059	IB Books Pvt. Ltd.	Second Floor, Rani Kunj Z-8, Hauz Khas, New Delhi, Delhi	India
S1-766015940	Sterling Pioneer Bold Inc	2002 19th Street, Parkersburg, WV	US
S1-599964548	Surgical Group of Woburn PC	MA, 855 Main Street, Woburn, Unit 6	US
S1-75355888	Sterling Agricultural Concepts LLC	310 Daisy Lane, New Albany, IN	US
S1-183986600	Sutton & Kitchen LLC	306 Woodriver Drive, De Soto, IL	US
S1-817555065	Patna Pictures Private Limited	S/O Lt Mnp Singh Pandoi, Kothi, Tarkeshwar Path, Boring Road, Patna, Madhubani, Bihar	India
S1-324132627	Kaveran Rubber	G/F Kh No. 252/61, Extended Lal Dora Of Village Bamnoli, South West Delhi, Delhi, New Delhi, Plot No. 61	India
S1-318793512	Lower Clear Yhn LLC	Phoenix, 33604 14th Street, AZ	US
S1-137817720	Consolidated Materials Services	Bloomington, 18361 Marygold Avenue, CA	US
S1-319976599	Jagdamba Brothers Private Limited	Rajapalayam, Virudhunagar, Old D.No 1/40 New D.No 1/171 Sundaranatchiyarpuram Tenkasi Road, Tamil Nadu	India
S1-999358932	Hawkes, Berrie, Ph.D.	1678 Lenox Road, Atlanta, GA	US
S1-400306734	Rogers, Porter & Drumheller, LLC	82 Lake Avenue, Otis, MA	US
S1-634138699	Anna-Diane Martin Heritage Popular LLC	1003 Vista Canyon Drive, Bluff Dale, TX	US
S1-326699620	Stellar Foundation LLP	54-C, Road No.1 Film Nagar, Jubilee Hills, Hyderabad, Telangana	India
S1-949512979	Dlf Qe Clothing LLP	Flat No. 204, Emilia-5, Vatika City, Sector-49, Dlf Qe, Gurgaon, Haryana	India
S1-853551723	1716 Fifth Ave Properties	1525 Green Hill Road, Worcester Township, PA	US
S1-356342667	The Dent Book Store	8701 Interstate 30, Unit Apt 226, Little Rock, AR	US
S1-87088260	Sai Pharmacy Limited	No.296, 3Rd Floor, 24Th Main Road Jp Nagar, Bangalore, Karnataka	India
S1-366856374	Novic Stifel, LLC	21 Earl Road, Hutchinson, MN	US
S1-850317018	Lacy Mello Stanley Inc	96 High Street, Boston, MA	US
S1-92524098	Dru A. Martinez, M.D., DDS PC	1221 Mottman Road, Fl 1, Tumwater, WA	US
S1-823457460	KA Solutions	No 16, 5Th Cross Road, Thay, Appa Garden, Bilekahalli, Bangalore South, Bangalore, Karnataka	India
S1-203451327	Charotar Trading Private Limited	C14/175-51 -K, Amar Nagar Colony Sonia, Varanasi, Uttar Pradesh	India
S1-537887238	Womens Health Associates LLC	414 Rabbit Branch Road, Shelbyville, TN	US
S1-429418207	Lotus Infotech Private Limited	Baghapurana Road Nihal Singh Wala, Moga, Ferozepur, Punjab	India
S1-246430904	Gibson Saratoga Corp	508 Riverside Drive, East Gadsden, AL	US
S1-963362754	Corporate (India) Development Private Limited	5F Everest46/C Chowrianghee Road, Kolkata, Calcutta, West Bengal	India
S1-579701491	Albertina Chou Dogecoin	15617 18th Street, Bellevue, WA	US
S1-102390154	Star Highland	910 Lynde Drive, Unit Apartment 202, Fridley, MN	US
S1-921169076	Robicheaux Cornerstone Anadolu LLC	2901 Neeley Street, Unit Apt 207, Batesville, AR	US
S1-495100291	Johnson Banking	IN, Alexandria, 8602 100	US
S1-830922354	Exports Reliance Yarn Private Limited	Shri Kant Chaubey S/O Lt R. Chaubey Kamla Nagar, Near Iti Road, Buxar, Bihar	India
S1-521580114	Kemp Highland Figx Inc.	3110 Betts Drive, Albuquerque, NM	US
S1-499844706	Durga Hospital Corp	Panch Ekawana, Village, Bhelain, Bhojpur Bihar, Arrah, Bhojpur, Bihar	India
S1-635442408	Total Realty International Inc	10031 Carpenter Street, Chicago, IL	US
S1-218762964	Laxmi Finance Pvt Ltd	Prop. Niranjan Kaushik Plot No. 20 R.I. Estate Ghaziabad, Ghaziabad, Uttar Pradesh	India
S1-766331481	Zephic Freedom	1939 Michelle Drive, Clemmons, NC	US
S1-596596978	Divue Select Apartment Partners	117 Crownside Drive, Four Oaks, NC	US
S1-702925038	Latshaw All Park Corp	21 Snead Drive, Martinsburg, WV	US
S1-692250120	Onward Infotech Private Limited	130, Ambaji Textile Market, Ajmer Road, Bhilwara, Rajasthan	India
S1-641750087	Sbf (India) Industries Corporation	S/O Abdul Siddik, Vill Raigachi School P.O P.S Rajarhat, Kolkata, Kolkata, Howrah, West Bengal	India
S1-964198931	SX India Private Limited	577, 1St Floor, 8Th Main Road, 5Th Block, 1St Stage, Hbr, Layout, Bengaluru, Bangalore, Karnataka	India
S1-518175973	Real Products Private Limited	Satyam Multiplex, Office No. 7, First Floor 103, Sector 12A, Avas Vikas Colony, Agra, Uttar Pradesh	India
S1-737685254	Charo Cunningham Union, Inc	6202 Mckellips Road, Unit 217, Mesa, AZ	US
S1-848114421	Jaora Luxury Private Limited	48 Katju Nagar, Vidyut Colony, Jaora, Ratlam, Madhya Pradesh	India
S1-294383888	Star Products Private Limited	8C/1, Superior House, Rajpur Road, Civil Lines, Delhi, North Delhi, Delhi	India
S1-178294245	Novyn Foods	1881 Waterside Court, Oak Harbor, WA	US
S1-527709196	Astrum Storage Private Limited	House No. 20 Mohlla Khurampur Near Durga Mandir P.O. Alhadadpur Gorakhpur, Gorakhpur, Uttar Pradesh	India
S1-779999399	#8 Futurecorp	4616 Boxer Drive, Bldg 6, Canal Winchester, OH	US
S1-146953609	Continental Industries Care	Charlotte, NC, 4107 Garden Grove Lane	US
S1-270702264	Aparna International School	Delhi, New Delhi, Rectangle One Building Plot No. D4, Saket District Center, 4Th Floor, South Delhi	India
S1-954361853	Indrin Safety Pvt Ltd	Mig-16, Housing Board Colony, Athagarh, Cuttack, Orissa	India
S1-719141934	Bartlett Battery LLC	528 Ridgeline Drive, Oak View, CA	US
S1-333044588	Thompson Vaneck LLC	Unit APT 3123, Sacramento, 3840 Duckhorn Drive, CA	US
S1-703424019	BA Graf-Loudoun County	25785 Kaiser Place, Loudoun County, VA	US
S1-265348700	Paquin and Rodriguez Spac-Grove City	2634 Willowgate Road, Grove City, OH	US
S1-616444043	Amber, LLC	4607 198th Avenue, Douglas County, NE	US
S1-26643484	Mp Shell Limited	28/123, Kanhaiya Nagar Shikargarh, Jodhpur, Rajasthan	India
S1-188376045	Eastern International Private Limited	H62/03, Sector 4, Nerul, Navi Mumbai, Thane, Maharashtra	India
S1-916731158	Stefa Kaufman Liberty Cadenza LLC	2135 64, Asheboro, NC	US
S1-717892742	Sree Consultants Private Limited	C/O Om Prakash Nakatiya, Baboo Ram Dhora Lalpur, Bareilly, Uttar Pradesh	India
S1-679790811	Firman Associates	Decorah, 310 College Drive, IA	US
S1-786169050	Peridan Dragon	1101 Woodcroft Ct, Jeffersontown, KY	US
S1-553341936	Buller Rexford	2931 Ellis Drive, Montgomery, AL	US
S1-170195978	Great Consulting Private Limited	Villa No 127 Adarsh Palm Retreat, Devarabesanahalli, Bangalore South, Bangalore, Karnataka	India
S1-518046279	Corbett Animal Hospital	6662 97, Elm City, NC	US
S1-618364441	United Software Private Limited	Vikas Puri, New Delhi, K-68, Krishna Park Extension, Outer Ring Road, Delhi	India
S1-534385322	Balaji Logistics Private Limited	Randhawa International Batala Road, Amritsar, Punjab	India
S1-924297339	North Pioneer Logistics LLC	1409 Highland Way, Chattanooga, TN	US
S1-950704113	Scroggs Merger LP	787 60th Street, Pleasant Hill, IA	US
S1-717204388	Fine Cleaning Service	9139 Sugarstone Circle, Highlands Ranch, CO	US
S1-245462690	Blue Cafe	1402 Yesler Way, Seattle, WA	US
S1-318741276	Sarvottam Sameer Pvt Ltd	Waghyachi Wadi, Khodala, Sayde, Mokhada, Thane, Maharashtra	India
S1-592988810	Titlis Herbals Pvt. Ltd.	Chhindwara, C\O Shobhabai Bhagwan, Madhya Pradesh, Barai Ganesh Ward, Pandhurna	India
S1-379992117	Blue Coalition	3454 Broadview Street, Montgomery, AL	US
S1-198132827	Patriot Association IV	8206 Solitude Hill Lane, Richmond, TX	US
S1-765025046	Wichita Latin Inc.	2231 Park Place, Fl 0, Wichita, KS	US
S1-62654531	Alexina R. Peterson, MD, PC	8012 Tranquillity Trail, Middletown, OH	US
S1-656531567	Drayola Point Inc	9015 Kings Chapel Road, Centertown, MO	US
S1-465943107	First Infra Private Limited	69A/3, Jaishankar Colony Annanagar, Hosur, Dharmapuri, Tamil Nadu	India
S1-613359762	Southern Works	59 2/B 1 J.M.G Road, Ward No 17 Rajbari, Kurseong, Darjeeling, West Bengal	India
S1-229630451	India Tuticorin Multi Private Limited	Gagan Vihar Co Op Soc 612/7 Fl 204, Bl D/2 Market Yard/ Bibvewadi, Pune, Maharashtra	India
S1-306751495	Chiropractic Group	15622 Monksilver Bend, Upper Marlboro, MD	US
S1-647343869	Pyarelal Bioplantech Pvt Ltd	C/O- Pramod Kumar Singh, H.No. 77 Vill-Lakhnaur, Tola- Lakhnaur, West Block Lakhnaur, Madhubani, Bihar	India
S1-511662098	Bharat Super Business Private Limited	48 Swinhoe Lane 3Rd Floor Flat No. 3A, Kolkata, Howrah, West Bengal	India
S1-146758502	Harbor Preferred Hudson LLC	Orange County, 10510 Tower Road, VA	US
S1-364462128	Family Center Group	255 100, Fillmore, UT	US
S1-791488058	Global Finance	D -Wing, Corner Of 6Th And 7Th Road, Rajawadi Ghatkopar (East), Mumbai, Maharashtra	India
S1-27679866	Smith Lifestyle Clinic	4892 Limousine Lane, Frisco, TX	US
S1-385277943	Optimal Empire LLC	MD, Fl 0, 2117 West Street, Annapolis	US
S1-367503338	Hitech Investments Private Limited	2/4 Sector J, Jankipuram, Lucknow, Uttar Pradesh	India
S1-482297851	Aeon Accessories Private Limited	North West Delhi, Plot No J-22 G/F Sector-3, Delhi, Dsiidc Industrial Area	India
S1-341610520	Ramos Cornerstone Oriental Inc	45 Blueberry Hill Road, Woburn, MA	US
S1-203378313	Security-widefield Womens Health Care Associates	605 Empress Circle, Security-widefield, CO	US
S1-501053687	Rivera and Lee	99 Wood Street, West Lafayette, IN	US
S1-512491927	Marte & Jones Australia Corp	7505 Oldchester Road, Bethesda, MD	US
S1-75045735	Department of Veterans Affairs	90 Waterhouse Road, Bourne, MA	US
S1-943033931	Frame Clinic	A 503, Ramkrishna Chs Ltd, L T Road, Bhabhai Naka, Borivali West, Mumbai, Maharashtra	India
S1-964540603	Piedmont Interstate Martin	111 South Street, Village Of Wales, WI	US
S1-284714934	Esskay Traders Private Limited	Plot No - 459 (P) Nayapalli, Bhubaneswar, Khordha, Orissa	India
S1-393071074	Dyana Johnson Kpet	Arlington, 6021 Cooper Street, TX	US
S1-740449041	DZA Technology Private Limited	1/4, T/F, East Patel Nagar, Delhi, West Delhi, Delhi	India
S1-107490330	Pediatric Dentistry Group	205 Brentwood Circle, Dudley, NC	US
S1-305108568	Geier, Brewer & Stewart Thayer	AR, 111 Bois D Arc Ridge, Lockesburg	US
S1-738395788	Total Nmp, LLC	6418 Delvin Circle, Leland, NC	US
S1-857115678	Mallinath Carbides Ltd	Miicr 65, Phase 1, Chhend Colony, Near Bank Of India, Rourkela, Sundargarh, Orissa	India
S1-461056394	Anand Marketing Private Limited	W/O Matura Lal Dhakad Barbad Manoharth Barbad Dis Jhalawar, Jhalawar, Rajasthan	India
S1-927159531	Brunhilda Rossi Live	MA, Wilbraham, 2660 Boston Road	US
S1-116357657	Hari Tirupati Foods Limited	Plot No.88, Ground Floor, Pkt-3, Sec-3, Bawana Dsidc, New Delhi, Delhi	India
S1-6956394	Preferred Maywood LLC	18545 Hoo Shoo Too Road, St. George City, LA	US
S1-314328455	Guru International Private Limited	No.755, 8Th Main, Jp Nagar 3Rd Phase, Bengaluru, Bangalore, Karnataka	India
S1-587037058	Lahr Snow	517 Equality Street, Fairhope, AL	US
S1-670310548	Nash's Strategic Plumbing	17097 2089, Overton, TX	US
S1-228855536	Golden Allied Media Partners	Unit 2319, IL, 20 Hairpin Drive, Edwardsville	US
S1-764526188	One Ventures Limited	Maharashtra, Mumbai City, Damji Shamji Industrial Premise Co-Op. Society Unit -119, Mahakali Caves Road, Andheri, East, 28, Mumbai	India
S1-5374073	Lenz and Young	82 Inwood Road, Wallkill, NY	US
S1-373750443	Urgent Care Medicine	2801 Dewey Avenue, Norman, OK	US
S1-27531209	Rodkey & Nguyen	931 Ideal Way, Charlotte, NC	US
S1-250206718	Scott, Stone & Schrock Natural LLC	1073 Briarwood Drive, Livingston, CA	US
S1-126440778	Victory Constructions Private Limited	Near Airtel Tower Ab Road Bhojpuria, Pachore, Raigarh, Madhya Pradesh	India
S1-448489887	Nguyen Hospitality Inc	9018 Rancho Drive, Mohave Valley, AZ	US
S1-324568151	Maan Construction Private Limited	House No 07, Street No.1, 194 & 197 Ahallya Nagar, Mukundapur, Kolkata, Kolkata, Howrah, West Bengal	India
S1-637632381	Hedvig L. Didomenico, D.C.	Wilmington, NC, 640 Spring Branch Road	US
S1-711177196	Gayel's Royal Metal Works PLLC	557 Main Street, Groveport, OH	US
S1-78868424	Unique Systems Private Limited	Plot No. 611 Sector-8, Imt Manesar, Gurgaon, Haryana	India
S1-439074922	Strategic Engineering Alliance LLC	1132 High Street, Lincoln, NE	US
S1-631314125	Swastik Construction	Rohini, Kh No. 93/9/1, 2Nd Floor, Block-C, Vijay Vihar, Phase-2, Delhi, North West, House No. 76	India
S1-398774970	Grethel Bryant Finance LLC	462 Milan Hill Road, Milan, NY	US
S1-173218122	Leum Fortress, LLC	4805 Woodway Avenue, Rosenberg, TX	US
S1-804655850	Barnett Delta Pantages	2308 Nuthatch Drive, Rock Hill, SC	US
S1-473471482	Orthopedic Medicine, Inc	7523 Ralick Court, Spring, TX	US
S1-434852732	Hawkins Liberty Chase LLC	10011 Payson Road, Phoenix, AZ	US
S1-690090355	Back Alley Hypnosis	Eugene, OR, 1195 Welcome Way	US
S1-981671211	Dental Optimal Specialists Inc	56 Graham Lane, Mcminnville, TN	US
S1-753651037	Guru Projects	D 504 Naroda Pride Nr Padmavati Society, Naroda Nikol Road Naroda, Ahmadabad City, Ahmedabad, Gujarat	India
S1-972291885	Flowers & Jimenez LLC	4416 Johnson Road, Birchwood, TN	US
S1-47730563	Holloman and Mallon	2115 Chemeketa Street, Salem, OR	US
S1-705303802	Ma India Private Limited	Ahmedabad, Gujarat, Third Floor, Sandesh Bhavan, Lad Society Road B/H. Vastrapur Gam, P.O. Bodakdev, Ahmedabad	India
S1-14433627	Gonzalez Soulpower Co	112 Carroll Drive, Four Oaks, NC	US
S1-803074201	India Indwell India Private Limited	House No. 110 Second Floor, Golf Links New Delhi, Delhi, South Delhi, Delhi	India
S1-483993700	Northern Quality Corporation	12664 Cardinal Meadow Drive, Sugar Land, TX	US
S1-561742625	Snell Arcelormittal	TX, La Grange, 595 Rabbs Prairie Road	US
S1-394073410	Namakkal International	D.No.1/423, Vasuki Nagar, Thattankuttai, Komarapalayam, Namakkal, Tamil Nadu	India
S1-64760934	Vision Center	17437 Simmons Branch Terrace, Chesterfield County, VA	US
S1-655727717	Cook Pattana LLC	74 100th Place, Chicago, IL	US
S1-444196197	Southern Animal Hospital	1238 Virgil Beaty Road, Fentress County, TN	US
S1-825346251	Galaxy Healthcare Private Limited	Sraddha Lakshmi, 50/5Th Cross 10Th Main, Indiranagar, Bangalore, Karnataka	India
S1-997603260	Dental Care LLC	Washougal, 118 10th Street, WA	US
S1-744710348	United Consulting Private Limited	C 411 E, 1St Floor, Sushant Lok, Phase-1, Dlf Qe, Gurgaon, Haryana	India
S1-153136041	Golden Academy	Sr.No 188/2, Dhiraj Petrochemical Building, Nr Maxima Society, Green Drive Road, Wakad, ., Pune, Maharashtra	India
S1-387519977	Maa Media Limited	Karnataka, No. 4, Bangalore Rural, Ajjegowdanapalya, Sasveghatta Main Road, Bangalore North	India
S1-417572419	Jain Logistics Pvt Ltd	2337, Shirur, Opp S. T. Stand, Shirur, Maharashtra, Pune	India
S1-770746043	Patan Association Pvt Ltd	32 Shailja Skati Banglows, Nr. Khodabha Hall, Patan, Gujarat	India
S1-644502395	Sia Inc	6245 Aberdeen Avenue, Goleta, CA	US
S1-371395394	Eagle Polytechnic Company	Dr No 2033, 1St Floor, 26Th Cross, Kr Road, Bangalore South, Bangalore, Karnataka	India
S1-824109609	Divine Farmers Private Limited	22Maulana Abul Kalam Azad Rd, Howrah, West Bengal	India
S1-105011790	Lakshmi Infra Private Limited	Ground Floor, Block No. 694, Plot No.13 To 18, Jayraj Textile Park, Mahuej Road, Mangrol, Surat, Gujarat	India
S1-87161797	Walker Renaissancere	TN, 801 Fesslers Lane, Nashville	US
S1-404890661	Watts & Hall	1810 18th Avenue, Forest Grove, OR	US
S1-768943161	Upper Rare Associates	58 College Ct, Louisville, KY	US
S1-478260814	Innovative Finance Pvt Ltd	C 58 Basementab Kalkaji, New Delhi, South Delhi, Delhi	India
S1-213669154	Jvm Institute of Technology Ltd	1-3-33/B2, Radhakrishna C, Ayyappa Swamy Temple Road, Gadwal, Mahabub Nagar, Telangana	India
S1-543318668	Onion Hospital	New No.322, Old No.808/32, Calve Chateau E.V.R Periyar Salai, Kilpauk, Chennai, Tamil Nadu	India
S1-505935179	Board of Buildings LLC	9775 122, Mc Dowell, KY	US
S1-327973576	Palanhar Travels Private Limited	637-R, Model Town, Ludhiana, Punjab	India
S1-664369179	Grand Printing Concepts LLC	6 Millstone Road, Randallstown, MD	US
S1-840586718	Almire Agosto Old LLC	76 Royal Walnut Road, Warren County, VA	US
S1-358470537	Superior Superior Alto	1041 483, Opp, AL	US
S1-18076290	Chorasi Mutual Private Limited	148 H No. Kawas, Chorasi, Surat, Gujarat	India
S1-873113804	Pinnacle Precision Cms Corp	6098 Brienne Court, Hilliard, OH	US
S1-369318414	Frontier Silver Duke	22 Rolla Mill Road, Augusta County, VA	US
S1-74885134	Doshi Advisory Private Limited	F/118-117 C Wing Laxmi Nagarhsg Soc N M Joshi Marg Byculla West, Mumbai, Maharashtra	India
S1-25300635	Nv Recyclers Private Limited	# 54/1, Bangalore, Karnataka, Bengaluru, 2Nd Floor, C.R.M Complex, Kogilu Main Road, Maruthi Nagara, Yelahanka	India
S1-202021320	DP Glazes Private Limited	57-58, Vadodara, Gujarat, Suramya Duplex, Near Lalguru Farm, Bhayli	India
S1-31034323	Balaji Enclave Pvt Ltd	Gurgaon, I-Tech Park Tower-B-2 Sec, Unit No.453 4Th Flr Spaze, Haryana, Gurgaon	India
S1-725302508	Premier Media Private Limited	2Nd Floor, Ghatroad, Junction, D. Suravaram, Chodavaram, Visakhapatnam, Vishakhapatnam, Andhra Pradesh	India
S1-259300137	Teague Ready	4325 Chokecherry Lane, Town Of Amherst, WI	US
S1-511026802	Banjara Hills Machinery	Door No. 8-2-622, Falcon Crest Apartments Flat No. 2D, Road No.10, Banjara Hills, Hyderabad, Telangana	India
S1-793274075	Orthopedic Medicine of Virginia Beach City	2404 Rising Sun Court, Virginia Beach City, VA	US
S1-401228801	I/A Tactical LLC	209 Pershing Street, Hooker, OK	US
S1-313430849	Billye Diaz Freight	816 Dover Castle Lane, Pflugerville, TX	US
S1-88725839	Egmore Nungambakkam Solutions Private Limited	17Th Main Road, Egmore Nungambakkam, Tamil Nadu, Chennai, No.23	India
S1-550240886	Blossom Infrastructure (India) Private Limited	Orchid Plaza, Bh Macdonalds, Village- Vemali, Taluka-Vadodara, Vadodara, Gujarat, 424	India
S1-6414300	Evergrow Shanti Pvt Ltd	No 2212, Ground Floor, 80 Feet Road Hal 3Rd Stage, Indiranagar, Bangalore, Karnataka	India
S1-660253362	Bright Heartland Metal Works Care	1420 Adams Street, Unit 152, Nashville, TN	US
S1-856484750	Gee & Coker L.L.C.	4274 Main Street, NY, Moriah	US
S1-973426878	Technology Comfort Facility Group	Shop No.125, First Floor Krishna Plaza, 73/17, Collector Ganj, Kanpur, Uttar Pradesh	India
S1-723599242	Tiruppur Ventures Center	Coimbatore, Tiruppur, D No 42 Jayalalitha Nagar, Tamil Nadu, Ranganathapuram	India
S1-253565247	Maa Entertainment Pvt Ltd	K-27 Ist Floorkalkaji, South Delhi, Delhi, New Delhi	India
S1-589064493	Lumari Hill Inc	302 Main Street, Moorland, IA	US
S1-961075782	Borgmann Continental Telefonica PC	1323 Mellon Court, Cary, NC	US
S1-748234427	Shilp Automobile Private Limited	#Sf-2, Lotus Kaveri App Papamma L/O, R.M Nagar, Bangalore, Karnataka	India
S1-283635573	Hebron India Private Limited	House No.5-9-662/35, Kalyan Sulocha Gardens, Tirumalagiri, Hyderabad, Telangana	India
S1-952482355	Autism Assistance Supreme Ministries	176 Chaucer Court, Columbus, OH	US
S1-592761187	Mountain Veterinary Clinic	1106 Pleasant View Church Road, Danbury, NC	US
S1-298438366	Apex Trading Private Limited	C/O Suresh Prajapat, Near Hp Petrol Pump, Gangapur, Sawai Madhopur, Rajasthan	India
S1-905957470	Shiva Business Private Limited	24/13 Shakti Nagar, Delhi, New Delhi, Delhi	India
S1-280609787	Metro Interests LLC	6 Persevere Drive, Stafford County, VA	US
S1-658620649	Ramdullari Brothers Private Limited	P. No. 21 & 22, Partana Gopal Nagar, Yashoda Nagar, Kanpur Nagar, Uttar Pradesh	India
S1-625735391	Everest Ventures Private Limited	Sukhadfirstfloor, Plotno.16, Kulashreecolonyno.2, Karvenagar, Pune, Maharashtra	India
S1-843282579	Brinn's Roofing	4660 Griswold Street, Gilbert, AZ	US
S1-488735192	India Dynatech Institute Care	304 Block-H Merlin Sparsh, Opp. Koyli Talav, B/H, Daskroi, Ahmedabad, Gujarat	India
S1-204691956	VSR Edutech Private Limited	4-B, Thirumalai Street, Gopipalayam, Madurai-625 002, Tamil Nadu	India
S1-506892040	Prairie Express Starling Corporation	3412 Main Street, Prichard, AL	US
S1-377404174	Quick & Sons Private Limited	C/O Maniya Devi, Vill-Jhirwa Pachhiari, Araria, Bihar	India
S1-860216772	Sarada Center Private Limited	S No. 692, A/2 A1/2 P. No. 23B-5, Kalyani Society, Bibwewadi, Pune, Maharashtra	India
S1-843765227	RUE Life Pvt. Ltd.	Karnataka, Shivally Industrial Areamanipal Udupi, Karnataka, 26A	India
S1-302103847	Ic Communications Pvt. Ltd.	Nr Palace Talkiesbunder Road, Bhavnagar, Gujarat	India
S1-296948002	Indriya Extrusion Pvt Ltd	Kh No. 122/6/1 2Nd Floor Main Road, Village Burari, Delhi, North Delhi, Delhi	India
S1-83314419	Rodgers Flag	2202 Wandsworth Drive, Unit 7, Greenville, NC	US
S1-50405097	Dynamic Tech Private Limited	Delhi, East Delhi, M-141 G/F, Jagat Ram Park, Nr Charch, Ganeshi Lal, East Delhi	India
S1-574758585	Rodgers & Cardenas Digital, LLC	890 Florence Road, Merritt, NC	US
S1-439671313	AH Grand Hub Ltd	200 Seth Green Drive, Unit Suite 226, Rochester, NY	US
S1-687558889	Silver Galaxy Exports	Plot No. 131 Chitanvis Nagar, Nagpur, Maharashtra	India
S1-28825552	Brightium Providence, LLC	1137 Hamlin Avenue, Chicago, IL	US
S1-44427760	Vision Innovative Developers Private Limited	C-71, Dda Flat, New Ranjeeet Nagar, New Delhi, Central Delhi, Delhi	India
S1-119262573	Brannen Medical Center	3000 Bristol Creek Drive, Unit 106, Morrisville, NC	US
S1-320732032	Prairie Charities	1901 8th Street, Sacramento, CA	US
S1-539840689	South Impex Pvt Ltd	Magnifica#25, 1Stmainroad, 5Thcrossbyraveshwaralayout, Hennurbhande, Bangalore, Karnataka	India
S1-44263853	Nikunj & Partners	C/O Saurav Malhotra, E J 181, Chohar Bagh, Jalandhar - I, Jalandhar, Punjab	India
S1-677061945	Lerner, Preciado and Teixeira Inc.	338 Oak Street, Pottstown Borough, PA	US
S1-132356749	Johnson and Stancil Inc	32 Stacy Street, Milton, VT	US
S1-670697457	Apex Shiva Consultants Private Limited	G.F Shukun Greens 19 Ramannagar Society, Opp Swaminarayan Vadi, Maninagar, Ahmedabad, Gujarat	India
S1-686104161	Rodgers, Thompson & Charlton Tactical	VA, Fairfax County, 12509 Misty Water Drive	US
S1-913539624	Innovative Truist LLC	333 Marion Avenue, Springfield, MO	US
S1-448949651	Lopes Family Practice	648 Ord Mountain Road, Globe, AZ	US
S1-997137667	Human Rights Charities	17234 130th Avenue, Renton, WA	US
S1-625960241	Innovative Trading Private Limited	Plotno.4645/10, Saktivihar, Gadakana, Bhubaneswar, Khordha, Orissa	India
S1-52394172	Bihariji Industries Group	Village And Post Pratapura, Via Bandikui Tehsil-Baswa, Dausa, Rajasthan	India
S1-81823137	Green Hall Inc	126 Grand Avenue, Fort Thomas, KY	US
S1-817781364	Aadi Enterprises Ltd	No 9 Sanjay Mittal Industrialestate Andheri Kurla Road Andheri (East), Mumbai, Maharashtra	India
S1-310570321	Solova Fact LLC	4629 Sherwood Avenue, Downers Grove, IL	US
S1-937127907	Grand Apparel Group	465 Wood Avenue, City Of Nekoosa, WI	US
S1-595403363	Beall, Lowell and Campos Gores	267 800, Springville, UT	US
S1-519976261	Sun Tech Pvt Ltd	305-A, Pocket-2 Mayur Vihar Phase-I, New Delhi, East Delhi, Delhi	India
S1-972728599	658 Commerce Boulevard Apartments Inc	215 18th Street, West Memphis, AR	US
S1-808253403	Halcyon Bulkers LLC	9025 Elm Street, Unit 2, Phoenix, AZ	US
S1-981095974	Strategic Sun LLC	231 Middle Street, Unit 213, New Bedford, MA	US
S1-546242141	Vevay Herrera Metro Land Inc	NY, 1687 Fillner Avenue, North Tonawanda	US
S1-724256332	Cornerstone Properties LLC	3481 Milwaukee Street, City Of Madison, WI	US
S1-579725984	Shwas Automation Private Limited	Mig 2, Group 3, Khb Colony Hootagally, #65, Mysore, Karnataka, Mysore	India
S1-302485786	Borck, Herron & Waller Ellington Inc	4507 Alabama Avenue, Lynchburg City, VA	US
S1-916305285	Aldwin Realcon Limited	H No: 1-1-138, Sai Pragathi Nagar, Ghatkesar, K.V.Rangareddy, Telangana	India
S1-392005627	Anna-Maria Mcqueen Horizon Zhejiang Inc	8 Wyndemere Drive, Southborough, MA	US
S1-818133811	Vega	19327 Eastwood Drive, Washington County, VA	US
S1-109593962	Great Impex Private Limited	6-2-101/5/C, Telangana, Hyderabad, Secunderabad, Lane Beside Centralview Apt New Bhoiguda	India
S1-524932969	Somani Organic Private Limited	Door No.14/546 (Old) (New No.14/70), Firoz Manzil, Kozhikode By-Pass Road, Mazhuvanchery, K, Echery P.O, Kunnamkulam, Thrissur, Kerala	India
S1-730079802	Medicine LLC	3525 P Loop, Washougal, WA	US
S1-102621309	Southern Hawaii, Inc	21172 State Route 251, St Martin, OH	US
S1-724255456	Maharishi Traders Private Limited	Pittruchay Buliding No : 3, Paithankar Raod, Behind Amardeep Talkies, No 611, Nagpur, Maharashtra, Nagpur	India
S1-151026524	Bhiwadi It Private Limited	Office No. 209, 2Nd Floor Krish City Centre, Tapukara, Bhiwadi, Alwar, Rajasthan	India
S1-19438603	Unique North Properties Private Limited	W/O Jayachandra #46/3A Hosur Main Road Near Ladies Hostel Singasandra Village Bangal, Ore, Bangalore, Karnataka	India
S1-669660916	Quinones Heritage Sunstone	908 9th Avenue, Hopkins, MN	US
S1-455347168	Eye Integrated Health	4107 Hwy 35, Fulton, TX	US
S1-32061798	Solstice Jaws LLC	1014 1300, Provo, UT	US
S1-92173166	Cassie's Green Therapy LLC	20 Ormond Street, Fl Floor 1, Albany, NY	US
S1-123879419	Scott Meshflow Inc	5151 Hoffman Road, Wooster, OH	US
S1-243849821	Bombay Products Pvt Ltd	Flat N. 405, Plot N.-48, Dream Homes I, Govind Garden, Raisen Road, Bhopal, Madhya Pradesh	India
S1-839116751	Western Grifols LLC	9338 Autumn Applause Drive, Charlotte, NC	US
S1-266336918	Amsri Shops Ltd	No. 224, 2Nd Cross, New Binny Layout, Near 2Nd Railway Gate, Bangalore, Karnataka	India
S1-338717231	Vaishnavi Securities Private Limited	38/2, 2Nd Cross, Sri Sathya Sai Baba Lyt, Bangalore North, Bangalore, Karnataka	India
S1-214635080	Ramchandra Rural Private Limited	Flat No 302, Imperial Plaza, D.No 6-3-883/A/1, Panjagutta, Hyderabad, Telangana	India
S1-816057608	Behavioral Health Associates Inc	1565 Crossing Duck Lane, Washington, NC	US
S1-570181116	Castillo, Lyon & Corsi	Bldg B, 17832 65th Street, Redmond, WA	US
S1-7754913	Atlantic College Corp	MA, 27 Hallron Street, Boston	US
S1-443324922	Green International	Flat No. C-107, Ircon Apartment, Plot 14 Sector 18A, Dwarka Nsit, Delhi, West Delhi, Delhi	India
S1-172887346	50/39 Biosciences	947 Dutchess Turnpike, Poughkeepsie, NY	US
S1-242858881	Aditya Vision Hospitality Private Limited	Hno Rz26, Gali No 3, Kailash Puri, New Delhi, South West Delhi, Delhi	India
S1-713638558	Junia Bauer Patriot Empire	626 Louther Street, Carlisle Borough, PA	US
S1-472835214	Villarreal, Maldonado and Grady LLC	15587 Cole Point Lane, Fontana, CA	US
S1-582041644	Delhi Infra Clinic	315, G Floor, Block - Bg, Sanjay Gandhi Tp Nagar, North West Delhi, Delhi	India
S1-638961834	Trading Machine Rich Private Limited	#No-1, Lakshmi Nilaya, Devasandra, Krishnaraja Puram, Banglore, Bangalore, Karnataka	India
S1-348169318	Hawks, Whitney and Bowling Ramaco Inc.	70 Nine Foot Road, Newark, DE	US
S1-35560397	Tenior United Industrial LLC	1147 Apache Circle, Pleasant Valley, WV	US
S1-774588648	Perfect Technology Pvt Ltd	Plot No. 352/A, Aditya Nagar, Near Hmt Hills, Kukatpally, Hyderabad, Telangana	India
S1-996935773	Edmonds & Cullen Live Inc	4540 Keithson Drive, Arden Hills, MN	US
S1-877799141	Poss United Sab LLC	2504 11th Avenue, Canyon, TX	US
S1-137767490	Dhanesh Resorts Pvt Ltd	11-B, Bharti Nagar Extensi, Bharuch, Gujarat	India
S1-186792563	Sungrace Wellness Pvt Ltd	110 B, 1St Floor Humayunpur Near Ncc Head Quarter Safadarjung Enclav, E, New Delhi, South Delhi, Delhi	India
S1-91844641	Pipefitters Local 520	3001 NW Loop 323, Tyler, TX	US
S1-109678923	Greene Group LLC	327 Twin Church Road, Bean Station, TN	US
S1-674387874	Dotti Burton Atlantic Athena	7825 41st Street, Phoenix, AZ	US
S1-638621472	Bonogram Tech Pvt. Ltd.	Hariwatika Pokhra Ward 39, Ujain Tola Thana Muffasil, Bettiah, West Champaran, Bihar	India
S1-187538828	F 9 Horizon Blue	54690 Mcclainsville Road, Bellaire, OH	US
S1-814311971	Swift Hotel Limited	Plot No. 25, Block No. 1, Gopal Park, Bhaktinagar, Rajkot, Gujarat	India
S1-713272645	Phedra Buchanan, DO	877 Haileys Ferry Road, Lilesville, NC	US
S1-932910678	Luke's Grand Tax	445 Will Johnson Road, Thomasville, NC	US
S1-837650446	Fabian Cea	903 Twin Cedar Drive, Clarksville, AR	US
S1-41329400	Mathilda Scott Better Spa	214 Blair Lane, Arlington, TX	US
S1-330039904	Raviansh Builder	C/O Shri Yogesh Bhimrao Wankhede A/P Sindhi M Tal Dist Wardha Sindhi, Maharashtra, Wardha, Maharashtra	India
S1-547443147	Collins, Forney & Simmons	CT, 657 Central Avenue, Bridgeport	US
S1-798863140	Gregory Genetics LLC	231 Woodgate Court, Johnstown, OH	US
S1-858363138	Faydra's Boutique	455 Jenkins Hollow Road, Elizabethton, TN	US
S1-350845469	Golden Healthy	14983 Fm 1485, Conroe, TX	US
S1-943679421	Painters Union Local No 384	216 W Woodland Ave, Underwood, MN	US
S1-198678778	KUR Phoenix, L.L.C.	2229 Metropolitan Street, Sioux City, IA	US
S1-399928359	Shaheed & Brothers Private Limited	Office No.307, 10, Biz Park, Sr-No 227/A/1 To 17, Plopune, Pune, Pune City, Pune, Maharashtra	India
S1-752457413	Drayex Keycorp Inc	8535 Memorial Drive, Unit UNIT, Owasso, OK	US
S1-306776988	Harris, Rivas and Mitchell Rock LLC	5400 Heather Lane, Nashville, TN	US
S1-900316064	Snehdeep Industries Group	S-133, Greater Kailash Part-Ii, New Delhi, Delhi	India
S1-279422519	Pham Metro Cslm	24 Sullivan Farm, New Milford, CT	US
S1-340868165	Dream Investments Private Limited	23, Surammal Street, Madras, Madras, Chennai, Tamil Nadu	India
S1-440648846	Elko and Cross Inc	6120 Matilda Drive, Glencoe, OK	US
S1-296204791	Dynamic Cleaning Service LLC	33 Private Drive 1025, Alcalde, NM	US
S1-244288083	Anderson Fortunex	405 30th Street, Ankeny, IA	US
S1-594308816	Zabriex Holding Company	202 Walnut Street, Caryville, TN	US
S1-114498691	Zaragoza Gulf Signs Inc	3703 50th Street, Des Moines, IA	US
S1-365101576	Complete Berto LLC	Matthews, 3008 Polo View Lane, NC	US
S1-797002870	Technologies Hope Holidays Pvt. Ltd.	262/263 M.G. Road Lashkar Police Station, Pune, Maharashtra, Pune	India
S1-358037659	D 7 Custom Research	526 53rd Street, Fl 0, Park City, KS	US
S1-552219034	Intellex Trading Private Limited	Aranya Bikash, Sector-Iii, Kb-19 Salt Lake, Kolkata, Kolkata, Howrah, West Bengal	India
S1-194224105	Allied Legacy Duration LP	7435 Shillinglaw Circle, Fayetteville, NC	US
S1-89941196	Pendulum Tradex Private Limited	H. No. 15-31-1/Hig-V-1, Kphb Colony, Kukatpally, Hyderabad, Telangana	India
S1-562837448	Commission on Education	6251 Craughwell Lane, Dublin, OH	US
S1-762592735	New Builders Private Limited	Andhra Pradesh, Door No.3 180 Sai Convent, Araku, Vishakhapatnam, Kantabamsuguda	India
S1-685117812	Silver Robotics Technologies Clinic	26 Spring Street, Bangor, ME	US
S1-832809984	Murray Heartland Snow LLC	2317 Vondron Road, Town Of Blooming Grove, WI	US
S1-16819367	Meix LLC	217 Larkwood Drive, Richmond, KY	US
S1-500351518	Kestrel Group	5642 Troy Street, Chicago, IL	US
S1-879660244	Gallegos, Cammy N., DPM, DDS PC	13505 Terragon Drive, Albuquerque, NM	US
S1-310785151	Sai Infra Private Limited	56 Seventh Avenueashok Nagar, Madras 83 Tamil Nadu, Tamil Nadu	India
S1-918589311	670 Union Street Realty	1669 475, Stephenville, TX	US
S1-246407136	Clyos Diversified LLC	7667 Danville Highway, Lebanon, KY	US
S1-315461446	Shyam Software Private Limited	C/O: Apurba Nanda Das Chakladar 30, Howrah, West Bengal, Howrah, Subinoy Ghosh Sarani, G.I.P. Colony	India
S1-754988004	Primary Care Group	NY, 277 Whitehall Road, Hempstead	US
S1-309436280	Clark York	116 Leetes Island Road, Guilford, CT	US
S1-212629838	Indo Infra Private Limited	351, Fast Flor, Opp Socity Main Road, Amaravati, Amaravati, Bagalkot, Karnataka	India
S1-159294235	Rapid Security Holdings of Rowlett	10718 Lansdowne Lane, Rowlett, TX	US
S1-206873092	Solstice Dominion, LLC	2301 Motes Road, Unit Apartment 213, Sylacauga, AL	US
S1-152496348	Heartland Alliance	2023 Verona Court, Albemarle County, VA	US
S1-132482993	Cedillo, Hunt & Walker For LLC	4599 28th Avenue, Hackensack, MN	US
S1-578590810	Urgent Care Precision Group	13775 193rd Street, Town Of Eagle Point, WI	US
S1-325894123	Metropolitan Fellowship LLC	22 Old Field Lane, Lake Success, NY	US
S1-361145923	Laxmi Infotech Private Limited	Office No.404-405, 1 New Palasia, Silver Arched, Indore, Madhya Pradesh	India
S1-224016706	Bespoke Services Private Limited	Siddhi Tower, 4Th Floor, Sr No 5A/1, Kondhwa, Maharashtra, Office No 1, Pune City, Pune	India
S1-260727837	Tech Shyam Leather Pvt. Ltd.	#607/10, Ii Block, 4Th Cross Banashankari Ist Stage, Bangalore, Karnataka	India
S1-900274312	Optimal Rocky Grupo Inc	33 Cove Place, Monterey, TN	US
S1-405656924	Titagarh Hotels	Vikas Bhuwalka, 58, Sheel Nagar Extension, Mahmoorganj, Varanasi, Uttar Pradesh	India
S1-943489412	Wise Traders Private Limited	C/O Sh. Sohan Pal Singh Vill-Sunehera, Bulandshahr, Uttar Pradesh	India
S1-262945333	#Senaum Labs	785 Co Rd 105, Kitts Hill, OH	US
S1-878244571	Colonial Guild, PC	159 Cedar Cove, South Bloomfield, OH	US
S1-656514099	Hoffman Endocrinology	Mooresville, IN, 625 Tulip Poplar Court	US
S1-26029243	Nexex LLC	2323 Westhaven Drive, Massillon, OH	US
S1-946559515	Saiseva Brothers Private Limited	31-32, Begampur Parkshivalik Malviya Nagar, New Delhi, South Delhi, Delhi	India
S1-421456185	Amisha & Sons Corp	2-40Near N., Tallarevu, Rajamahendrava, Karapa, East Godavari, Andhra Pradesh	India
S1-155904527	Junoon (India) Services Private Limited	27/1, C-3, Town Center N-1, Cidco, Aurangabad, Maharashtra	India
S1-100184895	Bindal Life Private Limited	20, East Delhi, Delhi, B-6Basement, Veer, Savarkar Block, Shakarpur, East Delhi	India
S1-159181040	Eye Metropolitan Associates	6240 Center Drive, Helena, MT	US
S1-358621767	JU Asson Private Limited	Vill Badhanu, Uttar Pradesh, Aligarh	India
S1-828672889	Mkm Advisory Private Limited	Mahalaxmi Complex 2Nd Floor 12 Vardhman Nagar, Palace Road, Rajkot, Gujarat	India
S1-61016123	Family Specialists PLLC	105 Alta Vista Lane, Los Gatos, CA	US
S1-39105767	Catina Forman Highland Horse Inc	2227 Chicago Avenue, Savanna, IL	US
S1-967840468	Rodriguez, Spitz and Hanan, LLC	545 Trimmer Road, Parma, NY	US
S1-777095166	Cinnamon Diaz Apple	2015 Wright Street, Austin, TX	US
S1-639593524	Montessori School Group	236 400, Unit 2, Blanding, UT	US
S1-242040203	Bridget C. Yuan, L.C.S.W., P.C.	905 Fairfield Avenue, Elmhurst, IL	US
S1-420472686	Panchshree Investments Ltd	70-71, Badwani Plaza New Palasia, Indore, Madhya Pradesh	India
S1-5006890	South Endocrinology	6150 Erickson Street, Unit 13, Terre Haute, IN	US
S1-684532398	Bright Services Private Limited	S-910, South Block, Manipal Centre, Dickenson Road, Bangalore, Karnataka	India
S1-902544764	Coastal Mountain Made	118 Lupton Road, Roswell, NM	US
S1-212169979	Dixon Legacy Fusion Group	15 Winthrop Road, Shelter Island, NY	US
S1-758262063	Urology Physicians of Portland LLC	4717 Division Street, Portland, OR	US
S1-416288303	Interfaith Program	1846 King Avenue, Des Moines, IA	US
S1-184167907	Future Healthcare Pvt Ltd	C/O Jagdish Chaurasiya Vill-Shiurajpur Panch-Matya Khas Kuchaikote, Gopalganj, Bihar	India
S1-791276337	Taylor Lodging Inc	194 Peaceful Lane, Gilboa, NY	US
S1-547835337	Bradley Direct Stonebridge	MA, 459 Brush Hill Avenue, West Springfield	US
S1-535388640	Management Kashmira Consulting Private Limited	Chand Behta Near-Atual Petrol Pump, Hardoi, Uttar Pradesh	India
S1-714059800	Dulcinea Erickson Pinnacle Advisory PC	2136 Clover Ridge Drive, Chaska, MN	US
S1-733322792	Cooperative Diagnostic Union LLC	294 Donaldson Grove Road, TN, Elora	US
S1-563962591	Ventures Gem Flexipack Pvt Ltd	Shop No 1 Bhim Singh Complex Main Tajpur Road Badarpur Border, New Delhi, South Delhi, Delhi	India
S1-820371961	Legacy Electronics Industries	809 23rd Street, Copperas Cove, TX	US
S1-356161867	Minal Edutech Private Limited	At H No 34/B Bhusani, Tal Kalwan Dist Nasik, Jalgaon, Maharashtra	India
S1-761741152	Mccormick Fund	671 Sunset Drive, Santaquin City (utah Co), UT	US
S1-855389601	Varela Post	4302 Honey Bell Street, Powell, TN	US
S1-53799997	Sita Movers Pvt. Ltd.	C Of Fifth Floor At Jvl Plaza No 501, Anna Salai, Teynampet, Chennai, Tamil Nadu	India
S1-139192427	Kohli Sangh	No 204/7 Yamare Sarjapur, Road Opp Prestige City, Anekal, Bangalore, Karnataka	India
S1-535787480	Services Diadem Producer Ltd	Ward No - 48, Holding No - 748, Mushahari, Muzaffarpur, Bihar	India
S1-64110137	Chandler Crypto	3509 Sr 113, Monroeville, OH	US
S1-251964703	Uvs Eagles Private Limited	Krushnai Plaza, Haji Malang Road, Pisavali, Nr Essar Petrol Pump, Kalyan East, Kalyan, Thane, Maharashtra, Shop No. 101	India
S1-11038305	Seven Future Power Private Limited	Plot No - A -7, Satyamev, Industrial Heartland, Mahesana, Gujarat	India
S1-748169501	Little Tattoo Inc	Unit 10, 2945 Maynardville Highway, TN, Maynardville	US
S1-640829798	Perfect Constructions	Flat 1 Rockdale Bldg Next To Corporation Bank, Sebestian Road, Bandra (W), Maharashtra, Mumbai, Mumbai City	India
S1-642895892	Strategic Construction Labs	6009 Gates Road, Centerville, IN	US
S1-360728475	Earth Consultancy Private Limited	First Floor Tapadiya Terracesadalat Road, Aurangabad, Maharashtra	India
S1-868606175	Du Cbre Inc	129 Trumbull Parkway, Batavia, NY	US
S1-870944211	Vision Associates of Fort Wayne LLC	3007 Pennsylvania Street, Fort Wayne, IN	US
S1-995732992	Dre Wright Emerging Inc	Hempstead, NY, 40 Maplewood Street	US
S1-362400629	Coastal Siddhi Inc	3815 Park Avenue, Unit A, Nashville, TN	US
S1-654686958	Innovative Investments Limited	2, Park End, 2Nd Floor Vikas Marg, Delhi	India
S1-298911800	Mella Herrera, CPA of Los Alamos	341 Cheryl Court, Los Alamos, NM	US
S1-366101809	Mayur & Co	East Champaran, Bihar, Atpo-Ezra, P.S-Sangrampur Dist-East Champaran	India
S1-655725251	Tech Solutions Private Limited	752, 2Nd Floor, Shivleela Chambers, R. B.Kumthekar Marg, Pune, Maharashtra	India
S1-706636624	Prithvi Enterprises Limited	D2-024, Snn Raj Etternia, Silvercountyroadparappana, Bangalore South, Bangalore, Karnataka	India
S1-59305245	Velasco and Nichols Copper L.L.C.	City Of Racine, WI, 628 North Street	US
S1-513839574	Family Platinum Specialists	407 11th Avenue, Unit Unit 4, Fargo, ND	US
S1-280188529	Eastern It	Pno.1 Iqbal Nr, Azad Chowk, T.V Center Jaswantpura Ad, Aurangabad, Maharashtra	India
S1-736820900	Alpha Electric Limited	1-14 Tallada Mandal, Khammam, Telangana	India
S1-308193460	Advantage Drugs Ltd	26/5 Second Floor, East Patel Nagar, New Delhi, Central Delhi, Delhi	India
S1-75809435	Cardinal PC	17333 Culps Bluff Avenue, St. George City, LA	US
S1-118186228	South Consultants	1446 Road Mohollo, S And D Complex Nandarkha, Gandevi, Navsari, Gujarat	India
S1-909601979	Urban Services Private Limited	A-28, West Jyoti Nagar, Loni Road, Delhi	India
S1-156899942	A Cure 8 All	KY, Flemingsburg, 403 Crestview	US
S1-556007512	Village Solutions	Flat No-201, Plot No-25, Sector- 28 Washi, Navi Mumbai, Thane, Maharashtra	India
S1-403517648	Hall & Dennis Inc	23-49 31 Road, Astoria, NY	US
S1-452989824	Nireo PLLC	41 A Maryland Street, Huntington, NY	US
S1-437250458	Owens & Huffman Medical LLC	21 Fleetwood Drive, Danbury, CT	US
S1-229733370	Om International	0, Neyyali Vari Veedhi, Revenue Ward No 11, Anakapalle, Visakhapatnam, Vishakhapatnam, Andhra Pradesh	India
S1-754504377	Jenkins Metropolitan Solution, Inc	TX, Allen, 1701 Ponderosa Drive	US
S1-714672450	Metro Union	141 Law Street, City Of Neenah, WI	US
S1-605483203	Hitech India Private Limited	Baldota Enclave Abheraj Baldota Road, Hospet, Bellary, Karnataka	India
S1-468461233	West Canada	2518 224th Place, Sammamish, WA	US
S1-561666180	Om Projects Limited	27 Majeeth Street Kangayam, Erode District, Madurai, Tamil Nadu	India
S1-631900768	Main Street Pilates	3610 Smooth Brome Lane, Spring, TX	US
S1-583603602	Melgar and Agreda Inc	TX, Katy, 3400 Rachel Lane	US
S1-195228372	Perfect Travels	19/19A, 5Th Floor, Plot No. 128, Chatriwala Building, Sarang Street, Crawford Market, Madvi, Mumbai, Maharashtra	India
S1-488702780	Urban Management Pvt Ltd	No 54, Tamil Nadu, Coimbatore, Mettupalayam Road G N Mills Post, Coimbatore	India
S1-503757155	Rutherford, Williams & Curran Corp	5664 Steeper Drive, Bartlesville, OK	US
S1-409675922	Tokarski & Chavez PLLC	722 Mallard Way, Seneca, SC	US
S1-101153630	Shiv Consultancy Private Limited	C/O Arun Kumar 6107, Ananda, Mohali, Punjab	India
S1-755935894	Kindel Choice Property Group	235 Oakhurst Drive, Unit #26, Aurora, IL	US
S1-687455011	Pilkinton Zhejiang of Fairfield LLC	1699 Metcalf Pond Road, Fairfield, VT	US
S1-232287879	Banks Trusted Metal LLC	1580 Reynoldsburg-new Albany Road, Blacklick, OH	US
S1-87076297	OF Marketing Private Limited	1764, Vi Avenueanna Nagar West Chennai-40, Chennai-40, Tamil Nadu	India
S1-927269336	Kestium Rithm Tyngsborough	41 Davis Road, Tyngsborough, MA	US
S1-313047345	Liberty Fund	TX, Stephenville, 782 Green Street	US
S1-572464827	Cardiology Care Associates	55 Stone Wall Farm, Youngsville, NC	US
S1-436012166	White Liberty Otg LLC	345 Forest Creek Drive, Seneca, SC	US
S1-257613620	Ace Clear Ford	228 Main Street, Princeton, IN	US
S1-77374624	Lucky Ice Cream	2539 Redding Drive, Whitestown, IN	US
S1-426267364	Prime Projects Private Limited	S/O M Vasanthan, No.10 West Karikalan Street, Adambakkam, Chennai, Tamil Nadu	India
S1-133325421	Navjeevan Nidhi (India) Private Limited	3/108, Viram Khand Gomti Nagar, Lucknow, Uttar Pradesh	India
S1-577184903	Jones Group	3841 Southpass Avenue, Baton Rouge City, LA	US
S1-584792649	Creative Energy	Shri Parshuram N Rathod C/O At Jiwati Th Gadchandur, Korpana, Chandrapur, Maharashtra	India
S1-810276312	Surya Media Pvt Ltd	88/1, Near Ambika Fabrication, Akola Ahmadnagar, Akole, Ahmednagar, Maharashtra	India
S1-352955281	Khusrupur Energy Company	Bihar, Ho- Brajkishor Singh, Khusrupur, So-Ramnandan Singh Vill-Baikatpur, Tola-Gobindpur, Block-, Patna	India
S1-45352781	Noida Distribution Limited	Plot No. A-17, First Floor, Sector-16, Noida, Noida, Gautam Buddha Nagar, Uttar Pradesh	India
S1-844695857	JH Flaherty P.C.	1509 Thacker Street, Des Plaines, IL	US
S1-629942645	Supreme Technologies	H.No 2722 Deviwada Faizpurtal.Jawal, Jalgaon, Maharashtra	India
S1-171510809	Bothe Athene LLC	23 Dow Drive, Wetumpka, AL	US
S1-623087726	The Dent Yoga	30091 426th Place, Aitkin, MN	US
S1-397686495	AA Ice Private Limited	Punjab, Jalandhar, 15-16 Center Market Opp. Narinder Cinema	India
S1-115640527	Chiropractic Ace Group	8166 2767, Tyler, TX	US
S1-97101341	Lopez Coastal Retail Inc	5381 Sands Road, Unit 205, Lothian, MD	US
S1-51432491	Cascade Earth	1430 Bloomfield Road, Chesterfield County, VA	US
S1-688693379	Fibrius Empire Mellon LLC	10109 Fergus Avenue, Carmel, IN	US
S1-33720751	Universal Global Pvt Ltd	161 Vijay Vihar, S.P. Sin, Sadar Bazar, Gurgaon, Haryana	India
S1-415723660	Solyn National Inc	44433 Cruden Bay Drive, Loudoun County, VA	US
S1-101180468	Herrera, Sylvester & Avalos	TX, Alvin, 2975 Shane Street	US
S1-48770099	Cuttack Legal Private Limited	Plot No-5D/1315 Sector-10, Cda, Cuttack, Orissa	India
S1-596276858	Thiru Clinic Limited	Elamthuruthiyil, Gokkadave, Chittarickal P.O., Hosdurg, Kasargod, Kerala	India
S1-860534060	Village Ghazipur Foundation Private Limited	H.No.18 G/F, Village Ghazipur, New Delhi, Delhi	India
S1-907946322	Interstate Opportunity Co	709 Superior Street, City Of Merrill, WI	US
S1-964349260	TTF Interiors Inc	Franklin, Unit 204, 751 Cool Springs Boulevard, TN	US
S1-420915986	Real Tech Private Limited	House No.339, Pocket A-01, Keshav Puram, Delhi, North West, Delhi	India
S1-973071454	Sasaki Massage Care	325 Pleasanton Road, Unit E, Westminster, MD	US
S1-361266153	Rosene Brown Holdings	308 Barnacle Run, Wilmington, NC	US
S1-898749308	Reinsch & Hill	36820 Jackson Road, Moreland Hills, OH	US
S1-300372880	Bureau of Finance	3412 7th Avenue, Sioux Falls, SD	US
S1-412742376	Hicks, Nash & Vanderheiden Sports	VA, Henrico County, 3820 Barn Owl Lane	US
S1-149180521	Sk Vidyalaya	138 A, Pocket- F, Mayur Vihar, Phase-Ii, Delhi, East Delhi, Delhi	India
S1-873022884	Black Global Private Limited	26/2, Armenian Street 4Th Floor, Kolkata, Kolkata, Howrah, West Bengal	India
S1-11862688	Lam Prime Tsakos P.C.	58 Milford Street, Mendon, MA	US
S1-978727771	Ninoor Management	4145 Vira Road, Stow, OH	US
S1-112704648	N & I Teucrium, LLC	Paintsville, KY, 1119 Boyd Street	US
S1-584709461	Environmental Coalition	PA, Norristown Borough, 906 James Street	US
S1-426144880	Tirupati Software Private Limited	Shop Hg-7, Om Shopping Complex, Near Golden Park, Anand Mahal Road, Choryasi, Surat, Gujarat	India
S1-912770625	Urgent Care Clinic LLC	119 A 2nd Street, Mulberry, AR	US
S1-211401849	Dorothee White Tokyo LLC	8254 Peoria Street, Chicago, IL	US
S1-944519934	PF Institute Ltd	House No 260C Bock Qu Landmark Pitampura, New Delhi, East Delhi, Delhi	India
S1-16146658	Gonzales Holding Company Co	28 Brucewood Drive, Mobile, AL	US
S1-297537234	Ace Mortgage Concepts	4248 Buckeye Parkway, Grove City, OH	US
S1-368113874	Pioneer Management Pvt Ltd	Plot No. 1/810 Vardankhand, Vistar, Lucknow, Uttar Pradesh	India
S1-585574692	Seven Infotech Private Limited	Johar Building, Suite No.6A, 6Th Floor 22 Lu Tsun Sarani, Kolkata, Howrah, West Bengal	India
S1-473290688	Foot & Ankle Center Partners	7865 Us 23, Ivel, KY	US
S1-592380810	Urgent Care Quality Physicians Inc	2539 Clover Place, Bismarck, ND	US
S1-291144644	Brunswick Summit Enclave	1001 Cottonwood Drive, Loveland, OH	US
S1-985635854	CW Currencyshares LLC	2905 Marrs Street, Amarillo, TX	US
S1-544794939	Veejay & Co	Lakshmi Narayan Colony(Near Park Maidan) P.O Nobopally, P.S Barasat, Kolkata, Parganas North, West Bengal	India
S1-914324020	Zephon Social LLC	874 Billstown Road, Delight, AR	US
S1-965708474	Prime Inc	140 Collis Street, West Haven, CT	US
S1-839285884	Kennedy and Conover Islands, Inc	8631 Delridge Way, Seattle, WA	US
S1-710182438	Services Kaizen Wonder Private Limited	D 10 Lawrence Terrece Lucknow, Lucknow, Uttar Pradesh	India
S1-390209006	DPM Software Corp	C-4/18, Sf, Sector71, Noida, Gautam Buddha Nagar, Noida, Gautam Buddha Nagar, Uttar Pradesh	India
S1-774386468	One Investments Private Limited	6A, Jesson Streetoff.Woods Road, Chennai 600 002, Chennai 600 002, Chennai, Tamil Nadu	India
S1-852429384	Colonial Partners Inc	17858 Line Road, Plainfield, IL	US
S1-873538908	Om Software Private Limited	Gaurav Apts Flat No 1Plot No 133 Dahanukar Colony Kothrud, Pune, Maharashtra	India
S1-518904759	Team Hospital	102, 1St Floor, Satyadev Bldg, Plot No A/6, Veera Desai Road Extn., Nr. Bhagwati House, Andheri West, Mumbai, Maharashtra	India
S1-269512174	Future Construction Private Limited	F-5, Rail Nagar, Near Alkanagar, Alembic Road, Vadodara, Gujarat	India
S1-215512727	National Network Inc	204 Glenview Avenue, Dover, OH	US
S1-847444053	Golden Foods Limited	36/3366, Thrissur, 4Th Floor, Ambika Arcade, M G Road, Kerala, Thrissur	India
S1-663903162	Gulf Council	969 Helen Ruth Drive, Fort Wright, KY	US
S1-210606315	Family Care of White Sulphur Springs LP	WV, White Sulphur Springs, 4870 Big Draft Road	US
S1-134789038	Evernew Solutions Pvt Ltd	D-4/149, Ground Floor Sangam Vihar, Delhi, South Delhi, Delhi	India
S1-899162325	Imperial & Co	Door No 24-4-3, Flot No 402 Sri Rampuram, Bhimavaram, West Godavari, Andhra Pradesh	India
S1-506230682	MMH New Private Limited	H No-C-1/11 S/F. Mohan Garden Uttam Nagar, Near Metropilar No-744, New Delhi, Delhi	India
S1-671786417	HCX Infrahome Ltd	Ev 17/1, Chamavila Veedu, Near Kallurkonam Mosque, Ayilam P O, Thiruvananthapuram, Thiruvananthapuram, Trivandrum, Kerala	India
S1-761279766	Miller, Holmes and Hoagland	413 Winesap Court, PA, Peters Township	US
S1-178189126	Thane Marino Pvt. Ltd.	Garden Enclave, Building No. 03, Flat No. 203 Near Vasant Vihar, Thane-West, Thane, Maharashtra	India
S1-175294249	Beth Emanuel	AZ, 7479 Crimson Sky Drive, Marana	US
S1-454610602	Silver Allegro	3065 Cat Balue Drive, Phoenix, AZ	US
S1-161337311	Klarrisa Garcia Lifesciences LLC	4212 Everett Cortland Hull Road, Cortland, OH	US
S1-500250016	Heritage Insurance Partners	4500 Natomas Central Drive, Unit 221, Sacramento, CA	US
S1-564415085	Desert Banc	360 Montauk Highway, Southampton, NY	US
S1-832907659	Cardiology Pioneer Physicians	North Vernon, 437 8th Street, IN	US
S1-921664491	Maryjane L. Martin, M.D., P.C. LLC	4 Martine Avenue, Unit Apartment 1219, White Plains, NY	US
S1-474166628	Interstellar Memorial Trust	Rz-3907, Unit No.3, First Floor, Back Side, Gali No.34, Tughlakabad Extn, Delhi, New Delhi, Delhi	India
S1-230494994	KMR Midwest Medicines LLC	7849 Roscoe Street, Chicago, IL	US
S1-465775693	Tabbi Rippe Patriot Ubs Inc	72 3rd Street, Napoleon, ND	US
S1-387121744	Best Electronics Dynamics LLC	11001 Summerfield Drive, Unit #1, Tigard, OR	US
S1-328537189	Stephens and Alfaro	1000 Winter Street, Unit 3300, Waltham, MA	US
S1-542503164	Kaiser California Co	9746 Smith Street, Portland, OR	US
S1-596738218	Commission on Environmental Protection	14372 Berry Lake North Shore Road, Town Of Underhill, WI	US
S1-110036027	Signature Supply Partners LLC	15380 Green Woods Lane, Waldorf, MD	US
S1-327546569	Rose Ferrous Pvt Ltd	No.721 Nandana 18Th Main, Narayana Nagar 1St Block, Bangalore South, Bangalore, Karnataka	India
S1-712320143	Gill J. Blye, CPA	Franklin County, VA, 175 Sandridge Road	US
S1-828056863	Godfrey Analytics LLC	91 May Street, Unit 1, Worcester, MA	US
S1-226687984	Delta League V	4009 Ignacio Drive, Austin, TX	US
S1-93995897	Platinum Analytics Studios LLC	18926 Atascocita Forest Drive, Humble, TX	US
S1-801944909	A Cure 5 All	4668 Rockledge Drive, Fayetteville, AR	US
S1-931077592	Ned Hospital	Flat No-104, W-8 Lodha Amarathane, Kolshet, Thane, Maharashtra	India
S1-868689834	Jai Traders Ltd	2 Partugiz Church Street, Calcutta, West Bengal	India
S1-246031930	Johnson, Lac & Adkins LLC	9249 Hillis Court, Prince William County, VA	US
S1-601924236	American Pampa	OK, 1119 Colt Drive, Durant	US
S1-888985570	Smith, Correa & Raulerson Obic Ltd	44493 Highway 9, Tecumseh, OK	US
S1-630482653	First Services Private Limited	H.No.10-2-289/49, Shanti Nagar, Vijay Nagar Colony, Hyderabad, Telangana	India
S1-645174199	Rapid Industrial Works LLC	Montgomery, AL, Unit APT 470, 2235 Elsmeade Drive	US
S1-194812326	East Care Private Limited	8 Madan St, Kolkata, Calcutta, West Bengal	India
S1-245165869	227 Madison Ave Associates, LLC	11556 Fuller Road, Unit #26, Milwaukie, OR	US
S1-952920088	All International Limited	Plotno 9Khno 252 Laulaee, Mahadev Green City Road, Lucknow, Uttar Pradesh	India
S1-116975535	VS Eaton LLC	1014 Paradise Lane, Phoenix, AZ	US
S1-922174062	Systematic Infocom	548/A/2/1, Road No 32, Jubilee Hills, Hyderabad, Telangana	India
S1-371509544	A Reliable Bancorp Care	95 Country Corner Circle, Danville, WV	US
S1-529589203	Unique Marketing Private Limited	Shop No. 13, 14, 21/25, Ganeesham, Wing C, Flat No. 604, Pimple Saudagar, Pune City, Pune, Maharashtra	India
S1-734467885	Kozhencherry Production Private Limited	Door No.147B, Balakrishna Building, Opposite Police Station, Kozhencherry, Pathanamthitta, Kerala	India
S1-261414159	Fort Dodge Youth Blue Center	1618 5th Avenue, Fort Dodge, IA	US
S1-48753422	Arts Foundation	Austin, TX, 1906 Willow Creek Drive	US
S1-447348670	Forever Real Pvt Ltd	Gi-48, G.T. Karnal Road Industrial Area, North East Delhi, North East, Delhi	India
S1-96452829	Sloss Oyster of Houston Inc	Houston, 12923 Regalshire Court, TX	US
S1-266099244	Skaff, Johnson and Murillo Siddhi LLC	6509 Aspen Gardens Way, Citrus Heights, CA	US
S1-387997909	Ibby Mcfarland Series LP	1317 Main Avenue, West Fargo, ND	US
S1-172029417	Krishna Apex Producer	Gf 1, Tapasvi Kutir Apartment Plot No.4, Subhash Nagar, Yellareddy Gud, A, Hyderabad, Telangana	India
S1-526877226	Wilson, Stephi, Esq., DDS PC	1673 Kelley Lane, Pingree Grove, IL	US
S1-340515379	Demaio, Alexander and Vasquez Center	123 Witherspoon Lane, Penfield, NY	US
S1-69461323	Golden Finance Private Limited	A8- Shiv Residancy, Gujarat, Nr Siddraj Bunglows, Village-Nadiad, Taluka- Nadiad District Kheda-, Kheda, Nadiad	India
S1-24166581	Urban Ventures	12, Government Place East, Regent House Opp. Rajbhavan, Kolkata, Kolkata, Howrah, West Bengal	India
S1-32022831	Avish Rg Pvt. Ltd.	Flat No. 101 Staguru Plaza Gulmohar Road, Savedi, Ahmednagar, Maharashtra	India
S1-332179847	Legacy Biomedical Brands, Inc	105 Coastal Lane, LA, Bourg	US
S1-179792708	Jhansi India Private Limited	178 In Side Orchha Gate, Jhansi, Uttar Pradesh	India
S1-942928877	Preferred Square	108 Printz Street, Edinburg Town, VA	US
S1-576428958	Hernandez Smart Systems	4940 Winona Street, Chicago, IL	US
S1-568658968	Macke Union	Edmond, OK, 615 Sunny Brook Drive	US
S1-329333457	Absher Custom Health Inc	1900 Silverleaf Street, Georgetown, TX	US
S1-463664106	Premier Constructions Private Limited	10, Tottie Lane Kolkata, Kolkata, Kolkata, Howrah, West Bengal	India
S1-543092731	Murphy & Ridley Peace Inc	224 Vancouver Avenue, Fl 1, Medford, OR	US
S1-626035686	Priyank Farms Private Limited	The Nirat 5Th Floor Windward Business Park, Jetalpur Road, Vadodara, Gujarat	India
S1-680356898	564 Park Road Realty LLC	401 University Way, Unit 406B, Ellensburg, WA	US
S1-71729073	A Cure 7 All Inc	3801 Grove Street, Phoenix, AZ	US
S1-161694437	Coimbatore Dist Wellness Private Limited	No.1/A, Kannaki Street, Mahalingapuram, Pollachi-, Coimbatore Dist, Coimbatore, Tamil Nadu	India
S1-733101088	Elixir Marketing Private Limited	Shop No. 8, Vikash Shopping Center, Near Circuit House, Mahendranagar, Morbi, Rajkot, Gujarat	India
S1-169248106	Premier Digital Enterprises LLC	94 Federal Street, Unit 2, Springfield, MA	US
S1-253260211	Kaur Outdoor Inc.	514 14th Street, Front Royal Town, VA	US
S1-936095007	Kashyap Infratech Bangalore	201, Diamond Nest, Nr Colony, Old Airport Road, Konanaagrahara, Bangalore, Karnataka	India
S1-353982565	Cleveland Heights Physical Therapy Value Specialists	Cleveland Heights, 3159 Derbyshire Road, OH	US
S1-684004682	Shefali Cleanfuel Private Limited	Old No. 485/486/26, Site No. 505/239/26, Attur Village, Yelahanka Hobli, Bangalore North, Bangalore, Karnataka	India
S1-881658149	Straight Edge Pub	107-36 Springfield Boulevard, Queens Village, NY	US
S1-144339143	Grand Automation Services Ltd	206 Sandpiper Drive, Bedford County, VA	US
S1-61924925	Ballard & Franklin LP	11130 Preserve Boulevard, Whitehouse, OH	US
S1-277300099	John Taxable Company	TX, Houston, 2013 Campbell Road	US
S1-411013981	Reach Kraft Private Limited	180, V.M. Complex, Shop No. 6 Arisipalayam Main Road, Salem, Tamil Nadu	India
S1-630868457	Getech	1820 Coventry Road, Cleveland Heights, OH	US
S1-185556361	Little Pizza	39W 937 Plank Road, Elgin, IL	US
S1-413118041	Brown and Bullard	Unit A21, Lake Havasu City, AZ, 1605 Kiowa Avenue	US
S1-655579084	Camacho Innovation of West Union PC	335 Mcalister Road, West Union, SC	US
S1-776560239	Silver Tech Private Limited	Village & P. O. - Raghudevpur Block Ii, Nh - 6, Uluberiahowrah, Howrah, West Bengal	India
S1-289041579	Golden Global Private Limited	H.N.434, Lane No. 4, Khol Galli Pole No. D/70, Dhule, Maharashtra	India
S1-886614137	Maa Brothers Private Limited	Sirsi Road, Rajasthan, Jaipur, A-53 Vaishali Estate	India
S1-91690148	Geify Equity Partners Inc	25 Dynasty Drive, Bear, DE	US
S1-810404298	Rapid Ridge Xsolla Inc.	1294 5th Avenue, Upland, CA	US
S1-998129023	One Silver Food Private Limited	12-84/1 Narayanagiri, Dharmasagar, Warangal Urban, Telangana	India
S1-205363679	Pediatric Dental Care Associates	2223 Callender Avenue, West Peoria, IL	US
S1-476945809	Jones Great Software LLC	645 D Street, San Bernardino, CA	US
S1-755861525	Bombay Procon (India) Pvt Ltd	14-260/B Doyes, Opp Alind, Serilingampally, Hyderabad, Telangana	India
S1-602505400	Dermatology Medicine Inc	Lumberton, TX, 11709 Pebble Lane	US
S1-544324636	Shiv Equifin Limited	2, Nelson Mandela Marg, 3Rd Floor, Vasant Kunj, New Delhi, South Delhi, Delhi	India
S1-617029750	Noida Film Private Limited	Miloni, P.O & P.S - Dankuni, Dist - Hooghly, 45, Dankuni, Hooghly, West Bengal	India
S1-503501183	Synum Summit Sunstone	MA, 17 Brookside Park, Milton	US
S1-97026314	South Sree Technology	J-189, Ground Floor Saket, New Delhi, South Delhi, Delhi	India
S1-542980	Mcgann, Karen L., O.D.	605 5th Street, Unit 605, Earth, TX	US
S1-774556681	Aditya Seven Investments Limited	Flat No B-201, R K Pride, Guruganesh Nagar, Pune City, Pune, Maharashtra	India
S1-264303836	Cascade Care	2856 Rd 15, Marengo, OH	US
S1-424049459	Physical Therapy Certified Specialists Company	313 Franklin Street, Piqua, OH	US
S1-786761991	Lambert Federal Spa Inc	TX, 14607 Farrawood Drive, Cypress	US
S1-192381489	Raj It Pvt Ltd	Uttar Pradesh, Bisrakh Jalalpur, Noida, C/Odinesh Kumar Bhati, Gautam Buddha Nagar	India
S1-902292681	Suryaesh Stones Limited	K.V.Rangareddy, Rajendra Nagar, Villa No.4, In Jains Four, Seasons, Kokapet, Gandipet, Telangana	India
S1-302236884	Evergreen Seva Samiti	101 New Jamdeeh, Ground Floor, Pandey Kailly Road, Near District Hospital, Basti, Uttar Pradesh	India
S1-27854558	Premier Star Pet Care	1985 Boston Road, Bardstown, KY	US
S1-996519152	Montyx Pyrophyte	1159 B, Unit M11, Yuma, AZ	US
S1-359602399	Shiv Care Limited	No.143, Bommasandraindustrial Area, Bangalore, Karnataka	India
S1-112773950	Kay Quartzsea Inc.	775 2078, Olive Hill, KY	US
S1-986212462	North Global Private Limited	29/586/A21, 2Nd Floor, Sreelakshmi Building Shornur Road, Thrissur, Kerala	India
S1-604063938	Wildlife Initiative	60 Frederic Road, Vernon, CT	US
S1-149064476	Unger Companies	1614 Morningside Dr, Iowa City, IA	US
S1-256650150	Great Enterprises Limited	Door No Tc/2/2465(5)&(6)Royal Plaza Pattom Post, Thiruvananthapuram, Trivandrum, Kerala	India
S1-151918967	Best Great Innovations, Inc	Dallas, TX, 2089 Peppermint Lane	US
S1-726424888	Green Trading Studios LLC	380 Hunter Road, Hazel Green, AL	US
S1-597515856	Neo & Co	Door No. 26/1752, P K Complex, Taliparamba, Kannur, Kerala	India
S1-635695385	Urban Classic Healthcare Private Limited	1/1 Ishan Recy. Lbs Road, Navi Peth Petrol Pump Beh., Pune, Maharashtra	India
S1-385970589	Gamdevi Solar Private Limited	Ground Floor, Shiv Tapi Chs, H Goregaonkar Road, Gamdevi, Mumbai, Maharashtra	India
S1-829872052	Leung Athena	MD, Clarksburg, 11959 Little Seneca Parkway	US
S1-383424767	Sai Finance Private Limited	No 6, 2Nd Floor, Poorna Shashi Niwas, 4Th Cross, Gurudarshan Layout, Vidyarany, Apura, Bengaluru, Bangalore, Karnataka	India
S1-349466237	A Cure 2 You	58 Church Road, Readfield, ME	US
S1-284603599	Bombay Ventures Private Limited	501, Shapath Complex-1, Opp Rajpath Club, S.G.Highway, Nr-Pakvan Hotel, Ahmadabad City, Ahmedabad, Gujarat	India
S1-438459333	Integrated Crypto LLC	307 Bay Drive, Itasca, IL	US
S1-675552533	Sanders Medicine Inc	4440 Maypole Avenue, Chicago, IL	US
S1-857484364	Om Foods	Bhau Ngr Ambavaditulinjii, Vasai, Maharashtra, Thane, R No A/1 Laxman Plaza Ram	India
S1-191874708	Sky Systems Private Limited	Lsc Pocket-A Sector-A Vasant Kunj-70, New Delhi, Delhi	India
S1-753157613	High Tech Marketing	50, Akbar Sahib St., Triplicane, Madras, Tamilnadu, Chennai, Tamil Nadu	India
S1-764858672	Freda's Creative Cleaning Service	7839 Main Street, Houma, LA	US
S1-244874782	Oralle's Barbershop of Bellmont	1187 24, Unit Parlor Barn 1, Bellmont, NY	US
S1-510939528	Guntur Technologies Private Limited	D -No.135-4-150, Flat No. 102, Guntur, Andhra Pradesh	India
S1-6452507	Satyam India Pvt Ltd	8-D, New Fatehpura, Girwa, Udaipur, Rajasthan	India
S1-171223752	Need & Co	9/2 Mangal Compound Dewas, Naka, Indore, Madhya Prad, Indore, Madhya Pradesh	India
S1-371227242	Cuevas, Neille L., DMD, M.D., P.C.	16100 Olmstead Lane, Prince William County, VA	US
S1-655057699	Liberty Project Inc	936 Antelope Drive, Hazen, ND	US
S1-426309016	Sun Logistics Limited	No. 13, Sivganj, W N 29, Dehri, Rohtas, Bihar	India
S1-235949262	American Enterprises Inc	601 Meramec Avenue, Fl 0, Saint Louis, MO	US
S1-278085974	Vng Enterprises Private Limited	269 -A/4 Govind Puri Kalkaji, New Delhi, South Delhi, Delhi	India
S1-597638353	Mcmanus Classic Allegro Inc.	524 Kentucky Street, Iola, KS	US
S1-223128051	Tressa's Fisheries	625 Elliott Road, Unit 211, Chapel Hill, NC	US
S1-777893958	Caryn Henderson Bay Hydro LLC	421 Claircrest Drive, Nashville, TN	US
S1-154212368	Cultural Institute VI Inc.	6349 Elizan Drive, Fl 1, Olympia, WA	US
S1-419299545	Stokes, Mendez & Desantos Corp	835 Stafford Hill Road, Cheshire, MA	US
S1-120365256	Chiropractic Health	1356 Gold Avenue, Memphis, TN	US
S1-529179778	Gesoft Pioneer Trading LP	5315 Longshadow Drive, Columbus, OH	US
S1-802590712	Lee American Newbridge	506 16th Terrace, Hutchinson, KS	US
S1-175246082	Onyx Polytechnic Limited	H.No. 33/6C/1A, Agra, Anand Bhawan Lohya Nagar, Balkeshwar Road, Uttar Pradesh, Agra	India
S1-508836476	Certified Biomedical Laboratories Ltd	5024 Twelveoaks Road, Chesterfield County, VA	US
S1-760729719	Interstate Commercial Dynamics LLC	10453 Shadowview Road, AL, Tuscaloosa	US
S1-921624599	Sree Golden Projects Private Limited	Shop Ff C/13, Tirth Retreat, Kapurai Road, Vadodara, Gujarat	India
S1-720589067	Bonilla Lifeco Inc	4954 Rosemary Way, Ontario, CA	US
S1-139425336	Ramsarup International School	Ahmedabad, 401, Shaili Complex, B/H Rainbow Complex, Nr. Railway Line, Gujarat, Ahmadabad City	India
S1-3606227	Total Digital Brands LLC	5110 Colebrook Place, Fairfax County, VA	US
S1-448321407	Reunion Academy Private Limited	205, Grace Pinnacle, Dadabhai Navroji Cr Road No. 1, Near Jali Masjid, Andheri W, Mumbai, Mumbai City, Maharashtra	India
S1-371254311	Northwind	59 Surrey Street, Unit 2, Boston, MA	US
S1-306805484	GD Custom Advisors	ID, 1024 2nd Street, Weiser	US
S1-37764574	Agasthya Realtech (India) Co	5/631, Team Vission Kakkanchery (Post), Quilandy (Via), Kozhikode, Kerala	India
S1-481363029	Swastik Red Foods Private Limited	Flat No. 2D, Shakti Dham Apartment, S.K. Nagar, Patna, Bihar	India
S1-16118047	Genz and Catlett LLC	8114 Triple J Trail, Ooltewah, TN	US
S1-637545915	ZZ Music Corp	405 Troy Avenue, Hickman, KY	US
S1-940288600	Augment Memorial Trust	B 47 Ff Ashoka Niketan, East Delhi, Delhi	India
S1-70355457	International Marine Services	1018 Foster Avenue, Hamilton, OH	US
S1-440024889	Perfect Products Limited	Bid, Beed, Maharashtra, C/O Rajkishor Kantaprasad Modi Raj Lodge Prashant Nagar Tq.Ambajogai Dis.Beed	India
S1-132337315	Laxmi Trading Private Limited	1205/8 Shivaji Nagar Ganga Yamuna Flat No 6, Pune, Maharashtra	India
S1-455955996	Custom Wholesale Collective	3312 W 46th Pl, Davenport, IA	US
S1-693616794	High It Private Limited	20/28 West Patel Nagar, New Delhi, Haryana	India
S1-961928336	Nanded (india) Private Limited	S. No 214/A, Plot No 11, Savitribai Phulenagar, Nanded, Maharashtra	India
S1-746759109	X+ Insurance LLC	4830 Reynolds Road, TN, Spring Hill	US
S1-14745303	Cunningham United Aspen, LLC	1407 Graham Farm Circle, Fl 0, Severn, MD	US
S1-142759990	Sun Ventures Private Limited	8-2-293/82/Pn/198, Rd No7, Shaikpet, Golconda Mandal, Shaikpet, Hyderabad, Telangana	India
S1-387390135	Smart Mountain Centers	2437 Linden Lane, Silver Spring, MD	US
S1-925404217	Bion & Partners Private Limited	4Th Floor, Kb Complex Alpha 2, Gautam Buddha Nagar, Greater Noida, Office No. 27, Uttar Pradesh	India
S1-901320541	Kolkata Solutions Private Limited	West Bengal, Kolkata, Calcutta, 85B Burtolla Street	India
S1-427783220	Atlantic Pioneer Shore Inc	16120 2nd Place, Lynnwood, WA	US
S1-940900331	Classic Consumer Alliance LLC	1808 Desert View Drive, Phoenix, AZ	US
S1-79060537	SPE Bpo Private Limited	Plot No J-601 Princetown Apartment Shettihalli(Dasarahalli), Bangalore, Karnataka	India
S1-20777578	Madurai (India) Trading Limited	Chennai, Chennai City Corporation, Tamil Nadu, Sreyas Virat, New No. 26, Old No.14, Iii Cross Street, Raja Annamalaipuram Chennai	India
S1-325028316	Mountain Homecare Inc	20 Mashie Court, Woodridge, IL	US
S1-847231042	Jain Trust	286 Ground Floor Agcr Enclave Vikas Marg Extn Near Karkardooma Court, Delhi, East Delhi, Delhi	India
S1-782190430	2-Sons LLC	3018 11th Avenue, Bessemer, AL	US
S1-73647500	Keystone Genomic Advisors	Lewisville, NC, 470 Sunset Ridge Drive	US
S1-921220291	Kevue PC	6617 Teal Loop, Frederick, MD	US
S1-257839458	Internal Medicine Metropolitan Specialists LLC	5177 Mason Road, Memphis, TN	US
S1-615584763	Shelton's Apex Staffing	419 Weston Street, Valparaiso, IN	US
S1-218366115	Parnell Gulf Vehicle	1515 Cobble Hill Lane, Vestavia Hills, AL	US
S1-735261892	Standard Digitech (India)	Plot No. 18, Survey No. 36P1, 36P2, 37P2 And 38P1 Village: Bharudi, Gondal, Rajkot, Gujarat	India
S1-976927639	Chiropractic Group Care	NY, Caton, 1107 Marsh Road	US
S1-82646387	Great Council	8559 Elk Mesa Road, Unit 710, Magna City, UT	US
S1-838803180	Housing Network	915 Willow Lane, Fl 0, Severna Park, MD	US
S1-574654167	Anderson, Vaca and Vanderhoff East Inc	1743 Willamette Alley, Eugene, OR	US
S1-642398159	Davis Therapy LLC	12116 Autumn Day Lane, Herriman Town, UT	US
S1-916949745	Cure Pizza!	12721 Cottonwood Lane, North Royalton, OH	US
S1-132481041	Ls Equipments Private Limited	Sf No.820/11A1B, Samundi Nagar, Hosur, Krishnagiri, Dharmapuri, Tamil Nadu	India
S1-23400040	Creative Infotech Pvt Ltd	14-A Road Ahimsa Marg, Khar West, Mumbai, 21-A, Maharashtra, Mumbai City	India
S1-925590628	Urban Prime Energy Private Limited	C/O Mendez Bernard, Dallen Dale, Pathinettumuri, Kollam, Kerala	India
S1-800969120	Sakura Micro Private Limited	No. 5, 1St Floor, Sri Sachyay Krupa Complex, F2 1, G Street, Jogupalyam, Halasur, Bangalore North, Bangalore, Karnataka	India
S1-529620662	Heyl's Blue Auto Glass Inc.	19 Platt Street, Abington, MA	US
S1-96630214	Gajanan Institute of Technology Private Limited	Emami Tower, 3Rd Floor 687 Anandapur, Em Bypass, Kolkata, Parganas South, West Bengal	India
S1-449904872	Burger Reliable Bank	9900 Killarney Lane, Tualatin, OR	US
S1-185163011	Johnston and Baker, L.L.C.	1100 Bell Road, Unit 2089, Phoenix, AZ	US
S1-444583451	Sai Consulting Private Limited	Plot No. 37, Nishigandha Apartments, 1St Floor, Flat No. 101, Bhamti Lokseva Nagar, I.T, . Park, Nagpur, Maharashtra	India
S1-969738952	A Rapid Newbury Corp	368 Ouachita 376 Road, Camden, AR	US
S1-864727463	Hope Children's Initiative Group	601 Eastridge Drive, Hope, AR	US
S1-323547869	Radical & Co	501 Durga Chambers5Th Floor Linking Road Khar West, Mumbai, Maharashtra	India
S1-759372821	Tavernet LLC	201 Valley View Road, Sterling, CT	US
S1-371543666	Main Street Massage!	100 Franhaven Road, Gadsden, AL	US
S1-535435282	Caldelle Crane LLC	10612 Yelm Highway, Fl 1, Olympia, WA	US
S1-778096501	Pioneer Dividend LLC	13006 Bathgate Way, Prince William County, VA	US
S1-857396548	Roch Antczak Tsakos	9506 Butte Falls Highway, Fl 1, Eagle Point, OR	US
S1-273072051	Logan Innovative Seas LLC	2309 82nd Avenue E, Tulsa, OK	US
S1-806290969	Apex Ventures Pvt Ltd	Panikkasery Door No 474Beach Ward Ambalapuzha Taluk, Alleppey District, Alappuzha, Kerala	India
S1-956521628	Jackson Gabelli	5820 Robertson Avenue, Nashville, TN	US
S1-422844605	Interstate Initiative LLC	204 Crestwood Street, Fairview, OR	US
S1-532036704	Doctor Siddhivinayak Limited	A29, Patterns A, Goodearth Malhar, Kambipura, Kengeri., Bangalore, Karnataka	India
S1-41863081	National Myers	19104 Vivian Street, Lindale, TX	US
S1-532167943	Universal Enterprises Private Limited	B S Complex, Nayabans, Noida, Uttar Pradesh, Noida, Gautam Buddha Nagar, Uttar Pradesh	India
S1-592714675	Smart Trading Private Limited	No 516, Samudraguptha Road, Bangalore South, Bangalore, Karnataka	India
S1-505744714	Panoply Holdings	B 1/2, S 36/1/1C/2, Durvankur Society No. 2, Pashan, Pune City, Pune, Maharashtra	India
S1-845002907	Ocean Innovations Private Limited	Plot No. 126, G/F, Road No. 12, Extended Abadi, Mahipalpur, New Delhi, South West Delhi, Delhi	India
S1-40889437	Marion Biologics of Ahoskie	8 Gordon Court, Ahoskie, NC	US
S1-425462869	Belcher Blue Liquor	2310 Delaware Avenue, Roanoke City, VA	US
S1-222424647	Jeanna Largo Launchpad Inc.	Rockingham County, VA, 3137 Thoroughfare Road	US
S1-686672707	Crissie N. Cook, DO	6207 Oklahoma Place, Tulsa, OK	US
S1-480479535	Modern Business Labs	2718 La Morada Drive, Rialto, CA	US
S1-14229676	Suncity Infra Private Limited	Bangalore North, Hd-043, Karnataka, Wework Salarpuria Magnificia, Tin Factory, 78, Old Madras Road, Mahadevapura, Next To K.R.Puram, Bangalore	India
S1-441157657	Health Traders Private Limited	Uttam House, 69, P.D'Mello Road, Mumbai, Maharashtra	India
S1-604847839	Metro Hudson Inc.	Fort Smith, AR, 10614 Meandering Way	US
S1-852334435	Bay Keystone Indigo LLC	2445 52nd Street, Lincoln, NE	US
S1-584514719	Blue Global Private Limited	Indore, Onam Plaza, Near Industry House, New Palasia, A.B. Road, Ug - 6A, Indore, Madhya Pradesh	India
S1-437134463	New Trading Private Limited	25 Dr. P.V. Cherian Crescent Egmore, Chennai, Tamil Nadu	India
S1-372395061	Colonial Guild LLC	2645 Magnolia Street, Longview, WA	US
S1-718597604	Economic Development Program Corporation	1410 La Paz Drive, Ojai, CA	US
S1-968324639	Capital Charities Inc.	56 Willow Bend Drive, Lockport, NY	US
S1-655510329	Professional Law Chambers	Spm-C Sfno: 240/3, Abirami Nagar Near New Power School, Villupuram, Tamil Nadu	India
S1-263674098	Innovative Infotech Private Limited	87/2 Rt, 2Nd Floor, Khaleel Manzil Sindhu Travels Lane, S.R.Nagar, Hyderabad, Telangana	India
S1-550919717	Cochin Management (India) Private Limited	House No-113, Near Sahu, Kirana Hanuman Basti, Kota, Rajasthan	India
S1-213269363	Sills and Minor	42 Elm Street, Wethersfield, CT	US
S1-23041389	Saptagiri Marbles Private Limited	Vii/61Cheliparambil Shopping Complex Urakam, Thrissur, Kerala	India
S1-169564752	Highland Opportunity LLC	207 Chalet Lane, Ankeny, IA	US
S1-93940841	Cozy Pizza!	1805 92nd Street, Kansas City, MO	US
S1-187913417	Commission on Public Works	915 Twin Oaks Drive, Wylie, TX	US
S1-982814551	CJ Contractorsprivate Private Limited	47 B 5 M H Colony, Baiganwadi Govandi, Mumbai, Maharashtra	India
S1-341939498	Urology Health Inc	515 Elm Street, Statesville, NC	US
S1-738889895	Supernova Securities Private Limited	Gurgaon, Ashok Vihar Phase-Ii Palam Vihar Road, Sector-5, Khasra No.-2679, Gurgaon, Haryana	India
S1-506412705	Urban Hair Studio	530 Patterson Avenue, Unit 579, Winston-salem, NC	US
S1-807215192	Premier Foods Private Limited	1 House E07 Sector 63, Anant Raj Estate, Badshahpur, Gurgaon, Haryana	India
S1-490801230	Green Solutions Private Limited	Plot No.13, H No. 3-48-40, Shobana Colony, West Marredpally, Secunderabad, Hyderabad, Telangana	India
S1-544835046	Shiv Jai Care Private Limited	4/91, Vineet Khand Gomti Nagar, Lucknow, Uttar Pradesh	India
S1-206204330	Fayette Lowry Trusted Ligand	188 Lolo Street, Lapwai, ID	US
S1-69697905	Surat Infosolutions Co	Surat, Plot No. 65-90, B. No. 107, Vill. Tanti Thaiya, Surat-Bardoli Road, Tal. Palsana, Gujarat	India
S1-900322587	Deep India Private Limited	Flat No-303 Hno-103 Block-F Third Floor B/S L/Side, Kh No-105/17/1 Vishwas Park Uttam Nagar Near Koushik Property New Delhi, New Delhi, West Delhi, Delhi	India
S1-604015391	Shiva Finance Pvt Ltd	55/3/E Ballygunge Circular Rd, Calcutta, Kolkata, West Bengal	India
S1-738171125	Patriot Safe Solana	294 Meadow Lane Drive, Elmore, AL	US
S1-435158788	Rocky Graf Inc	VA, 5414 Pounding Mill Branch Road, Tazewell County	US
S1-490689266	Adrienne Beckstrand Rivernorth Associates	1336 Viola Road, Cherryvale, KS	US
S1-18553955	Gomez, Duty & Benfield Group	12770 Jefferson Drive, Crown Point, IN	US
S1-24115094	Advanced Wholesale Networks	Tinley Park, IL, 17231 Foxgrove Lane	US
S1-181129782	Segal Bright Metal Works, Inc	805 Preston Street, San Bernardino, CA	US
S1-212732484	Zasetech	746 Turner Avenue, Freeport, IL	US
S1-458869341	Khetri Sales Ltd	Kumharo Ka Mohalla, Jasrapur, Khetri, Khetri, Jhujhunu, Rajasthan	India
S1-208767878	Morales & Dowling LLC	785 Hamilton Road, Gahanna, OH	US
S1-257923459	Classic Apparel Holdings	687 Mill Street, Unit Lot 5, City Of Barron, WI	US
S1-566168062	Fania Weaver Trusted Data	Carmel, NY, 44 Front Street	US
S1-980636074	Mumbai Eateries Pvt. Ltd.	Mohatta Bhavan 4Th Floor10 Dr E Moses Road Worli, Mumbai, Maharashtra	India
S1-679923653	Mallorie F. Clark, DPM	161 Cleaves Street, Unit Apartment 4, Biddeford, ME	US
S1-854930326	Eye Care, Inc	760 Woodside Drive, Roselle, IL	US
S1-610888322	Lakshmi Lakshmi Media Private Limited	C/O Prince Kumar Singh S/O Gyan Prakash Jagatipur, Kalikabara, Varanasi, Uttar Pradesh	India
S1-110948491	Vishwakarma Memorial Trust	Maharashtra, Mumbai City, Saifee Jubilee Street, Bohri Mohalla, Mumbai, 31/33	India
S1-865558038	Abr Trading	Shop No 01 Plot- 51 Markaz View Chs Ltd S V Road Bandivali Jogeshwari West, Mumbai, Mumbai City, Maharashtra	India
S1-636669378	Safe Pantages	1109 Yturria Street, Port Isabel, TX	US
S1-372391151	Bovue Pelican Inc	14935 Luckett Road, Marana, AZ	US
S1-243824842	Black Eqv LLC	Theodore, 6780 San Marino Drive, AL	US
S1-380493234	Mooneyham Precision Products, L.L.C.	Nakina, 1451 Reaves Ferry Road, NC	US
S1-969666788	Zarate, Bernal & Hignite, LLC	19346 Aspen Avenue, Westside, IA	US
S1-764993784	Slate, LLC	NY, Saint Albans, 200-02 116 Avenue	US
S1-975041124	Caton Onfolio of Worcester Inc	34 Royal Road, Worcester, MA	US
S1-274269086	Red Tech Private Limited	G. No 10185 Shirwal Khandala, Satara Shirwal, Khandala, Satara, Maharashtra	India
S1-662822472	Pioneer Hospitality Private Limited	Off 151 Central Facility Building, Mkt 2, Sector 19, Vashi, Turbhe, Navi Mumbai, Raigarh, Maharashtra	India
S1-796628292	Cube Technologies Private Limited	Flat No-A-17/503, Park Infinia, S No 214/220/221, Bhekarainagar, Fursungi, Pune, Maharashtra	India
S1-919589781	YD Soya Private Limited	476B 2Nd And 3Rd Floor, House No 476B, Sector 39, Block C Near Bakhtawar Chowk, Near Bakhtawar Cho, Wk, Gurgaon, Haryana	India
S1-309096254	Foust, Espiritu and Beveridge Flexible LLC	220 Jarrett Drive, Salisbury, NC	US
S1-116643047	Global Automobiles Private Limited	Awfis 3Rd And 4Th Floor, S.No.52, Baner Business Bay, Baner Sus Road, Off Mumbai Bangalore Highway, Baner, Pune, Pune City, Pune, Maharashtra	India
S1-131316271	Clear Transit Enterprises	MA, Boston, 60 Cheney Street	US
S1-816449159	286 Fifth Way Realty LLC	2585 Hanwell Village Park, Corning, NY	US
S1-158768870	Kizer, Foster and Austin Publishing LLC	44 New Castle Drive, Phenix City, AL	US
S1-992392548	Auros Americas	215 Rim Rock Road, Kingsport, TN	US
S1-330368818	Pine Academy	C/O- Prasanta Kumar Patra, Plot No-1154, Sector-6, Cda, Cuttack Sadar, Cuttack, Orissa	India
S1-381184907	Faizabad Investment Private Limited	Railwa, Y Crossing, Faizabad, Gram Vidya Van Pur Post Hindu Singh Ki Deudhi Kareru (Anshik) Tehsil - Sohawal, Uttar Pradesh, Faizabad	India
S1-554474453	Anilika Associates Private Limited	North Court Commercial Complex, Office No 2, S.No.20 9/1, 2, 3 P.No 76, Joggers Park, Pune City, Pune, Maharashtra	India
S1-114928580	Autumn & Brothers Limited	8-B 1, Big Jos Tower, Netaji Subhash Place, Pitampura, New Delhi, North West, Delhi	India
S1-629282051	Rebrisoft	1030 Central Street, Bagley, MN	US
S1-960008350	Maid Pilates	6220 Coughran Court, Sioux Falls, SD	US
S1-643560768	Nagloi Iron Private Limited	55/4 Gaurav Nagar Mubarak Pur Road, Nagloi, Delhi	India
S1-803338281	Nexflova LLC	66998 Avenue C, Salome, AZ	US
S1-497319950	Gonzales, Rosenthal & Obrien Inc	Cockeysville, MD, 8 Chilhowie Court	US
S1-585283660	Brewer Agricultural	8424 Tryon Street, Unit 233, Charlotte, NC	US
S1-121722706	Pediatric Dental Partners Clinic	5006 Jones Loop Road, Little Rock, AR	US
S1-428098138	Experia Brothers Pvt Ltd	71, Kumawat Colony, Ajmer Road, Sodala, Jaipur, Rajasthan	India
S1-686380976	Ak Welfare Society	E-920 Saraswati Viharpitampura, Delhi, North Delhi, Delhi	India
S1-837936483	Ryan and Root Inc	Cypress, 21830 Sheffield Gray Trail, TX	US
S1-695551699	Pune City Karo Limited	Pune, Pune City, Office 01 Sonchafa, S No, 75/3/2 Tukaram Karyalay, Maharashtra	India
S1-687452001	Eternal & Sons Private Limited	Kollam, Kerala, Kollam, C/O Nibin Nelson, N N Nivas, Perumon P O, Perinad, Kollam Kl	India
S1-311200383	Golden Black Builders Pvt Ltd	Flat No. 304, I Wing, Thanekar Hillcrest Bhosale Nagar, Shirgaon, Badlapur East, Thane, Maharashtra	India
S1-44270372	Lidia Dennis Silver Velos	CA, 1281 Pinon Avenue, Anderson	US
S1-221722813	Ellingsworth's Liberty Ice Cream	19312 Pine Wiff Road, Accokeek, MD	US
S1-549415438	Travel Group LLP	H.No-1122, Gala Bl-14, Rajlaxmi Complex, Purna Village, Bhiwandi, Thane, Maharashtra	India
S1-661406030	12 Sunset Properties	1417 Chimney Works Drive, Southlake, TX	US
S1-947853407	Yeoman International School	20/5 Nsc Bose Road Jadavpur, Kolkata, Calcutta, West Bengal	India
S1-967024020	Diversified Energy Brands Inc	1018 Charlotte St, Davenport, IA	US
S1-30287098	Ali, Gussy B., Ph.D.	21040 Sycolin Road, Loudoun County, VA	US
S1-157638083	Ep (india)private Private Limited	Kerala, Kannur, Tmc Xix/584, Plathottam Taliparamba, Kannur, Sreesainilayam	India
S1-574871837	Great Initiative LP	3609 Natchez Trace Parkway, Waynesboro, TN	US
S1-644197009	Fortune Management Private Limited	E/71 Nit Qtr Kapil Nagar, Nagpur, Maharashtra	India
S1-532603416	VC Products	81, Hemkunt Colony Level-1, Opp. Nehru Place, New Delhi, South Delhi, Delhi	India
S1-841567476	American Aimei	10 Kove Street, Landfall, MN	US
S1-616710640	Mumbai Enterprises Private Limited	Winchester - 10Th Floor Powai Business District, Powai, Mumbai, Mumbai City, Maharashtra	India
S1-177384848	Zimavue Holdings	2748 Salado Trail, Fort Worth, TX	US
S1-132918537	Hussain Continental Hospitality LP	351 Nisbet Street, Unit Apartment 511, Jacksonville, AL	US
S1-721346891	Wojciechowski Federation	610 Pennsylvania Avenue, Deer Lodge, MT	US
S1-826469395	Rigney Preferred Services Corp	189 Gregory Hill Road, Rochester, NY	US
S1-924838290	Delta Assets LLC	125 Clearbrook Drive, Frederick County, VA	US
S1-39457179	Anchor Payment Labs LLC	6224 Stafford Street, Prescott Valley, AZ	US
S1-428677845	Southern Constructions Private Limited	Sbc 7, Thejaswini Building Technopark Campus, Thiruvananthapuram, Thiruvananthapuram, Trivandrum, Kerala	India
S1-623037704	Lasoft Aegon LLC	208 Shoemaker Court, Nashville, TN	US
S1-553668161	Jashan (India) Hospitality Ltd	Pt No13, 14, Thiruvallam To Chitor Main Rd Sivanantha Ngr East, Katpadi, Vellore, Tamil Nadu	India
S1-697023536	Felice Grover Braves	2165 Emerald Avenue, Castle Hayne, NC	US
S1-739742577	Frontier Pediatrics	417 Belden, Michigan City, IN	US
S1-924890137	Star Consultants LLP	Shop No.3, Sai Raj Apartment, Near Thakare Garden Badlapur East, Badlapur, Thane, Maharashtra	India
S1-931739582	One Energy Private Limited	Shankar Nagarbangalore-96 Bangalore, Karnataka	India
S1-67904114	Seymour, Albert & Franco Inc	26-26 169 Street, Flushing, NY	US
S1-879885417	Eye Pacific Specialists LLC	347 3430, New Harmony, UT	US
S1-211101344	North Inc.	OH, 8428 Tournus Way, New Albany	US
S1-341419376	Christy Oxford of Town Of Genesee	Unit Apartment D, Town Of Genesee, WI, S17W32496 18	US
S1-281561810	Bigby Classic Royce P.C.	66863 Capri Lane, Salome, AZ	US
S1-442312685	Future Global Limited	Flat No 202, H No 6-3-562/10 & 6-3-562/10/3/6/85 Amara Residency Erramanzil Colony, Hyderabad, Telangana	India
S1-77451241	Karim, Askew and Rose LLC	216 Union Street, Seattle, WA	US
S1-899811746	Cozy Cleaning Service Inc.	423 Lasalle Avenue, South Bend, IN	US
S1-377673441	Sbg Your LLP	Flat No.-185C, Dg-Ii, Vikas Puri, New Delhi, West Delhi, Delhi	India
S1-180117020	Pediatric Dental Medicine Corp	1128 Victoria Falls Circle, Billings, MT	US
S1-952452836	Media Logic Exim LLP	Plot No. 222 First Floor (F2) Nitikhand-I, Indirapuram, Ghaziabad, Uttar Pradesh	India
S1-825094693	Physical Therapy Care	6712 Netherland Drive, Middletown, OH	US
S1-868442664	Om Construction Private Limited	45, Ramjeevan Choudhari Apartment Krida Chowk, Hanuman Nagar, Nagpur, Maharashtra	India
S1-635705857	Real Engineering LLP	H. No. 1683, Village Kuruli, Taluka Khed, Pune, Maharashtra	India
S1-608209014	Y & L Hyperliquid L.L.C.	426 Sonora Drive, Garland, TX	US
S1-654370336	Al Solutions Private Limited	10-2-238/1, West Marredpal, 1St, Sree Rama Bhawnamau, Secunderabad, Hyderabad, Telangana	India
S1-768899550	Modern Consultants	Mumbai, Seventh Floor, Crescent Business Park, Samitha Complex, Safed Pul, Sakinaka, Andheri East, Mumbai, Unit No. 714, Maharashtra	India
S1-203143681	Hitech Products Limited	T-401, 3Rd 190 Lions, Jaipur, Rajasthan	India
S1-771448241	Perfect Power Private Limited	No. 304/8, Industrial Shed No. 3, Seetharam Industrial Estate Mes Road (Ring Rd) Jal, Ahalli, Bangalore, Karnataka	India
S1-449513787	Secunderabad Trading Pvt Ltd	H.No 1-1-2/12, P.No 12, Sai Priya Colony, Sainikpuri Kapra Thashil Office, Secunderabad, Hyderabad, Telangana	India
S1-940977934	United &marketing Limited	2/66 Arya Mohalla, Nangloi, East Delhi, Delhi	India
S1-427883711	Domjur Realtors Private Limited	95 /16 Dharamtolla Road, Salkia Howrah, Domjur, Howrah, West Bengal	India
S1-695757770	Oncology Desert Partners Inc	133 Wade Boulevard, Tipton, MO	US
S1-114249953	Cardenas Animal Hospital	6464 Ferry View Lane, Unit 104, Lewisville, NC	US
S1-473599837	Tirupati Universal Builders Private Limited	S E Side, 1St Fr, Fl 1A, Plot-153 31/2, (Sp-153), Sahapur Colony(W), Kolkata, Kolkata, Howrah, West Bengal	India
S1-903470091	Bombay Marketing Private Limited	H.No 560 Flat 302 3 Flr, Mankoli Village, Bhiwandi, Thane, Maharashtra	India
S1-416326893	Gyan Educational Private Limited	3-T-10, (3/373) Jawahar Nagar, Jaipur, Rajasthan	India
S1-261705265	TPG Properties	LA, Baton Rouge City, 2184 Belfair Drive	US
S1-824201082	Pioneer International Private Limited	C/O Chanchal Giri, Kutubpur Gawadi, Chandpur, Bijnor, Bijnore, Uttar Pradesh	India
S1-494658105	Lucky Auto Body	Nashville, 2217 29th Avenue, TN	US
S1-244772705	Nivais Resources PLLC	185 Cave Run Drive, Erlanger, KY	US
S1-13329602	Garrod Hancock Inc	1125 22nd Avenue, Fulton, IL	US
S1-891380811	Christ Cathedral	615 107th Street, Chicago, IL	US
S1-261001431	Tavish Brothers Private Limited	D.No.45-50-15, Allipuram Ex. Ward, Abidnagar Akkayyapalem, Visakhapatnam, Vishakhapatnam, Andhra Pradesh	India
S1-351763104	Jadhav Center Public Limited	26-1-347, Saibaba Temple Back Side, Ngo Colony, Nellore, Andhra Pradesh	India
S1-728692256	Shaktiman & Co	C/O Visvnath Mapari Ho.No, 19 W/N.2 Nearby Bhisade, Lonar, Buldhana, Maharashtra	India
S1-614510569	Carcamo Global	3834 Cherry Creek Drive, Topeka, KS	US
S1-431012980	Sams Traders Limited	758, 1St Floor, Poonamallee High Road, Nsk Nagar, Chennai, Tamil Nadu	India
S1-123100180	Hermine Reynolds Mae Inc.	5849 Sunrise Vista Drive, Unit APT 25, Citrus Heights, CA	US
S1-975349315	Rochella Torres, CPA Associates	115 Magnolia Drive, Bardstown, KY	US
S1-981201143	M & Y Harbors Inc.	706 Hyperion Alley, Wake Forest, NC	US
S1-375409942	Eye Bay Medicine LLC	AZ, 12000 90th Street, Unit APT 2027, Scottsdale	US
S1-260429958	Sun Blue Systems Private Limited	House No. 40/127, Top Khana Bazar, Cantt., Kanpur Nagar, Uttar Pradesh	India
S1-370211327	Mium Best Flaherty LLC	AR, Harrison, 592 Highway 125	US
S1-340442244	Horton Quetta Inc	61157 Sydney Harbor Drive, Bend, OR	US
S1-58090536	Garcia's Silver Fashion	415 Nashawtuc Road, Concord, MA	US
S1-914626397	Golden Deutsche, LLC	NC, 1505 Bridford Parkway, Greensboro, Unit 5L	US
S1-631544802	Metro Piedmont Aldabra LLC	2824 Lana Circle, Fort Worth, TX	US
S1-424056867	Red Infra Pvt Ltd	Mumbai, Maharashtra, Mumbai, 35 K Lami Indl Estatenew Link Rd Andheri (W)	India
S1-630339612	Precision Design Studios	3556 Eastside Highway, MT, Stevensville	US
S1-992495575	Wood, Thrall and Haynes Latin	11501 Paganica Way, Albuquerque, NM	US
S1-265814974	Garland Super LLC	10004 Wiseman Lane, Havana, AR	US
S1-620945537	El (India) Solutions Private Limited	Gujarat, Kutch, 1St Floor Morabia Commercialcentre Plotno 44 Sector 9 Gandhidham	India
S1-49201808	Hasse North LLC	AR, 176 Joyce Boulevard, Fayetteville	US
S1-388637520	Blue Trading LLP	131/1 Basaveshwara, Nagara, Mysore, Karnataka	India
S1-402237778	Alfa Seva Samiti	N-15 4Th Floor Terrace Room, Sector 18, Noida, Gautam Buddha Nagar, Uttar Pradesh	India
S1-774329154	Sbg Service Private Limited	5/414 Stonehouspet, Nellore, Andhra Pradesh	India
S1-934758337	Frausto Permian	267 Julia Circle, Unit 10, Sulligent, AL	US
S1-20395913	Toast Institute	H.No. 13-1-1233/15 Natraj Nagar Tappachabutra Karwan, Hyderabad, Telangana	India
S1-995209940	Urgent Care Horizon Specialists Inc	15796 W, Town Of Riverview, WI	US
S1-97534410	Bhawna Credit Pvt Ltd	446 Mi Khasra No 446, Sarojni Nagar, Lucknow, Uttar Pradesh	India
S1-593073622	Bay Veterinary Clinic Inc	197 Hinsdale Street, Ulster, NY	US
S1-861953097	Magnus Academy Partners	Mig 52/962 Khxad / Chikanghar, Thane, Maharashtra	India
S1-117150004	Mickle & Brooks Verde LLC	11 Mulberry Lane, Manchester, CT	US
S1-367310883	Arp Medical Centre	Nagindas Master Road Fort, Mumbai City, Maharashtra, 403 Commerce House, Mumbai	India
S1-716955096	Properties Noor Service Center	Pune, Haveli, Maharashtra, F L No E 2, State Bank Nagar Chs, S No 140/3	India
S1-925180590	Maa Star Agro	G-3, B-Wing Sea Sand Apt. Kadai Pada Uttan Pali Road, Bhaindar West, Thane, Maharashtra	India
S1-939277152	JYH India Private Limited	D-10/5, Okhla Industrial Area, Phase-I, New Delhi, Delhi	India
S1-736728091	Blaylock Universal Inc	215 Lehman Street, Village Of Neosho, WI	US
S1-26171900	Nance's Express Towing	4227 27th Avenue, Unit 2140, Phoenix, AZ	US
S1-45919552	Kritaya Works Private Limited	7, 1St Crossc R Layout Sarakki Main Road, Bangalore, Karnataka	India
S1-85157201	Chd Nutraceuticals Private Limited	C/O Nirmal Kumar, Pokhrama Pokhra, Wan Lakhisarai, Surajgarha, Lakhisarai, Bihar	India
S1-998456115	Anitra Griffin Specialty LLC	15 Windsweep Court, Unit 129, Phenix City, AL	US
S1-59939523	Empire Trailblazer Inc.	2822 Frederick Avenue, Baltimore, MD	US
S1-678491742	Rla Resources Pvt Ltd	#387, 12Th Cross, Rashi Residency, Kadabagere Cross, Magadi Main Road, Bangaloresouth, Bangalore, Karnataka	India
S1-216865654	Deluxe Solutionsprivate Private Limited	301 Tower-17 The Close South (Nirvana Country), Gurugram, Gurgaon, Haryana	India
S1-630354801	Maverick & Brothers Pvt. Ltd.	Flat No. 4, Building No. 1, Vaishali 1 Cooperative Housing Society Ltd. F.P. No. 389, Gulte, Kdi, Pune, Maharashtra	India
S1-881922856	MGI Infotech Limited	C/O Pundlik Raymallu, Durge, 00 Anand Nagar, Chandrapur Ho, Chandrapur, Maharashtra	India
S1-272610077	Womens Health Group Inc	5295 New Hope Church Road, Asheboro, NC	US
S1-834748037	Orly Crenshaw Managed Inc	506 2nd Avenue, West Bend, IA	US
S1-46745889	Great Media Private Limited	C-410, Defence Colony, New Delhi, New Delhi, South Delhi, Delhi	India
S1-126117113	Miller, Howe & Warren, Inc	713 Patterson Avenue, Austin, TX	US
S1-702010060	Preferred Automobile Partners	55 Railroad Street, Rochester, NY	US
S1-760623232	Goodwin Safe Inc	112 Moko Lane, Salem, AR	US
S1-294553583	Warmoth Galata Inc	455 Green Lea Way, Unit 2D, Sunbury, OH	US
S1-997383403	Golden Infrastructure Private Limited	No 22, 1St Floor Gandhi Nagar Adyar, Tamil Nadu, Chennai	India
S1-218207268	Moore & Barajas Inc	1036 Tara Way, Lawrenceburg, KY	US
S1-689977390	Environmental Initiative	866 14th St NE, Cedar Rapids, IA	US
S1-494213110	Bidynify Viking Inc	3260 Galloway Avenue, Unit 1008, Mesquite, TX	US
S1-109574742	Shv & Brothers Private Limited	12 Brindavan Bldg Poonam Nagaroff Mahalkali Road Andheri(E) Andheri, Mumbai, Maharashtra	India
S1-446767996	Rj Plantations (India) Private Limited	168, Sunder Nagar Main, Indore, Madhya Pradesh	India
S1-69404920	Services Connected Conductor Private Limited	Building No.4/105, Chamapara Mrala P.O., Thodupuzha, Idukki, Kerala	India
S1-933616771	K W Garcia Pacific	Unit 2K, Greensboro, 3300 Kobus Drive, NC	US
S1-685227936	Minter, Holt & Gass Merger	7764 160, Walnut Shade, MO	US
S1-523284841	Womens Health Associates Inc	16436 Marcello Drive, Pflugerville, TX	US
S1-826106109	Internal Medicine Precision Specialists Inc	819 Cedar Gate Road, Amherst County, VA	US
S1-53130739	Marrone and Bliss P.C.	16151 Lancaster Highway, Unit D, Charlotte, NC	US
S1-498662924	Santech Art Pvt. Ltd.	Plot No.305, Ayyappa Society Madhapur, Hyderabad, Telangana	India
S1-358181215	Cammi Smith Capital Security Services Inc	6586 Covingtons Corner Road, Fauquier County, VA	US
S1-753194868	Seven Premier Properties Pvt Ltd	95, Masuriha Suratganj, Barabanki, Uttar Pradesh	India
S1-9865430	BT Trusted Floating Clinic	1139 Hamilton Avenue, Sidney, OH	US
S1-487415868	Himalaya Clinic Pvt. Ltd.	D- 8, Gf, Pandav Nagar, East Delhi, Delhi	India
S1-58616769	Kangaroo Traders Private Limited	No.309, 6Th Cross, 1St Block, Rt Nagar, Bangalore North, Bangalore, Karnataka	India
S1-662516910	Christina Croy Internet LLC	4 Rocklea Drive, Gates, NY	US
S1-139402285	Paum Pacific, Inc	6575 Hemmingford Drive, Canal Winchester, OH	US
S1-207109620	Dinous Specialists LLC	3 Richardson Street, Unit D3, Wakefield, MA	US
S1-489515721	Select Southwest Inc	1143 Otterlea Lane, Bedford County, VA	US
S1-141208490	Eye Group	5208 Ravensworth Road, Fairfax County, VA	US
S1-632216186	Health Society	7 Elizabeth Street, Unit Apartment 2, Auburn, NY	US
S1-727987012	Ocimum Emerging Private Limited	E-1002, Crystal Garden, S.No 134/3 Pashan, L.N 11, Haveli, Pune, Maharashtra	India
S1-415979926	Shanti Foods Private Limited	No.44, Madeena Nagara M M Palya, Bangalore, Karnataka	India
S1-942891205	Eye Care LLC	8150 Rubeck Road, Poland, IN	US
S1-907628644	United Montessori School	100 Market Street, Upper Providence Township, PA	US
S1-5347726	Yalonda Smith, Ph.D.	43 School Street, Unit 2, Everett, MA	US
S1-299786592	My Construction Private Limited	3/4, Q Road, Monsatala, Howrah, West Bengal	India
S1-737552114	Eye Capital Health	60 Sunset Drive, Titus, AL	US
S1-849976870	Lower Platinum Canadian LLC	11442 Springrock Lane, Fontana, CA	US
S1-822011789	Veda Marketing Pvt Ltd	Rajasthan, Ub-3, Jaipur, Pink Tower, Near Sahara Chambers, Tonk Road, Jaipur	India
S1-808492569	Supreme Builders Private Limited	No. 80/80, 1St Main, 2Nd Blk, Rajajinagar Nagar, Bangalore, Karnataka	India
S1-649829257	Womens Health Clinic Inc.	269 Dunbar Road, Parma, NY	US
S1-149368793	Shakti Producer Private Limited	Office No. 123, First Floor, Block-4-5, Distt Centre Rajendra Place, Near Lic, Delhi, New Delhi, Delhi	India
S1-525599954	Pioneer Printing Solutions	3443 Liberty Road, West Liberty, KY	US
S1-914452372	Mourya Videos Private Limited	Bangalore North, Karnataka, 4 A Street, Bangalore, Ground Floor, Muneshwara Temple	India
S1-218715962	Giuliano and Lewis LLC	414 Trent Way, Bowling Green, KY	US
S1-126022441	Neelkanth Retail Private Limited	Karnataka, Bangalore North, 3Rd Cross, Kalkere Main Road, 7, Bangalore	India
S1-143454772	Prabhu Urban Private Limited	204, Anmol Palace, Plote No 141 142, Gidc Colony, Umbergaon, Valsad, Gujarat	India
S1-754170248	Kirpal Polytechnic	Tg-2/16 Kolupukur, Tegharia, Kolkata, P.O. Hatiara Ps Baguihati Kolkata North 24 Parganas, D B Nagar, North 24 Parganas, West Bengal	India
S1-181655880	Galaxy Dynamic Products Pvt Ltd	25-8-620, Shanti Nagar, Diesel Colony, Kazipet, Telangana	India
S1-263232440	Vernon Hills Colonial Highview LLC	931 Ann Arbor Lane, Vernon Hills, IL	US
S1-407581185	Marshall Heartland Motor PLLC	544 Stinchcomb Drive, Unit 3, Columbus, OH	US
S1-542851975	Powell Grade Inc.	907 Wright Road, City Of Janesville, WI	US
S1-982950958	Davidson Malt	3021 Kell Lane, Fl 0, Saint Louis, MO	US
S1-156139015	Draney & Pesqueira Popular Inc	705 Cherry Grove Avenue, Unit 202, Annapolis, MD	US
S1-284308279	Davis, Knudson & Fimbres Systems Care	316 Bazil Avenue, Indianapolis, IN	US
S1-280095549	Hernandez & Crane Third	5780 Raccoon Run Court, Waldorf, MD	US
S1-590136213	Chiropractic Apex Partners PLLC	9 Dartmouth Drive, Islip, NY	US
S1-431895945	Ourada and Hicks LP	468 Mill Race Road, Granville Twp, OH	US
S1-291798291	Whitesell Clean Ingredients P.C.	11812 Marlton Avenue, MD, Upper Marlboro	US
S1-95321099	Primary Care Regional Group	3823 Leming Court, Temple, TX	US
S1-757905995	Economic Development Society	9219 Foxboro Drive, Brentwood, TN	US
S1-246625286	Goodwin, Jones and Richards Transalta LLC	21359 H Street, Douglas County, NE	US
S1-808341524	Bold & Brothers Private Limited	A - 2 / 108, Iii Floor Janak Puri, New Delhi, Delhi	India
S1-354470254	Indore Technologies Limited	1St Floor, Building No. Viii/303, West Veliyathunadu, Paravur, Ernakulam, Kerala	India
S1-27192289	Smart Financial Partners LLC	3202 Capri Street, Unit UNIT K, Ontario, CA	US
S1-721371202	International International LLP	557 Pulamber House 1St Floor Jss Road, Chira Bazar, Mumbai, Maharashtra	India
S1-65340836	Taus Resources LP	2301 Manley Drive, Town Of Sun Prairie, WI	US
S1-98421553	Security-widefield Thunder	5354 Barnstormers Avenue, Security-widefield, CO	US
S1-430072999	Trusted Dividend LP	530 Hilda Street, Hempstead, NY	US
S1-202685045	Champion & Campbell L.L.C.	13500 Lone Point Lane, Unit 24102, Draper City (sl Co), UT	US
S1-709496398	Amala Jewellers Private Limited	S/O Pranay Bakshi, 62, Dream House, (M Cl) Riico, Girwa, Udaipur, Rajasthan	India
S1-290277178	Vastra Services LLP	B 45 Sanjay Mittal Bldg No 5 M V Road Andheri, Opp Star Tv, Mumbai, Maharashtra	India
S1-820717663	ZU Proshares LLC	TX, 1 Pastoral Pond Circle, Spring	US
S1-310044750	Clean Logistics Dynamics LLC	845 Berne Road, Columbia Falls, MT	US
S1-184883568	International Care Private Limited	Room No. 24, Aram Nagar No. 1, Opp. Dariya Mahal, Andheri West, Vesava (Versova), Mumbai, Mumbai City, Maharashtra	India
S1-729087912	Valley Fellowship Cary	50 Hunter Street, Unit 509, Cary, NC	US
S1-72490514	Real Logistics Private Limited	Delhi, C-179, South West Delhi, Delhi, Naraina Industrial Area, Phase-1	India
S1-116229177	Western Waste LLC	159 Payne Road, Coeymans, NY	US
S1-28971575	Shiva Power Private Limited	957/1 At Panjangaonkh Tq Madha Dist Solapur, Solapur, Maharashtra	India
S1-584204266	Black Lifestyle Ltd	Tiruvallur, Janaki Nagar, Valasaravakkam, 27, Tamil Nadu	India
S1-119458643	Lotus Consultants Private Limited	A-25 1St Flr, Tejpur Pahari Badarpur, New Delhi, South Delhi, Delhi	India
S1-881912325	Green Oyj PLLC	8302 Westown Parkway, Unit Unit 7105, West Des Moines, IA	US
S1-867874591	Indian Creative Hospitality	D-414, U/G/F Lhs, Gali No. 14A/5 Kh No 94/20/2, Sadh Nagar, Palam Colony, Delhi, South West Delhi, Delhi	India
S1-196821991	Black Golden Foundation Private Limited	Near Old Telephone Exchange Gulab Bagh, Karauli, Rajasthan	India
S1-106170397	Serafin Supreme Illinois PLLC	3625 Cypress Club Way, Fl 1, Columbus, OH	US
S1-377488305	Rowe, Thach & Lockwood Morgan LLC	1313 Fairmont Street, Washington, DC	US
S1-999617935	Spectre Traders Private Limited	Shop No.2, Building No 54, Adarsh Avenue Chs Ltd., Tagor Nagar, Vikhroli East, Mumbai City, Maharashtra	India
S1-957687608	Fortune Power Associates	House No.35 Block A Pkt7, Sector 18, North West Delhi, Delhi	India
S1-1791086	Calderon Investments	1925 Birch Terrace, Town Of Trenton, WI	US
S1-102806263	Maid Hypnosis	3 Barnhart Road, Westminster, MD	US
S1-278047041	Choice Anchor American	578 Housley Street, Unit 207, Morristown, TN	US
S1-525107098	Middle River Youth Church LLC	212 Glider Drive, Middle River, MD	US
S1-569590230	Vision Exports	10, West End, Dlf Farms, Gadaipur Road, Chattarpur, Mehrauli, New Delhi, Delhi	India
S1-305463018	Good Consulting Private Limited	Ce-107, Salt Lake City, Sector-1, Sakltlake, North 24 Parganas, West Bengal	India
S1-459868019	Pioneer Builders Private Limited	Sector-56, Haryana, Gurgaon, H.No. 566, Gurgaon	India
S1-80743386	Phillie Benson Choice Target Inc	3406 Dartmouth Field Lane, Fresno, TX	US
S1-369553183	Amardeep Power Private Limited	Plot No 332Near Telco Service Station Rangpuri, New Delhi, South Delhi, Delhi	India
S1-287381087	Super Technology Pvt Ltd	10174/1A Gurdwara Road, Karolbagh, New Delhi, Delhi	India
S1-577565577	Sai Gujarat Global Private Limited	101, Star Embassy Chs Ltd, Ramdev Park Road, Thane, Maharashtra	India
S1-338631831	Sahyadri India Private Limited	Kp/10/314A, 314B, 314C, Amachal Kulathummal Village, Kattakada, Thiruvananthapuram, Thiruvananthapuram, Trivandrum, Kerala	India
S1-223007918	Laverna F. Debnam, Ph.D.	1204 Broadway Street, Jourdanton, TX	US
S1-951729213	Cancer Trust	228 Alleghany Street, El Dorado, KS	US
S1-790919771	Animal Welfare Council Inc	206 Ashmont Drive, Kannapolis, NC	US
S1-129379997	Zuzana Hayes Target Corporation	Wichita, KS, 8011 Kellogg Street, Fl 0	US
S1-881071169	Pena and Baker Wilco Inc	Chandler, 2009 Cross Timber Drive, OK	US
S1-264758485	Coimbatore Tea Private Limited	35, State Bank Colony, Uzhavarchandai Opp., Singanallur, Coimbatore, Tamil Nadu	India
S1-625794486	Lawrence Ready PLLC	2005 Crystal River Parkway, Bldg BLDG 11, San Marcos, TX	US
S1-998340088	Wilhelmine's Medical Group	6216 Vanderslice Road, Fort Mohave, AZ	US
S1-227566918	Roane Holding Company Inc	8618 Fountain Drive, Glendale, AZ	US
S1-164610400	Hitech Foundation Private Limited	Telangana, Hyderabad, 11-6-718, Bazarghat Red Hills	India
S1-813496958	Pratishtha Charitable Trust	B-289, 3Rd Floor, Kh No-, 271, Chattarpur- Enclave, South West Delhi, Delhi	India
S1-742355281	Southern Builders Private Limited	46/89-10 Bhudhawar Pet, Kurnool, Andhra Pradesh	India
S1-660805248	Smith, Kinsey and Puig Dte P.C.	Kingston, 717 Forest Brook Drive, Unit B30, TN	US
S1-24610196	Rhino Tech Pvt Ltd	C/O Shivnandan Mandal Vill- Nahar Rupauli, Benipatti, Madhubani, Tola- Nahas Paschim Panch- Nahas Rupauli South Block Bisfi, Bihar	India
S1-499494221	Spectrum Brothers LLP	Kunnathunad, Ernakulam, Room No-577, Kerala, Perumbavoor, Palakkaattu Thazham	India
S1-448373538	Evergreen Information Group	Mumbai, Mumbai City, Maulana Shaukat Ali Road, Grant Road, Sheetal Estate, Maharashtra	India
S1-226400041	Adm Plantations Limited	231, Vidya Vihar, West Enclave Pitampura, Delhi, West Delhi, Delhi	India
S1-555538489	Elite Electronics Union LLC	7 High Street, Unit 3, Clinton, MA	US
S1-157171292	Nomad Consultancy Pvt. Ltd.	126, Phase-4, Udyog Vihar, Gurugram, Industrial Complex Dundahera, Gurgaon, Haryana	India
S1-50432598	Sunshine Institute	Plno 380, Shop No 4 Talegaon D, Tal-Maval, Pune, Maharashtra	India
S1-992802284	Consultants Healthcare Constructions Private Limited	Shop No. 24, Mohan Singh Palace, Connaught Place, New Delhi, Central Delhi, Delhi	India
S1-889015903	Velasco Quality Infinite LLC	5939 Concord Church Road, Ramseur, NC	US
S1-664895287	Bright Learning Company Corp	48 Garden Boulevard, Oyster Bay, NY	US
S1-883170277	Boone and Karch Inc	3310 Wrangle Hill Road, Unit UNIT 206, Bear, DE	US
S1-972491065	Mk Academy Private Limited	Ground Floor Laxmi Complex, C-Scheme, Rajasthan, Jaipur, Shop No 54, Jaipur	India
S1-410902109	Quality Acquisition Partners	312 6th Street, Logan, IA	US
S1-85236080	All Sunrise Consultants Private Limited	Chennai, Chennai-91., Tamil Nadu, No.268/1, 4Th St, Karthikeyapuram, Madipakkam, Plot No.33	India
S1-319645269	Rocky Patriot Sky LLC	Fl 0, Annapolis, MD, 67 Town Pines Court	US
S1-804091291	North Services Pvt Ltd	B-38 Vgf Vishal Enclave Rajauri Graden, Delhi, New Delhi, Delhi	India
S1-917246075	Diamond Design Systems, Inc	2713 22, Patterson, NY	US
S1-148391306	Golden Properties Private Limited	Ganjam, Orissa, House No. 641/486 Main Road K S Nagar Null, Berhampur	India
S1-695917325	Chiropractic Medicine	271 Index Avenue, Renton, WA	US
S1-631944125	Hill Arc Inc	11238 Frederick Lane, Twinsburg, OH	US
S1-777207105	Blue Stardust LLC	986 Mabry Hood Road, Unit 408, Knoxville, TN	US
S1-141098049	Stover Best Newhold Brownsburg	1035 Main Street, Brownsburg, IN	US
S1-127444556	Chavez & Mcmenamy Stores, Inc	107 Maple Street, Brinkley, AR	US
S1-744140360	Ram Trading Limited	B-1902 Krishraj Tower Chs Ltd Padma Nagar Chickuwadi Borivali West, Mumbai, Mumbai City, Maharashtra	India
S1-161877337	Trombino Mission LLC	1395 John Shehan Road, Tryon, NC	US
S1-356964664	White International School	Flat No. 205, Ganga Block G-3, Sector-D, Pkt-6, Vasant Kunj, New Delhi, South Delhi, Delhi	India
S1-969887026	East Logistics Pvt Ltd	S-2, Thiru.Vi.Ka.Industrialestate, Guindy, Chennai-32., Tamil Nadu	India
S1-882754131	All Global Pvt Ltd	262/4, H.A.R. Colony, Char Dawaza, Jaipur, Rajasthan	India
S1-588255571	Sweet Hair Studio	8403 Westglen Drive, Houston, TX	US
S1-692220999	Secure Apparel Works Associates	400 Allen Drive, Unit 103, Allen, TX	US
S1-838780973	SGJ Liquor Pvt Ltd	Pune, Maharashtra, Kumar Trade Center Dhankawadi, S.No 19A/3 B	India
S1-509404296	Primary Care Empire Medicine LLC	9860 Heather Lane, Fl 1, Beaverton, OR	US
S1-716911580	Skilled Brothers Pvt Ltd	Howrah, 74 Topsia Road (South), West Bengal, Null, Kolkata, Kolkata	India
S1-619752471	Drayent Preferred Inc	4201 Sunny Field Lane, Crowley, TX	US
S1-365587563	Bharat Engineering	Plot No. J- 52/1/3, Floor No. - Ground, Talegaonkar Laser Pvt. Ltd., W57, J Block, Midc, Indrayaninagar, Bhosari, Pune, Pune City, Pune, Maharashtra	India
S1-627527571	Pan Group Partners	325, Old No.158, Linghi Chettystreet Chennai-600 001. Street, Chennai-600 001., Street, Chennai-600 001., Tamil Nadu	India
S1-154665376	Birch Group	1123 Shadow Glenn Drive, TX, Conroe	US
S1-665002447	Kara Welfare Society	No 1216, First Floor, 2Nd Block Bel Layout, Vidyaranyapura, Bangalore, Karnataka	India
S1-217231108	Exports Shubh Health Private Limited	215/30 Second Floor, Subhash Marg, Lucknow, Uttar Pradesh	India
S1-583639892	Fresh Dynamics Corporation	6 Linda Lane, Hunter, NY	US
S1-824502786	Midwest Fellowship Inc	2003 W Oak Highway, Westminster, SC	US
S1-311065359	Velmoix Semiconductor Inc	51 Cowpens Road, New Site, AL	US
S1-55862260	Nagita Promotions Private Limited	12 Jothi Theatreroad Tirupur, Coimbatore Dist, Tamil Nadu	India
S1-361942672	Diversified Cargo Advisors LLC	1607 Glebe Road, Arlington County, VA	US
S1-529184207	Mrn Nirman Private Limited	A-14/14, Delhi, South Delhi, New Delhi, 2Nd Floor Vasant Vihar	India
S1-837460284	Robinson Tri-State Chiron LP	23 Brockton Avenue, Unit 2, Haverhill, MA	US
S1-122941589	Dennison & Cates Rothschild Inc	226 Spanish Oaks Road, Guin, AL	US
S1-773506928	Rencher, Aguila & Fox	Hot Springs National Park, Unit Lot 20, AR, 5719 Central Avenue	US
S1-354141000	Ford National Automotive, PC	8360 2609, Nacogdoches, TX	US
S1-950070401	Watson Quasaredge	527 Orleans Avenue, Naperville, IL	US
S1-216804167	Namaha Surveillance Private Limited	23 Veerappa Nagar Alwar Thirunagar Madras Joseper Street, Nungambakkam, Chennai 34, Chennai, Tamil Nadu	India
S1-797713949	Projects Shakti Solution Ltd	Regal Paradise, Ph-I, Awadhpuri, Khajuri, Huzur, Madhya Pradesh, Bhopal, Mig-802	India
S1-619498151	Mountain Select Enclave	2191 Co Rd 105, Kitts Hill, OH	US
S1-381098403	Pioneer Commercial International LLC	4404 Hickory Lake Court, Henrico County, VA	US
S1-604700741	Anna-Diane G. Lewis, P.A., DDS PC	71 Symphony Circle, Buffalo, NY	US
S1-629879582	New White Investment Private Limited	C/O Sajid Ansari, 237 Green Park Society Opp I D Chauhan, Talala Road, Patan, Junagadh - Veraval, Junagadh, Gujarat	India
S1-719556755	Adams Special L.L.C.	1068 Laurelwood Drive, Saulsbury, TN	US
S1-124094285	Certified Design Labs LLC	1428 Williams Street, Unit A, Chattanooga, TN	US
S1-620366164	Megapix Weaves Pvt Ltd	C-78, Farmers Society Sector-13, Rohini, Delhi	India
S1-241307698	Candy Schwartz Paloma PC	500 Valley Drive, Naperville, IL	US
S1-284547816	Mountain Fund	45 Hillbrook Drive, Waynesville, NC	US
S1-132193346	Tatech Inc	68 Whipperwill Lane, Greenville, AL	US
S1-623439991	White All Graphics LLC	Park City (summit Co), UT, 2235 Sidewinder Drive, Unit 401	US
S1-837558861	Reliable Apparel Consultants Inc	1425 Victoria Lane, Little Rock, AR	US
S1-747973935	Lynne Tilley Platinum Associated Inc	108 School Street, Spillville, IA	US
S1-815445222	Kota Data Public Limited	Mukut Villa 4 Adarsh Nagar Bundi Road Kunhadi, Kota, Rajasthan	India
S1-568106836	Lyrora Eureka Clinic	5617 Downtown Lane, Town Of Underhill, WI	US
S1-587142328	Feather Engineers Pvt Ltd	No.2127, Arwin, 16-B, Mainroad, Hal2Ndstage, Bangalore, Karnataka	India
S1-886943576	Jemmie's Modern Media	135 Drake Avenue, Auburn, AL	US
S1-908688391	Paul Regional of Charlotte	12118 Red Rust Lane, Charlotte, NC	US
S1-368202365	Webb Goldman	8 Mayfair Road, Dedham, MA	US
S1-464887045	Universal Systems	E- 143, Sumel- 11, Indian Textile Plaza, Ahmadabad City, Ahmedabad, Gujarat	India
S1-297177071	Real Creative Food Pvt Ltd	53/C/2 Bon Behari Bose Rd, Howrah, West Bengal	India
S1-496092312	Amigo Trust	Unit No 408, 4Th Floor Kaliandas Udyog Bhavan, S.H.Tandel Marg Near Century Bazar, Mumbai, Maharashtra	India
S1-334487253	An Memorial Trust	Pune, Sr No. 171C Flat N B -301 Sai Chintan Aprt, Phursungi, Maharashtra, Pune	India
S1-593600927	Alwarpet Rdmadras-18. Madras-18. Leasing Limited	Madras-18., Alwarpet Rdmadras-18. Madras-18., Tamil Nadu, 18 C V Raman Road	India
S1-317468570	Interface Engineers Private Limited	G. No. 16, Palika Bazar, Mahatma Nagar, Nashik, Maharashtra	India
S1-514360031	Creative Consulting Private Limited	1St Floor, Sana Bazar, Near Old Kseb, Ponani, 5-241/1, Kerala, Malappuram, Malapuram	India
S1-369951089	Pipefitters Union Local No 574	846 Pioneer Drive, Seymour, TN	US
S1-587613711	Urban Universal Investment Private Limited	B1/H3 Ground Floor Mathura Road, New Delhi, South Delhi, Delhi	India
S1-139997920	Bright Yoga Inc	6241 Kenmore Avenue, Chicago, IL	US
S1-737309522	Wildlife Federation Corp	114 Rabbit Road, Salisbury, MA	US
S1-468770179	Internal Medicine Colonial Associates LLC	656 Gannet Lane, Bolingbrook, IL	US
S1-656420412	Indian Td	Namo Residency Colony, Jhansi, Uttar Pradesh, Jhansi, Duplex No - 93	India
S1-529891296	Coastal Tankers	5711 344, Brockton, MT	US
S1-364434072	Highland Federation LLC	127 Hillside Boulevard, New Hyde Park, NY	US
S1-582370039	Gilliland Clean Cleaning LLC	1405 Hudson Drive, Litchfield, IL	US
S1-442178131	Vision Services Pvt Ltd	House No. 35-A Adarshpuram, Kunj Vihar Colony, Gwalior, Madhya Pradesh	India
S1-979398012	Powell, Kass & Springfield	276 Banyan Boulevard, Richmond, KY	US
S1-740722282	Lakshmi Technologies Private Limited	Banglore, Bangalore, Karnataka, 501-509 Tower D, 5Th Floor, Diamond District, No150 Old Airport Road, Domlur Flyover, Kodiha, Lli	India
S1-201512269	Fine Web Private Limited	Shop No. 1, Veer Mahal Chs Ltd., Dr. Ambedkar Road, Lalbaug, Mumbai, Mumbai City, Maharashtra	India
S1-280808416	TX Capital Monte	101 2nd Street, Garden City, KS	US
S1-50354180	Stover Medical Center	15123 Jackson Street, Ham Lake, MN	US
S1-226657243	Urology Specialists Ltd	1050 Jones Road, Springville, AL	US
S1-869648800	HS Steels Pvt. Ltd.	Prestige Palladium Bayan, Awfis, 8Th Floor, 129, No.43/1 Greams Road, Nungambakkam, Chennai, Tamil Nadu	India
S1-157700588	Ziratech Tech Private Limited	23 Mukhram Kanoria Road, Howrah, West Bengal	India
S1-594656139	Dermatology Center Inc	41 Bowdoin Street, Unit 38, Cambridge, MA	US
S1-336587531	Ansh About Clinic	A-405, 119 Business Point, Sahar Road, Andheri East, Mumbai, Mumbai City, Maharashtra	India
S1-137601080	Korie Johnson Broadband	5827 Hil Mar Drive, District Heights, MD	US
S1-14031305	East Piedmont Precision LLC	49 Marion Street, Unit 10B, Brookline, MA	US
S1-734056507	PK Bancorporation Center	1921 Foots Creek Road, Fl 1, Gold Hill, OR	US
S1-553802698	Ibarra and Parmer Inc	123 Shoveler Court, Sneads Ferry, NC	US
S1-895910464	Hayes, Barbara, Ph.D.	660 Tremont Avenue, Unit 216, Charlotte, NC	US
S1-371921281	Fesmire Fitness Inc	Somerville, MA, 11 Seven Pines Avenue	US
S1-221225453	Vijay Sunrise Hospitality Pvt Ltd	Balewadi, Nandan Acura, Sn-22 Hn-125(P), Maharashtra, Pune, Fl- B1-703	India
S1-702868476	Micheline Seguin Audio Installation Group	324 Prairie Street, Greenville, IL	US
S1-256104143	Choice Research Brands LLC	New York, NY, 162 105 Street	US
S1-196670006	East Prairie Bitcoin	9050 Heron Court, Monticello, MN	US
S1-138330900	Rishav Immersive Private Limited	P.No.195-C-I, Sunder Vihar, Kalwar Road, Kalwad, Jaipur, Rajasthan	India
S1-866010623	Shanley & Miller	6626 Gaywood Drive, Mobile, AL	US
S1-855753312	Ravaify Corp	8961 Blacksnake Road, Washington Twp, OH	US
S1-651980502	Cardiology Certified Group	1660 Old Pine Bluff Road, Morris, IL	US
S1-253788459	Hermanson, Fritz and Haynes Neurosciences	1540 Hecht Drive, Unit E, Bartlett, IL	US
S1-427607507	Bharat Tech Private Limited	Aruna Co Op Hsg Society, Flat No 9, Dindori Road, Nashik, Maharashtra	India
S1-807429818	Yuan Advisors, Inc	WI, 3071 Eide Street, City Of Oshkosh	US
S1-49935563	Ridge Classic Xflh Corp	1243 Ridge Lane, Mukilteo, WA	US
S1-85642586	Indore Universal Limited	Indore, Madhya Pradesh, Indore, 1St Floor, Harmoni Plaza Agarwal Nagar, Sapna Sangeeta, 107	India
S1-926374473	Applied Insurance Alliance Group	16601 12th Street, Unit 3090, Phoenix, AZ	US
S1-257226555	Vaayuraj Diversity Private Limited	Parshavnath Apparels (P) Ltd. C/O. Tarun Jain D-38, Uttar Pradesh, Ghaziabad, Gf Basement, Rdc	India
S1-531738165	Bright Keystone Can	5010 Cemetery Road, Unit B, Hilliard, OH	US
S1-62588792	Walters Good	1700 Huntington Creek Road, Sharps Chapel, TN	US
S1-266318924	Mac (India) Capital Private Limited	Office No 311, 3Rd Floor, Centaral Facility Building Sector 19, Apmc Market, Vashi, Navi Mumbai, Thane, Maharashtra	India
S1-105632026	American Coastal Tankers	2073 Rubicon Place, Cincinnati, OH	US
S1-252495749	Prime Universal Logistics Private Limited	2 D-19, Mahaveer Nagar Iii, A-Vi Kota, Kota, Rajasthan	India
S1-574137829	Miix Interests Inc	Scottsdale, Fl 1, AZ, 10166 Rising Sun Drive	US
S1-163185499	Anu Imf Pvt Ltd	Gujarat, Plot No. A1/615, Surat, Road No. 6, G.I.D.C.	India
S1-935062147	Dynamic Talent Studios Inc	3333 Joan De Arc Avenue, Phoenix, AZ	US
S1-330552811	Complete Crystal Waste	21 Leedsville Street, MA, Unit 2, Boston	US
S1-100271992	Zelda Berry Therapy	2090 Raider Way, Unit 5207, Leander, TX	US
S1-587657166	Regional Optimal Nuveen, Corp	301 Raye Street, Bldg B, Seattle, WA	US
S1-32181815	Preferred Patriot Apparel LLC	71-45 164 Street, Fresh Meadows, NY	US
S1-435807078	Sky Systems Pvt Ltd	Nashik, Flat No A 05, Shree Tirumala Nandan Apartment Ganesh Nagar, Canol Road, Pipeline Road, Anandwall, Maharashtra	India
S1-114891444	Hari Construction Private Limited	302, Shanni Bhavan Shanti Nagar, Wagale Estate, Thane, Maharashtra	India
S1-974356821	Agra Gas Private Limited	Block No 35/2 Unit No F-10 First Floor Sanjay Place, Agra, Uttar Pradesh	India
S1-282537195	Ridgeline PLLC	155 Broad Street, Unit 1109, Columbus, OH	US
S1-942779540	Milka Ramsey Seneca	3327 Felicia Street, Nashville, TN	US
S1-427275819	Melonie Key Reliable Disciplined	456 Pond Apple Road, Clarksville, TN	US
S1-94152109	Empire Alliance II	4180 150, Browns Summit, NC	US
S1-303481605	Lakshmi Raj Infrastructure Private Limited	Ahmedabad, Opp. Rly Crossing, Maninagar, Ahmedabad, 2/A Shri Shrutikunj H Society 7 Amardeep Apartment, Gujarat	India
S1-146084309	Pediatric Dentistry Cascade Center LP	173 Grosvenor Street, Athens, OH	US
S1-364951958	Pulse Group of Companies Private Limited	Plot No. 30/B, Ward No. 19 Prakash Nagar, Gali No 05, Nagda, Ujjain, Madhya Pradesh	India
S1-200873832	United Foundation	340/111 Ch Ragunath Naini, Allahabad, Uttar Pradesh	India
S1-312664369	Jain Sree Impex Private Limited	921, 9Th Floor, Maker Chamber - V 221 Nariman Point, Mumbai, Mumbai City, Maharashtra	India
S1-775696453	Zesty Services (India) Pvt Ltd	1, Canal Road Vijay Nagar, New Delhi, Delhi	India
S1-234412305	QFS Construction LLC	286 Buckhorn Circle, Weaver, AL	US
S1-344744007	Milano & Sons LLP	C/O Sudhir Kumar, Bihar, Bhikhanpura, Ramdayalu Nagar, Near Sbi Bhikhanpura Branch, Mushahari, Muzaffarpur	India
S1-388665095	3662 Main Blvd Company	955 Lanterman Avenue, Youngstown, OH	US
S1-538643272	Discover Dimensional (India) Limited	B - 39, Sector 64, Hcl, Noida, Gautam Buddha Nagar, Uttar Pradesh	India
S1-348507258	Cordelie Anaya, DDS LLC	171 County Rd 105, Athens, TN	US
S1-733545693	Ray Marks Grand Lending Inc	1117 37th Street, Indianapolis, IN	US
S1-80681071	Leex Blue Inc	260 Mountvista Court, Tazewell County, VA	US
S1-457768551	Classic Sunrise Projects Private Limited	8-3-1068, Pt No.9, Srinagar Colony Yella Reddy Guda, Banjara Hills, Hyderabad, Telangana	India
S1-640116870	Sumeet Institute of Technology	Door No 28/179-A, Puttekkad Road, Ambalangadi, Feroke(Po), Kozhikode, Kerala	India
S1-264578532	Preferred Publishing	136 Wenham Way, Forney, TX	US
S1-169459586	Pediatric Dentistry Partners	7005 Lampkins Crossing Drive, Williamson County, TN	US
S1-731638561	Glm Welfare Society	Ernakulam, Port User Complex No 3, Ernakulam, 1St Floor Indira Gandhi Road, Willingdon Island, Kerala	India
S1-790148312	Life Estate	Office No. 2 D-2, Bp, Nit, Faridabad, Haryana	India
S1-16731339	Golden America Corp	101 Fairgrounds Drive, Sacramento, CA	US
S1-198235164	South Foods Private Limited	105, Floor-10, Plot-228, Mittal Chamber, Barrister Rajani Patel Marg, Mumbai, Maharashtra	India
S1-75131896	Shahdara Resorts LLP	954E 100 Ft Road Babarpur Extn, Shahdara, Delhi	India
S1-112001316	Eastern Premier Infinite	119 Jackson Avenue, Madison, AL	US
S1-283284625	Agency Export (India) LLP	Shop No.105, Rajdeep Chambers Tal.Dist.Nashik, Nashik, Maharashtra	India
S1-176547366	Cancer Total Alliance, LLC	1557 Clarendon Place, Rock Hill, SC	US
S1-836589285	Melton Charter School Inc.	3814 Cassell Boulevard, Prince Frederick, MD	US
S1-326611970	Cellulose Towers Private Limited	42 Bangabandhusk Mujib Sarani, Kolkata, Calcutta, West Bengal	India
S1-584449139	VL Communities LLC	118 Main Street, Freetown, MA	US
S1-715447168	Shrinika Group of Companies	24/74, North Nullivilai, Kalkulam, Villukuri, Kanniyakumari, Kanyakumari, Tamil Nadu	India
S1-112698887	Shree Finance Private Limited	No.118-E, Building-B, Velachery Main Road, Guindy, Chennai, Tamil Nadu	India
S1-236249833	Rexon Technologies Private Limited	P-6/1060, New Shakti Society, Near Greenland Chowkdi, Rajkot, Gujarat	India
S1-780404292	Sai Industries Pvt Ltd	No.3/118H, Shunmugapuram Road, Iyanadaippu, Thoothukudi, Tamil Nadu	India
S1-580610148	Memphis Asset Building Project	6700 Wild Berry Lane, Memphis, TN	US
S1-663090280	Capital Ace Chain LLC	TX, 3108 T, Snyder	US
S1-286233028	JO Anchor Nextera Inc.	15718 Blooming Road, Chesterfield County, VA	US
S1-65849923	Citadel	13647 Partridge Trail, Perry, IA	US
S1-261777340	Pranav Mill Pvt Ltd	P-149, Lalpur, Faridabad, Haryana	India
S1-473087834	Preferred Research Advisors L.L.C.	17094 Whitehouse Farm Drive, Hanover County, VA	US
S1-983435564	Kristin's Dynamic Data	814 Birchwood Drive, WI, City Of Beaver Dam	US
S1-534228134	Peum Holdings Group LLC	8123 Preston Park Drive, TX, Dallas	US
S1-724575721	JYL Safety Private Limited	Plot No C1B 1310, Ankleshwar, Bharuch, Gujarat	India
S1-354633628	Olanium Peoples LLC	N1803 Kennedy Road, Town Of Seven Mile Creek, WI	US
S1-832858249	Dermatology Piedmont Care	110 Ocean Avenue, Unit 6, Revere, MA	US
S1-284475377	Quantova Investors Inc	7153 62nd Avenue, Glendale, AZ, Unit B	US
S1-21488592	Ironworkers Local Union 287 Inc.	80 Hutchings Street, Boston, MA	US
S1-857107134	Siddhi Holdings	Municipal Corporation 71, A.B. Road, Dewas, Madhya Pradesh	India
S1-295845591	Par & Brothers Private Limited	Villa No A005, Casa Grande, Gandhi Nagar, Thalambur, Chengalpattu, Chennai, Kancheepuram, Tamil Nadu	India
S1-9401824	Bluesky Traders Pvt. Ltd.	Muzaffarnagar Shamb, Muzaffarnagar, Uttar Pradesh, C/O Rama Nand Tyagi Mohalla Kanoongoyan, Charthawal	India
S1-400315785	Atlantic Robotics Enterprises, LLC	2827 141st Avenue, OR, Portland	US
S1-541558082	Keeney, Robinson & Murdoch LLC	2991 Lakeside Drive, Unit Apartment 925, Midlothian, TX	US
S1-995010385	GJ Custom Engineering Inc	559 Grand Street, Bridgeport, CT	US
S1-410017820	Quantum Institute	New Delhi, West Delhi, Ramesh Nagar, Rajouri Garden, West Delhi, Delhi, 3/84	India
S1-516773789	Manglam Sugar Limited	No.93, 3Rd Floor, Sai Arcade, 22Nd Main, Bsk 2Nd Stage, Bangalore, Karnataka	India
S1-975700915	Bison	325 Van Dusen Avenue, Evansville, IN	US
S1-60344088	Ojeda, Balderas and Herriott, LLC	5232 Pointer Place, Murfreesboro, TN	US
S1-643639852	QCC Mani Pvt. Ltd.	50-51 Mangal Murti Nagar, Navlakkha, Indore, Madhya Pradesh	India
S1-136461355	Chennai 600037 Project Private Limited	Hig-32, Frist Main Roadmugappair Eri Scheme Chennai, Chennai, Tamil Nadu	India
S1-272789094	Balaji Gold Care Pvt Ltd	43, Venkatasamy Road West, R.S.Puram, Coimbatore, Tamil Nadu	India
S1-742618422	Bright Guggenheim PLLC	2515 Lovers Lane, Dallas, TX	US
S1-803069453	Ochoa Frontier Eastern	550 Milton Street, Alliance, OH	US
S1-109461975	Mariejeanne Gasser Better Pyrophyte, LLC	169 Big Bear Resort Road, Leighton, AL	US
S1-878777821	Board of Parks and Recreation	201 Greenfield Road, Unit 135, Mesa, AZ	US
S1-562155757	Mclaughlin Equity Inc	1174 Kingston Street, Fl 1, Chandler, AZ	US
S1-518524118	Pediatric Dental Care Associates LLC	825 Gold Knob Road, NC, Salisbury	US
S1-213277014	East Aquatech Pvt Ltd	Aditya Shagun, Bld B12, Sn5 Bawdhan Nda Rd, Khandwa, Pune, Maharashtra	India
S1-204794934	Life Marketing Private Limited	At- Rp 81, Pandav Nagar, Road-3 Tankapani Road, Bhubaneswar, Khordha, Orissa	India
S1-650287907	MZB Quality Care	3117 Kimner Drive, Memphis, TN	US
S1-866007923	Everest Sangh	Hno. 100/16-B/1 G.No 11, A Block 4-1/2 Pushta, East Delhi, Delhi	India
S1-620610020	Vision Metro Care Associates Inc	832 St Ouen Street, Bronx, NY	US
S1-477343565	Bunny India Public Limited	S/O Avtar Singh Sethi, Block -65, Ground Floor, Block L, Hari Nagar, New Delhi, West Delhi, Delhi	India
S1-88517306	Vargas Empire Yhn LLC	486 30th Avenue, Tuscaloosa, AL	US
S1-653247657	Cynthia Poulos Innovations	8608 64th Avenue, Portland, OR	US
S1-48837061	Ruth Bioworks of Cornelius	20417 Queens Street, Cornelius, NC	US
S1-472197481	Mundra & Sons Limited	F-452, Sector-91, Industrial Area, Phase-8B, Mohali, Punjab	India
S1-795559136	Oleary's Metropolitan Plumbing	179 Midvale Drive, Dover, TN	US
S1-223176496	Analise Woods Partners, LLC	Edgewood, 2899 Yost Court, MD	US
S1-686724410	Green Finance Limited	27/39, Karnataka, Bangalore, 2Nd Floor, Adinath Apartment Charles Campbell Road, Frazer Town	India
S1-650606886	Commission on Motor Vehicles	6085 Chippewa Trail, Frisco, TX	US
S1-785708388	Beacon Muniholdings	690 28, Dennis, MA	US
S1-998842627	Lumos Jab LLC	Roanoke City, Unit APT 305, 4920 Woodmar Drive, VA	US
S1-285717388	P 2 Horizon Amplify Inc	236 Boyer Street, Dayton, OH	US
S1-151073973	Mysore Opticals Private Limited	No 1173Ch, Chamarajapuram, Mysore, Karnataka	India
S1-286994042	Moore Smart Homecare Corp	2105 Hillwood Lane, Port Orchard, WA	US
S1-214961558	Krishna Marketing Private Limited	F 402 Asha Garden, Kumbharkhan Pada Subhash Road, Dombivliwest, Thane, Maharashtra	India
S1-601781557	Unicare Ventures	Flat 103, Panchartha Apartment, E Ward Mukt Sainik Vasahat, Near Laxmi Nagar, Kolhapur, Maharashtra	India
S1-106291863	Diamond, Scott & Gould Land PC	TN, 100 Naples Lane, Tusculum	US
S1-102669952	Chandresh Engineering Pvt. Ltd.	C/O Mahaveer Sah, Om Talkies Panch, Samastipur, Bihar	India
S1-78994254	Eastern Life Consultancy Private Limited	C 6, Pushpa Bhawan Alaknanda Shopping Complex, New Delhi, South Delhi, Delhi	India
S1-248914477	Kraemer and Rivas Inc	AZ, 1700 Quail Run, Prescott	US
S1-147588503	Pisarski and Barry Airport	110 Winders Lane, York County, VA	US
S1-206610450	Gretna Marin Continental Mortgage LLC	904 Clifton Place, Chattanooga, TN	US
S1-95074246	Dermatology Care Associates Inc	TN, Chattanooga, 705 Mccallie Avenue, Unit 303	US
S1-793851082	Saksham Five Private Limited	Shri Shiva Nagar 4, Sumitra Niketan 12-D, Rajasthan, Jaipur	India
S1-209332598	Lofty Plantations	Old # 11A, New # 25A, B.N.Road, (North Boag Road) T.Nagar, Chennai, Tamil Nadu	India
S1-519081093	Midwest Trust	5447 Barr Road, Amanda, OH	US
S1-458402369	Saint Chapel	6929 2nd Street, Unit APT 19, Scottsdale, AZ	US
S1-46737571	Eye Center LLC	105 Clark Place, Memphis, TN	US
S1-518508156	Sree Constructions Private Limited	No 28/2056, Illathum, Mugal, Mazjith Road, Ernakulam, Kerala	India
S1-423446821	Street, Ollie G., D.O., PC	1732 Vicki Lane, Mendota Heights, MN	US
S1-569894746	Labrecque's Bright Development	5909 18th Avenue, Seattle, WA	US
S1-897422624	Chiropractic Advanced Care Associates Center	2686 Freewood Drive, Dallas, TX	US
S1-71752744	Anilora Marketing Private Limited	C/O Vipin Kumar Jha, Kamal Vihar Kamalpur, Delhi, North Delhi, Delhi	India
S1-54275582	Bonilla Classic Sciences	1820 Neenah Road, Westmoreland County, VA	US
S1-910214068	Dimensions Consultancy	Alibag, 2Nd Floor, Lonare Kankeshwar Vrundawan Society, Anandwan, Alibag, Raigarh(Mh), Maharashtra, Flat No. C/305	India
S1-80104790	Cornerstone Chemical Products	42 Wells Avenue, KY, Owingsville	US
S1-871434740	Uptown Hair Studio	3415 R, Brooklyn, NY	US
S1-87755616	Desert Presidio LLC	4320 White Street, Decatur, IL	US
S1-319141543	Star Atlantic Kgaa LLC	1306 Danish Drive, Grand Prairie, TX	US
S1-72342425	Choice Analytics Associates LLC	7330 E Side Drive, Tacoma, WA	US
S1-779880727	Atlantic Cola LLC	Birmingham, 117 16th Avenue, AL	US
S1-678133875	Urgent Care Medicine	14230 8th Avenue, Burien, WA	US
S1-815293385	Rare & Sons Private Limited	Mumbai, 2Nd Floor, Anmol Chs, S M Haldankar Road, 201, Maharashtra, Mumbai	India
S1-394271841	AWT Launchpad LLC	4569 43rd Street, WA, Tacoma	US
S1-799782482	Lumium Royalties Inc	46-28 202 Street, Bayside, NY	US
S1-922203858	White All Graphics LLC	WA, Arlington, 18009 3rd Avenue	US
S1-498238235	New Delhi Dairy Private Limited	New Delhi, H No-8/9 Ground Floor Mehram Nagar, Delhi	India
S1-372418172	Classic Enterprises Private Limited	169-B, Pocket M, Sarita Vihar, New Delhi, South Delhi, Delhi	India
S1-572455178	Emili Fernandez Premier Defi LLC	942 Loomis Avenue, Des Moines, IA	US
S1-672461963	Uday Gee Limited	Plot No:240/240 Nijigarh, Kurki, Harirajpur, Puri, Orissa	India
S1-740182466	Shakuntla Cart Private Limited	42, Ujina, Nuh, Gurgaon, Haryana	India
S1-343598993	Arlie Wallin Semiconductor, LLC	2089 Holman Street, Alexander City, AL	US
S1-900416551	Villarreal Choice Superior LLC	3609 Trenton Avenue, Tulsa, OK	US
S1-207537610	Scherer Social LLC	959 Millard Avenue, Rialto, CA	US
S1-551480571	Family Group	1041 Pueblo Drive, Barstow, CA	US
S1-975661857	Foot & Ankle Associates of Angel Fire	34 Alta Road, Angel Fire, NM	US
S1-106198727	Ai Manufacturing Pvt Ltd	W.No. 2, H.No. 59, Pratik Nagar, Mangesh Nakat House, Murtizapur, Akola, Maharashtra	India
S1-600808702	Great Midwest Charlton	1019 Pope Avenue, Hagerstown, MD	US
S1-81192361	Classic Infra Private Limited	F2-2202, 22Nd Floor, Tower F2, Cleo County, Sector 121, Noida, Gautam Buddha Nagar, Uttar Pradesh	India
S1-752903823	Garcia and Williams Inc	60356 49, Lineville, AL	US
S1-685350597	Pediatric All Specialists	2606 Bobwhite Road, Fl 0, Wichita, KS	US
S1-634406086	Uptown Tattoo L.L.C.	701 Guadalupe Street, Laredo, TX	US
S1-776615013	White Business Inc.	4424 Evangeline Street, Baton Rouge City, LA	US
S1-395106511	Linzy Nguyen City, LLC	15 Leatherstocking Lane, Mamaroneck, NY	US
S1-834057198	Daix Modern Imperial LLC	9111 State Highway 66, Unit APARTMENT 5405, Sapulpa, OK	US
S1-748877611	Ace Lotus Infotech	F - 378, Infront Of Bhamashah Krishi Upaj Mandi, Indraprastha Industrial Area, Kota, Rajasthan	India
S1-596459711	CNY Network Pvt Ltd	3-9, Road No.6, Venkateshwara Colony, Saroornagar, Hyderabad, Telangana	India
S1-661225072	MB Solutions Private Limited	Howrah, Kolkata, West Bengal, Karaya Road Ground Floor, 93/4	India
S1-825345518	Orr Interfaith Anchor Ministries	Orr, MN, 7073 Echo Trail	US
S1-678994565	RX Crystal Earth LLC	802 Cedar Ramble Lane, Wilmington, NC	US
S1-669182921	Chiropractic Medicine Inc	6236 Wadsworth Road, Montville Township, OH	US
S1-939230476	Snyder Midwest Motors L.L.C.	4018 Aspen Grove Drive, Unit 231, Franklin, TN	US
S1-504740308	Hepler Sterling Tactical	128 Dutch Bend Village, Minter, AL	US
S1-836701782	Prash Marmo Partners	651/A Tulsi Nagar Near Apollo Db City, Indore, Madhya Pradesh	India
S1-841854206	Fresh Nails LP	255 Winter Street, Unit 303, Waltham, MA	US
S1-50157089	Economic Development Guild III LLC	939 Westchester Circle, Hendersonville, TN	US
S1-526298462	Crystal Flour Private Limited	Seoni, C/O. Roshni Jain Reliance Petrol Pump Ke Samne Mlb Ward, Madhya Pradesh	India
S1-659039108	Subhash Power Limited	Door No 109/21, Naseeb Manzil, Kozhikode, Kerala	India
S1-176727388	Metropolitan Interprivate LLC	19614 Salad Creek Court, Cypress, TX	US
S1-155315457	Krishi Public School Private Limited	H. No. 1-7-12/8, Ram Nagar Colony, Nizamabad, Telangana	India
S1-639807990	Western Northland LLC	3036 Cyrandall Valley Road, Fairfax County, VA	US
S1-85253102	Lantern Park Inc	144 Brookfield Circle, Sanford, NC	US
S1-987009703	My Foods Limited	C/O Sandhya Devi, Ahrauli Sekh, Kanpur Dehat, Uttar Pradesh	India
S1-51402971	Cp Services Private Limited	C-2/1052 Palam Vihar, Gurgaon, Haryana	India
S1-186421225	Dermatology Anchor Physicians LLC	230 Highview Circle, Unit Lot 72, Lackawanna, NY	US
S1-473735010	Vision Best Clinic Inc.	4128 A 36th Avenue, Seattle, WA	US
S1-785470648	Olaniq Biologics	43176 Bitter Persimmon Court, Loudoun County, VA	US
S1-216005924	Shaw Hotels	17175 50, Syracuse, IN	US
S1-62632073	Suarez and Gambrell Association Inc	1332 Shadowlawn Court, Clarksville, TN	US
S1-623889119	Jourdanton, County Of Group	595 Christine Road, Jourdanton, TX	US
S1-288066363	Rachele Gomez Chadwick	Unit POOL, TX, Irving, 4031 N Star Drive	US
S1-159659883	Garg Travels Private Limited	Thane, House 18Chendani Koliwada, Maharashtra	India
S1-431774934	Excellency & Sons Private Limited	Of N. 204 2 Floor C And E, Wing Pride Parmar Galaxy, Pune City, Pune, Maharashtra	India
S1-941591633	Value Peak Hyperliquid LLC	835 Mineral Springs Road, Madison, NC	US
S1-579814618	Reine Moss Complete Payments PC	1081 St Hilaire Road, Yakima, WA	US
S1-227616508	Underwood, Stowe & Monroe Inc	2400 Richland Drive, Des Moines, IA	US
S1-635279754	Burch Piedmont Therapeutics LP	2605 Tomahawk Road, Unit 216, Apache Junction, AZ	US
S1-988353353	Innovative Cornerstone Rate PLLC	616 Queensbury Lane, York County, VA	US
S1-263896204	Allard, Maturo and Johnson Institutions LLC	639 Jackson Schoolhouse Road, Falls Of Rough, KY	US
S1-639639555	Bright Technology Private Limited	No. 6-9-30/A2A/Ls/B/911, Block-B, A2A, Jeedimetla Main Road, Balanagar, Hyderabad, Telangana	India
S1-144980832	Blue Estate	7-1-619/A 24/1&2 F No 103, Ameerpet, Telangana, Hyderabad, Sai Bhargavi Residency	India
S1-538168805	Creative Transit Technologies	Logan Township, PA, 4036 8th Street	US
S1-568670890	Allied Smart Gen Inc	212 Dollywood Lane, Unit 156, Pigeon Forge, TN	US
S1-53765121	Siddhi Saree	As-5, 28/481, 5Th Floor, Heavenly Plaza, Civil Lane Road, Padamugal, Kakkanad, Kochi, Ernakulam, Kerala	India
S1-897331208	Young Heartland Nexera LLC	15170 30, Malone, NY	US
S1-791269398	Sanchez Muzero	3821 Harry Street, Wichita, KS	US
S1-134767553	Valdez's Tax Service	251 Gooding Street, Lockport, NY	US
S1-488979626	Miller and Richardson Saratoga LLC	115 Troy Del Way, Amherst, NY	US
S1-620478575	Deepali (India) Generation Pvt Ltd	189, Katra, Bal Singh, Etawah, Etawa, Uttar Pradesh	India
S1-85396495	Royal Consultants Pvt Ltd	31 Mistry Courtdinshaw Vatcha Road Churchgate, Mumbai, Maharashtra, Mumbai	India
S1-333434527	North Great Commerce LLC	115 Sassy Lane, Westfield, NC	US
S1-177881010	QN Innovations Private Limited	Allahabad, Uttar Pradesh, 109A, Shivkuti Teliyerganj, Allahabad	India
S1-369922665	Northwind Inc	7580 Rasmussen Avenue, Tucson, AZ	US
S1-223707549	Parker Software Inc	6505 Church Hill Road, Chestertown, MD	US
S1-56362648	Dynamic Technologies Private Limited	Unit No. 201 & 202, Bldg No.1 (61), Sector Ii, Mahape, Rabale, Thane, Maharashtra	India
S1-703938019	Gabel Genetics LLC	440 Carpenter Avenue, Unit Apartment 13, Newburgh, NY	US
S1-558003949	Peak Desert Four	876 Styles Bridge Road, Collinsville, AL	US
S1-113609254	Dumond Tri-State Aimei Inc	201 Oak Street, Hinsdale, IL	US
S1-954539500	Brooks's Law Group	2170 Ellis Farm Way, Goochland County, VA	US
S1-115859785	3186 Sixth Court Holdings	503 Oak Knoll Drive, MD, Rockville	US
S1-407116838	Curry, Norris & Hernandez LLC	West Haverstraw, 57 Zugibe Court, NY	US
S1-978732778	Vertice Jp Private Limited	63/64, Tardeo Air Condition Market, Ground Floor Tardeo Road, Mumbai, Maharashtra	India
S1-217427623	New Marbles Pvt. Ltd.	1822, Sector 57, Near Huda Water Works, Sadar Bazar, Gurgaon, Haryana	India
S1-491996520	Central Wellness Labs Inc	Woodbury, 542 Smith Clove Road, NY	US
S1-536394458	Tourville Tailwind	10867 Emery Drive, Indianapolis, IN	US
S1-122770460	Lumeon Hawk	2731 Maplewood Street, Cuyahoga Falls, OH	US
S1-515190313	Lotta W. Mitchell, D.C.	1624 Old Lake Road, Lewisburg, TN	US
S1-89314954	Reyes Edp Inc	2670 Fieldstone Court, OH, Troy	US
S1-51549927	Meikle Wave LLC	4206 Caroline Avenue, Portsmouth City, VA	US
S1-21792132	Winstead Rare LLC	63687 Oil Well Road, Kenai Peninsula Borough, AK	US
S1-191703447	Better Great Renewable Inc	1040 Rice Avenue, Bellwood, IL	US
S1-568312304	Newel Fashions (India)	Meerut, W/O Chaman Singh, H. No. D-33, Varnika Estate, Rohta Road, Meerut, Uttar Pradesh	India
S1-334816441	Anchor Logistics Ventures	St Charles, 905 Barton Place, MO	US
S1-990010417	XKJ Biogas Pvt Ltd	Loadha Supremus-806B, New Cuff Parade, Mumbai, Maharashtra	India
S1-916360441	Fuller, Smith & Sedam	DE, Wilmington, 2 Thistle Court	US
S1-675900360	SE Paper LLP	8-2-415 Road No 4 Flat-Bg, Khairatabad, Hyderabad, Telangana, Signature One Apartment	India
S1-228298454	Prairie South LLC	2208 Royal Lane, Dallas, TX	US
S1-891706363	Gilbert, Jenda, L.C.S.W.	3470 Fancy Farm Road, Bedford County, VA	US
S1-562251323	Oliy Hemphill High	3033 Arizona Avenue, Unit 338, Chandler, AZ	US
S1-466106842	Schoen Global Tree	1822 Esters Road, Unit 2038D, Irving, TX	US
S1-416132042	Enterprises Wonderland Dhatu Limited	Plot No -10 Mecca Ganj Khadra, Lucknow, Uttar Pradesh	India
S1-958139421	Pranan Devcon Pvt Ltd	Pune, Maharashtra, 407, 23 Lullanagar Chowk Kondhawa, Winners Court	India
S1-927386238	Small Clear Bridge LLC	148 Millbury Avenue, Millbury, MA	US
S1-42445807	W+ Chicago	10663 Kelly Court, Indianapolis, IN	US
S1-397404237	Salem Youth Center Inc	4806 Capistrano Court, Salem, OR	US
S1-524494649	Rev It Up Nails	718 2nd Street, Marietta, OH	US
S1-561798195	National Capital Partners LLC	1437 Missile Base Road, Judsonia, AR	US
S1-684460528	Global Consultants Private Limited	Sco-9, Gf And Basement, Huda Market Sector-31/32A, Sadar Bazar, Gurgaon, Haryana	India
S1-728223702	Ace Human Private Limited	A-104, 1St Floor, A Wing, Plot 355/357, Florentine Dosti Acres, Shaikh Misree Road, Antop Hill Bus Terminal, Antop Hill, Mumbai, Maharashtra	India
S1-359210231	DS Automobiles Corp	Om Decora 9 Square Wing-A, 504 Office 5Th Floor Nana Mava Circle, Rajkot, Gujarat	India
S1-373639218	Satco (India) Coin Private Limited	Shop No. 23 Mahalaxmi Heights Near Bank Of Mah Old Pune-Mumbai Highway, Morwadi, Pimpri, Pune, Maharashtra	India
S1-673043144	Anand Global LLP	Roorki Road, Sardulgarh, Mansa, Punjab	India
S1-496138803	Q 4 Secure Regency LLC	206 Mary Waters Ford Road, Lower Merion Township, PA	US
S1-118084305	Housing Center Inc	1225 400, Columbia City, IN	US
S1-260108763	Sangam Merchants Pvt Ltd	H No. 8-1-402, Gulshan Colony Shaikpet, Hyderabad, Telangana	India
S1-459842090	Rajal Industrial LLP	C/O Ramesh Jawalkar, At Alandi, Tal. Haveli, Daund, Pune, Maharashtra	India
S1-460418215	Supreme Integrated Pennantpark	50 Dutchess Avenue, Poughkeepsie, NY	US
S1-739463392	Johnson Blue LLC	801 Purtscher Drive, Peoria, IL	US
S1-828521537	Deepjyoti Bee Limited	Gala 205, Triumph Industrial Estate Western Express Highway, Goregaon East., Mumbai, Mumbai City, Maharashtra	India
S1-451073230	Main Street Yoga LLC	6642 Dodson Road, Brookville, OH	US
S1-111051089	Golden Industries Private Limited	906 Unnao Adarsh Nagar, Near Sarla Palace Kanpur, Unnao, Uttar Pradesh	India
S1-430893489	Gold Projects Private Limited	Flat No -304, Block-X, Vaishno Monarch Apartment, Bhubaneswar, Khordha, Orissa	India
S1-287858887	T+ World Group	1465 Wilmette Avenue, Wilmette, IL	US
S1-255065121	Cardiology Quality Physicians LLC	6669 Highgate Lane, Dallas, TX	US
S1-850703001	Dynamic Platforms	321 Alamar Knot Way, Georgetown, TX	US
S1-893019657	Shree Construction Private Limited	Vela Kutir 2Nd Flr 25Navyug Chs Ltd Juhu Scheme V M Road Vile Parle West, Mumbai, Mumbai City, Maharashtra	India
S1-406779795	Boyer Summit	Corolla, NC, 1646 Ocean Pearl Road	US
S1-805336245	Anchor Farmers Pvt Ltd	C-42, Sector-34, Noida, Noida, Gautam Buddha Nagar, Uttar Pradesh	India
S1-901642602	Hawes Choice Bancorp Partners	4950 258, Greene, NC	US
S1-151714625	Custom Fisheries Inc	5885 Wiclif Road, Canton, OH	US
S1-912557383	Front Consulting Pvt. Ltd.	Thane, Dombivali East, Sr No -80, Gupta Galaxy, Shillphata Road, Dawadi Dombivali, Maharashtra, First Floor Hall	India
S1-768675538	Unified Mortgage	15850 Perthshire Creek Drive, Humble, TX	US
S1-547976821	Grand Dynamix L.L.C.	405 Bradshire Court, Deer Park, TX	US
S1-847355223	Cohen, Frazier & Gutierrez Iheartmedia Corporation	Owenton, 1420 127, KY	US
S1-333358493	Guru Systems Private Limited	House No 2067, Bpo-Midc, Tarapur, Awadnagar, Tarapur, Thane, Maharashtra	India
S1-117858081	Silver Estate Limited	Hanuman Compound Veera Hanuman Marg, Chitpady, Udupi, Karnataka	India
S1-972778043	Ace Insurance Collective Co	1807 Colvin Street, Syracuse, NY	US
S1-832689294	Shivam Consultants Private Limited	Badshahpur, Haryana, 2220, Gurgaon, Gandhi Nagar Colony, Behind Sabji Mandi	India
S1-367490841	White Supreme Private Inc.	2603 Ingram Road, High Point, NC	US
S1-768064465	Clyium Managed LLC	431 Dead Indian Memorial Road, Unit 12, Ashland, OR	US
S1-398652017	Aditya Technologies Private Limited	B/22 Nr Satyagrah Chawni, Nr Ramdevnagar Bus Stop, Jodhpur Tekra, Ahmadabad City, Ahmedabad, Gujarat	India
S1-249685841	Super Consultancy Private Limited	Building 1057/1, Second Floor - 2, Gali Hira Nand, Maliwara, Delhi, Central Delhi, Delhi	India
S1-390091612	Olmedo's Realty	3974 Huddington Court, Winston-salem, NC	US
S1-284011706	Halcex Tinto LLC	203 Labass Street, Muldrow, OK	US
S1-148825883	Chowringhee Properties Limited	S-5, First Floor, Subhash Nagar Shopping Center, Shastri Nagar, Jaipur, Rajasthan	India
S1-919439096	Turner Bros	West Delhi, Janakpuri, B-1/637 Third Floor, New Delhi, Delhi	India
S1-981056708	Physical Therapy Medicine LLC	8298 Via Carrillo, Rancho Cucamonga, CA	US
S1-825168376	Conner Global Graphics LLC	212 Splendor Way, Parrottsville, TN	US
S1-716894242	XW Circle	1951 Patrick Road, Waxahachie, TX	US
S1-251188916	Better World Corp	Tinley Park, 17820 Navajo Trace, IL	US
S1-242059179	Royal Energy Private Limited	# 461A, Devarahalli Post, Opp. To Old High School Street, Channagi, Ri Taluk, Davangere, Davanagere, Karnataka	India
S1-388589542	Hanson, Johnson & Quinlan Inc	IN, 8830 Durbin Court, Schererville	US
S1-153527959	First Opportunities	209 Broad Street, Binford, ND	US
S1-376451410	Star Hancock	NY, Allegany, 648 16	US
S1-642277127	Goss Charlton Co	332 Road 9, KS, Tribune	US
S1-313553604	Scott Bhav	6026 San Marcos Way, NC, Raleigh	US
S1-597479687	Jai (India) Solutions Private Limited	Lg-5, Sunrise Tower, 579, M.G. Road, Indore, Madhya Pradesh	India
S1-972813913	Little Tattoo	1630 Prairie Vista Cir, Bettendorf, IA	US
S1-471010861	Om Finance Private Limited	Sy No. 36/3 Chikkakasankandi, Hosahalli Post, Koppal, Karnataka	India
S1-478594859	Fleury's Pharmaceuticals	65 6th Street, Winona, MN	US
S1-905998232	Paloma's Security	154 2nd Avenue, Gallipolis, OH	US
S1-616943292	Duhon Preparatory Academy, Corp	505 Friar Tuck Circle, Smyrna, TN	US
S1-281743555	Aggregate Apparels Limited	Shed No.207/8, Bantia Estate, Sikh Road, Secunderabad., Telangana	India
S1-332019466	Continental All Fast	1143 County Road 4153, Simms, TX	US
S1-873299304	All Marketing Private Limited	A-62/5, Ground Floor, Back Side, G.T. Karnal Road, Industrial Area, Delhi, North West Delhi, Delhi	India
S1-523736451	Virani Flower LLP	C/O Tilak Raj, Govindgarh Mod Alwar-Delhi Highway, Ramgarh, Alwar, Rajasthan	India
S1-156289214	Prissie Shannon Legacy Municipals	Tucson, 1452 Sonora Street, AZ	US
S1-11454997	Metro Holding Company Corporation	NC, Raleigh, 3860 Pin Oak Road	US
S1-117064429	Goldrick Dominion Care	6036 900, Otwell, IN	US
S1-963104624	Smith Brewing Inc	4525 Garvin Circle, Unit APT E, Saint Louis, MO	US
S1-589553100	Dental Blue Specialists LLC	1430 Stanley Street, Malvern, AR	US
S1-715402493	Tech Technologies Private Limited	Shop No A4, Neighbourhood, Shopping Complex Nerul, Thane, Maharashtra	India
S1-522371488	Big Investments Private Limited	4/1421, Customs Road Kozhikode Taluk, Calicut, Kozhikode, Kerala	India
S1-177610112	Tech Business Private Limited	Gulabara, Pole-G9-C2 Chhindwara, Chhindwara, Madhya Pradesh	India
S1-653172248	Sai Technologies LLP	Door No. 50-50-30/12/1, 3Rd Floor Vandana Plaza, Opp Gurudwara Bus Stop, N, H 5 Road, Visakhapatnam, Vishakhapatnam, Andhra Pradesh	India
S1-313637163	Bennett Innovative Diversified LLC	530 Shepherd Drive, Garland, TX	US
S1-328237344	Optimal Media International LLC	250 Harrogate Road, Lower Merion Township, PA	US
S1-669418249	Aaram Sugars Private Limited	403, Crown Heights, Sector - 10, Rohini, Delhi, North West Delhi, Delhi	India
S1-359153312	Mpd Infratech	No.2/679, 2Nd Main Road, Vgn Nagar, Iyappanthangal, Sriperumbudur, Kanchipuram, Tamil Nadu	India
S1-972608002	Akira & Co	Plot No.285, Nn No63B/642, New Janta Colony, Agra, Uttar Pradesh	India
S1-151030770	Indo Business Private Limited	181/39 R H B, Pratap Nagar, Jaipur, Rajasthan	India
S1-847588655	Frasier's Pinnacle Cleaning	1913 Bringle Road, Covington, TN	US
S1-544803037	Hatmaker, Bowlin & Ennen	922 Tidewater Lane, Carolina Beach, NC	US
S1-796867952	Workman Wisconsin	130 Loretta Avenue, Fl 0, Saint Louis, MO	US
S1-845810996	Elvira Chavez Plains LLC	2053 Kedvale Avenue, Chicago, IL	US
S1-401787789	Hilton Trust Clinic	120 17th Street, Dover, OH	US
S1-991244095	Cotton, Moria R., MD	176 Waverly Street, Unit Apartment 3R, Yonkers, NY	US
S1-621866070	FR Services Private Limited	Kerala, V/1051-P, Vip Panorama Arcade Athani Junction, Athani, First Floor, Ernakulam	India
S1-758120851	Gopa Lifespaces Private Limited	157, Nayavas Nai Basti, Baseri, Dholpur, Rajasthan	India
S1-650254962	Jay Agro Private Limited	1St-Fr, 6/A/1, Tulsi Charan Mitra Garden Lane, Bally Jagachha, Howrah, West Bengal	India
S1-432979447	Siruvani Traders	634, S.F. Basement Right Side, Gali No. 7, Govindpuri, Kalkaji, New Delhi, Delhi	India
S1-776193593	Alien Clinic	Shamarao Kadam Chl R No-2, Jijamata Marg, Mumbai, Maharashtra	India
S1-950310685	Aditya Laxmi Management Limited	Krishna, Vijayawada, Teachers Colony Patamata, Door No. 59-17-3/2, Andhra Pradesh	India
S1-132542465	Vanguard Ventures	Unit UNIT 19, MT, Bozeman, 3300 Graf Street	US
S1-901174338	United Global Private Limited	Hno D55/1, Tf Fateh Nagar, N.D. 18 West Delhi, New Delhi, West Delhi, Delhi	India
S1-852731564	Melange Urban Limited	706, Bldg No 1 Wing 2 Gaikwad Ngr, Malvani, Madha Layout, Malad West, Mumbai City, Maharashtra	India
S1-821761785	Ds College	Om Appartment, 1St Floor 27/B/2, Rayghat Lane, P.S. Serampore, Hooghly, West Bengal	India
S1-559606358	Shraddha & Associates	Gopalpur Paschim, P.O. Bagnan P.S. Bagnan, Howrah, West Bengal	India
S1-255687648	Meon LLC	1815 Fixler Road, Sharon Township, OH	US
S1-788759542	Krishna Industries Private Limited	E/M 42, Basanti Colony, Rourkela ., Orissa	India
S1-265276030	Reichel Academy PC	410 Deborah Street, Bono, AR	US
S1-440103564	Eastern Exports Private Limited	1St, 5/56, Western Extension Area Karol Bagh, Delhi, Central Delhi, Delhi	India
S1-813796548	North Anchor Beijing LLC	13405 Arlingford Avenue, Baton Rouge City, LA	US
S1-865180372	Tech Enterprises Limited	Flat No 5053, Platina Appaswamy No.166 Mount Ponnamallee Road, Porur, Chennai, Tamil Nadu	India
S1-863305311	Preferred Liberty Fortune	14 Chatham Street, Unit Apartment 5, Nassau, NY	US
S1-469886849	Quartz Rothschild Inc.	6573 Cooperstown Circle, Tuscaloosa, AL	US
S1-424976769	BS Projects	Shop No.- 4, Ground Floor, 59/101 Kanhaiya Plaza, Dalmandi, Canal Road, Kanpur, Uttar Pradesh	India
S1-899874737	Pal Welfare Society	2/22 P V Complex Gokula Extension Mathikere Bangalore, Bangalore, Karnataka	India
S1-117525650	Whitley Quasaredge, Inc	1809 Morena Street, Unit 317, Nashville, TN	US
S1-28052141	Mccray Ace Crumrine	118 Prospect Street, Unit Apartment 1Z, Ithaca, NY	US
S1-433619578	DI Financial P.C.	7530 Tempo Road, Magna City, UT	US
S1-661390886	International Builders Private Limited	Sanchore, C/O Ram Lal Majhu, Rajasthan, Itada, Jalor	India
S1-31931635	DP Informatics Pvt. Ltd.	D-104, Keethana Blossom Apartments Panathur Road Kadubesanahalli, Bangalore, Karnataka	India
S1-891829965	Education Fellowship	427 Hot Springs Alameda Road, City Of Stevenson, WA	US
S1-320198412	Star & Brothers Private Limited	H No.556/1 Shitolenagar, Sangavi, S No.13, Maharashtra, Pune	India
S1-76844593	Big Engineering Private Limited	2870 Ajmal Khan Road, Karol Bagh, Delhi	India
S1-999922243	Silver Marketing Company Partners	130 Central Avenue, Atwood, IL	US
S1-55306857	Marketing (India) Solutions Private Limited	B\29, Office No. 102, Dreamland Bldg, Behind Thane Tmt Bus Stop, Near Station, Miraroad Eas, T, Thane, Maharashtra	India
S1-958506826	Treasure & Associates	Mirzapur, Village Mawaiya Mawaiya, Uttar Pradesh, Mirzapur	India
S1-53860766	Arellano, Morris & Gonzales PC	1707 Flint Hill Road, North Wilkesboro, NC	US
S1-921009020	Wang Auto Repair PC	13425 Hillsboro Avenue, Savage, MN	US
S1-204656333	Prairie Precision Intercontinental Inc	66 Byron Avenue, Lawrence, MA	US
S1-323309438	Ailyn Glenn Ford Inc	155 1500, Richfield City, UT, Unit C203	US
S1-343577734	Smith and Holmer Perimeter L.L.C.	795 High Grade Way, Steele Creek, AK	US
S1-504899681	Ram Global Private Limited	Aag-12, Gh-7, Azure Shipra Krishna Kaushambi, Ghaziabad, Kaushambi, Ghaziabad, Uttar Pradesh	India
S1-750698300	Cooperative Cargo Concepts Inc	7802 97th Street, Unit APARTMENT  7201, Tulsa, OK	US
S1-652394838	Latin	Fort Worth, TX, 101 Nursery Lane	US
S1-823114441	Alexander Columbia LLC	4119 Toni Avenue, Keizer, OR	US
S1-724621456	Prani Online Private Limited	Flat B/701 Spring Fuild, Coop Hsg Soc Sn 50 (Part), Pune City, Pune, Maharashtra	India
S1-81826830	Perry Breeding Private Limited	C/O Bhagawan Prasad Manjha Barhata Neur Ka Purva Ayodhya, District Ayodhya Uttar Pradesh, Faizabad, Uttar Pradesh	India
S1-666361206	Happy Deli	21780 Canopy Terrace, Loudoun County, VA	US
S1-449095812	Choice Property Union LLC	2816 29th St, Bettendorf, IA	US
S1-409324604	Jams & Partners Limited	Ahmedabad, B/3/2-Patel Estate, Opp Muktidham Estate Viratnagar Road, Nr Gnandeep School, Nicol Gam, Gujarat	India
S1-527282900	Ranjana Industrial Limited	19B, Mandeville Gardens Rajiv Apartments, Kolkata, Kolkata, Howrah, West Bengal	India
S1-821063848	Family Safe Health, L.L.C.	92 Pine Street, Newport City, VT	US
S1-2904533	First Impex Private Limited	7 British Indian St, Kolkata, Calcutta, West Bengal	India
S1-522846216	DHH Constructions Private Limited	Delhi, South Delhi, Delhi, Ground Floor, Abdul Samad Raod, Batla House, Jamia Nagar, New Delhi, Q-24	India
S1-740568549	Piedmont Select Figx	29910 Prairieview Farms Boulevard, Elkhart, IN	US
S1-353202458	Rosabelle Bodine Realty	11464 Lori Lane, Tyler, TX	US
S1-82893030	Straight Edge Hair Studio	10384 Humboldt Avenue, Rancho Cucamonga, CA	US
S1-238274296	Fresh Express Good LLC	410 Market Street, Prophetstown, IL	US
S1-981843558	Prana Traders Pvt Ltd	No 1157, 2Nd Floor, 20Th Cross, 5Th Main, 7Th Sector, Hsr Layout, Bangalore, Karnataka	India
S1-958380693	Mountain Coalition Group	727 Oakcrest Court, Fl 1, Olympia, WA	US
S1-942275093	Apex Enterprises Private Limited	1305, Prathmesh Pooja Chs Ltd, Tps Iii Nr. Kastur Park, Ganesh Temple, Borivali, West, Mumbai, Mumbai City, Maharashtra	India
S1-493944188	LT Prime	126 Oakview Lane, London, KY	US
S1-32159206	Reese & Evans, Inc.	135 Dennison Crossroad, Southbridge, MA	US
S1-382648806	King Pacific View LLC	7987 Hill Top Lane, Harrisburg, AR	US
S1-924360225	Royal Genomic Labs LLC	11643 Sunderlin Drive, Huntley, IL	US
S1-546515638	Flores Summit Polska LLC	1756 Pierson Court, Laramie, WY	US
S1-714922663	Moon Synthetic Ltd	A 2/137 Raj Lakshmi Complex Above Jalaram Assessory, Old Padra Road, Baroda, Gujarat	India
S1-277120440	NI Fitness Private Limited	26/4, 2Nd Cross, 4Th Main, 4Th Block, Bangalore South, Bangalore, Karnataka	India
S1-804870663	Dynamic Frontier Truist Inc.	8201 79th Terrace, Kansas City, MO	US
S1-593764809	Tech Estate Limited	11A, Sai Rang, Rachana Park Opp. Pramukh Darshan, Valsad- Atul Road, Valsad, Gujarat	India
S1-791937290	Urology Star Medicine	1071 Beeson Run Road, Walker, WV	US
S1-379758065	Delphoenix Gauges (India) Limited	Cuddapah, Sastri Nagar, Ymr Colony, #2/547/547/1, Proddatur, Andhra Pradesh	India
S1-758228351	Star Global Private Limited	252/8, Village Bamnoli, Dwarka, Sector-28, New Delhi, South West Delhi, Delhi	India
S1-940949278	Heritage Preferred Mountain Group	100 Terrace Avenue, Unit Suite 172, Hempstead, NY	US
S1-532986535	Analiese Allen Interstate Motors, Inc	480 Lehman Avenue, Unit 102, Bowling Green, OH	US
S1-177823671	Aarvora Commodities Private Limited	Bhagwati Chambers, R. No.203 2Nd Floor, 3 Princep Lane, Kolkata, Howrah, West Bengal	India
S1-536770526	Vision Clinic of Greene LLC	27 High School Boulevard, Greene, IA	US
S1-179556323	Yash Seeds (India) Private Limited	154, Mall Apartments Mall Road, Delhi	India
S1-953970638	Amaris Skills	Madhya Pradesh, Rau, Ramesh Vihar Colony, Indore, Mhow	India
S1-749693622	J/N Nuclear Inc	183 Woodruff Avenue, Toledo, OH	US
S1-468701231	Santiago Long Dover Inc	197 Squawigm Road, Dover, DE	US
S1-911131495	Big Power Limited	18/177 Durga Puri Patel Nagar, Aligarh, Uttar Pradesh	India
S1-196090442	Jain Foundation Pvt Ltd	Ward No. 67, Room No. 1144, Thoppayil, Kozhikode, Kerala	India
S1-381056460	Maa Foundation Private Limited	Plot.No.11, First Floor, Srinivasa Nagar, Agaram Main Road, Selaiyur, Chennai, Tamil Nadu	India
S1-815567761	Red Food Private Limited	Room No. - G-6B, Ground Floor Sevoke Road, P.S. - Bhaktinagar, Dist.-, Jalpaiguri, Gitanjali Complex, West Bengal, Jalpaiguri	India
S1-324353196	Bharatiya Association Corporation	Kothi No. 3, Old Mata Gujri Enclave Mandi Kharar, Teh. Kharar, Mohali, Punjab	India
S1-181310003	Relation (India) Seals Private Limited	H.No. 401, Sec-42, Near Vita Diary, Gurugram, Urban Estate, Gurgaon, Haryana	India
S1-432394295	Sanders Best Brokerage LLC	AL, 11942 72, Cherokee	US
S1-541045953	The Dent Hair Studio Inc	8603 Powderhouse Road, Unit 1, County, WY	US
S1-681080436	Cypress Corp	1726 Suzy Street, Sandwich, IL	US
S1-137728012	Garcia Total Convertible, L.L.C.	385 Crescent Avenue, Unit Apartment 2, Buffalo, NY	US
S1-704890288	Clean Schwab LLC	84 Atlanta Street, Haverhill, MA	US
S1-917398455	Sterling Talent Labs LLC	8510 Abrams Road, Dallas, TX	US
S1-837025896	Internal Medicine Continental Care LLC	IN, Indianapolis, 3538 Luewan Drive	US
S1-866319841	Dynamic Tech Pvt Ltd	42/43, Basement, Punjabi Bagh West, New Delhi, North West, Delhi	India
S1-921237438	International Services Private Limited	Jhund Sarai, Haryana, Farrukh Nagar, Gurgaon, Hno. 124	India
S1-791934662	Golden Cea	NC, Holly Springs, 6744 Rex Road	US
S1-595402926	Waukee Diagnostics	1165 Olson Drive, Unit Unit 206, Waukee, IA	US
S1-474398689	Aditya Shrimp Private Limited	No.103 Chartered Mady 17Th Main 2Nd Phase J P Nagar, Bangalore, Karnataka	India
S1-719529249	Advanced Security Associates LLC	Colden, NY, 8645 Stanfield Road	US
S1-811303740	Dermatology Physicians Corp	12910 Castlewind Lane, Pearland, TX	US
S1-382125488	American Secure Steers LLC	4505 Parker Road, Unit APT 303, Florissant, MO	US
S1-360139295	Sealy Regional Services	1526 Eagle Lake Road, Sealy, TX	US
S1-458506706	Wall Opendoor PC	179 Main Street, Unit 309, Logan City, UT	US
S1-67591383	Linger & Arroyo, Inc	708 Blair Loop, Walland, TN	US
S1-927747606	Family Partners of North Charleroi Borough	311 Conrad Avenue, North Charleroi Borough, PA	US
S1-85256606	Livvyy Parker Earth LLC	5978 Pebble Beach Avenue, Memphis, TN	US
S1-108326575	GG Ventures Private Limited	Office 103 Ground Floor, Rupasolitaire, Sec-2 Mbp, Thane, Maharashtra	India
S1-455703120	Plank United Brewing	512 Academy Avenue, Federalsburg, MD	US
S1-481050061	Delhi Sharp Private Limited	Hn- 38/5/2 S/F Aram Park Shastri Nagar, Delhi, East Delhi, Delhi	India
S1-889688347	Silver Financial Industries LLC	485 Willow Street, Unit 27, Waldport, OR	US
S1-434049818	Sea Enterprises	1805 Adams Street, Arlington County, VA	US
S1-378571171	Products Topwell Homz	196/9, Shop No- 9, Ward No-17, Daware Complex, Morshi, Amravati, Maharashtra	India
S1-520107432	Great Center	3658 Maplewood Avenue, Unit APARTMENT  C, Tulsa, OK	US
S1-703544009	Chiropractic Center of Revere	770 Revere Beach Parkway, Unit 100, Revere, MA	US
S1-581924464	Surya Business Limited	H No 8-3-210/2, Srinivasa Colony Maithrivanam, Hyderabad, Telangana	India
S1-674489666	Metropolitan Altenergy	10605 Le Mans Drive, Dallas, TX	US
S1-85445813	Sparkling Communications Private Limited	Plot No. 151, Chak Kumar, Debra Bazar, Dist- Paschim Medinipur, Kharagpur, West Midnapore, West Bengal	India
S1-884728541	Rapid Couriers	515 P Street, South Amana, IA	US
S1-690963367	Vanguard Disciplined	723 7th Street, Ponca City, OK	US
S1-176888366	Premier Finance	H No: 3-6-200/401 Flat No: 401 Arunodaya Apartments Himayath Nagar, Hyderabad, Telangana	India
S1-498754359	Upper College	204 Pond View Pass, Buda, TX	US
S1-583376468	Dermatology Center LLC	Fl First Floor, PA, 40 Blake Avenue, Rockledge Borough	US
S1-899992624	Integrated Metro Hydro P.C.	5035 Matador Lane, Rosharon, TX	US
S1-151876445	Marutham Life Private Limited	Flat 204, Floor 2, Ncc Urban Gardenia, Seri Lingampally, K.V.Rangareddy, Telangana	India
S1-339554923	Big Massage	Laredo, TX, 703 Laurel Drive	US
S1-270835520	Kaydee & Partners Company	Chaphalkar & Hublikarbrahma Chambers 4Th Floor 2010 Sadashiv Peth, Pune, Maharashtra	India
S1-966003571	Barnett Suisse LLC	38 Larkspur Lane, IL, Streamwood	US
S1-298079106	Juliane J. Lugo, DO, DDS PC	1011 4th Street, Unit 303, Washington, DC	US
S1-138217554	Desert Animal Hospital	1237 East Street, Indianapolis, IN	US
S1-399029343	Polaris LLC	322 Grand Avenue, Coeburn Town, VA	US
S1-421557027	South Consultants Private Limited	G-91, Second Floor, Patel Nagar-Iii, Ghaziabad, Uttar Pradesh	India
S1-528770088	Seka's Delta Bakery	5101 Town And Country Road, Raleigh, NC	US
S1-572403449	Preferred Hospitality Studios	1808 Westwood Avenue, Unit E, Toledo, OH	US
S1-315923373	Liberty Center LLC	Poughkeepsie, 61 Worrall Avenue, NY, Unit Apartment 2	US
S1-691584189	Ns Labs Ltd	C/O. Indore City Auto Garrage Near Rajeshri Cinema, Lotiya Bhagol, Anand, Gujarat	India
S1-275086932	Skypack Cement Private Limited	Ra 805, Purva Riviera, Airport Varthur Road, Marathahalli, Bangalore, Karnataka	India
S1-392229488	High Ventures Private Limited	Unit No. 301 301A, Sr. No 1412 To 1424, 4Th Floor, Fortune Plaza, Thube Park, Haveli, Pune, Maharashtra	India
S1-321957566	Trm Interior Group	A/6/1, Godavarinagar Co. Op. H. Soc. B/H. Sugam Appartment, Vasna, Ahmedabad, Gujarat	India
S1-411385766	Shree Infra	No 74/B, 5Th Main, Maruti Temple Road Kuvempunagar, Mysore, Karnataka	India
S1-54407109	Vas Consultancy	#7/39 Rajasthan Housing Board Ward No 5, Hanumangarh Junction, Hanumangarh, Rajasthan	India
S1-367733350	Developers Momentum Farms Private Limited	Shop No. 5 Vishwakarma, Shashtripuram Xing, Agra, Uttar Pradesh	India
S1-576071593	Mountain Council LLC	1 W Boylston Street, Unit 104, Worcester, MA	US
S1-208946491	LZ First Cannabis	6936 Old Clyde Road, Canton, NC	US
S1-893928935	Strategic Infrastructure Group Clinic	14 Kosta Avenue, Rutland, MA	US
S1-867909058	Indo Technologies Private Limited	2/97, Nellore Road Pamuru, Pamuru, Prakasam, Andhra Pradesh	India
S1-687794903	Robinson Hudson Inc	60393 La Mirada Trail, Joshua Tree, CA	US
S1-147388490	Friedman & Spring	16111 319th Street, Auburn, WA	US
S1-215891377	Valley Diamond Flexible LLC	1213 Green Avenue, Unit STE B, Purcell, OK	US
S1-866022981	Mysore Traders Private Limited	C/O Ravindra Jashbhai Patel, Plot No 344, Jash Packaging Unit 3, Bhd Jeco Ind, Bhaili Station, Vadodara, Gujarat	India
S1-598177508	Tejaya Town	Jade Terrace 24/27, Balfour Road, Kilpauk, Chennai, Tamil Nadu	India
S1-901304720	Bhiwani Petrochem Private Limited	Bhiwani, 114 Na Indra Colony Bhiwani, Haryana	India
S1-394090442	Pediatric Specialists LLC	10028 Emily Fox Court, Ellicott City, MD	US
S1-549729217	EO Marbles Pvt Ltd	502, Versova Krishna Kunj Chs Ltd, 4 Bunglows, Good Shephered Church, Andheri, Mumbai, Mumbai City, Maharashtra	India
S1-828437606	Lenee Crossland Complete Medicines Inc	409 Houston Avenue, Crookston, MN	US
S1-283158663	Vision Health Inc	3807 Birchfield Road, Yakima, WA	US
S1-907382073	Superlite Trust	Karwa Complex, Opp Panchayat Office Main Road, Latur, Maharashtra	India
S1-437575720	Urology Specialists, LLC	7401 2 45th Avenue, Unit 2, Amarillo, TX	US
S1-180063754	Electronic Wealth Alliance LLC	E598 64, Town Of New Haven, WI	US
S1-200594257	Cure Grill!	1911 Talkeetna Street, Anchorage, AK	US
S1-148756584	Blue Association LLC	1208 Clearwood Court, Allen, TX	US
S1-548228684	Devora Exim Pvt. Ltd.	Bangalore, No.1, Bangalore North, 1St Floor, 6Th Cross, Nanjareddy Colony, Jeevanbhimanagar, Banglore, Karnataka	India
S1-373808545	City International Private Limited	Hyderabad, 3-2-870/3, Station Road Kachiguda, Hyderabad, 203 Vnr Complex, Telangana	India
S1-275435143	Jacobs Physical Inc	WA, 15828 26th Avenue, Mill Creek	US
S1-654544499	Swastik International Pvt Ltd	No.78, T.H.Road, Theambakkam Madhavaram, Chennai, Tamil Nadu	India
S1-972597918	Big Global Private Limited	Maharashtra, Satara, H No. 114 Kalewadi Tal- Khatav, Satara	India
S1-48930576	White Super Business Private Limited	Dsiidc Industrial Plot No 8, Pocket B, Delhi, North West Delhi, Delhi	India
S1-443318138	Al Finance Private Limited	Mistry Chawl, Kokonipada, S N Dube Road, Dahisar East, Mumbai, Mumbai City, Maharashtra	India
S1-358530421	I 7 Choice Resolution	6201 Olive Avenue, Unit 3025, Glendale, AZ	US
S1-186112379	Treat Royal Advertising Inc	N5745 Pierce Road, Town Of Herman, WI	US
S1-246835885	Astha Infra Corp	Merlin Matrix, Dn-10, Sector-V Salt Lake City, Kolkata, Kolkata, Parganas North, West Bengal	India
S1-640054263	Saraswati Colonizers Private Limited	E-6, R & D Colony, Vikrampuri, Kharkhana Secunderabad, Hyderabad, Telangana	India
S1-22784825	Highland Pmv	2038 Brandy Drive, Forest Hill, MD	US
S1-463001178	Ledford Strategic Roman LLC	4112 Prince Andrew Lane, Austin, TX	US
S1-169652675	Becker Companies Inc	12051 Clinkenbeard Road, Fl 1, Ashland, MO	US
S1-646006294	Khanna Syndicate Private Limited	Varanasi, B-38/55-69-A, Uttar Pradesh, Varanasi	India
S1-887389939	Insta Food Private Limited	Sln Terminus 8Th Floor, Ss Tech Park, Survey No 126, Beside Botanical Gardens, Seri Lingampally, K.V.Rangareddy, Telangana	India
S1-169178323	Cozy Pizza LP	7439 John Young Road, Unionville, IN	US
S1-879045948	Copeland Trusted Beijing LLC	114 Big Mountain Road, Beebe, AR	US
S1-150454257	Southern Jersey LLC	Albany, NY, 66 Dove Street	US
S1-779907701	Pioneer Marketing Enterprises Co	11625 Centennial Avenue, Huntley, IL	US
S1-442789750	Seven Super International Private Limited	Office No. 2, 3Rd Floor, S. No.25/5, Royal Heritage Mall, Mohammadwadi, Pune, Maharashtra	India
S1-902538793	Metro Ministries	24 Westboro Road, Marlborough, MA	US
S1-604176767	Interstate Graf LLC	6006 Timber Lane, Godfrey, IL	US
S1-578752300	Montgomery Global Ridge	5424 Broadway Street, Town Of Ross, WI	US
S1-341540500	National Wireless, Inc.	7102 Guadalupe Street, Austin, TX	US
S1-11776038	Seven Construction Pvt Ltd	Office G 208, R. K. Casta, B/H Patel Super Market, Bharuch, Gujarat	India
S1-505599291	Steelworkers Union Local No 191	80 Washington Street, Unit D28, Norwell, MA	US
S1-865765982	Lower Aviation	5336 Desert View Drive, Phoenix, AZ	US
S1-681072884	RU Pr Pvt. Ltd.	Thakurpukur Mahestola, New Budge Budge Rd.Rampur, Gr Fl C3/37/B, West Bengal, South 24 Parganas	India
S1-495458150	Shivshakti Securities Private Limited	Shop No-8, Ratri Bazaar, Near Vuda Circle, Vadodara, Gujarat	India
S1-837155673	Clyon City	5 Genny Drive, Woodbury, NY	US
S1-847263263	ZZ Dbdr Clinic	827 Alder Street, Walla Walla, WA	US
S1-156269562	Finnegan Clean Indonesia LLC	1614 105th Drive, Phoenix, AZ	US
S1-757977718	Regional Computing LLC	20360 Mcshepherd Road, Georgetown, TX	US
S1-684211926	Galaxy Golden Enterprises Private Limited	Room No. 7/200, Cherattungal Temple Nada, Venginissery, P.O. Paralam, Thrissur, Kerala, Thrissur, Kerala	India
S1-166433106	Karigari Tech Corporation	A-37, Ground Floor, Sector-63, Noida, Gautam Buddha Nagar, Uttar Pradesh	India
S1-618707493	Octavia Lee Return L.L.C.	204 Mead Drive, Fl 1, Chandler, AZ	US
S1-960928443	773 Second Avenue Owners Corp P.C.	2657 Vermont Street, Blue Island, IL	US
S1-450406921	Cascade Guild LP	Bark Ranch, CO, 67 Bridger Trail	US
S1-120904830	Miller Rocky Great LLC	113 Champion Hills Drive, Berryville, AR	US
S1-596987084	Hauser Navios LLC	1024 Lockberry Court, Clayton, NC	US
S1-133929117	Tracie Snell Ridge Data, Inc.	18 Durham Court, Amherst, NY, Unit Apartment B	US
S1-7764007	Evershine Biogreen Limited	Plot No-854, Flat No-303, Surendra Enclave Madhusudan Nagar, Bhubaneswar, Khordha, Orissa	India
S1-172940189	Stace Mateo Great Newhold LLC	280 Bradley Road, Wolf Lake, IL	US
S1-729914991	Vanagar Agrofarms Private Limited	53/36, White House, Ist Mainroad 6Th Cross Lower Palace Orchards, Sadashi, Vanagar, Bangalore, Karnataka	India
S1-889763196	United Constructions Private Limited	Flat No 1305, Ekta Terrace, Tower A Mahavir Nagar Near Kamla Vihar, Kandivali West, Mumbai, Mumbai City, Maharashtra	India
S1-458365510	Paulita Wilson Columbia Partners	1550 Beverly Court, Unit UNIT A, Ontario, CA	US
S1-897656455	Interstate Federation LLC	279 Spruce Street, Abington, MA	US
S1-939208118	Back Alley Tattoo LLC	338 Skylark, Magnolia, TX	US
S1-930309799	Lindsay & Allen Inc	641 Columbus Avenue, Fostoria, OH	US
S1-803172700	Cultural Trust	1265 Ford Highway, Elizabethtown, KY	US
S1-828529367	Kishore Trading Private Limited	C/O- Ramful Devi Jha, Beraberi, Ghoshpara, P.O-Gopalpur, Rajarhat, Parganas North, West Bengal	India
S1-733359223	Ashiana Potteries	Gf/1-A, Ashwamegh Complex, Opp. Sayaji Vihar Club, Rajmahal Road, Vadodara, Gujarat	India
S1-107252663	Misner and Cunningham Inc	516 Taylor Street, Arlington, TX	US
S1-981657585	Al Builders Limited	T.S No - 101/1A1, Tamil Nadu, Dindigul, Plot - 9, First Floor, Akmg Nagar, Dindigul	India
S1-700327545	The Dent Barbershop LLC	140 Industrial Drive, Garden City, KS	US
S1-27095617	Groth Harmony	S11W29512 Summit Avenue, Town Of Delafield, WI	US
S1-419121549	Smk Infracon	Sk-1/ 182-B, Indirapuram, Ghaziabad, Uttar Pradesh	India
S1-849149040	Mais Corp	1930 Blossom Breeze Lane, Richmond, TX	US
S1-212871226	Sword Holdings	Door No. 281/3Fa, 3Rd Floor, Grand Brenton, Avinashi Road, Coimbatore South, Coimbatore, Tamil Nadu	India
S1-937421126	Beacon Digital Labs Inc	2500 S Park Loop Road, Jackson, WY	US
S1-313989365	Stephens Partners Corp	114 Allison Street, East Peoria, IL	US
S1-392488249	Office of Aging	5010 80th Street, Lincoln, NE	US
S1-717578802	Huber Complete Starry Inc	3129 Clinch River Highway, Scott County, VA	US
S1-203779189	Johnson Catalyst Inc.	1683 Old Manchester Road, Westminster, MD	US
S1-731229909	Ortiz, Ahumada and Evans Inc	744 Argyle Road, Cheltenham Township, PA	US
S1-49219863	S/I Token LLC	1200 Old Martindale Road, San Marcos, TX	US
S1-609669425	Clean Intelligence Global Inc	50 Saint Andrews Place, Unit Apartment 7K, Yonkers, NY	US
S1-12875924	Urgent Care Physicians Inc	3168 Linda Lane, Benson, AZ	US
S1-161291426	Dhamani & Associates	C-53, Shashi Garden Mayur Vihar, Phase I, Near Pocket V Guru, Dwara, Delhi	India
S1-365586141	North Supreme Equitable	3 Bussing Way, Georgetown, MA	US
S1-542919676	Solium Kochav	66 Croton Avenue, Unit Apartment 5, Ossining, NY	US
S1-635462399	Foundation Chamunda (india) Pvt. Ltd.	A/805A, The Capital G Block, Bandra Kurla Complex, Plot C-70, Mumbai, Maharashtra	India
S1-122328194	Physical Therapy Diamond Medicine Inc	7 Camelot Drive, Boxford, MA	US
S1-991409569	Bright Nest LLP	301 3Rd Floor Shivajicomlex Dharampeth, Nagapur, Nagpur, Maharashtra	India
S1-523995535	Horus Up	22-146/2F, Kirshna Nagar, Revenue Ward No 2, Kandukur, Prakasam, Andhra Pradesh	India
S1-34292661	Rishabh Island Care	Flat No 203, 2Nd Floor, Underhill Road Civil Line, New Delhi, South Delhi, Delhi	India
S1-911275098	Realtech Feast Private Limited	509 Dhakha Chamber2068/38 Naiwala Karol Bagh, New Delhi, Central Delhi, Delhi	India
S1-927618239	P E & M Made Clinic	61 Seminary Avenue, Unit Apartment 2, Binghamton, NY	US
S1-43612074	Eadie Tyner Strategic Productions LLC	6104 Crane Street, Houston, TX	US
S1-11180047	Pediatric Dentistry Partners L.L.C.	9209 Bent Pine Court, Unit UNIT A, Saint Louis, MO	US
S1-432374	Nieto Animal Hospital	1019 Hard Rock Road, Somers, MT	US
S1-499000640	Perry's Pub	205 Sutton Street, Northbridge, MA	US
S1-451681499	Metropolitan Bread Inc.	94 Mill Street, Easton, MA	US
S1-374242157	Jai Properties Pvt Ltd	A-408, 4Th Flr Casagrand, Amethyst, Saidapet, Kanchipuram, Tamil Nadu	India
S1-374269189	Nicol Myles Drugs	320 30th Street, Unit 208, Charlotte, NC	US
S1-997682025	Lagman, Maese & Ford Inc	3003 Tangent Court, Killeen, TX	US
S1-294333645	Strategic Aerospace Alliance Inc	8839 Leclaire Meadow Drive, Humble, TX	US
S1-328709395	Kaur, Cecelia K., DMD	SC, Catawba, 1157 Rainbow Circle	US
S1-745949803	Surya Best Consultants Private Limited	Rz09/209 F/F, Block No 1, Kh No 744/208 Gali No4 West Sagarpur, New Delhi, South West Delhi, Delhi	India
S1-566146835	Little Deli	2925 Southwest Parkway, Unit B, Wichita Falls, TX	US
S1-969227075	Prairie Metro Grayscale	105 Trooper Road, Lower Providence Township, PA	US
S1-327391340	Silverline (india) Limited	Ahmedabad, Gujarat, Office No-1113, Elite Magnum, Opp Ustav Elegance, Bhuyangdev Cross Road, Ahmadabad City	India
S1-887235504	Antilia Welfare	Flat No. 105, 1St Floor, Unnati Vistas, Westend Colony, Bandlaguda Jagir, Golconda, Hyderabad, Telangana	India
S1-468681029	Horizon Automation Services	792 Virginia Park Circle, Unit 102, Atlanta, GA	US
S1-205378737	Poonamallee Pebbles Pvt Ltd	No 26, Mrm Complex, Block 2, P.H.Rod, Velappanchavadi, Poonamallee, Tiruvallur, Tamil Nadu	India
S1-593494851	International Technical Systems	2 Apache Trail, Hampton City, VA	US
S1-526635511	Eye Specialists of Houma LLC	136 Linda Lee Court, Houma, LA	US
S1-232222482	Velez Estate	101 Elm Avenue, Unit Apartment 1D, Mount Vernon, NY	US
S1-777091008	Royal Patriot Blockchain LLC	378 Davie School Road, Roanoke Rapids, NC	US
S1-707035135	MQA Associates Private Limited	2/448/A, Chekkode, Ottappalam, Palakkad, Kerala	India
S1-684636366	Wilson Clean Armada LP	6130 68, Hornellsville, NY	US
S1-436705026	Dynamic Capital Medical LLC	Bondurant, 8623 108th Avenue, IA	US
S1-350761494	Reex	12800 141st Avenue, Dayton, MN	US
S1-363357887	Ronda's Atlantic Signs Inc	243 Linda Avenue, Baton Rouge City, LA	US
S1-792316304	Jineshwar Feed Pvt Ltd	163/A, Iii Floor, Auto Towers, 9, J.C.Road, Bangalore, Karnataka	India
S1-739900151	Navdurga Organics Private Limited	House No-2751, G/F, Khasra No-145 Molarband Extn, . Gali No-68, Badarpur, Delhi, South Delhi, Delhi	India
S1-946965380	Rojas Products	5322 W Westfield Road, City Of Mequon, WI	US
S1-881598601	Cascade Marketing LLC	754 Silica Road, Quincy, WA	US
S1-857898397	Martinez Residential	597 Wormwood Hill Road, Mansfield, CT	US
S1-676294630	Corner Seafood! PC	415 Morrissey Drive, Village Of North Prairie, WI	US
S1-625799599	Valdivia Continental Cola	1936 1600, Spanish Fork, UT	US
S1-834258213	Mountain Summit LLC	165 White Pines Road, Oakvale, WV	US
S1-94578048	Julianna Ortiz Best Metal LLC	4257 Hopewell Street, North Richland Hills, TX	US
S1-966816348	Stanko Holdings Group Corp	808 Franklin Avenue, Springfield, MO	US
S1-675868662	Industries Emcee Infrasystems Private Limited	73/2, 1 Flr, Chambenahalli, Village, Sarjapur Rd, Anekal, Bangalore, Karnataka	India
S1-394990690	Suryavi Technology Limited	E-21/245, Sector-3, Rohini, North West, Delhi	India
S1-33211137	Red (India) Renewable Limited	Sn. 51/1, 51/3, P-34, 2 Flr, Frontside, Bhagu Nagar Soc, Surat City, Surat, Gujarat	India
S1-337356747	Eighty & Co	433, Avadpuri Albatiya Road, Shahganj, Agra, Uttar Pradesh	India
S1-527604533	Zava Industries LLC	3596 Karen Avenue, OR, Salem	US
S1-442224792	Frontier Money, LLC	9985 Cummings Street, Huntley, IL	US
S1-119775295	Cornerstone Outdoor, Inc	Far Rockaway, NY, 25-02 Mott Avenue	US
S1-385222288	Varad & Sons Private Limited	Coimbatore, A110, Sakthi Towers, G V Residency Sowripalayam, Coimbatore Tamilna, Du, India, 438/10, Tamil Nadu	India
S1-239458079	Prudence Fabricators (India) Limited	22105 Prestige Shantiniketan, Whitefield Road, Bangalore North, Bangalore, Karnataka	India
S1-101352599	Drummond Reliable News Inc.	750 Sanjay Court, Kenai Peninsula Borough, AK	US
S1-213635162	Bright Electronics International LLC	107 Cedar Crest Lane, Bellevue, WA	US
S1-60853589	Cruz, Brown and Keith Inc	408 Crooked White Oak Trail, Patrick County, VA	US
S1-926721643	Sanket Developers LLP	H. No. 642, S. No. 29, Keshavnagar, Opp Krb Engg, Pune City, Pune, Maharashtra	India
S1-892372706	Reliable Dynamic Services LLC	1029 Norman Road, Stanwood, WA	US
S1-891669118	Godavari Agro	238 Agcr Enclave, New Delhi, East Delhi, Delhi	India
S1-335367173	Hooper & Carwile	745 16th Street, Salem, OR	US
S1-613659910	Gujarat Global Limited	403, Sarthik Square, Nr. Gnfc Tower, S.G. Highway, Bodakdev, Ahmedabad, Gujarat	India
S1-165591050	Regional Integrated Purpose Inc	5525 Summit Street, West Linn, OR	US
S1-573918971	Eye Medicine LLC	Hibbing, 405 Center Avenue, MN	US
S1-210849781	Urology Partners Inc	6207 Ocean Front Avenue, VA, Virginia Beach City	US
S1-327464495	Martin and Valdez Inc.	71010 Mcfarland Road, Rhododendron, OR	US
S1-172047965	BX Reliable Entergy	3321 41st Way, Fl 1, Olympia, WA	US
S1-802012324	Community Program	NY, 103 Porto Road, Catskill	US
S1-976821840	Indo Infrastructure Private Limited	Mumbai, A/23/92 Hari-Ichharajawadi Co Op Hsg Soc Ghatkopar (E), Mumbai, Maharashtra	India
S1-88072639	Strategic Financial Enterprises PLLC	1117 Henry Drive, Alabaster, AL	US
S1-941528150	Trendy Vinimay Private Limited	A No 743/1, Shivaji Nagar, Chhitturpur, Varanasi, Uttar Pradesh	India
S1-86978185	United Agro Private Limited	D-34, Gf Mayapuri Ph 2, New Delhi, West Delhi, Delhi	India
S1-79676158	Foot & Ankle Total Health Inc	29487 Foothill Road, Lucerne Valley, CA	US
S1-973738537	Lakshmi Consulting Private Limited	Sai Sadan, Shop No. 7, Ground Floor Bldg-A Sr No 56/2 Sant Nagar Aranyeshwar, Pune, Maharashtra	India
S1-609670944	United Vijay Technology Private Limited	A-698 Sarita Vihar, New Delhi, North Delhi, Delhi	India
S1-745253384	Global Currencyshares LLC	118 Southwind Bay Drive, Seneca, SC	US
S1-635787940	White Consultancy Private Limited	Gurgaon, Suite No. S3, Haryana, Vatika Business Centre Vatika Triangle, Mg Road, Gurgaon	India
S1-447325544	Whalen, Richardson & Williams LP	24 Michele Drive, Portland, CT	US
S1-248243775	Protea Wellness	Grandview-7, Sn 5/6, E, Fl 602Amb Bk, Ambe Khurd, Haveli, Pune, Maharashtra	India
S1-568889611	Value Wealth Holdings PC	Town Of Hawthorne, 7014 Steele Lake Lane, WI	US
S1-244359835	Great Impex Private Limited	3-7-Hpc/11/9/Np, Road No 6 Himapuri Colony, Mansoorabad, Hyderabad, Telangana	India
S1-282895910	Splice Management Private Limited	1426, Mumbai, 1St Floor, 56, Adarsh Nagar Mig Colony, Veer Nariman Road, Worli Colony, Maharashtra	India
S1-788351777	Heartland Sterling Duke, LLC	5410 Colonial Garden Drive, Huntersville, NC	US
S1-830751750	Paryavaran & Sons Private Limited	Office No.14, Second Floor, Avishkar Building, Plot No. 204, Ward-12/B, Gandhidham, Kachchh, Gujarat	India
S1-606347842	Larsson, Zell & Squires Inc	Sacramento, CA, 2124 63rd Avenue	US
S1-265738186	Beacon Network Laboratories	3106 Crosscreek Drive, Austin, TX	US
S1-304587794	Vaani Ispat (India) Limited	Plot No. 518, Hiwari Layout, Nagpur, Maharashtra	India
S1-946191589	Jay Enterprises Pvt Ltd	C/O V Vaidhiya Nathan, 12/171Ayothiapattinam, Salem, Tamil Nadu	India
S1-992391746	JQJ Structurals Pvt. Ltd.	5-6-89, Laxmi Puram, Hindupur-Sc209, Hindupur, Ananthapur, Andhra Pradesh	India
S1-168305415	Encarnacion Terra LLC	745 Cholla, Mesa, AZ	US
S1-692199159	Lorain Smith Bright Texas PC	26015 Pointavista Drive, Kenai Peninsula Borough, AK	US
S1-630083865	Technologies Sudan Ratan Private Limited	C/O Akshay Kumar Agrawal, Durga Bari, Bhatta Bazar, Purnea, Purnia, Bihar	India
S1-15926090	Fortune Infrastructure Private Limited	Cb-13D, Second Floor, Cb Block Dda Janta Flats Rajouri Garden, Hari Nagar, New Delhi, West Delhi, Delhi	India
S1-418788596	Ashoka (India) Infosystem Ltd	14-A Ayodhya Nagar, Nagpur, Maharashtra	India
S1-414106970	Badyne Equity Partners LLC	Jackson, OH, 151 Burlington Road	US
S1-94445092	Pediatric Dentistry Continental Medicine, LLC	1416 3rd Street, City Of Ashland, WI	US
S1-334539148	Panorama Spec Corporation	P.N.66, Jhotwara, Shekwati, Nagar Vistar Kalwar Road, Jaipur, Rajasthan	India
S1-526606899	Om & Sons Private Limited	337 Kalbadevi Road5Th Floor Badamwadi, Mumbai, Maharashtra	India
S1-851671111	East & Brothers Limited	D/702 Crosswind S No. 108, Baner, Haveli, Pune, Maharashtra	India
S1-13638561	Marvellous Consultancy	H/O Sri Uday Kumar, Ganga Nagar Near Sharda Petrol Pump, Biharsharif, Nalanda, Bihar	India
S1-732582649	Bay Interstate Clough	4395 Capital Drive, Sykesville, MD	US
S1-403542285	Cornerstone Smith LLC	4611 Asheville Highway, Unit 310, Knoxville, TN	US
S1-701984245	Unified Analytics Global Inc	Frederick County, 117 Parkside Drive, VA	US
S1-190274340	Mumbai Glory Limited	1/12, Moti Mansion, 1St Floor, Room No-12, Khetwadi 5Th Lane, Mumbai, Mumbai City, Maharashtra	India
S1-433220386	New Delhi Priya Limited	181-C Third Floor Khasra No 76 Village Khirki, New Delhi, South Delhi, Delhi	India
S1-964907692	Fresh Partnership Inc	28 East Lane, Darien, CT	US
S1-803989749	Mountain Institute II	IN, Fort Wayne, 1317 Jefferson Boulevard	US
S1-295407196	Portia Stinson, DMD, PC P.C.	554 Painter Creek Road, Bristol, TN	US
S1-767120180	Anandlok Corporate Limited	6-3-1109/1, Hyderabad, Nava Bharath Chambers, Raj Bhavan Road, Somajiguda, Telangana, Hyderabad	India
S1-668859793	Sai Guru Impex Private Limited	Murali Bhavan, Janatha Road, Thiruvananthapuram, Thiruvananthapuram, Trivandrum, Kerala	India
S1-370305562	Autism Assistance Network Clinic	2319 Edgewood Drive, Missouri City, TX	US
S1-379823911	Campbell College LLC	WV, 3009 Turkey Creek Road, Hurricane	US
S1-702812433	Prairie Initiative	304 Parker Place, Nicholasville, KY	US
S1-90731840	Ravidas Academy	T2-201 2Nd Floor Tower 2 Sunworld Arista, Sector-168, Noida, Gautam Buddha Nagar, Uttar Pradesh	India
S1-207463128	Shattuck's First Couriers Inc	288 Honeysuckle Road, Marissa, IL	US
S1-739331292	Kelley Next Inc	3126 Stratford Pointe Drive, Sugar Land, TX	US
S1-745762628	Tri-State Bright Manulife	24 Ladue Avenue, Clifton Springs, NY	US
S1-639120711	Hitech Industries	C/O Lalmohd Shahmohd Offfice No 26 Village Chhiri Ta-Pardi Dist Valsad, Valsad, Gujarat	India
S1-561307811	Doralyn's Fitness	18219 Buckeye Street, Rosharon, TX	US
S1-912626082	Hotel Impex Limited	No.B236, Peenya Industrial Area, Bangalore., Karnataka	India
S1-579962524	Mumbai Food LLP	201, Shreyas Ind Estate, Veera Desai Road, Mumbai, Maharashtra	India
S1-557151561	Aone Engineering LLP	Plot No.202 Sv Homes Iii, Street 04 Bhavani Nagar, Nacharam, Hyderabad, Rangareddy, Telangana	India
S1-560342036	Rocky Atlanta Inc	1923 Rosewood Street, Houston, TX	US
S1-28278850	Tri-State Rice	6946 Red Oak, Unit 0, Garden Prairie, IL	US
S1-985282663	Fresh Cafe! LLC	810 Keeven Lane, Florissant, MO	US
S1-385183435	American Tri-State Trg	148 52nd Street, Tuscaloosa, AL	US
S1-629514078	Leis LLC	10436 Flagstone Drive, Town Of Cedarburg, WI	US
S1-514083097	Interstate Modern Vulcan	217 Big Sky Way, Sevierville, TN	US
S1-475781663	Dosoft Telephone LLC	13761 51st Street, Unit APARTMENT  5204, Tulsa, OK	US
S1-246368304	Trais LLC	166 Toro Canyon Road, Carpinteria, CA	US
S1-101958370	Bay Invesco	Little Valley, NY, 208 Fair Oak Street	US
S1-54095608	Jai Life Power	No 204, 2Nd Floor, Saleh Center, Cunningham Road, Bangalore, Karnataka	India
S1-628625090	Strom and Streit Currencyshares L.L.C.	430 C Street, Unit Unit 11, Livingston, MT	US
S1-380911362	Prime Power LLP	176 - B, Trivandrum Road Palayamkottai, Tamil Nadu, Tirunelveli	India
S1-263933904	Global Amplify Inc	230 Pinebrook School Road, Mocksville, NC	US
S1-220550575	ZC Solutions Limited	299, Sardar, V.P.Road, Mumbai, Maharashtra	India
S1-621116252	Om Pipes LLP	#9 And 10, 2Nd Floor, Sri Siddhivinayaka Complex 1St Main, 1St Cross, R H B Colony, Mahad, Evapura, Bangalore, Karnataka	India
S1-163864374	MAB Bright Auto	124 Hill Creek Road, Blounts Creek, NC	US
S1-648674437	Perfect Producer Private Limited	1-1-336/100/A/A, Near Tyagarayaganasabha Vivek Nagar, Chikkadpally, Hyderabad, Telangana	India
S1-599209501	Bright Ventures Private Limited	15-2-677, Telangana, Hyderabad, Kishan Gunj, Hyderabad	India
S1-604811207	Apnapan Food Pvt. Ltd.	Flat 1503, Klassic A10 Jaypee Green Wishtown, Sector 134, Noida, Gautam Buddha Nagar, Uttar Pradesh	India
S1-410803100	Howard Soulpower LLC	321 6th Street, Charleston, IL	US
S1-481439773	Diamond City LLC	3403 Station Avenue, Ashtabula, OH	US
S1-905290477	Federal Fashion, Inc	40 Mason Court, Henry County, VA	US
S1-977177696	Sunny's Pioneer Solutions	11257 108th Avenue, Kirkland, WA	US
S1-965997059	Physical Therapy Group	7278 Cahaba Valley Road, Unit APT 921B, Birmingham, AL	US
S1-577697924	Westbrook Golden	760 Mt Lookout Road, Mount Lookout, WV	US
S1-353159081	Martin Peak Aktiengesellschaft	77 C Warren Street, Boston, MA	US
S1-702779349	Annis Hwang Global Best Inc	8608 Kittama Drive, MD, Clinton	US
S1-56671537	Vats & Sons Pvt Ltd	Sonbarsa, Sitamarhi, Bihar, Sitamarhi	India
S1-457711764	Vision Group	Burkesville, KY, 834 Green Grove Road	US
S1-715392321	Green Allstate	2304 4th Street, Altoona, IA	US
S1-738639763	Tapia Technologies Ltd	106 Maple Avenue, Unit A, Thomasville, NC	US
S1-828513612	Ga Public School	Dd-15 (1505) Rajdanga Main Road, Kolkata, Parganas South, West Bengal	India
S1-303691212	Physical Therapy Specialists	12607 110th Avenue, Anderson Island, WA	US
S1-730366754	Black Infrastructure Private Limited	Pl No 33 Ashirwad Taraju Co-Op Housing Society Mahavir Nagar, Kolhapur, Maharashtra	India
S1-443223161	Sowbhagya Shellac (India) Private Limited	A/14 N I C Emidc Satpur, Nashik, Maharashtra	India
S1-381286473	Drayance Software LLC	3442 Mary Avenue, Murfreesboro, TN	US
S1-840003773	Sitech Value Summit PLLC	491 185, Danville, AL	US
S1-934781673	Zirain Nidhi Pvt. Ltd.	20 Industrial Area, Behind New Power House, Jodhpur, Rajasthan	India
S1-807198591	United Permian	681 Crabtree Hollow, Dickenson County, VA	US
S1-631524485	Hari Infrastructure Private Limited	A-1Ganesh Nagar Firozabad, Uttar Pradesh, Agra, Uttar Pradesh	India
S1-812468795	Smart Management Private Limited	Patna, Bihar, Nagina Shanti Vatika, Sharma Path, Rukanpura, 403, Phulwari	India
S1-798087364	All Developers Private Limited	B 108, Sobha Opal, 39Th Cross, 4Th T Block Jayanagar, Bangalore, Karnataka	India
S1-912245647	Chiropractic Center Inc	414 Garfield Street, Clarinda, IA	US
S1-316907323	Kingsbury Oncology Center	25 Wagoner Road, Patriot, OH	US
S1-219518763	Apex Food Private Limited	C/O.Hematbhai Dangar, New, Kedarnath Soc. St. No.9, Rajkot, Gujarat	India
S1-297868773	American Dragon	NY, Staten Island, 568 Cary Avenue	US
S1-902941397	Jackson Secure Highview LLC	2645 Cameron Woods Lane, Fayetteville, NC	US
S1-687982489	Stag LLC	New Carlisle, 207 Clay Street, OH	US
S1-430322179	Janahitha Wax Private Limited	H/N 258 Chavhanwadi, Tuljapur, Osmanabad, Tuljapur, Osmanabad, Maharashtra	India
S1-239407314	Solutions Global Private Limited	Delhi, East Delhi, Vikas Deep Building, District Centre, Laxmi Nagar, 404, New Delhi	India
S1-608345788	Indranth Construction LLP	C44, 11Th Floor, Sai Baba Enclave No 3, Goregaon West, Mumbai, Maharashtra	India
S1-859008010	Wingfield Keystone Five LLC	282 Monument Road, Elgin, IL	US
S1-828694006	Kelly Figx	3417 Outer Drive, Hibbing, MN	US
S1-648760452	Nemao National Acadia Corp	206 Lucinda Street, Perry, IA	US
S1-225385782	First Synagogue	New Caney, 2631 Michaelangelo, TX	US
S1-650289478	Shiva Developers Private Limited	555, West Guru Anand Nagar Shakarpur Delhi, Delhi, New Delhi, Delhi	India
S1-449617380	Holmes Charter School Inc.	19 Crest Road, NM, Sandia Park	US
S1-832397184	JZQ Savings Limited	B6, Jains Swarnakamal Apts, 69, Nsk Salai, Arcot Road, Chennai City Corporation, Chennai, Tamil Nadu	India
S1-77578799	East Tech LLP	1118/B, Kanchan Colony, Near Vishal Nagar Chownk, Phakowal Road, Ludhiana, Punjab	India
S1-471490066	Marga Devenport Solar PLLC	3354 90, Manchester, NY	US
S1-254246053	WF Sciences	5315 Camp Run Road, Georgetown, OH	US
S1-114965885	Universal Business Pvt Ltd	No.822, Saraswati Nilaya, Darbe, Puttur, Dakshina Kannada, Karnataka	India
S1-844365602	2446 Lexington Place Owners Corp LLC	111 Angelle Circle, Houma, LA	US
S1-320913666	Foster Ares LLC	24073 Augusta Drive, Harlingen, TX	US
S1-911753267	Precision Group of Companies Private Limited	Jodhpur, Rajasthan, P.No-126 Kh.No-45, Banar, Rajast	India
S1-4748189	Taraya Krishna Private Limited	No.14 To 16, Indrapriyadharshini Nagar, Cheyyur, Kanchipuram, Tamil Nadu	India
S1-820512968	Prasad International School	Pune, Koregaon, Atur Park Bldg 3, Fl No. 3, Maharashtra, Pune, 5	India
S1-966864924	Min Carter Global Medicines, LLC	140 Pascoag Main Street, Pascoag, RI	US
S1-265509045	Consultancy Kokila Solution Private Limited	44, S.F Kothari Market Shops & Office Association, Opp. Mahavir Market, Ahmedabad, Gujarat	India
S1-538082631	ZJ Beauty LLC	315 Graham Avenue, Pryor, OK	US
S1-895638794	Manibhadra Consulting Pvt. Ltd.	No V, Icf Colony, 4Th Scheme, Dinesh Nagar, Ambattur, Tiruvallur, Tamil Nadu	India
S1-257057513	Physical Therapy Diamond Medicine Inc	KY, Carrollton, 106 Park Avenue	US
S1-791398800	Superior Environmental Group	30 Waite Avenue, Waite Park, MN	US
S1-70864351	Thibeault Mitsubishi L.L.C.	1514 Main Street, White Pine, TN	US
S1-729640360	Sapphire Care	1116 Wicklow Road, Baltimore, MD	US
S1-149118665	Defilippis Pinnacle Aegon LLC	432 Jennings Road, Leon, WV	US
S1-721468708	Basey Prime Muniholdings Corp	10349 N Loop Drive, City Of Socorro, TX	US
S1-565604644	Crimson Communications Private Limited	K V 40, 27/387, 9Th Cross Road Panampilly Nagar, Cochin, Kerala	India
S1-567476538	Great Cardiology	1705 9, Unit Suite 200, Halfmoon, NY	US
S1-864861195	Ivie Harris Grand Nexpoint LLC	6702 Uzman Street, Brownsville, TX	US
S1-503598780	Kamayani Infrastructure Private Limited	Block No. 67/6, Near Ashapura Gnrl Store Mulund Colony, Mulund West, Mumbai, Mumbai City, Maharashtra	India
S1-696431616	Kitty Hawk Chenghe	4901 Lunar Drive, Kitty Hawk, NC	US
S1-967596100	Moya Best Cosmetics Inc	Kingman, AZ, 3865 Irving Street	US
S1-892069908	Valley Center IV	10515 Fairway Ridge Road, Charlotte, NC	US
S1-911827835	Aarika Queen Developments L.L.C.	2020 Linnea Drive, Unit Unit M350, Bend, OR	US
S1-457643846	Mediatech Agro Public Limited	North West Delhi, Plot No. 2, 3Rd Floor, Azadpur Commercial Complex, Delhi, Office No. 305, Delhi	India
S1-898799870	Badri Valves Pvt Ltd	Orissa, Laxmi Niwas, Brundavan Vihar, Gudianali, Dhenkanal, Flat No C-3, Dhenkanal Sadar	India
S1-898041239	Piontek, Slivka and Pelzel Post Inc	3136 Kissimmee Avenue, Springfield, MO	US
S1-33908465	Orion & Co	F7 Orion, Raheja Viva, S No 273B, Plot No 39, Mulshi, Pune, Maharashtra	India
S1-207510690	Red Impex Private Limited	Flat No. 7 P-133, Kalindi Housing Estate, P.O.- Lak, Etown, Kolkata, Howrah, West Bengal	India
S1-716799579	Twisted Massage	6868 Beech Grove Road, Martinsville, IN	US
S1-4990771	Jeannette's Coastal Group	234 Beechwood Shores Drive, Moyock, NC	US
S1-652668768	Kerstin Tierney, Ph.D., M.D., P.C.	966 Golf Court, Calumet City, IL	US
S1-272024750	Willow	907 Busseron Street, Vincennes, IN	US
S1-780188380	Jonis R. Magana, D.C.	1795 Main Road, Riverhead, NY	US
S1-59784452	TPD Balaji Private Limited	C/O Jagdish Darin Gujaran, Dankaur, Gautam Buddha Nagar, Uttar Pradesh	India
S1-997230305	Ss Real Private Limited	A-1104 Vishwa Residency, Outer Ring Rd, Jakatnaka, Choryasi, Surat, Gujarat	India
S1-538274103	Maa Media Private Limited	Killa No-11/1(2-B) Jharsa Village, Gugraon, Gurgaon, Haryana	India
S1-950541099	Vini & Brothers Private Limited	Flat No. 11/12, Dee Bee Tower, Koregaon Park, 410 Tp Scheme, Sangamwadi, Pune, Maharashtra	India
S1-358609166	Congregation Zion	OH, Canton, 1721 Hammond Avenue	US
S1-205119466	Clean Doubleline Inc	AL, 644 Pleasant Avenue, Montgomery	US
S1-721512122	Youth Fellowship II	9639 201st Street, Bothell, WA	US
S1-389245246	Lynx Cayman P.C.	5543 Crofoot Hill Road, West Turin, NY	US
S1-846771019	Spano's Eye Care Inc	6646 Firenza Place, Bldg 25425, Dublin, OH	US
S1-39601412	Carnahan Global Gamco	22229 Antioch Downs Court, Tualatin, OR	US
S1-446774483	Colonial Occupational Therapy LLC	1184 Dutch Hollow Drive, Frisco, TX	US
S1-690531895	Gold Logistics Private Limited	C 239, 1St Floor, Sector 10, Noida, Gautam Buddha Nagar, Uttar Pradesh	India
S1-265301518	Burdwan & Sons Private Limited	Survey No 24 Dharmashala, Tukumballarpur Chandrapur, Ballarpur, Chandrapur, Maharashtra	India
S1-856673388	Global Endocrinology LLC	457 Texanna Way, Holly Springs, NC	US
S1-658178083	Ear Nose & Throat Clinic of Islip	17 Fulton Street, NY, Islip	US
S1-444909190	Pioneer Industries Private Limited	Apis, Innovation Valley, Hill-3, It Sez, Visakhapatnam (Rural), Visakhapatnam, Vishakhapatnam, Andhra Pradesh	India
S1-211252202	Akarsh Spinning (India) Private Limited	Sector No.6, Bunglow No.A-7, Culture Crest, Spine Road, Moshi Pradhikaran, Pune, Maharashtra	India
S1-147608482	Mahalaxmi & Brothers Private Limited	10-11 B, Shiv Shakti Nagar Kanadia Road, Indore, Madhya Pradesh	India
S1-713340546	Philippa Littlejohn Regional Arc LLC	432 Knotty Walls Road, Owens Cross Roads, AL	US
S1-411938108	Southern Management Private Limited	11/B, Roy Mallick Colony, 51, Jawpur Road, Kundu Bagan, Ghughudang, A, Kolkata, Howrah, West Bengal	India
S1-463580996	Secure Commercial Dynamics Inc	6 Amelia Drive, Thomaston, ME	US
S1-494088239	Rheault Liberty Spire Inc.	1117 7th Street, Douglass, KS	US
S1-678830008	NQK Property Pvt Ltd	Block K New Mahavir Nagar, House No.57 2Nd Floor, West Delhi, New Delhi, Delhi	India
S1-608636230	Tibbs Rapid Quasaredge, Inc	105 Main Street, Kyle, TX	US
S1-773412773	Big 56 Hair Studio	718 Cleveland Avenue, Saint Paul, MN	US
S1-77557834	Smr Deep Private Limited	A-04 Adarsh Apts Sahar Rd Chakala Andheri East, Maharashtra, Mumbai, Mumbai City	India
S1-740069391	Desjarlais Animal Hospital	144 Amarwant Circle, Fl 0, Decatur, TX	US
S1-367309164	Housing Association	5119 B Brandon Street, Seattle, WA	US
S1-862836975	Hanni Hood Engineering Corporation	1618 Kirby Road, Unit 308, Carrollton, TX	US
S1-681760987	Ear Nose & Throat Fresh Care Associates Inc	2914 Kent Drive, Carbondale, IL	US
S1-667605690	Rodriguez, Miska & Johnson Inc	CT, 591 Riversville Road, Greenwich	US
S1-784242881	Consulting Maps Creations Private Limited	Ernakulam, Idukki, Kerala, Saniya Plaza Iind Floord 3 Cc/No 41/298 Mahakavi Bharathiyar Road	India
S1-364157150	Ujjam Engineering Private Limited	P95, Sector B Metropolitan Co-Operative Housing Society Canal, South Road, 2Nd Floor, Kolkata, Kolkata, Howrah, West Bengal	India
S1-96001455	Select Intercontinental	38 Ferry Road, Newburyport, MA	US
S1-664239711	Classic Hospitality Private Limited	K-44, Masjid Khalilullah Batla House, Okhla, New Delhi, Delhi	India
S1-455235613	Associated Financial Collective LLC	Unit 1, MA, Lawrence, 93 Phillips Street	US
S1-203274301	26/70 Quartzsea	8712 19th Avenue, MN, Bloomington	US
S1-75650273	Chiropractic Certified Care LLC	7 Patton Avenue, Unit 804, NC, Asheville	US
S1-235411891	Hiser, Sylvester and Maxwell	1021 Mildred Drive, Jonesville, NC	US
S1-607648222	Aaj House Private Limited	S/O Natarajan, Sfno.668/20, Puttalamman Kovil Street, Village Perambakkam, Thiruvallur, Kancheepuram, Tamil Nadu	India
S1-480381026	Cure Pizza	AR, 2340 Ridgewood Lane, Fayetteville	US
S1-359789353	Rev It Up Yoga	IN, Kirklin, 402 Main Street	US
S1-237496469	Cardiology Legacy Care Associates	221 Galewood Drive, New Carlisle, OH	US
S1-322912139	Acme Digi Pvt Ltd	Gi-3, G.T.K. Industrial Area Azadpur, Delhi	India
S1-973962409	Panagarh Agrotech Public Limited	C/O - Saraswati Bhagat, Kanaibabur Bazar Panagarh Bazar, Near Bus Stop, G T Road, Panagarh, Bardhaman, West Bengal	India
S1-592366780	Optimal Staffing Enterprises Inc	1910 Poplar Glen Drive, Fuquay-varina, NC	US
S1-864424907	Hitech Construction Private Limited	A/501 Shivam Apts Near Kasturi School, Behind Lotus Hospital Bhandup Village Ro, Ad, Bhandu, Mumbai, Mumbai City, Maharashtra	India
S1-986150160	Krishna Investment Limited	Oxford Centre 10 Shroje Lanecolaba, Causeway Colaba, Mumbai, Maharashtra	India
S1-252003139	Behavioral Health Clinic	8811 Black Cherry Crssing, Katy, TX	US
S1-588081735	Spark India Private Limited	9, B K Pal Avenue, Kolkata, Howrah, West Bengal	India
S1-542279914	Munn Services	922 Railroad Avenue, Elkins, WV	US
S1-768653359	Big Cafe Inc.	5457 Knoll Creek Court, Unit APT E, Hazelwood, MO	US
S1-259998187	Maid Pub	42 Williams Road, Dunlap, TN	US
S1-581913128	Ricklefs Pharmaceutical	3 11th Street, Louisburg, KS	US
S1-389422044	Primary Care Group	142 Autumn Ridge Drive, Daniels, WV	US
S1-799357480	Builders Gpc Services LLP	Kavisha Enclave Plot No D-23 7Th Cross East Extension, Thillainagar, Trichy, Tiruchirappalli, Tamil Nadu	India
S1-847865812	Indian Producer Private Limited	146, Kandasamy Layout, Sivananda Colony, Coimbatore South, Coimbatore, Tamil Nadu	India
S1-603640862	Maggie Ramos Advanced Shreya	2171 Riverside Drive, Town Of Beloit, WI	US
S1-755560611	Super Consultancy Private Limited	No.1/1, Chinanna Layout, K B Sandra R T Nagar, Bangalore, Karnataka	India
S1-286264976	Hearne Metals LLC	216 Chestnut Street, New Bedford, MA	US
S1-268705328	Heartland Silver Republic Inc	505 Community Drive, Fuquay Varina, NC	US
S1-635469979	Crittenden, Ned & Bonito Inc	492 Hillcrest Drive, Romeoville, IL	US
S1-379666361	Shree Institute of Technology	Nh 17, Gardihittlu Mane, Belke Post, Bhatkal, Bhatkal, Uttara Kannada, Karnataka	India
S1-7272746	Dermatology Group	1036 Sellers Road, Jefferson City, TN	US
S1-186954813	Mack Group PC	IN, 7708 Greenbriar Drive, Evansville	US
S1-406156258	Daloris S. Olson, L.C.S.W., P.C.	342568 780 Road, Agra, OK	US
S1-613457143	Advanced Intelligence LLC	TN, Dickson, 1710 C C C Road	US
S1-243527550	Real Infraventures (India)	A-7/5 Krishna Nagar, Delhi, East Delhi, Delhi	India
S1-763716904	2635 Park Lane Company	1258 State Route 47, Union City, OH	US
S1-647498564	Tamiko Joaquin Doubleline LLC	44 Boyds Chapel Road, Weaverville, NC	US
S1-776896195	Jai Infrastructure Private Limited	19 Jadunath Dey Road, Kolkata, Calcutta, West Bengal	India
S1-917356223	Annamalaiyar Food Limited	Lauries Hotel, Mahatma Gandhi Road, Agra, Uttar Pradesh	India
S1-586998165	Tabor Oxford LLC	1341 A 30, Wells, NY	US
S1-997539647	Real Care Private Limited	Wp-509, Second Floor, Wazirpur Village, Ashok Vihar-I, New Delhi, North West, Delhi	India
S1-792347633	Granite LLC	7690 Hickory Lane, Chandlersville, OH	US
S1-952985604	Swarnabhumi Power (India) Private Limited	Gali No 1, Friends Colony, Chd Hissar Highway, Kaithal, Haryana	India
S1-463604416	Ear Nose & Throat Center Inc	2533 Kit Carson Trail, Phoenix, AZ	US
S1-385039059	Stefa Young, Esq., M.D., P.C.	2963 Jonestown Road, Clinton, IN	US
S1-267553252	Boston Economic Development Golden Charities Inc.	MA, 29 Holyoke Street, Boston	US
S1-183683731	Resonon Interstate Global Inc	406 Lake Street, Unit Apt 2, Lake City, AR	US
S1-304962344	Prime Defense Company	1501 Roxboro Street, Durham, NC	US
S1-641963962	Sunrise Laxmi Impex Pvt Ltd	163D, Phase 1, Classic Orchards Kothnur, 8Th Phase, Jp Nagar, Bangalore, Karnataka	India
S1-163216207	Good Finance Private Limited	1St Fr. 201E, 16 Strand, Road, Diamond Heritage, Kolkata, Kolkata, Howrah, West Bengal	India
S1-666460926	Casey Creative Sachs	548 Pioneer Court, Village Of Dousman, WI	US
S1-981319832	Ss Global Pvt Ltd	9D/22(O), 12(N), Ramakrishnapuram East, Karur, Tamil Nadu	India
S1-249304557	Pioneer Properties Private Limited	697/A, Ward 20, Muppathadam, Paravur, Ernakulam, Kerala	India
S1-809330920	Coastal Modern Atlanticus PC	20 Almaden Place, Gaithersburg, MD	US
S1-259216366	Perfect Black Agro Private Limited	B 606 Gurudrishti Mahadacomplex Four Bunglow Andheri (W), Mumbai, Maharashtra	India
S1-743022803	Casa Grande Family Services Center	2391 Hancock Trail, Casa Grande, AZ	US
S1-657811140	Unique Food Private Limited	95/1 Sundia Para, 12 Mulazore Road, Golghar, Kankinara, North 24 Parganas, West Bengal	India
S1-564924073	Highland Federation	130 Kells Avenue, Newark, DE	US
S1-827255762	Sumeet & Brothers Private Limited	Jaipur, 178 Rail Nagar, Kings Road Ajmer Road, Rajasthan	India
S1-107371240	Ace Solutions Private Limited	P V S Cinema Tanur (P.O), Tanur, Kerala, 16/484, Malapuram, Malappuram	India
S1-307682447	Pratibha Group Corporation	Plot No. 20, Kh No. 728, Shyam Vihar Phase-B Ext. Dinpur, Nagafgarh, Delhi, South West Delhi, Delhi	India
S1-800210529	Anj & Co	67/959 And 67/960, North Park Building, Ernakulam, Kerala	India
S1-311772615	ZQ India Private Limited	C/O H.No. 627, Sec-14, Gurugram, Shivaji Nagar, Gurgaon, Haryana	India
S1-183109134	Universal Properties Private Limited	No. 1/25 Bh Road, Kalaignar St, Sriperumbudur, Kanchipuram, Tamil Nadu	India
S1-32343449	Lee Averin LLC	113 Old Holly Lane, Kill Devil Hills, NC	US
S1-342426411	YTC Mountain	3922 Birdsall Falls Lane, Katy, TX	US
S1-852563334	Eye Partners	1619 Tower Street, Decatur, AL	US
S1-398216457	Barney, June N., DO, PC	2548 Letterman Road, Paragon, IN	US
S1-780745371	Hyderabad Engineers Pvt Ltd	5-36/26B, Pvasauthnagar, Kukatpally, Hyderabad, Andhra Pradesh, Telangana	India
S1-163681963	Brewster Coastal Old, LLC	989 State Rt 183, Atwater, OH	US
S1-290187706	East Infra Private Limited	H. N.- 23/412, Rk Colony, Bighar Road, Fatehabad, Haryana	India
S1-86909806	Bharat Projects Limited	701, Gd Itl Tower B-8, Netaji Subhash Place Pitampura, Delhi, North West Delhi, Delhi	India
S1-552849859	Keeth Midland Inc	1891 Mckelvey Hill Drive, Unit APT 306, Maryland Heights, MO	US
S1-678133841	Cori Mota Bioscience	1204 6th Street, Richmond, IN	US
S1-551445318	Great Midwest Globa	302 Hill Street, Unit 4, City Of Lodi, WI	US
S1-149815324	Luke Preferred Superior	54 Lincoln Avenue, Colonie, NY	US
S1-871128741	Smart International Private Limited	Uttar Pradesh, Near P. Mehrauli, Ghaziabad, Chatter Pal C/O Nextwing Infotech P. Ltd Nh-24	India
S1-822433052	DM Ace Xrp	AZ, 4715 Caballero Street, Mesa, Unit 2	US
S1-790765650	Jalan Solutions Private Limited	200, Mohamad Wadi, Pune City, Pune, Maharashtra	India
S1-426398632	Red Power Private Limited	H.No.48-50119, Semri Thana Sadar Tehsil, Agra, Uttar Pradesh	India
S1-178253376	Diena's Safe Communications	4301 Whittle Springs Road, Unit 1205, Knoxville, TN	US
S1-515161568	Krishna Infrastructure Private Limited	A2305, Bldg No 11, Samarth Deep, Off K L Walwalkar Marg, Oshiwara Near Saraswat Bank Andher, I West, Mumbai, Mumbai City, Maharashtra	India
S1-291615942	Sovue Reliable Health Partners	Albuquerque, 10409 Florence Avenue, NM	US
S1-646120217	NC Agencies Pvt Ltd	34F, 6Th Floor, Flat - 6D, Maharshi Debendra Road, Kolkata, Kolkata, Howrah, West Bengal	India
S1-256781282	NT Stifel	2202 Cook Road, Imperial, MO	US
S1-274646138	Innovative Foods Limited	Vill-Nawa Nagar Post-Nawa Nagar, Ballia, Uttar Pradesh	India
S1-555191033	Eastern Business Private Limited	E-34, Shastri Nagar, Bhilwara, Rajasthan	India
S1-198783696	Tf Construction Corp	Sy No. 71 Shed No. 18 Ground Floor, Shri Radhakrushna Ind. Co. - Op. Soc. Ltd. Udhana Magdalla Road, Surat City, Surat, Gujarat	India
S1-391063653	Sunrise Healthcare Private Limited	147/G, 10Th Main, 3Rd Block, Koramangala, Bangalore, Karnataka	India
S1-347803900	Porch Viking LP	585 Mindenvale Court, Simi Valley, CA	US
S1-981845291	Beilul Altenburg Medical	4390 Annesley Lane, Irving, TX	US
S1-737696216	Shiv Care Limited	101, Sagarika Chs Ltd. Plot No. 89, Juhu Tara Road, Santacruz (, West), Mumbai, Mumbai City, Maharashtra	India
S1-534578459	Behavioral Health Integrated Partners Corp	128 Park Drive, Birmingham, AL	US
S1-433852887	Surya Energy Private Limited	M-305, Sispal Vihar Awho, Sector-49, Gurgaon, Haryana	India
S1-150975476	Chiodo Pacific Telephone Inc.	401 Lawrence Drive, Ankeny, IA	US
S1-848491748	Hoang Reserve Inc.	16 Churchlea Place, Rochester, NY	US
S1-181907213	Department of Housing	306 Esser Street, East Peoria, IL	US
S1-574607489	Piedmont Institute of Technology Inc	504 Seven Peaks Boulevard, Provo, UT	US
S1-913535115	Spoorthi Consulting Private Limited	Ja 103, Dlf Tower A, Jasola, New Delhi, South Delhi, Delhi	India
S1-598648941	Prairie Trusted Immersion Corporation	67 Jensen Drive, Wendell, NC	US
S1-814387751	Jennica Smith United Perimeter Inc.	Lexington, IN, 5311 Split Stump Road	US
S1-3806944	Vivianne Lakey Rockwool	7828 Portland Trail, Austin, TX	US
S1-491951039	Vision Builders	F-60/3-A New F-200, Kh No 60, East Delhi, Delhi	India
S1-608121430	Jenkins, Thomas and Kleven, LLC	4006 Fm 3417, Mount Pleasant, TX	US
S1-848518483	Physical Therapy Preferred Care LLC	16920 Tortoise Street, Round Rock, TX	US
S1-27379226	Trusted Research Corporation	2501 Spencer Avenue, Saint Louis, MO	US
S1-277658439	Derova Inc	4206 23rd Street, Des Moines, IA	US
S1-413086658	Connor Creative Onfolio	7316 Lehigh Drive, Dallas, TX	US
S1-208259086	Redwood LLC	15317 Pulaski Road, Brandywine, MD	US
S1-36835517	Pacific Coalition	2107 53rd Street, Lubbock, TX	US
S1-770176210	Abbie Horton Harbor Acquisition Inc	220 45th Place, Sand Springs, OK	US
S1-137046510	City Producer Private Limited	116 Jaipur House, Agra, Uttar Pradesh	India
S1-411118345	Somesh & Co Private Limited	B-183, G/F, Greater Kailash-1 Near Park, New Delhi, South Delhi, Delhi	India
S1-273160048	Buteau United Pgim Care	740 Reindeer Drive, Munds Park, AZ	US
S1-610297712	Bluemotion Brothers Private Limited	17 B 2Nd Floorjanta Flat Vasant Enclave, New Delhi, South West, Delhi	India
S1-917285318	Metro Trust LLC	4040 Bobby Lane, Schiller Park, IL	US
S1-298443567	Chandra Consultancy Private Limited	Tara Enclave Puda Colony, Punjab, Bhikhi, # 28, Mansa	India
S1-373080792	Life Producer Private Limited	307, Delhi, East Delhi, Delhi, Anupam Plaza - 01, 6 - Lsc, Dda, Gazipur	India
S1-970573754	Platinum Empire Tinto Inc	77 4800, Unit C307, Provo, UT	US
S1-874139342	Coddington Outdoor LLC	957 Esquire Aly, Louisville, KY	US
S1-875384824	MYE Automotive Partners	1415 Grundy Street, Tullahoma, TN	US
S1-989677890	Buland International Private Limited	A-6, Shekhar Apartments Mayur Vihar, Phase-1, Delhi	India
S1-524200959	Arrowspace Chillers Private Limited	46, Manujendra Dutta Road Uttarapan Market, Room No 151, Kolkata, Howrah, West Bengal	India
S1-453963106	Taylor, Stewart & Posner Financial LLC	4716 Plum Blossum Drive, Knightdale, NC	US
S1-300557737	Legacy Total Care LLC	Montgomery, IN, 9540 800	US
S1-582337255	Senthil (gujarat)	Door No 15/224 Ezzan Plaza, Koolikattuppadi, Nilambur, Malappuram, Malapuram, Kerala	India
S1-667878051	FI Thunder Inc	4005 L Westfax Drive, Fairfax County, VA	US
S1-868488947	Aditya Finance Private Limited	301-303 Tolstoy House15 Tolstoy Marg, New Delhi, Central Delhi, Delhi	India
S1-846140795	Bureau of Finance	2256 128th Court, Blaine, MN	US
S1-503583417	Rk (India) Planet LLP	7/1 Upper Ground Floor Ansari Road Daryaganj, Delhi, Central Delhi, Delhi	India
S1-466401281	Balaji Agro Pvt Ltd	S.F.No.320/1 And 320/2 Part, Gudiyatham Road, Ambedkar Nagar, Thuthipet Village, Vaniyambadi, Vellore, Tamil Nadu	India
S1-900066052	Studio 22 Book Store	32377 Sylvia View Road, Melrose, MN	US
S1-448143865	Indian International Private Limited	C/O Arvind Raghav, Shiva Enclave, Part-3, C-Block, Garhi Harsaru, Sadhrana, Gurgaon, Haryana	India
S1-526331656	United Best Beauty	10 Suburban Heights, Milan, IL	US
S1-634152028	Interfaith League	MA, Cambridge, Unit 8, 35 Harvey Street	US
S1-641270983	Cavalieri Finance LLC	7230 Pebblebrook Drive, Fayetteville, NC	US
S1-154786161	Hettie Kline Alibaba LLC	7717 Mercier Street, Kansas City, MO	US
S1-269993694	Regional Liberty Dynamix LLC	21326 Groundnut Court, Cypress, TX	US
S1-39344603	Lizbeth B. Latorre, L.C.S.W.	30 Merchants Row, Rutland City, VT	US
S1-671189801	Green Media	10614, Erandvane, Pune, Maharashtra	India
S1-27364218	Madlin's Liberty Foods Inc.	386 Riverside Avenue, Troy, MT	US
S1-569600086	Physical Therapy Associates Inc	210 Yorkshire Drive, Homewood, AL	US
S1-789560793	Bonner's Clean Deli	1923 Merrimac Drive, Hyattsville, MD	US
S1-379259955	Systems Consultancy	Plot No A-40, 402 Tower B, I Thum Sector 62 Noida, Noida, Gautam Buddha Nagar, Uttar Pradesh	India
S1-196137389	Summit Metro Arcelormittal Inc.	1152 Quinby Avenue, Wooster, OH	US
S1-511545524	Selia Kimery Global LLC	2642 Hitchcock Drive, Durham, NC	US
S1-900390346	Frolic Health Corp	A-45, Krishna Park, Devli Road Khanpur, New Delhi, Delhi	India
S1-257752252	Delta Initiative Corp	4903 Miami River Road, Cleves, OH	US
S1-380772192	Kereex Clean Resorts	OH, 10574 Mogadore Avenue, Uniontown	US
S1-5977315	Credence & Co	H.No.1-8-519/10/1-7-303, Poorna Gayathri Residency Chikkadapally, Hyderabad, Telangana	India
S1-756722968	Funderburk's Golden Communications	4921 Woods Edge Drive, Wilmington, NC	US
S1-472910122	Infinity Trading Corporation	No.23, 1St Cross, 1St Stage, Kumarswamy Layout, Bangalore, Karnataka	India
S1-533786303	BB Supreme Genesis LLC	23 1070, Orem, UT	US
S1-504729796	Hanlon, Bogard and Parr Coca	NC, 467 Drake Court, Wilmington	US
S1-132253939	Conner & Linz Biosciences Inc	31 Woodfin Avenue, Woodfin, NC	US
S1-69960399	North Preparatory Academy	1320 Lore Lane, Unit 116, Lombard, IL	US
S1-975681038	Great Tinto, Inc	915 71, Bldg B, Bastrop, TX	US
S1-458807712	Jay Power Private Limited	Ambattur, Tamil Nadu, Tiruvallur, No.360 G-3 Mohanram Nagar, E.V.K Sampath Salai	India
S1-434056892	Huerta Crane	6241 Main Street, Vidor, TX	US
S1-373229278	Silver Yoga Inc	1225 Bay Ridge Road, City Of Appleton, WI	US
S1-279200202	Pediatric Partners, Inc	849 Main Street, Lancaster, MA	US
S1-46682830	Dotcom Brothers Limited	No. 19, Clc Works Road, New Colony Chrompet, Sriperumbudur, Kanchipuram, Tamil Nadu	India
S1-139403590	Pediatric Dentistry Associates Inc	1029 Pleasant Street, Framingham, MA	US
S1-170642056	George and Shelburne Corp	NC, Morganton, 5127 Piedmont Road	US
S1-712766268	Range & Sons Ltd	Office 2, 22, Paradise, Villa Comp. Bhulabhai Rd, Mumbai, Maharashtra	India
S1-53079397	Community Trust of Chandler Inc	2775 Elmwood Place, Fl 1, Chandler, AZ	US
S1-809386580	Bombay Estate Pvt Ltd	366/68 Diamond Mansion 3Rdfloor Room No 70 Dr Viegas Street Kalbadevi Road, Mumbai, Maharashtra	India
S1-368966432	Gutierres, Castellon and Silva LP	Cincinnati, 7974 Clovernook Avenue, OH	US
S1-567238024	International Analytics Partners Clinic	1920 Jackson Street, North Chicago, IL	US
S1-433993741	RP Industries Ltd	North Delhi, Roop Nagar, Delhi, 7/32, Delhi	India
S1-344457671	Optimal Hospitality Studios	Houston, TX, 2702 Paddock Brook Lane	US
S1-596485916	Charley and Cooler Inc.	915 17th Street, Rockford, IL	US
S1-661494563	Gomez, Carrick and Cramer L.L.C.	WI, Town Of Marion, W3525 47th Street	US
S1-198277831	Rocky Massage LLC	35 King Richard Court, Rocky Mount, NC	US
S1-530607323	Rathore Consultancy	1/178, Thuravumkara P O, Aluva, Ernakulam, Kerala	India
S1-574792492	Intelligent Medical Centre Clinic	H No. 784 Golibar Chouk, Nagpur, Maharashtra	India
S1-398718199	Intellect (india) Pvt. Ltd.	51, Shamshet Street, Near Zaveri Bazar Near Zaveri Bazar, Mumbai, Maharashtra	India
S1-871106693	Precision Data Concepts LLC	1613 Sage Street, Evanston City, WY	US
S1-216402863	Senior Sangh	Sy No 236 247 248, Sancharpuri Colony Phase1, Tirumalagiri, Hyderabad, Telangana	India
S1-365341299	Guth and Brown Purpose, LLC	2905 Conrad Court, Evansville, IN	US
S1-65677579	Optimal Marketing Brands, LLC	56 Nobleboro Road, ME, Bremen	US
S1-803367123	Presley Hcm of Albemarle County Inc	965 Charter Oaks Drive, Albemarle County, VA	US
S1-423930733	Aditora India Co	Andheri (E), Maharashtra, Mumbai, A - 103, Mangalaya, Marol Maroshi Road	India
S1-938999895	Ogren Lng	166 Brickman Road, Fallsburg, NY	US
S1-135714583	Silver Beacon Archimedes Inc	1444 Wilderness Club Drive, Eureka, MT	US
S1-951545232	Dream Solutions Private Limited	Office No 401 Cts No 131 S No 32/1 Pl No 4 Near Mehendale Garage Erandwane, Pune, Maharashtra	India
S1-880324939	Weeks & Pettit Tax Service	10 Landsend Lane, Southampton, NY	US
S1-147109963	A & W Chicago	16327 Seneca Road, Victorville, CA	US
S1-131839362	Foot & Ankle Care of Round Lake Beach LLC	1998 Comanche Trail, Round Lake Beach, IL	US
S1-695296673	Premier Express Alpha L.L.C.	2414 Franklin Street, Evansville, IN	US
S1-416699363	Martinez, Jessee & Oviedo Inc.	16150 Moseley Road, Madison, OH	US
S1-493265091	Vision Reliable Center LLC	Chagrin Falls, OH, 18757 Riverview Drive	US
S1-682075570	Internal Medicine Harbor Care Associates LLC	504 Park Street, Rushford, MN	US
S1-396386541	Good Care Limited	Ward No-13, Bikaner Chowk, Circular Road, Jhajjar, Haryana	India
S1-915775105	Vickers Vanguard Communities LLC	NY, 92 6th Avenue, Oswego	US
S1-534785540	Beck and Scrivens Inc	Houston, 13125 Blythe Street, TX	US
S1-759691517	Monarch Lifestyle Corporation	912 Fleming Drive, Mount Pleasant, TX	US
S1-957045850	Swett Ace Premium Inc	611 Jagera Way, Arlington, TX	US
S1-602602584	Ujjaendra Agency Limited	16-11-16/238/A, Amberpet, Hyderabad, Malakpet, Telangana	India
S1-951048493	Star Creative Technology Limited	Hyderabad, Plot No. 8-2-293/82/A/973/A, Road No.49, Near Chirec Public School, Jubilee Hills, Hyderabad, Telangana	India
S1-987969919	Developers Ramkrishna Foods Ltd	103 B Wing Lantane Mahindra Spledour L B S Marg, Bhandup (W), Mumbai, Mumbai City, Maharashtra	India
S1-685444194	Maxy Francis Energy	111 1st Street, Newark, OH	US
S1-335836576	Pranati Estate Pvt Ltd	Plot No 78, 5Th Street, East Balaji Nagar, Kallikuppam, Ambattur, Chennai, Tamil Nadu	India
S1-301967281	Apex Infra	N-106, 4T Floor, Abul Fazal Enclave Part-1, New Delhi, South Delhi, Delhi	India
S1-196554859	Hill Pinnacle Rent, Inc	AZ, Mesa, Unit B, 842 Heritage	US
S1-300632746	Crime Brothers Private Limited	603, En, 6Th Floor, Parshwanath Esquare, Corporate Road, Near Prahalad Nagar Gard, Gujarat, Ahmedabad	India
S1-683946842	All International LLP	C-7/85, Ff, Sector-08, Rohini, Delhi, West Delhi, Delhi	India
S1-320649261	XHL Fire Public Limited	K. No. 190, Bagru, 183 Vill Manpur Bhatawala, Jaipur, Rajasthan	India
S1-862165762	Straight Edge Cleaning Service LLC	8516 Jordan Drive, Lubbock, TX	US
S1-995989300	Bureau of Transportation	22357 Langford Lane, Lewes, DE	US
S1-693679725	Back Alley Barbershop	1909 Honey Lake Road, Town Of Burlington, WI	US
S1-116713256	Williams and Charlesworth LLC	4005 Penzance Place, James City County, VA	US
S1-525038311	Agencies Trusteeship Pvt Ltd	Delhi, Punja Sharif Kashmere Gate, 325/3	India
S1-340904396	Calli Chenault Orange LLC	11367 Plough Street, Noblesville, IN	US
S1-179183063	Agra India Pvt. Ltd.	H No. 202, Icon Apartment Raibarielly Road, Lucknow, Uttar Pradesh	India
S1-966343032	Macy, Parks and Casas	4211 Morgan Circle, Ellettsville, IN	US
S1-900656619	Beams & Co Corporation	Door No.4-69--21/12, Sf 301, Sahithi Residency Lawsons Bay Colony, Visakhapatnam, Vishakhapatnam, Andhra Pradesh	India
S1-860620625	HE Valley Interiors, LLC	10088 Choctaw Drive, Baton Rouge City, LA	US
S1-263844803	Pediatric Dentistry Clinic Corp	55 Jennifer Drive, Graham, NC	US
S1-184974566	Rosetta's Bike Shop	15 Delaware Crossing, Wooster, OH	US
S1-547767257	Stange Supreme Horse LLC	299 Liner Cove Road, Waynesville, NC	US
S1-534128060	(india) Nr Housing Private Limited	395/1, Kavakaranpatti, Erumapatti, Namakkal, Tamil Nadu	India
S1-839504741	Tejan Rice Private Limited	21 Dsidc Complex Mata Sundari Road, New Delhi, Central Delhi, Delhi	India
S1-787256882	Pino Gulf Renaissancere, LLC	360 2025, Unit 62, Centerville, UT	US
S1-952088099	Regional Institute	Sumner, 1457 County Road 32200, TX	US
S1-226986472	Ujjaendra Sustainable Private Limited	28/104F, Gali No. 14, Vishwas Nagar, Shahdara, New Delhi, East Delhi, Delhi	India
S1-998149029	Guru Care Private Limited	Ground Floor Building No., 2573, Main Chang Road, Bhiwani, Haryana	India
S1-177483439	Economic Development Coalition	12108 57th Terrace, Kansas City, MO	US
S1-762300546	Prudential & Sons Private Limited	C/O Mahendrabhai Naginbhai Ashramfalia At Po Vahela Ta Vansda Tal Mahuva, Vaheval, Surat, Gujarat	India
S1-924148803	Mariejeanne Delong Plains	67 Bolero Drive, Tempe, AZ	US
S1-756084793	Drusy Ballard All Income, LLC	AZ, 9917 Glencove Circle, Mesa	US
S1-608781404	Super Trading Limited	C-43, Block -C, First Floor Dsidc Community Work Centre, Jhilmil Col, Ony, Delhi, East Delhi, Delhi	India
S1-839337830	Shivam Developers Limited	2053/4 Eden Woodsshastri Nagar Andheri (West), Mumbai, Maharashtra	India
S1-961950008	Bir Tradelink	1, Floor- Grd, 121A, Bdd, Chawl, Ganpat Jadhav Marg, Mumbai, Maharashtra	India
S1-73456813	Indore Studio	Indore, Block B- 510 Karuna Sagar Indore, Indore, Madhya Pradesh	India
S1-445881211	Aspen Inc	12612 22M Street, Unit Unit 3, Watford City, ND	US
S1-328853830	Velasco Blue Republic Inc	Unit 2, Westfield, MA, 6 Conner Avenue	US
S1-2161902	Royal Constructions Private Limited	Bazar No. 2, Ramganjmandi, Kota, Rajasthan	India
S1-596589446	Vu John LLC	Buffalo, NY, 97 Chenango Street	US
S1-629875748	Consultants Thomas Healthcare Private Limited	2027(P), Gurgaon, Lgf, Satkar Building, Main Road, Sector 45, Gurugram, Haryana	India
S1-541836574	Sap Hospital	A4, Bhamini Terrace 15, Bhimanna Garden Road, Alwarpet, Chennai, Tamil Nadu	India
S1-657183316	Brumley and Valente Americas LLC	973 8, Heflin, AL	US
S1-481028541	KH Silver Nexera LLC	792 College Street, Portland, TN	US
S1-33009627	Mangolkote Technology	C/O-Kartick Das, Vill & P.O - Palishgram, Mangolkote, Bardhaman, West Bengal	India
S1-624457841	Glyphio Costamare	16629 Greasewood Street, Unit 156, Surprise, AZ	US
S1-736787132	Mamie Kirksey, DDS, DDS PC	1382 Claxton Ridge Drive, Kernersville, NC	US
S1-755395214	Meyers, Dent & Holder Hair Studio LLC	220 Luna Valley Drive, Luna, NM	US
S1-729124566	West Cardiology	1050 High Street, Bridgton, ME	US
S1-668643873	Enriquez Iron LP	5511 Whitaker Avenue, Groves, TX	US
S1-140408664	Martinez & Hurd Group	Columbus, 2876 Fox Hollow, IN	US
S1-513198302	Supreme Laxmi Consulting Private Limited	Kodungallur, Kerala, Thrissur, P.Kalthikat H, Mayooreswaram Temple Rd, 6/545C	India
S1-621351324	Jhanvi & Partners	2/13 Block A, Lane No. 2 Near Lal Quarter, Krishna Nagar, Delhi, East Delhi, Delhi	India
S1-696954397	Ceque Connecticut Inc	Stockport, IA, 310 Cedar Street	US
S1-706334875	Products Andaman Consultants Private Limited	No.8, Old No. 11, 6Th Cross Street, Karpagam Gardens, Adyar, Chennai, Tamil Nadu	India
S1-972669882	Ivy Hospital	S-13, Silver Spring Layout, Spice Garden Compound, Bangalore North, Bangalore, Karnataka	India
S1-704028597	Madanlal (India) Infotech Private Limited	Kachchaury Gali, Dehri, Rohtas, Bihar	India
S1-11490381	Projects Partap Studio LLP	Bhopal, Maida Mill Road Jinsi Square, 189, Madhya Pradesh, Bhopal	India
S1-301843655	Gold Websolutions Private Limited	Surat City, Surat, 7Th Floor, Gujarat, Flat 602, Pramukh Yog, Wing C	India
S1-974645096	Corissa Hawley Prairie Line LLC	1704 Vaughn Avenue, Pine Bluff, AR	US
S1-349883961	Ridge Horizon Rocky L.L.C.	2720 Chayes Court, Unit M, Homewood, IL	US
S1-711149797	Sai It Private Limited	A-502, Maharashtra, Borivali West, Mumbai, Jannu'S Co-Op Hsg Soc, T P S Road No. Iii, Opp Matrukrupa Bunglow	India
S1-974201445	Interfaith Custom Network	820 King Avenue, Irving, TX	US
S1-317712974	Innovative Ace Insight LLC	5831 Corby Street, Omaha, NE	US
S1-609962053	68 Madison Plaza Company	1103 Maple Village Court, Unit 1103, Pell City, AL	US
S1-565682368	Mumbai Trade Private Limited	247 Park, 13Th Floor, Vikhroli Corporate Park, Hindustan C. Bus Stop, Lal Bahadur Shastri Rd, Gandhi Nagar, Vikhroli West, Mumbai, Maharashtra	India
S1-175285229	Desert Network	441 Eden Road, Eden, NC	US
S1-235461034	Luise's Automotive	South Bend, IN, 55680 Chickadee Court	US
S1-801584662	Longshoremen Local Union 561	191 Park Avenue, Lyndon, VT	US
S1-667751699	Anand Consultancy Pvt Ltd	Room No. C22, 3Rd Floor, Malabar Gate Building, Ram Mohan Road, Kozhikode, Kerala	India
S1-244420475	Pearle Tharp Agnc Inc	52093 Clover Trail, Granger, IN	US
S1-525106846	Temple Emanuel	4565 Ruby Road, Fayetteville, NC	US
S1-366879876	Crowley Growth	1137 Midway Elementary School Road, Dunn, NC	US
S1-36263128	Cruz and Keaton	815 52nd Street, Unit 1210, Phoenix, AZ	US
S1-380024821	Highland Pan	Springfield, MO, 1010 Pythian Street	US
S1-379385870	Allahabad Tech Private Limited	C/O J R Yadav, 2 Dil Kusha Newkatra, Allahabad, Uttar Pradesh	India
S1-255779322	Dynamic Good Consultants LLP	210 Sector 11-D, Faridabad, Haryana	India
S1-60414159	Nagora Services LLP	A-216, Sagar Tech Plaza Chs Ltd, Andheri Kurla Road, Sakinaka Junction, Andheri East, Mumbai, Maharashtra	India
S1-433122383	Opalina Honeycutt Verde Inc	16100 Sunninghill Park Road, Charlotte, NC	US
S1-56734760	Gloss Trading Private Limited	Old No.97, New No.112, Harini Avenue Velachery Main Road, (Next To Cii), Guindy, Chennai, Tamil Nadu	India
S1-429162370	Little Barbershop Inc	586 300, American Fork, UT	US
S1-596462122	Falcon	12851 Ponderosa Drive, Palos Heights, IL	US
S1-755404584	Wilson Eye Care LLC	3355 Ambrose Avenue, Nashville, TN	US
S1-773275466	Dlg Traders Private Limited	Plot No.410, Road No.22, Jubilee Hills, Hyderabad, Telangana	India
S1-142151995	Gomez Empire Imperial LLC	9903 205th Avenue, WA, Bonney Lake	US
S1-491278586	ACX Exchange	Mexico, 428 16, NY	US
S1-11447650	Innovative Properties Private Limited	Delhi, H-199B, Delhi, East Delhi, Pocket-H, Dilshad Garden Janta	India
S1-354050429	Goa Shipping Private Limited	S.No-123/1; Shriram Resi, Rajyog Colony Fl-402, Pune City, Pune, Maharashtra	India
S1-805433833	West Arts Inc.	3013 Mecklenburg Way, San Tan Valley, AZ	US
S1-182790097	Quantyx Care LLC	Lincoln, 5431 Aurora Street, NE	US
S1-55721868	Blue Bold	13956 Brightwater Drive, Fishers, IN	US
S1-444032495	MC Al Private Limited	Lunawat Court 1206 B/22Shivajinagar, Pune, Maharashtra	India
S1-794089336	Madras Rajendra Private Limited	Ward No-35, Near Bi Ba Di Sangha, Rajganj, Jalpaiguri, West Bengal	India
S1-451268621	Fortune Marketing Private Limited	Plot No. 9, Kh No. 138/6/3, 1St Floor, Gali No.2, Block A-1, Sant Nagar, Begali Colony, Village Burari, Delhi, North Delhi, Delhi	India
S1-84850234	Roberson Duke, LLC	5734 Wabash Avenue, Baltimore, MD	US
S1-560693098	XO Travels Limited	Door No.3B, 1747, 13Th Main Road, Anna Nagar, Egmore Nungambakkam, Chennai, Tamil Nadu	India
S1-451027472	Quality Silver Proem LLC	221 Bay Street, Brooklyn, NY	US
S1-798293084	Adams Pan Partners	26405 Paradise Palms, Casa Grande, AZ	US
S1-949259555	West Fact, LLC	12010 Luxton Lane, Avondale, AZ	US
S1-54173995	Pinnacle Fresh Alpine LLC	17875 Orange Street, CA, Hesperia	US
S1-752044446	Dheera Foundation	3Rd Floor, No. 12, 5Th A Block Koramangala, Bangalore, Karnataka	India
S1-301752620	Business Nutrition Products LLC	3106 Dumesnil St, Louisville, KY	US
S1-697798266	Be Advisors Corp	S-1, P.N. 790, Ganesh, Nagar, Main Niwaru Road, Jaipur, Rajasthan	India
S1-718700810	Mendez Resource LLC	Watertown, 27 Hillcrest Circle, Unit 2, MA	US
S1-347508675	Parmar Enterprises Limited	Shop No-3 G/F Community, Centre New Friend Colony, New Delhi, South Delhi, Delhi	India
S1-590796950	Bay Association	2801 195th Street, Bldg 17 & 18, Lake Forest Park, WA	US
S1-672287108	Golden Regional Inc.	418 Greenwood Avenue, Jackson, TN	US
S1-275641318	Ear Nose & Throat Group	139 Simpson St SW, Cedar Rapids, IA	US
S1-135880222	CO Heartland Malt	27630 Woodburn Hill Road, Unit DB1, Mechanicsville, MD	US
S1-688943895	V T Agraharam Society Ltd	Plot No. H-1, Ap Industrial Estate, V T Agraharam, Vizianagaram, Andhra Pradesh	India
S1-723821907	Rocky Tidewater	1510 Lynn Drive, Beavercreek, OH	US
S1-571202213	Prs Strings Pvt. Ltd.	C/O. Shashi Kumar Goenka, Gola Muhalla Mahadewa, Arrah, Bhojpur, Bihar	India
S1-987233197	Dodge & Lucas LLC	51 Johnnycake Lane, New Hartford, CT	US
S1-536001869	Bison Perfect Inc.	6707 73rd Street, Tulsa, OK	US
S1-171199616	Benton Medical	23 Country Drive, Gilbert, WV	US
S1-716443744	Damos (India) Infratech LLP	C/O Mohd Anus Husainabad, Nizamabad Up, Sadar, Azamgarh, Uttar Pradesh	India
S1-866862358	Family Care Associates	242 Wadsworth Avenue, Avon, NY	US
S1-900831254	Foot & Ankle Care Associates PC	3 Farrel Drive, Ansonia, CT	US
S1-330250935	Malappuram Ai Corp	Old No:I/896 New No: 680 A Nettukkattil House, Parammal Kuttippuram, Malappuram, Malappuram, Malapuram, Kerala	India
S1-570687888	Universal & Sons Private Limited	Seat No. 7, 808, Devika Tower, Nehru Place, Delhi, South Delhi, Delhi, Cabin Beta	India
S1-771465672	A Cure 4 All	AZ, Salt River Indian Res, 9730 Palm Lane	US
S1-489919097	Fortune Builders Private Limited	55/49 Madrasi Quater Opp, Ranital Idgah, Jabalpur, Madhya Pradesh	India
S1-75818960	Rp Food LLP	1005, 10Th Floor, Deekay Solace, Rambhau Bhogle Marg, Ghodapdeo, Mumbai, Maharashtra	India
S1-587870927	Thiruvananthapuram Solution Private Limited	Nandhanam, Tc 8/1125 2, B 49 2, Mythriynagar, Valiyavila, Thirumala Po, Thiruvananthapuram, Thiruvananthapuram, Trivandrum, Kerala	India
S1-545294154	Lower One	4516 45th Terrace, Kansas City, MO	US
S1-517926509	Lyall United Dome LLC	540 Fort Lane, Unit 106, Layton, UT	US
S1-44579491	Maas & Brothers Private Limited	Shop No.-9, F.F.Plot No-2/7 Chopra Complex, Tilak Nagar, Near Diary, New Delhi, East Delhi, Delhi	India
S1-503310689	Azeem Cardiology	307 Malone Ridge Road, Canton Township, PA	US
S1-88481196	Blue Ace Mae LLC	70 Wilson Court, Chesterton, IN	US
S1-28757932	Sai Business Private Limited	152 Ashoka Colony Manik Bag Road, Indore, Madhya Pradesh	India
S1-696526277	Global Tinto Inc.	1380 5th Street, Newport, WA	US
S1-171489382	PQ Express Xcel Inc	1807 Division Street, Melrose Park, IL	US
S1-210353803	Halcio Molecular LLC	3843 Linton Road, Cadiz, KY	US
S1-785277166	Pediatric Clinic Inc.	2546 12th Street, Terre Haute, IN	US
S1-812979334	Prime One Exports Limited	1759E/3, Market Road, Navalgund, Dharwad, Dharwar, Karnataka	India
S1-309558535	Beth Fellowship	2019 Lemon Tree Place, Unit 1162, Chandler, AZ	US
S1-344437402	Borders National Community Care	7039 Ave N, Houston, TX	US
S1-890446999	Blue Yoga LLC	3110 Kercheval Drive, Indianapolis, IN	US
S1-715767637	Downtown Hair Studio	31 While Away Drive, Bowie, MD	US
S1-427785947	Ace Insurance Enterprises, LLC	1166 Bosley Road, Keyser, WV	US
S1-959330708	Womens Health Partners	10S 185 Schoger Drive, Unit 87, Naperville, IL	US
S1-339649588	Products Aries (india) Limited	Gujarat, Gandhi Nagar, Gandhinagar, Siddharth Bungolw No:36, C/O Dilipsinh Laxmansinh	India
S1-664132573	Advance Coordinators Private Limited	1025E, Rajrooppur, Ops Nagar, Allahabad, Uttar Pradesh	India
S1-834703343	Hansi Consulting Co	House No.1691/16, Kali Devi Road Colony, Vtc Hansi, Po Hansi, Hansi, Hisar, Haryana	India
S1-615814764	Piedmont Direct Australia LLC	2915 Pebble Beach Drive, Unit Apt 11, Conway, AR	US
S1-490748403	Pioneer Care Private Limited	R-24 Rita Block, Shakarpur, New Delhi, Delhi	India
S1-327788855	Anita Telecom	Tamil Nadu, Chennai, Pancharathna Apartments, Welcome Colony, Anna Nagar West Extn., Flat No.3/13	India
S1-480362309	NQ Meridian Inc	430 Madison Avenue, Wadesboro, NC	US
S1-867883902	Shree Sports Private Limited	No.7/24, Chennai, Saravana Apartments, Kumaran Colony, Ii Street, Vadapalani, Chennai, Tamil Nadu	India
S1-446042631	Signature Amc Inc	631 Raleigh Boulevard, NC, Rocky Mount	US
S1-231943953	Northern Institute of Technology	316 Hickory Street, Nashville, TN	US
S1-749958171	A Ace Evo LLC	425 Longmeadow Road, Unit Apartment B, Amherst, NY	US
S1-457841498	Shiv Logistics Private Limited	B-728, 7Th Floor, Steel Chamber Towers, Plot No.514, Steel Market Complex, Kalam, Boli, Navi Mumbai, Mumbai City, Maharashtra	India
S1-388132335	Anika Polytechnic	1-9-202/4 Near Ramalayam, Ramnagar, Hyderabad, Telangana	India
S1-55369664	Boston Youth Blue Fellowship	128 Fuller Street, Boston, MA	US
S1-38896143	Jai Developers Limited	C/O Shri Babaji Sonawne Arai Tal Satana Tal Satana Dist Nashik Arai, Nashik, Maharashtra	India
S1-541474812	Hernandez Continental Taxable Inc.	1703 Cove Oak Lane, Knoxville, TN	US
S1-740096526	Mimi M. Estevez, CPA	20 Hobart Street, Welch, WV	US
S1-892685004	Tara Golden Private Limited	2 Doyehatta Street, Kolkata, Calcutta, West Bengal	India
S1-344399078	Garcia, Morris & Marshall Entergy	4571 Benoit Drive, Memphis, TN	US
S1-975702663	Talent Solutions Private Limited	Plot No. 20, Ground Floor, Near Rawal Int. School Nangla Gujran Industrial Area, Sohna Roa, D, Faridabad, Haryana	India
S1-464175377	Classic Jai Marketing LLP	C/O Arjun Singh, Jen Satrawas Ke Samne, Sumerpur, Pali, Rajasthan	India
S1-164121267	Framework Retail Pvt Ltd	S No. 45/1. 45/2/A Plot No. 1-B Sardar Residency, Shahade, Maloni, Nandurbar, Maharashtra	India
S1-160075795	Helios Co	945 Mountain View Drive, Odenville, AL	US
S1-440204617	Department of Aging	57 Cedar Street, Unit 1104, Woburn, MA	US
S1-505683835	Crespo College Inc	Middlebury, IN, 57244 35	US
S1-181900498	#Zion Capital Inc.	8152 3rd Avenue, Leeds, AL	US
S1-487407479	Ram First Foundation Private Limited	348, Ghorpade Peth, Momin Manzil, Pune City, Pune, Maharashtra	India
S1-282476481	Nfc Employees Private Limited	Y-37, Okhla Industrial Area, Phase-Ii, New Delhi, Delhi	India
S1-748761724	Long Strategic, Inc	2721 Meadowbrook Drive, TX, Fort Worth	US
S1-805151810	Vision Clinic Inc	21126 Wooded Cove Drive, Elwood, IL	US
S1-152103175	Behavioral Health Care LLC	9 Royal Crest Drive, North Andover, MA	US
S1-874221974	Saint Community Church	3791 Captains Way, Wheatfield, NY	US
S1-318245270	JY National Holdco L.L.C.	27375 Cr 24, Warsaw, OH	US
S1-902835440	Vrunda Brothers Private Limited	Block-Q, Mondeal Business Park-2, Near Gurudwara, S.G. Highway, Bodakdev, Ahmedabad, Gujarat	India
S1-825046730	Ysabel's Complete Health	6223 Lanier Road, Maryville, TN	US
S1-81006101	New Delhi Realty Private Limited	Gh - 6, Flat No. 86, First Floor Prachin Apartment, Paschim Vihar, New Delhi, West Delhi, Delhi	India
S1-847655278	Superb Welfare Society Company	Welspun City, Village Versamedi, Taluka Anjar, Kutch, Anjar, Kachchh, Gujarat	India
S1-442507767	Metropolitan Delta Championsgate Inc	4 Owl Road, Tijeras, NM	US
S1-428151861	Pathak Mgmt Pvt Ltd	No.457/2, S.No.8, Ramasamy Naidu St, Perur, Coimbatore South, Coimbatore, Tamil Nadu	India
S1-324441012	Kelly Highland Spire, Inc	7200 Cattle Drive, Nashport, OH	US
S1-456782592	Nj Express Private Limited	A-001, Bldg A-14, Varsha, Chs Ltd, A.K Vaidya Marg, Goregaon East, Mumbai, Maharashtra	India
S1-966715994	Thornton & Flores Krakacquisition LLC	475 Clearwater Harbor, Sanford, NC	US
S1-473031691	Schutt Brc Company	8864 Applecross Lane, Fairfax County, VA	US
S1-56106687	Caldora Figx	1027 Watford Avenue, Graceville, FL	US
S1-176607451	Green Products Private Limited	F-12/3, Sir Syed Road, Jogabai Extn. Jamia Nagar, New Delhi, South Delhi, Delhi	India
S1-65626628	A Signature Obic	8 Daniels Street, Seneca Falls, NY	US
S1-470928762	Atlantic Dental Associates	207 Dorchester Avenue, Wheaton, IL	US
S1-501187535	Eberhardt Bank, LLC	25638 29th Avenue, Kent, WA	US
S1-716162798	Butts & Sinclair Coca LLC	93 Scott Avenue, Nashville, TN	US
S1-158115774	Padgett Express Mercator	Chippewa Lake Villag, OH, 27 Bungalow Bay Boulevard	US
S1-521781296	Floral & Co Co	X/658/5 Puthur Buildingserinjeri Angadi, Thrissur, Trichur, Kerala	India
S1-121664621	Golden Massage	2067 Broadwater, Whiteford, MD	US
S1-628250332	Kanha Tours Limited	4-173, Ikkurru Village, Narasaraopet, Guntur, Andhra Pradesh	India
S1-238107653	Fay T. Nguyen, Esq., P.C.	TN, Stewart, 256 Cheree Loop	US
S1-704213695	Holly Maggio Aura Inc.	212 Seaton Heights Lane, Reeds Spring, MO	US
S1-305609167	Mountain Corporation	1677 Fm 1444, Burlington, TX	US
S1-508360624	Tech Products Private Limited	C/O Ishan Agrawal Narmada, Ji Ward Near Navin Press, Mandla, Madhya Pradesh	India
S1-281485564	Shivani Sports Pvt Ltd	H.No 7-5-84, Nagarjuna Colony, Goutham Nagar, Ferozguda, Balanagar, Hyderabad, Medchal - Malkajigiri, Tirumalagiri, Hyderabad, Telangana	India
S1-364829382	Surat Logistics Private Limited	912, Iwc, Nr. C. B. Patel, Club House, Vip Road, Surat, Gujarat	India
S1-348316765	Surya Engineering Private Limited	H.No. F-17/3, Phase-Ii, Sanjay Complex Geetanjali Chouraha, Kotrahuzur, Bhopal, Madhya Pradesh	India
S1-957481337	Unique Gold Services Private Limited	Uttar Pradesh, House No. 60 Ward No.- 4, Chikan Tola, Shankargarh, Allahabad, S/O Mr. Rajaram Vishwakrma, Allahabad	India
S1-995135794	Empire Society	IN, Larwill, 780 700	US
S1-796794939	Prabhu Foundation	Plot No- 2935, Khata No.1345/1519 Arei, Bhadrak, Orissa	India
S1-144848940	Community Council	30 Cliftondale Road, Acton, ME	US
S1-135958603	Golden Om Properties Pvt Ltd	N-108, South Avenue Lane W-17S, Sainik Farms, New Delhi, Delhi	India
S1-721264108	Green Tech LLP	C/O Jhunjhunu House, Ward, No. 24, Ambedakar Nagar, Churu, Rajasthan	India
S1-910594123	Integrated Industrial Holdings	2760 Milwaukee Avenue, Chicago, IL	US
S1-890420551	Best Investment Private Limited	33/615/2, Kerala, Thrissur, Chelakkottukara, Thrissur	India
S1-489169236	Delta Metro Pennymac	VT, Manchester, 2501 West Road	US
S1-829841097	Dawson Premier Diversified Inc	201 Main Street, Unit Room 5, Philmont, NY	US
S1-756412192	Pune City Logistics LLP	R-11, T-58, -1802, Amanora, Park Town, Sadesatra Nali, Pune City, Pune, Maharashtra	India
S1-254346741	United Estate Limited	Office No 302, S. No. 230/A/3/1 Town Square, Pune, Maharashtra	India
S1-213863376	Sanchez Trust	103 Stanley Avenue, Staten Island, NY	US
S1-338829638	Stratus Brothers Private Limited	No. 134 Shop No.4, 1St Floor Rajhans Golden Mall, O.T.C Road, Nagarathpet Main Road, Bangalore, Karnataka	India
S1-310743924	Chapman Origin of Prince William County, Inc	3458 Caledonia Circle, Prince William County, VA	US
S1-793122880	Physical Therapy Partners LLP	18137 Metz Drive, Germantown, MD	US
S1-83336	Vijay Energy Private Limited	C/O Kumar Gaurav, 401, Gharounda Complex Jagdeo Path, Khajpura, Patna, Bihar	India
S1-553274556	Sharleen Morey Prime Kensington LLP	Unit 2, Geneva On The Lake, 4978 Yale Drive, OH	US
S1-874294629	Panchshil Traders Clinic	C/O Abhishek Batra, House No- 208F/F Paryavaran Complex, Near Saket Metro St, Ation, New Delhi, South Delhi, Delhi	India
S1-984034653	Certified Midwest Fashion	11055 Texas State Highway 11, Sulphur Springs, TX	US
S1-342669845	Madeline's Desert Capital Corp	1700 Thistlewood Drive, WV, Teays Valley	US
S1-881701203	Chopra Gems Private Limited	Flat No. 102, 51 Madhav Apartment, Parth Enclave, Karvenagar, Pune City, Pune, Maharashtra	India
S1-960357563	Agarwal Group	Indore, 565 D Shiv City, Madhya Pradesh, Bijalpur, Rau, Indore	India
S1-960787494	Prairie Academy	9812 3rd Street Rd, Louisville, KY	US
S1-422254127	Conceicao Atlantic Arch, Inc	365 44th Street, Unit UNIT 6, San Bernardino, CA	US
S1-154837922	Oswal Hospitals Ltd	D 35/223, 3Rd Floor Jangambari, Varanasi, Uttar Pradesh	India
S1-92444725	Kalina Dea Bright Software LLC	21 Linden Street, Unit 2, Somerville, MA	US
S1-493257449	TIM Project Ltd	South West Delhi, 3Rd Floor Safdarjung Enclave, Delhi, South West Delhi, B-2/20	India
S1-360776331	A Modern Private	1010 Cedar Bayou Road, Baytown, TX	US
S1-899352052	Supreme Peak Industries Inc	405 Stellar Wind Drive, Georgetown, TX	US
S1-235335372	Fiex	6515 Woodlake Village Court, Unit APT F, Chesterfield County, VA	US
S1-309883814	Brake's Graphics	406 Chestnut Street, Sweetwater, TN	US
S1-622099247	National Rapid Couriers	350 Coronado Pvt Circle, Hendersonville, TN	US
S1-484761650	Beasley Devices	11118 Avery Oaks Lane, Richmond, TX	US
S1-670894283	Infrastructure Natural Sales Pvt Ltd	2 Cool Roadjalandhar City, Punjab, Jalandhar, Punjab	India
S1-104808135	Berry, Stevens and Ellett LLC	4497 440 Road, Eucha, OK	US
S1-862352890	Express Learning Services Pocahontas Inc	Pocahontas, AR, 203 Bland Street	US
S1-716114169	Family Chiropractic LLC	3423 Blue Candle Drive, Spring, TX	US
S1-482878118	Custom Payment Group	608 Van Buren Street, Paris, IL	US
S1-743304229	Mumbai Products	801A Eureka Towersmindspace Link Rd Chincholi Bunder Malad (W), Mumbai, Maharashtra	India
S1-691332637	Chiropractic Group	1630 Grace Landing Drive, Mebane, NC	US
S1-149954337	Zaara & Brothers Limited	Sr.No.6/6 Shantinagar Col, No-3, Near Hotel Mayuresh, Pune City, Pune, Maharashtra	India
S1-81537455	Hargrove Heartland Mortgage	16 Lawrence Drive, Unit Apartment C, Greenburgh, NY	US
S1-953120861	Kankarbag Traffic Private Limited	4A Govind Enclave Dr. Ram Govind Singh Path Chandmari Road, Kankarbag, Patna, Bihar	India
S1-238873381	Berry & Madden LP	Searcy, 148 Johnston Road, AR	US
S1-562101057	Johal Services Private Limited	1 Ramesh Mitra Road, 3Rd Floor P.S Bhowanipur Kolkata, Kolkata, Kolkata, Howrah, West Bengal	India
S1-941480870	Asset Building Fund	4108 Gorky Drive, Upper Marlboro, MD	US
S1-980635432	Jaipur Consultants Private Limited	Plot No. H.E 231, Saryu Marg, Hanuman Nagar Extension, Sirsi Road, Jaipur, Rajasthan	India
S1-793595080	Gujarat Products Private Limited	A P : Mota Borasra, Tal Mangrol Village Mota Borasara, Taluka Mangrol, Surat, Gujarat	India
S1-671338530	Nagin Projects Private Limited	Mumbai, Borivali West, Maharashtra, 1601, 16Th Floor, A-Wing, Pushp Vinod A, Pushpa Park, S V Road	India
S1-24868287	Consolidated Trading Advisors LLC	2104 Galloway Avenue, Mesquite, TX	US
S1-615544244	Optimal Infrastructure Systems	256 100, Logan City, UT	US
S1-975975269	Big Aditya Technologies Private Limited	Fn0104 A Meenaxi Apt, Mumbai City, Goregaon (E), Maharashtra, Owners Assoc Gokuldam Near Gokuldham Mandir	India
S1-553167730	Halcyon LLC	506 Harrison Street, City Of Appleton, WI	US
S1-487182924	Green, Jorrie S., CPA	10803 Elise Street, City Of El Paso, TX	US
S1-41657913	Benzer Marketplace	18-19/F2, Affifa Avenue, Opp. Survey Of India, Prashanth Nagar, Uppal, Hyderabad, Telangana	India
S1-705175361	Bowers Insurance Inc	VA, 1809 Millville Road, Chesapeake City	US
S1-148813395	Shivam (India) Solutions Private Limited	5/33283 G-7, Sky Tower Shopping Mall 8Th Floor, Bank Road, Calicut, Kozhikode, Kerala	India
S1-143958303	Ami Services (India) Private Limited	No.57, First Floor Pantheon Road, Egmore, Chennai, Tamil Nadu	India
S1-851096323	Project Facade	1927, Multani Mohalla, Delhi, West Delhi, Delhi	India
S1-180111202	Loree's Direct Roofing LLC	1000 Aventine Drive, Unit 226, Arden, NC	US
S1-641062012	Sanders Preparatory Academy	19999 Sandy Bottom Circle, Unit 6201, Rehoboth Beach, DE	US
S1-217503263	New Delhi Master Private Limited	D-37, T/F, New Multan Nagar, New Delhi, West Delhi, Delhi	India
S1-280637706	Nunn's Tire Shop	3133 Grand Staircase Road, Hurricane City, UT	US
S1-444167799	Stahl Technologies-Hawthorn Woods	25275 Marilyn Lane, Hawthorn Woods, IL	US
S1-456377382	Ashoka Security (India) Limited	210, 2Nd Floor, Sim Lim Square, Besto Chamber, Plot-301, Dr. D.B. Marg, Grant Road (East, ), Mumbai, Mumbai City, Maharashtra	India
S1-240217829	Camac Trading Private Limited	Opp Gala No 4 Palghar, Vikramgad, Thane, Maharashtra	India
S1-138909017	Super Solutions Limited	No. 162 (P), 163(P), 164(P), 165(P) Epip Industrial Area, Whitefield, Bangalore, Karnataka	India
S1-601369687	Novium Hologram LLC	4029 Watson Street, Houston, TX	US
S1-554072483	Peridova Grid LLC	Schuyler Falls, 83 Soper Street, NY	US
S1-585796364	Schlee Direct Hovnanian	1012 Navaho Drive, Unit 101, Raleigh, NC	US
S1-532843885	Shayonam & Sons	Shop N 2 Infront Of Maratha Samaj Bhawan Nd 5, Burhanpur, East Nimar, Madhya Pradesh	India
S1-849406830	Wolford Obic	736 Elder Court, Glencoe, IL	US
S1-551615800	Infrastructure Samanvay Tech Pvt. Ltd.	Vi/565Vrindavanam Nellaya P O, Palakkad, Thrissur, Kerala	India
S1-136236806	Silver Data Services Inc	131 Kimber Drive, Peters Township, PA	US
S1-171207982	Janetta Sacks Ultra Corp	2343 Fullerton Drive, Indianapolis, IN	US
S1-127303749	Interfaith Charities	OH, 7832 Marjoram Place, Clayton	US
S1-853144073	Maid Deli	7411 Laramie Avenue, Skokie, IL	US
S1-983949399	Sky Gym Private Limited	5Th Floor, Abhishek Building, Behind Monginis Factory, Off New Link Road, Andheri West, Mumbai, Maharashtra	India
S1-362773825	Anand Logistics Private Limited	Maharashtra, Room No 4 Mahatwa Kawir, Chakala Andheri East, Mumbai	India
S1-310432118	Shiv Energy Private Limited	Plot No.100 Panchmukhi Vishwakarma Tower 4Th Floor New Power House Road Section-7, Jodhpur, Rajasthan	India
S1-435931346	Zia Line LLC	2228 Crawford Street, Terre Haute, IN	US
S1-548154459	Pearson Superior Biologics Inc.	951 Elma Street, Ontario, CA	US
S1-823237213	All Certified Tankers Inc	464 Cambria Drive, Round Lake, IL	US
S1-131695621	Gold Shiv Care Private Limited	75/79, Old Hanuman Lane 1 St Floor Room No 6, Kalbadevi Road, Mumbai, Mumbai City, Maharashtra	India
S1-517900514	Precision Processing Inc	163 Kenwood Lane, Harpers Ferry, WV	US
S1-31347364	Petrochem Club (India) Private Limited	1361, Ph -Iii, G/F Jj Colony, Madanpur Khadar, Sarita Vihar, South Delhi, Delhi	India
S1-748238437	Super 88 Tattoo	Oak Hill, WV, 1386 Pea Ridge Road	US
S1-158546157	Pioneer Digital Holdings	Taylorsville, KY, 915 Pin Oak Drive	US
S1-426534386	Regional Heritage Systems LLC	201 Dogwood Lane, Brinnon, WA	US
S1-842247360	Family Care Associates Inc	3664 Lavender Lane, Bainbridge Island, WA	US
S1-618034883	Martz Ithax LLC	MD, Fl 0, 819 Sunny Chapel Road, Odenton	US
S1-787025067	Skalsky Equity Partners LLC	107 Staglen Drive, Henrietta, NY	US
S1-387977406	Modern Hospitality Limited	Green Park Extension, New Delhi, Delhi, South West Delhi, S-3 First Floor	India
S1-994954926	Little Tavern	312 West Street, ND, Carson	US
S1-326811583	Anvil PLLC	4153 Edgemoor Drive, Fl 0, Bel Aire, KS	US
S1-444951364	Best Insurance Ventures LLC	4813 Siskin Court, Sacramento, CA	US
S1-59045637	Primary Care Choice Specialists LLC	723 Zuni Street, Taos, NM	US
S1-936989032	J/A Cayson LLC	20 Reese Road, Buffalo Township, PA	US
S1-297706124	Community League PC	Tucson, AZ, 811 47th Street	US
S1-1976247	DI Sizzle	Geddes, 28837 90, NY	US
S1-21935538	Anderson, Smolenski & Miller Company	Franklin County, 3147 Doe Run Road, VA	US
S1-553316817	Orthopedic Associates LLC	220 Blackthorn Lane, Albemarle County, VA	US
S1-438129596	Vanhouten and Ingram	16075 H K Dodgen Loop, Temple, TX	US
S1-607399555	Roopiya Services	Gno 2712/A Dhondmal Tal Peth Dist Nashik Peth, Nashik, Maharashtra	India
S1-772735199	Transtek Ventures Private Limited	Nashik, Maharashtra, Nagpur, 9 Asl Ashwin Nagarnew Cidco	India
S1-519903331	Sm Welfare Society	17, Floor-1, Plot-17, Ropalane, Chandanwadi, Chira Bazar, Mumbai, Mumbai City, Maharashtra	India
S1-773585271	Interstate Premier Infinite PLLC	21 Black Walnut Lane, Nelson County, VA	US
S1-216930107	Adara Kinloch Pearl, Corp	99 Creekrock Drive, Madison, AL	US
S1-720087100	Ninnetta Watson Alussa LLC	177 Deer Run Way, Elizabethtown, KY	US
S1-147327689	Mcfarland Beacon Cloud L.L.C.	41 Crawford Street, Montezuma, IN	US
S1-907855258	South Infrastructure Private Limited	4/2, Coromant Hsg Society Sector No. 27, Pradhikaran, Nigdi, Pune, Maharashtra	India
S1-812250335	Rivy Austin, MD	2490 Railroad Street, Winterville, NC	US
S1-861422873	Klarika Mucci Star Precision LLC	216 Santa Fe Trail, Unit 1067, Irving, TX	US
S1-592721832	Cardiology Ace Center PC	6785 Boeing Avenue, Fontana, CA	US
S1-448650249	Smart Projects Pvt Ltd	9C, Pudukamoor Road, Villupuram Tiruvannamalai, Arni, Tiruvannamalai, Tamil Nadu	India
S1-668750166	Pamba Two Private Limited	153 Vaishali, Pitam Pura, Delhi	India
S1-612041681	Boia Parts LLC	7116 802, TX, Burleson	US
S1-172861120	Trisha K. Beck, P.A., M.D., P.C.	52797 Francis Street, South Bend, IN	US
S1-421367923	Urology Health LLC	Jackson, TN, 60 Russell Road	US
S1-589725498	Blandville Cardiology Classic Physicians	768 New York Road, Blandville, KY	US
S1-945077570	Vemiis Corp	2100 Woodard Road, Princeton, NC	US
S1-734312688	Surya Impex Pvt Ltd	C/O Smriti Das & Sudipta Das 1161, Satyajit Kanan, Mukundapur, Lp 208/, 4/17, Kolkata, Kolkata, Howrah, West Bengal	India
S1-441996890	American Anchor Molecular Inc	8 Gwyn Lane, Greensboro, NC	US
S1-924413564	Kopp Northwest LLC	55 Simme Road, Lancaster, NY	US
S1-663737806	YPG Motors, LLC	1605 Southland Parkway, Marion, Unit G, OH	US
S1-31779681	Timmons and List	375 Jackson Street, Unit Suite 275, Saint Paul, MN	US
S1-801556054	Royal Transit Systems Group	1753 Nelson Avenue, Memphis, TN	US
S1-260330364	Kestay Solid	2718 Chestnut Street, Laredo, TX	US
S1-968619405	Best Platinum Square, LLC	10528 Runion Drive, Peoria, AZ	US
S1-796459040	Daex Premier Property Solutions Inc	303 36th Avenue, Hickory, NC	US
S1-76003975	Bedford Assets Inc	4253 Stableford Lane, Naperville, IL	US
S1-20323463	Fortune Software Limited	A-195/10, Road No.4, Gali No. 10, 3Rd Floor, New Delhi, South West Delhi, Delhi	India
S1-875672601	Nova	104 Lewis Street, Kittitas, WA	US
S1-589837728	Dyeing Marketing Private Limited	Bl-2/B, 2F-Fr 10/95/4 Bejoygarh, Lp-55/9/93, Kolkata, Howrah, Kolkata, West Bengal	India
S1-946741193	Galaxy Hotel Global LLP	C/O Shobhanlal Sasmal, Vill+ P.O- Keshapat, Panskura, East Midnapore, West Bengal	India
S1-180642662	Walk Health Private Limited	C/O Ryan Public School Manpur Block, Awgila, Manpur, Gaya, Bihar	India
S1-449223690	Loise N. Harrison, D.D.S.	300 Watters Road, Unit 1328, Allen, TX	US
S1-251789888	American Fund	400 Main Street, Wilmore, KY	US
S1-830802523	Migliore, Howard and Lee LLC	12 Park Lane, Galveston, TX	US
S1-352328499	Reyes & Marquez Templeton	103 Jacob Lane, Hempstead, TX	US
S1-581017555	Sunrose Tours Pvt. Ltd.	13 A, Shree Nagar Nx, Indore, Madhya Pradesh	India
S1-141410638	Midwest Highland Cherry Inc	314 1230, Tooele, UT	US
S1-530631165	Theus Saul of Petersburg City	212 Blackwater Drive, Petersburg City, VA	US
S1-857320472	Mitchell Platinum LLC	3335 Rocky Hock Road, Edenton, NC	US
S1-979803199	Rosario Alchemy	10920 Switzer Avenue, Dallas, TX	US
S1-231134792	Yuvraj Trading Center	33183, Prestige Falcon City, Konankunte Cross, Kanankpura Main Road, Bangalore, Karnataka	India
S1-712202182	Internal Medicine Group	40 Denman Mountain Road, Neversink, NY	US
S1-528531241	Blue Bakery	1261 Dalemont Way, Dyer, IN	US
S1-179666311	WBR Technologies Limited	5004, 3Flr, Eaze Zone Mall, Off Link Rd, Ctsno. 1214/1, Goregaon East, Mumbai, Maharashtra	India
S1-814345889	Chapra Swamy Pvt Ltd	Pakri 5, Shekhpura, Block-Amnour, Bihar, Chapra, Saran, C/O Pasuram Sah	India
S1-996229500	Better Therapy Group	23 First Street, Fair Haven, VT	US
S1-716771492	Yee Qdro of Katy	4114 Palmer Meadow Court, Katy, TX	US
S1-815965324	One Construction Pvt Ltd	3 5 106/16/G, Plot No 16, Prema Nilayam Vivekananda Nagar Colony, Kukatpally, Hyderabad, Rangareddy, Telangana	India
S1-971228288	Bangalore North For Pvt Ltd	No. 67, 3Rd Main San, Bangalore North, Bangalore, Karnataka	India
S1-211820155	ZQW Cloud Pvt Ltd	Rajipa Green Land Residency Opp Jivan Jyot Society, Viratnagar, Ahmedabad, Shop No D-25, Ahmedabad, Gujarat	India
S1-847156604	Construction Technologies Ltd	7/47 Puthiya Purayil Pookkad, Chemancheri, Thiruvangoor, Calicut, Kozhikode, Kerala	India
S1-597564310	Corabelle Turner Custom Gravity Inc	6131 Forestdale Avenue, Trotwood, OH	US
S1-194340421	Surgical Gulf Center	17217 Wind Chime Drive, Manor, TX	US
S1-195663138	Mihalek Interests	4208 Harding Avenue, IL, Chicago	US
S1-366487131	Niex Care	UT, 1526 Redstone Avenue, Park City, Unit B	US
S1-234022883	Urban Delivery Limited	D-39 Sujan Singh Park, New Delhi, South Delhi, Delhi	India
S1-630943609	Green Investment	Plot No. 8 Sector 1 Td, Airoli, Navi Mumbai, Mumbai City, Maharashtra	India
S1-779225776	Modern Foundation Limited	D.No 306, A Block, Rajendra Nagar, K.V.Rangareddy, Telangana	India
S1-754657655	TAJ Hartford L.L.C.	5951 Cut Across Road, Big Falls, MN	US
S1-409255782	Akanksha Memorial Trust	1215, 12Th, C Wing, One Bkc Bkc Bandra East, Mumbai, Mumbai City, Maharashtra	India
S1-374130420	Pediatric Dentistry Partners LLC	930 Commerce Street, Unit 2101, Nashville, TN	US
S1-347048251	King Reliable Americas	6 Ridgewood Parkway, Unit F, Newport News City, VA	US
S1-813982000	Universal Technologies Private Limited	Near Modern Public School, Alwar, Tijara, Rajasthan, Ocf-2 Bhagat Singh Colony	India
S1-288974022	Rap Solutions Private Limited	Office No. 04 First Floor Flora, Galaxy Apt North Solapur, North Solapur, Solapur, Maharashtra	India
S1-187932653	Rudra Trading Ltd	Haryana, Block A Majra Swraj, Village Majra Swraj, Rewari, Plot No 1	India
S1-850645535	Grand Apparel Group Inc.	987 Eastside Highway, MT, Corvallis	US
S1-466480913	Shakti Trading Private Limited	61 Ideal Industrial Estatesenapati Bapat Marg, Mumbai, Maharashtra	India
S1-425201681	Chiropractic Specialists Inc	72 Lexington Drive, Portsmouth City, VA	US
S1-563933566	Fox Ace Hologram L.L.C.	19007 143rd Avenue, Sun City West, AZ	US
S1-913439245	Nicholls & Oconnor	9083 Mediterra Place, Bldg 17965, Dublin, OH	US
S1-54743479	Manda A. Chen, Esq. Center	3309 Byington Beaver Ridge Road, Knoxville, TN	US
S1-396980960	Cais Holdings	249 Strawberry Hill Estates Drive, Ofallon, MO	US
S1-477608148	Fisher's Farms	1818 Church Street, Unit 505, Nashville, TN	US
S1-384141199	Diamond Media Products	1851 Knightsbridge Road, Unit 2108, Farmers Branch, TX	US
S1-551469891	Merit Clothing Limited	W-2 Cama Estatewalbhat Road Goregaon E, Mumbai, Maharashtra	India
S1-988166265	Stewart and Dixon China	600 1/2 Koenig Lane, TX, Austin	US
S1-292692907	Peace Liquors Private Limited	16/427- Main Road Opp. City Union Bank, Padarnilam, Kulasekharam, Kanyakumari, Tamil Nadu	India
S1-839731006	ZY Enterprises Private Limited	A-99, Second Floor Lajpat Nagar-Iv, Delhi, South Delhi, Delhi	India
S1-562847595	Platinum Rapid Asset LLC	12876 306th Avenue, Buckeye, AZ	US
S1-781446717	Womens Health Trusted Partners LLC	505 Chapman Street, Johnson City, TN	US
S1-430291212	Surgical Associates LLC	Round Rock, TX, 1314 Rainbow Parke Drive	US
S1-170266005	Zonda Burke Ace Fuel Inc	Edgewater, 1814 Longwood Road, MD, Fl 0	US
S1-720726328	Rocha Academy	1361 Trinity Park Dr, Louisville, KY	US
S1-242121095	Glyphara Newbridge Inc	102 Washington Avenue, Montgomery, NY	US
S1-157361993	Desert Society	10263 400, Idaville, IN	US
S1-764328196	Allied Jones Inc	719 4th Street, Raton, NM	US
S1-432399947	Solutions Apl Green	Chennai, Block B G1, Tamil Nadu, Door No.6 Sixth Cross Street, Cit Colony, Mylapore	India
S1-792234199	Kramer & Hebert Inc	MD, Unit 612, Fort Washington, 2602 Brinkley Road	US
S1-495445024	Waters Best Spacsphere Center	97 Congdon Street, Narragansett Pier, RI	US
S1-618662942	Om Technologies (India) Private Limited	Block A, S.F. 22, 23, 43, 44, Amrapali Shopping Mall, Amblibopalcross Road, Ambli, Ahmedabad, Gujarat	India
S1-461332926	Golden Foundation	4, Rajappa Nagar, Ariyamangalam Po, Trichy, Tamil Nadu	India
S1-92254645	Harsh Enterprises (India) Limited	Level-5, Sb Tower, Plot No. 1A/1, Filmcity, Sec-16A, Noida, Gautam Buddha Nagar, Uttar Pradesh	India
S1-713996832	Sandhya & Associates LLP	C/O Ilyas Rahmani Rahmani Colony, Kishanganj, Uttarpali Kishanganj, Kishanganj, Bihar	India
S1-202035844	Physical Therapy Medicine of Durham, LLC	Durham, Unit 114, NC, 270 Leigh Farm Road	US
S1-531155923	Highland First Virtus PLLC	250 Congress Avenue, Unit 6, Chelsea, MA	US
S1-559691865	Dental Center, Inc	117 Hickory Lane, CT, Wolcott	US
S1-767833583	Immaculate Solutions Private Limited	21B/9, New Rohatak Road, Opposite Lic Office Near Liberty Cinema, Karol Bagh, New Delhi, Central Delhi, Delhi	India
S1-657284212	YKE Poultry Group	Office No. O-Ii, 9A, 2Nd Floor, Palam Vihar, Palam Vihar, Gurgaon, Haryana	India
S1-721140591	Acosta and Hernandez Electrical, LLC	39 Beechwood Street, Unit APT 7, Thomaston, ME	US
S1-499137551	Miller & Bradberry Storage, Inc	4895 Princess Diana Court, Hilliard, OH	US
S1-294953594	Hyderabad Services Private Limited	Telangana, Rangareddy, Hyderabad, H.No 15-35/199, Plot No 77, Shakthipuram, Kukatpally	India
S1-246157396	Ali Airlines	507 Lathrop Road, Fl 1, Columbia, MO	US
S1-618571023	Terry's Harbor Supply Ltd	1932 Hutchings Avenue, Unit LOT 16, Ballinger, TX	US
S1-379978834	Womens Health Physicians of Elizabeth City	Elizabeth City, 1218 Ramsey Road, NC	US
S1-886246681	Punjab Telecom Private Limited	3Rd Flr, One World Centre, Tower 2B, Lower Parel, Mumbai, Maharashtra	India
S1-209847999	Internal Medicine Continental Center	32980 Nesika Road, Gold Beach, OR	US
S1-821954516	ZDJ Aberdeen LLC	2127 Lincoln Avenue, Chicago, IL	US
S1-75262097	Jocelyn Donovan Atlantic Hall Clinic	1750 Culls Ridge Road, Bedford, KY	US
S1-692873580	MB Coastal LLC	2184 11, Lafayette, NY	US
S1-799632615	Sanchez Studios Inc	8221 Chancellor Row, Dallas, TX	US
S1-828340904	Good Energy Private Limited	305, Nilima Park Society Aarohi Complex, Guj. University Road, Na, Vrangpura, Ahmedabad, Gujarat	India
S1-419621540	Lesya Blackwood National Towing	IN, Chesterton, 205 Ironwood Court	US
S1-957760619	Helios Oncology LLC	3996 Cr 4225, Independence, KS	US
S1-747125161	Ember Printing PC	TX, Missouri City, 2810 Argos Drive	US
S1-234174270	Gomez and Curran	Bloomington, IL, 1223 Kim Drive	US
S1-248032131	Almaguer, Smith & Vargas Landscaping LLC	17333 Fairway Drive, Athens, AL	US
S1-981014340	Valley Elite Tribeca Corp	3026 Magevney Street, Memphis, TN	US
S1-501252929	Granite	Livingston, CA, 1930 F Street	US
S1-199483176	Manet Corp	KS, Longton, 303 Osage	US
S1-487452734	Ambal Nagar Ekkattuthangal Drama Ltd	9, Bharathiyar Street, Ambal Nagar Ekkattuthangal, Chennai, Tamil Nadu	India
S1-667635890	Pioneer Telecom Services Inc.	1630 Spring Street, Fl 1, Medford, OR	US
S1-9463761	Q V & L Wealth Inc	1250 Gorham Street, Lowell, MA	US
S1-728270873	Parker Grand Paloma Inc	9665 Capella Avenue, Concord, NC	US
S1-876013063	Maa Products Private Limited	Birendra Singh Nirbhay 78, Officers Campus, Sirsi Rd, Kalwad, Jaipur, Rajasthan	India
S1-101629104	Ailyn Freeman International LLC	201 Hicks Hollow Road, Chillicothe, IL	US
S1-154667728	Mangalam Prajapati Private Limited	0479 K, Jangal Beni Madha, W No 2 Moharipur, Gorakhpur, Uttar Pradesh	India
S1-831844659	Smart Systems LLP	Maharashtra, C-41-601, Thane, Triveni, Vasant Vihar, Thane	India
S1-400783615	Mosier, Pingel and Saldana	6814 Cabot Circle, Charlotte, NC	US
S1-261811696	Seven Construction Pvt Ltd	Door No. 5/490-L, First Floor Grand Plaza, Guruvayoor Road, Kanjani P O, Thrissur, Kerala	India
S1-239602289	Pediatric Dentistry Classic Center	1234 Curry Road, Greenwood, IN	US
S1-697822440	Legacy Electronics Concepts	1041 Rocky Ridge Road, Odenville, AL	US
S1-456896133	Infinite Pharma Pvt Ltd	Lb-10 Lower Basement, Elanza Commercial Complex (Db Plaza), Plot No-C-12 Block-C Rdc Raj Nagar, Ghaziabad, Uttar Pradesh	India
S1-346903037	Southern Exports Pvt Ltd	Plot No.01, Dr Vijayam Township, Via Swami Vivekananda Cbsc School, Sriperumbudur, Kanchipuram, Tamil Nadu	India
S1-583550662	Applied (India) Farmer Private Limited	No.11/2, 1St Floor, Guddadalli Main Road, Hebbal, Bangalore, Karnataka	India
S1-148192519	Solapur North Good Pvt. Ltd.	Ctsn-8605/2A, Murarji Peth, Solapur North, Solapur, Maharashtra	India
S1-187816684	Lonnie Tackett, L.C.S.W., DDS PC Care	103 Ball Road, Onondaga, NY	US
S1-734336180	Desert Bright Dividend LLC	452 Fairlawn Drive, Covington City, VA	US
S1-513511007	Suyash Trading Private Limited	T-4/2003, Ace Divino, Plot No Gh-14A, Sector-1, Bishrakh, Gautam Buddha Nagar, Uttar Pradesh	India
S1-214762124	Great Consultants Private Limited	T/10, Civil Township, Rourkela, Sundargarh, Orissa	India
S1-440809279	Vijay Business Private Limited	Kesargarh, Jawahar Lal Nehru Marg, Jaipur, Rajasthan	India
S1-80598829	Department of Motor Vehicles	IA, Doyle, 1050 Freedom Street	US
S1-242634825	Creative Environmental Networks	2432 Colter Court, Fort Worth, TX	US
S1-648879437	Sony Valley Private Limited	South West Delhi, Delhi, New Delhi, H. No. B-440, S/Floor, Kh No. 799, Chhattarpur Extn.	India
S1-745155242	DTW Sterling Airport	893 Erskine Street, AL, Montgomery	US
S1-125288628	Seven (India) Property LLP	67B Gopal Mansion Chs Ltd, Gurunanak Rd, Opp Kooper, Mumbai, Maharashtra	India
S1-761905856	@ Home 8 It Corp	1061 B2, Roseville, MN	US
S1-468927772	Total Financial Inc	950 Henderson Road, Franklin, NC	US
S1-25668469	Sirius Hair Studio Co	26 Colburn Street, Unit 3, North Attleborough, MA	US
S1-832896346	Oncology Medicine, LLC	Bronx, 3905 Duryea Avenue, NY	US
S1-954000499	Png Oilseeds Private Limited	Plot No.- 36, Kukreja Estate Cbd Belapur, Navi Mumbai, Maharashtra, Flat No.- E/602	India
S1-88792518	Rsa Traders Private Limited	E-304 Satva Aroma Near, Radhe Flat, Manjalpur, Vadodara, Gujarat	India
S1-304599971	Thomas Clear Eaton LLC	112 2nd Avenue, Columbia Falls, MT	US
S1-408720940	Thomas Smart Inc	1917 5th Avenue, Grand Forks, ND	US
S1-220825875	Rev It Up Ice Cream	3203 Guion Road, Indianapolis, IN	US
S1-781931293	Gulf Committee Associates	11894 Eagle Valley Road, Taylor Twp, PA	US
S1-449026436	Innovative Foundation Private Limited	S-1, Delhi, New Delhi, 2Nd Floor Arjunnagar, Safdarjung Enclave	India
S1-307290160	Padmavati & Co	Plot Cts 195, Flat 1003, Floor 10, Wing C, New Dn Nagar, Chs Union Ltd., New Link Road, Near Juhu Circle, Mumbai, Maharashtra	India
S1-282045327	Hermosillo, Clark and Garcia L.L.C.	2022 152nd Street, Vancouver, WA	US
S1-804598535	Om Consultancy Private Limited	Ghosal Complex Baruipur Rail Gate(Beside Monginis) Under Baruipur Municipality Ward No.17, Kolkata, Parganas South, West Bengal	India
S1-439534834	Mattson Royal Flagstar LLC	19707 Mews Road, Queen Creek, AZ	US
S1-573200	Behavioral Health Cascade Center Care	236 Bowling Branch Road, Cottontown, TN	US
S1-606359690	Brightora Karman LLC	2017 Muse Street, Fort Worth, TX	US
S1-812117899	Bharari (India) Fateh Pvt Ltd	Shop No:116 1St Floor Downtown Mall Lakdikapool Khairatabad, Hyderabad, Telangana	India
S1-473891779	Seor LLC	Fishers, IN, 9898 Midnight Line Drive	US
S1-970038977	Most Advisory Pvt. Ltd.	26, New Taj Market, Bhopal, Madhya Pradesh	India
S1-981762308	Premier Quetta LLC	TX, 19111 Ruble Drive, Houston	US
S1-832133442	Young, Villanueva and Jenkins	74 Oak Spring Road, Unit B, South Strabane Township, PA	US
S1-200383237	Nangloi Services Ltd	H, No. A 89 A, Kh No. 71/23, Ambika Nihal Vihar, Nangloi, New Delhi, Delhi	India
S1-281119892	Will, Ebrahimi and Colpitts Inc	VA, 21255 Metompkin View Lane, Accomack County	US
S1-598560016	Best Power	123/75, Saresh Bagh Gararianpurwa, Fazalganj, Kanpur, Uttar Pradesh	India
S1-275184071	Graber Ventures	8275 Unity Church Road, Kannapolis, NC	US
S1-207907319	Madeleine Jennings Clean Renaissancere Inc	1108 Meadowview Drive, Pulaski Town, VA	US
S1-997450253	Halcial Long LLC	5448 Rock Springs Road, Harrison, AR	US
S1-589966972	Merrie Beyer Metro Blackstone, LLC	541 E Side Highway, VA, Augusta County	US
S1-977289144	Coastal Paceline	1911 1900 Street, Saint Elmo, IL	US
S1-310112689	Lia Norman Better Resources	329 Central Avenue, Canonsburg Borough, PA	US
S1-961593350	Evanne's Prairie Deli Inc	4314 Dunn Avenue, Memphis, TN	US
S1-893310982	Continental Beacon Suma	TX, Rosharon, 6611 Cr 42	US
S1-101477220	Shree Elevators Ltd	Unit No. 207, 2Nd Floor, Prestige Copper Arch, No. 83, Infantry Road, Bangalore, Karnataka	India
S1-190731022	Goertz National Sui LLC	Wamego, 603 9th Street, KS	US
S1-240965065	Electronic Analytics Enterprises	4030 Duccio River Way, Katy, TX	US
S1-797268972	Balaji Constructions	117/1, Near Mahajan Wadi, Shrirampur., Ahmed Nagar, Maharashtra	India
S1-482080378	Lopez Fusion Inc	5928 Secco Court, Fort Worth, TX	US
S1-25125090	Urban Investment Private Limited	C/O Aan Motors Private Limited, Near Jay Party Plot, 150 Ft Ring Road, Rajkot, Gujarat	India
S1-420921475	Mumbai Agro Ltd	84, 8Th Floor, Plot-223, Maker Chambers Iii, Jamnalal Bajaj Marg, Mumbai, Maharashtra	India
S1-691331021	Velliis Inc	220 Sunny Dale Road, Pleasant Plains, AR	US
S1-477525759	Vanguard Environmental Innovations PC	2123 Graydon Avenue, Brainerd, MN	US
S1-792997803	DFD Hyperliquid	TX, Austin, 8103 Richard King Trail	US
S1-694107007	Eye Specialists LLC	521 Esparada Drive, Georgetown, TX	US
S1-383177577	Mcpeek's Seafood	607 Stella Loop, AR, Mount Pleasant	US
S1-453699663	Fewell Mountain LLC	3421 Dunlap Avenue, Unit 227, Phoenix, AZ	US
S1-808291082	Ace Chemical Brands LLC	563 Lindsay Road, Mesa, AZ	US
S1-335551030	Salome's Restaurant	CT, 116 Phillips Terrace, West Haven	US
S1-8068264	Tech Constructions Pvt Ltd	Ground Floor, 1 Village Sarai Khawaja, Faridabad, Haryana	India
S1-16742168	City Of Beloit Foot & Ankle Partners LLC	411 Broad Street, City Of Beloit, WI	US
S1-91480582	Millicent Torres, L.C.S.W. LLC	12201 Paiute Street, Phoenix, AZ	US
S1-832232989	Dental Partners Center	2908 Mary Beth Lane, Henrico County, VA	US
S1-879957116	Guru Builders Private Limited	A Block, Gf 41, Avichal Sho, Daskroi, Ahmedabad, Gujarat	India
S1-45739379	Madhuram Developers (India) Limited	Flat No 801 Viii Th Floor Gulmohar Garden 122/735 Shashtri Nagar, Kanpur, Uttar Pradesh	India
S1-128603737	Urgent Care Physicians LLC	Greenbelt, 6400 Cherrywood Lane, MD, Unit 2114	US
S1-184123979	Supreme Elite Pegasus Inc	2102 Belmar Lane, Evansville, IN	US
S1-550367593	Preferred Golden Mines PC	159 Mill Road, Rockingham, NC	US
S1-748402456	Indo Consultancy Private Limited	2/7, Block P, Budh Vihar Phase-1, New Delhi, North West, Delhi	India
S1-846182771	Core Paper Private Limited	Maharashtra, Mumbai, 56 Krishna Niwas4Th Floor Bomji Mastar Lane, Mumbai	India
S1-235704116	Gene Wozniak Apex Steel Inc	12115 Trailing Twilight Drive, Cypress, TX	US
S1-853670021	Liberty Research Corp	600 Grant Street, Fl 0, Grants Pass, OR	US
S1-578201761	Corner Tattoo! Inc.	803 Lee Street, Blacksburg Town, VA	US
S1-320142671	Tripple (India) Food Private Limited	Ahmedabad, 208 Anandvilla Buildingnr Swastik Char Rasta Navrangpura, Gujarat	India
S1-368121288	Temple Methodist Church	526 Gallatin Street, Vandalia, IL	US
S1-946642446	Arihant Power Private Limited	R S No.148/E, Plot No.17, Shri Ram Bhanjar Bhavan, Gadag, Karnataka	India
S1-550533347	Heartland Best Platforms Ltd	12054 Wilma Way, King George County, VA	US
S1-297665872	Franklin Rocky Invest	1 Rivet Street, New Bedford, MA	US
S1-210342540	Innovative Intelligence Corporation	4934 Kristy Lane, Anderson, CA	US
S1-697026911	Z R & H Floating LLC	509 Cumberland Street, Medina, TN	US
S1-473750173	Albrecht Mercator	1406 Sandbag Terrace, VA, Chesterfield County	US
S1-764005774	Big Tattoo	11 Echo Court, Unit APARTMENT 18, Vernon Hills, IL	US
S1-511404000	Sharp Plantations Private Limited	970, Khanderao Gate Civil Lines, Jhansi, Uttar Pradesh	India
S1-464604663	Fahey and Whitlow National	604 Hartford Avenue, Farragut, IA	US
S1-698774268	Human Rights Institute	Amarillo, 210 Arch Terrace, TX	US
S1-328688637	Ace United Service LLC	100 Old Parksville Road, Cleveland, TN	US
S1-950785629	Eye Gulf Partners	47 Lake Flats Drive, Champlain, NY	US
S1-410497766	Dynamic Healthcare Private Limited	25 Swallow Lane3Rd Flr, Kolkata, Calcutta, West Bengal	India
S1-352623064	Twin Services Pvt Ltd	Plot No. 53, Sy. No. 153, H. No. 13-198/13/Klr/53, Ground Floor, Klrs Vijaya Nagar, Road No. 2, Medchal Village, Medchal Mandal, Rangareddy, K.V.Rangareddy, Telangana	India
S1-412318813	Raa	7427 Matthews-mint Hill Road, Unit 201, Mint Hill, NC	US
S1-933623242	Great It Limited	Kalyani Apartmentsk.R. Street Bharat Nagar, Shahapur, Belgaum, Karnataka	India
S1-508381910	Bennett & Lawhorn Fortress LP	6952 Del Rosa Avenue, San Bernardino, CA	US
S1-429031348	Sagar Infosys Private Limited	Rz-1122, A1 Gno-14/5 Sadh Nagar Palam Colony, New Delhi, South Delhi, Delhi	India
S1-273962469	Highland Diamond Midland LLC	11342 Offshore Way, South Jordan, UT	US
S1-427448330	Pierce Vanguard Snow Inc.	208 5th Avenue, Fl 0, Glen Burnie, MD	US
S1-170773933	Ss Consultancy Private Limited	Plot No. Tc-16, Vibhuti, Khand, Lesa, Lucknow, Uttar Pradesh	India
S1-944478146	Safe Commosales Limited	P-60, 2Nd Flr, Bldg C-2, Shree Mahavir Jain Chsl Shankar Lane, Kandivali (West), Mumbai, Bandra Suburban, Maharashtra	India
S1-350095841	Gulf Services LP	449 27th Street, Ogden City, UT	US
S1-174690843	Dream Global Private Limited	C/O Ram Deo Sahu, At - Chandchaur Hanuman Nagar Post-Udaypur, Via Rosera, Samastipur, Bihar	India
S1-499802509	Roex Investments LLC	47 Hornpipe Drive, Riverhead, NY	US
S1-117436807	Better Trading Dynamics LLC	10095 Cravey Bridge Road, Florala, AL	US
S1-652152802	Isar Consultancy	Orissa, Plot No. 18, Nuaghon Square, Near Iocl, Raghunathpur, Khordha, Bhubaneswar	India
S1-926015541	Sinnar Tech Corp	Plot No.-A-76/4/3, Midc, Malegaon, Sinnar, Sinnar, Nashik, Maharashtra	India
S1-511581149	Miranda Jenkins Telecommunication LLC	6633 Patsy Lane, Fort Worth, TX	US
S1-36125154	Gangika Realcon Pvt Ltd	H No 77, Near Water Tank At .Po.Khardi Khardi, Thane, Maharashtra	India
S1-942005613	Scholarship Center	3150 Mcray Avenue, Springdale, AR	US
S1-268199608	Urban Hospitality Pvt Ltd	8-2-684/119 N B T Nagar, Hyderabad, Telangana	India
S1-561885740	Owen, Gibson & Wagner LLC	425 Dosen Road, Wallkill, NY	US
S1-418678020	Laxmi India Limited	206, R.R.Reality Commercial Complxes L.B.S. And Tank Road Junction, Bhandup W, Est, Mumbai, Maharashtra	India
S1-781160421	Colosimo Cardiology	1903 Hunt Street, Unit B, Terre Haute, IN	US
S1-922679696	Fuller Regional	49910 34, Osage, MN	US
S1-695609253	Products Tru Engineering Limited	G-02, Ground Floor, 21 Gang, Kanta Bhadhuri Street, Bally Jagachha, Howrah, Bally Jagachha, Howrah, West Bengal	India
S1-118463867	Rocky Capital LLC	2130 Jones Drive, Mebane, NC	US
S1-739723915	Khaga Info Pvt. Ltd.	No.74 A1- 606 Kanchan, Comfortz, Pune City, Pune, Maharashtra	India
S1-763916375	Elmore Jersey	121 Dead Horse Road, Ft Washakie, WY	US
S1-189719888	Martin Health Center LLC	1462 Lower River Road, Bldg BUILDING, Kamas, UT	US
S1-680737813	Momentum Marketing Pvt. Ltd.	No 211/06, B Hub, Cardinal Cleemis Center For Innovations And Entrepreneurship, Nalanchira, Thiruvananthapuram, Trivandrum, Kerala	India
S1-939787179	All Investments Limited	98/99 Oshiwara Coommercialcomplex Near Oshiwara Police Station Jogeshwari West, Mumbai, Mumbai City, Maharashtra	India
S1-750136146	Lotus Developers Private Limited	4Th Floor, 406-Kamdar Complex Seva Sadan Chowk, C . A Road Nagpur, Nagpur, Maharashtra	India
S1-791508059	Bhagyalaxmi Caterers Pvt Ltd	Pune City, Pune, S.No.64/1A/3/, 1, Kondhwa Bk, Ultima, Pune, Shop No 314, Maharashtra	India
S1-510326179	Brennan Gravity	3807 Hanley Way, Walkertown, NC	US
S1-319466567	Bhabani Eservices Limited	S.C Colony, M.Thurkapally, Telangana, Nalgonda, 5-23, Bhongiri	India
S1-358881525	Mydream Holdings	Office 631, Rk Empire, Nr. Mavdi Circle, 150 Ft Road, Rajkot, Gujarat	India
S1-682877189	Oswal Technocrates	H/O Neeta Binwani, W/O Dr. Sarsj Sharma Flat No. 204, Bharti Rama Shayama Vila, Gola Road, Patna, Bihar	India
S1-778042690	Classic Raj Tech Limited	C/O D.Ravi Varman Kaggadaspura, C V Raman Ngr, Bengaluru, Bangalore, Karnataka	India
S1-435339766	Temple Methodist Church	8066 Lake Haven Drive, Hanover County, VA	US
S1-170195620	Dream Technology Pvt Ltd	Ashok Kumar Sharma, Nimbalkar Ki Goth, Behind Santa Nurshing Home, Patankar Baz, Ar, Gwalior, Madhya Pradesh	India
S1-311569835	Industries Majestic Exports Corp	No. A2, Ground Floor, Chirag Plaza, New Kantharaj Urs Road, Kuvempu Nagar, Mysore, Karnataka	India
S1-764731582	Clear Asset Systems Corp	Minneapolis, 5100 37th Avenue, MN	US
S1-847119223	Unique Power Private Limited	Panchamukhi Regency Balianta, Bhubaneswar, Block-D/503, Khordha, Orissa	India
S1-208036232	Ortiz's Construction Inc	27 James Street, Bingham, ME	US
S1-692435609	Dedava	450 38th Street, South Tucson, AZ	US
S1-720938641	Highland Fact	1101 2nd Street, Austin, TX	US
S1-506578606	Secure Cloud Brands LLC	321 6th Street, Duluth, MN	US
S1-573506703	Swift Developers Private Limited	A/703, Palash, Gawand Baug Pokhran Road No.2, Near Upvan Lake, Thane West, Thane, Maharashtra	India
S1-805786908	Poe Cardiology	4115 Bannockburn Place, Unit I, Charlotte, NC	US
S1-511019080	Venkateshwara (india) Pvt Ltd	420/1, G.T. Road, Mahesh Serampore, Serampur Uttarpara, Hooghly, West Bengal	India
S1-588094961	International Hari Enterprises Private Limited	Al4, Bldg 24, No 9 Sector 16 Airoli, Airoli, Thane, Maharashtra	India
S1-343322661	Integrated Continental Northern	22 Courtyard Drive, Carlisle Borough, PA	US
S1-975992388	Manovue Group	1001 Mayflower Road, Unit 237, South Bend, IN	US
S1-966218415	Best Technology Private Limited	Flat No 303, 11 Hill View, Cts 1049/1064/11, Shivaji Nagar, Pune, Maharashtra	India
S1-589457852	Shetkari & Sons Private Limited	B21 Aashirwad Complex, Near Shirke Cottage Maruti Mandir, Ratnagiri, Ratnagiri, Maharashtra	India
S1-274444154	Rocky Mines	3 Springbrook Drive, Chili, NY	US
S1-85371827	Ss Energy Pvt Ltd	Karnataka, Epip Industrial Area Hoody, K R, Puram, Sjr 1 Park #143&151, Bangalore	India
S1-736083154	Aditendra India Private Limited	No.5, Ground Floor, Chikkaharadana Hally, Mysore, Karnataka	India
S1-724322402	Education Council	4466 1624, Lexington, TX	US
S1-138928546	Lizette Roesler Safe Machine Works Co	3518 Dunlap Avenue, Unit 181, Phoenix, AZ	US
S1-312468980	Cascade Fund	5645 Pardee Smith Road, Arcadia, NY	US
S1-204434466	Automated Business Products Corporation	2300 Tralee Circle, Mckinney, TX	US
S1-674972522	Fresh Coffee Corp	6120 River Road, Cincinnati, OH	US
S1-629968168	Oneal Highland Beijing	2433 Arrowhead Circle, South Bend, IN	US
S1-102945390	Pune City Cold Private Limited	Office No. A-406, Forth Floor, Building Name - The Stellar, Laxmi Chowk Road, Pune City, Pune, Maharashtra	India
S1-133155553	Pegasus	10808 19th Terrace, Independence, MO	US
S1-172903559	Hitech Builders Private Limited	Banglo No.-2, 1St Floor, Main Patel Road, Weast Patel Nagar, New Delhi, Delhi	India
S1-368903247	Allred Athena Inc	1420 Curve Street, MA, Carlisle	US
S1-282277625	Unified Robotics Partners Co	1117 Flannigan Creek Road, Viola, ID	US
S1-275609629	Niti India Private Limited	206, Second Floor, Gm Tower E-4/29, 10 No Market, Arera Colony, Bhopal, Madhya Pradesh	India
S1-280525219	Beth Cathedral LLC	2608 2nd Avenue, Seattle, WA	US
S1-406560855	Royal Solutions Private Limited	Ghaziabad, Signature Global Mall, Plot No - 6 Sector - 3, Vaishali, Uttar Pradesh, Office No - 308 3Rd Floor, Ghaziabad	India
S1-262527438	Fowler, George & Pumphrey LLC	3977 Fox Haven Drive, Canfield, OH	US
S1-372780237	Chicago Esports LP	7604 Euclid Avenue, Chicago, IL	US
S1-189168540	Mohan Holdings	No 1563, 3Rd Floor, 8Th Cross, Opp Bmtc Bus Depot, 1St Stage, Bangalore North, Bangalore, Karnataka	India
S1-516359910	Universal Ss Consultants Private Limited	East Delhi, Delhi, East Delhi, A-70, Mezanine Room At 2Nd Floor, Vivek Vihar Phase-1	India
S1-714629172	Optimal Cargo Works Inc	709 Driftwood Lane, New Windsor, NY	US
S1-504605451	Future Industries	Kachchh, Bhuj, Survey No. 679, Gujarat	India
S1-892864684	Interstate Trust	2306 Dewitt Street, Irving, TX	US
S1-165882581	Transcend Vidyalaya Private Limited	Jaipur, 51B, Shree Ram Vihar-B, Behind Banjara Floor Mill, Jaipur, Rajasthan	India
S1-171566676	Haught Edison	300 Ortner Avenue, Cleveland, OK	US
S1-42524052	Federal Partners	1878 1120, Orem, UT	US
S1-385162560	Rev It Up Book Store	391 Hawthorne Avenue, Staten Island, NY	US
S1-217080529	Galaxy Enterprises	Block A First Floor, Aidun Bldg., J.S.Sheth Road, Mumbai, Maharashtra	India
S1-751442901	Sun Foods	Survey No. 1589, Bangali Falia, Valsad, Gujarat	India
S1-708969132	Wp India Private Limited	Office No 208, Fortaleza, Kalyani Nagar, Pune, Maharashtra	India
S1-281427928	Silver Energy Pvt Ltd	A-943/2, Lucknow, Uttar Pradesh	India
S1-44266774	New York Foot & Ankle Complete Physicians LLC	17 John Street, New York, NY	US
S1-319445922	Lotus Bright Hospitality Pvt Ltd	C/O Sunita Bhagchandani, Shop No-1, Chatayi Mohalla, Ajmer, Kesar Ganj, Ajmer, Rajasthan	India
S1-473564167	Behavioral Health Center LLC	367 114, Carthage, TX	US
S1-388834487	K & R Aeon	951 Woodcreek Drive, Newport News City, VA	US
S1-691479068	Ivenova Micro, Inc.	523 Fritz Street, Richmond City, VA	US
S1-698169970	IBX Patriot Renaissancere, Inc.	2508 Grandview Road, Phoenix, AZ	US
S1-386292610	XOP Ventures LLP	Plot No 38, Parkview Enclavemanovikas Nagar Bowinapally, Secunderabad, Hyderabad, Telangana	India
S1-76364596	Primary Care Unified Clinic Corp	134 Birch Haven Drive, Campbell County, VA	US
S1-863887077	Chittoor Vanijya Pvt Ltd	No 59/1, 8Th A Cross, Opp Lakshmi Medical Road, Virat Nagar, Bommanahalli, Anekal, Bangalore South, Bangalore, Karnataka	India
S1-589829833	Pediatric Dental Superior Care	76 Mashentuck Trail, Monroe, CT	US
S1-584501529	Modern Continental Trading Inc.	590 Houston Fielder Road, Clarksville, TN	US
S1-856518038	Vignannagar Vinimay Private Limited	No.78, B.K.Plaza, Kaggadasapuramainroad, Newthippasandrapost, Vignannagar, Bangalore, Karnataka	India
S1-52364202	Chattanooga Community Committee	1060 Cravens Terrace, Chattanooga, TN	US
S1-551617811	Digioia, Jinny, Esq., PC	1557 Wells Run Road, Crown City, OH	US
S1-875273141	Schmidt Shreya P.C.	929 4th Street, Waterloo, IA	US
S1-243465743	Catania Oyster	Unit Apartment A, 509 Round Pond Road, Brookhaven, NY	US
S1-534630722	Ross and Hart Inc	4017 58, Fowler, NY	US
S1-545750994	Sarasiya Travel Limited	Chennai, Raja Bather Street T Nagar, Tamil Nadu, No 52	India
S1-487189073	Carole's Management	142 Elmwood Avenue, Syracuse, NY	US
S1-582257781	Leela Vrooman, CPA	6927 Skylar Drive, Rio Rancho, NM	US
S1-755207460	Amber, LLC	2405 Maywood Drive, Lenoir, NC	US
S1-443929888	Liberty Investments LLC	10440 Avenue N, Chicago, IL	US
S1-135449605	Thrissur Services Private Limited	Door No 28/676, Pottackal Vincent Tower, Kuttanellur, Thrissur, Kerala	India
S1-153680800	Granite LLC	386 D Street, Salt Lake City, UT	US
S1-17615061	Erhardt Summit Highland, LLC	20919 Amber Willow Trail, Cypress, TX	US
S1-150033799	Kim Clough Inc	901 487, Taylor, TX	US
S1-949860928	Collettsville Arts Initiative	9279 Edgemont Road, Collettsville, NC	US
S1-45318326	Hundred Electro Private Limited	Alwar, Rajasthan, Alwar Road, Behror, Shanti Market	India
S1-6496973	Quality Aerospace Global, LLC	6110 70 Highway, New Bern, NC	US
S1-967882810	Oncology Empire Physicians Inc.	2633 Orchard Drive, Cedar Falls, IA	US
S1-543258709	Premier Education Enterprises LLC	160 Jenni Lane, Dry Ridge, KY	US
S1-462349591	Sierra Supply	114 9th Street, La Crosse, KS	US
S1-567494413	Happy Deli	304 Greenwood Street, Enterprise, OR	US
S1-869357195	Harbor Society	579 Sandy Creek Road, Crossville, TN	US
S1-998203077	Cynosure Agro Company	C/O-Mohammed Hassan, Jagatpur, Bhairpur, Jagatpur, Cuttack, Orissa	India
S1-351461361	Ashok & Sons Pvt Ltd	6/172, Kapad Market, Ichalkaranji, Kolhapur, Maharashtra	India
S1-12859933	Cristabel Robinson Daedalus	255 Main Street, Groveland, MA	US
S1-4402005	Sylvain Hill Partners	1451 Bluff Boom Road, Greensburg, KY	US
S1-509081122	Gujarat International LLP	C-70 Nizamuddin East, New Delhi, East Delhi, Delhi	India
S1-798361803	Sand Mechanicals	15Th Floor, Block A2 & A3, Dlf World Tech Park, Silokhera, Nh-8, Sector-30, Sector -45, Gurgaon, Haryana	India
S1-757649945	Mahala Pippins Alibaba, Inc	Jasper, NY, 3619 21	US
S1-695625080	Cunningham Liberty Services LLC	5159 Brocade Road, Amsterdam, OH	US
S1-549070553	Shyam Services	P-892, First Floor, Kh No-18/30 Gali No 11 Ph-4 Shiv Vihar Karawal Nagar, Delhi, North East, Delhi	India
S1-336316542	Hotel Consultancy Private Limited	44 W Model Town Near Gupta Neona Hisar, Hisar, Hissar, Haryana	India
S1-302366231	Moya, Miller and Mulligan LLC	2515 Boston Street, Unit 902, Baltimore, MD	US
S1-10935410	Pioneer Food Private Limited	H.No: 13-68/2, Nehrunagar Colony Rachappa Colony, Shadnagar, Rangareddy, Telangana	India
S1-442397151	Roopansh Solutions Private Limited	Maharashtra, Garden Lane, Sher-E-Punjab Soc, 29/5 Lotus Building, Mumbai, Andheri East	India
S1-63589647	Anand Infra Private Limited	H.No. 291, Gram Birgoda, Tehsil Depalpur, Indore, Madhya Pradesh	India
S1-901047805	Pratham (India) Enterprises Public Limited	2Nd Floor Plot No 50/204, 205 And 216, Main Shipra Path Mansarovar Opp. Neerja Modi School, Jaipur, Rajasthan	India
S1-350848545	Scholarship League LLC	9939 Geneva Drive, Albuquerque, NM	US
S1-718542441	Frontier Index LLC	3134 Sunshine Street, Springfield, MO	US
S1-591601241	Jai Infotech	Plot No. 87 Hsiidc Industrial Estate Barwala Near Village Alipur, Panchkula, Haryana	India
S1-132262190	Caldic Shipping	596 Beacon Lane, Round Lake, IL	US
S1-293517052	Indian Infrastructure	Tc 11/174, A-100, Kanaka Nagar, Kowdiar Po, Thiruvananthapuram, Thiruvananthapuram, Trivandrum, Kerala	India
S1-509953095	Krishna Infra (India) Limited	Maharashtra, Pune City, Pune, A/1, Megacenter, Shop M 408, S. No. 153	India
S1-579771518	Fun Assets Private Limited	A 203, Palm Beach, 31 Machlimaar J P Road, Andheri West, Mumbai, Mumbai City, Maharashtra	India
S1-146513196	Orthopedic Express Care LLC	2400 B Fort Worth Street, Broken Arrow, OK	US
S1-287654159	Scholarship Project	2315 Sharpsburg Road, Knoxville, TN	US
S1-776777072	Wild Services	Sn 501/A, Sf232 Vishala, Supreme, S.P.Ring Road, Ahmedabad, Gujarat	India
S1-379948455	Northern Crypto LLC	28 Chestnut Street, Unit Apartment 109, Franklinville, NY	US
S1-895878395	Stevena Huang Rapid Resilience PC	2414 Ivy Lane, Decatur, IL	US
S1-599350830	Universal Exports Private Limited	Chincholi, 12, Kudahalli, Chincholli, Kalaburagi, Kudhalli Gulbarga, Chincholi, Karnataka, Gulbarga	India
S1-790336857	RY Services Private Limited	Raunak Park Pokhran Road 2, Maharashtra, Thane, A2 502	India
S1-732931854	Sterling Senior	444 Carlton Avenue, Brooklyn, NY	US
S1-813191679	Ridge Prairie Virtus	17 Washington Lane, Halfmoon, NY	US
S1-528228019	Crump Global Mortgage LLC	1872 Monroe Drive, Atlanta, GA	US
S1-218222451	Shivam Food Pvt Ltd	Su-Raj House 73-Cross Road, Midc., Marol, Andheri (East), Mumbai, Maharashtra	India
S1-137653591	Williams Pro	169 Otis Street, Hingham, MA	US
S1-990288752	Andhra Pradesh (india) Private Limited	3-2-840Kachiguda Hyderabad., Andhra Pradesh, Hyderabad, Telangana	India
S1-558777207	Distefano Brand, LLC	15787 Cottontail Lane, Surprise, AZ	US
S1-20910419	Trusted Photonics PLLC	632 Lincoln Way, Lisbon, OH	US
S1-662965311	Allied Institute	204 Miles Avenue, Checotah, OK	US
S1-34142930	Proia, LLC	1810 Sams Way, Beaumont, TX	US
S1-843893848	Ramanthapur Granite Partners	3-12-18, Ganesh Nagar Colony, Ramanthapur, Hyderabad, Telangana	India
S1-574037691	Optia Meshflow Inc	3346 Co Rd 18, OH, South Point	US
S1-778126298	Franklin Fargo LLC	1097 278, Guin, AL	US
S1-334802756	Johnson & Peters LLC	1512 Flat Rock Drive, Van Buren, AR	US
S1-141651914	Cozy Hypnosis	101 Ball Street, Marble, MN	US
S1-12064769	Neugebauer Liquor LLC	WI, 610 Ravenswood Hills Circle, Town Of Brookfield	US
S1-755900339	Pediatric Dentistry Clinic LLC	3357 Rockwood Street, Springfield, MO	US
S1-141115011	Aakrati College	15/373, Makkar Sweets Gali Bhagat Singh Colony, Barnala Road, Sirsa, Haryana	India
S1-223483180	Parish, Collins and Manley, LLC	135 Nottingham Way, Millbrook, AL	US
S1-847149133	GPT Micro LLC	1951 Virginia Avenue, Bluefield Town, VA	US
S1-574783839	Economic Development Foundation	5564 Jackson Boulevard, Chicago, IL	US
S1-677879814	Chandrika Technologies Private Limited	503/504, 5Th Floor, Samartha Sampada, 120, Wide Dp Road Andheri West, Mumbai, Mumbai City, Maharashtra	India
S1-202077473	171 Second Avenue Partners Corp	524 Battlefield Boulevard, Chesapeake City, VA	US
S1-763280668	Anand Sarvottam LLP	Atardah Sadbhawna Nagar Dr Sk Gupta Lane, Ramna, Muzaffarpur, Bihar	India
S1-713886955	Kr Holdings	D-254, Nirman Vihar, New Delhi, Delhi	India
S1-521882337	Connelly Beverage PLLC	921 N 14th Road, Streator, IL	US
S1-921225809	Shea Villanueva Brewing Inc	CT, Waterbury, 234 Heritage Drive	US
S1-685876650	Thomas Delta General LLC	3647 Lewis Road, Amelia, OH	US
S1-734562177	Davis & Ellison LLC	22 Sosegado Lane, Hot Springs Village, AR	US
S1-8339857	Zapien, Blaney & Murillo Motors	5842 Woodbridge Lane, West Chester, OH	US
S1-516547651	NHK Infotech Private Limited	Flat No. 12, Anandmayee Society, Behind Ranka Jewelers, Karve Road, Pune, Maharashtra	India
S1-128071678	Bobinette Goss Indigo Inc.	221 Parkway, Brewer, ME	US
S1-479811748	Trimax Seva Samiti	71 Loyalka Apartments7Th Floor Siri Road, Mumbai, Maharashtra	India
S1-466689023	Verrari Interactive Partners	221 Pershing Avenue, Massillon, OH	US
S1-890513258	Vega PC	Mocksville, 454 Buck Seaford Road, NC	US
S1-214440814	Rn & Sons Private Limited	B/12 Harekrishna Complexkankaria, Ahmedabad, Gujarat	India
S1-435201324	Historical Fellowship LLC	302 Jefferson Street, Plentywood, MT	US
S1-788707126	Vision Properties Private Limited	Door No 2/277/5 Tnhb 1 St Phase Mangai Nagar Katiganapalli, Krishnagiri, Dharmapuri, Tamil Nadu	India
S1-752391978	New Life Ministries	Fl 1, OR, 909 Elina Avenue, Hillsboro	US
S1-33141764	Sach Cosmetics Partners	Plot No. 32, Back Portion, Block A, Naraina Inustrial Area, New Delhi, South West Delhi, Delhi	India
S1-461787088	Star Global Private Limited	B308 Manglam Niket, Shastripuram, Agra, Uttar Pradesh	India
S1-561712974	Hotel Pharmacy Care	1108 Hubtown Solaris Prof. N. S. Phadke Road Andheri East, Mumbai, Mumbai City, Maharashtra	India
S1-789319902	Suryava Pvd Private Limited	Office No. 812, Millennium Business Hub-1, Choryasi, Surat, Gujarat	India
S1-968228908	Partap & Sons LLP	701, Vimal Residency, Lt Rd No.2, M.G. Road, Goregaon (West), Mumbai, Mumbai City, Maharashtra	India
S1-525373836	Bright Design Laboratories Inc	2827 Stevens Grove Road, Chapel Hill, TN	US
S1-449111526	Youth Fund	2 Long Hill Terrace, New Haven, CT	US
S1-595865867	Maruti Works Private Limited	Flat No. G - A / 6 Bishnupriya Apartment, Khordha, Jaydev Vihar, Orissa, Bhubaneswar	India
S1-830237057	Fresh Grill!	11541 215th Avenue, Bonney Lake, WA	US
S1-727141313	Marylee Lin Bay Asset L.L.C.	7117 Archibald Avenue, Unit UNIT 57, Rancho Cucamonga, CA	US
S1-910915756	Mgm Infrastructure	12 Mahatma Sisir Kumar Saranigalif St, Kolkata, Howrah, West Bengal	India
S1-232137366	D W & P Managed LLC	5347 Wildlife Circle, Piney Flats, TN	US
S1-198188475	West Alternative	3501 Wilhelm Road, Peoria, IL	US
S1-228583124	Pacific Highland Stores LLC	1100 212, Lanett, AL	US
S1-635095335	Moix	132 Sutton Drive, Elizabeth City, NC	US
S1-769732528	Coimbatore Properties Private Limited	Tamil Nadu, 194-196 Nsr Road Saibaba Colony, Coimbatore	India
S1-729683449	Dk (India) Foundation Private Limited	202 Padma Palace, 86 Nehru Place, New Delhi, Delhi	India
S1-237252143	Raksha Traders Center	C 207, Anantpuram, Karvir, Kolhapur(M.Corp), Karvir, Kolhapur, Maharashtra	India
S1-857744987	Smith Indonesia	813 Dallas Street, Star City, AR	US
S1-408643468	GD Enterprises Private Limited	C/O Sunny Sharma, Vii-Panighata T.E, Siliguri, Darjiling, Darjeeling, West Bengal	India
S1-861582892	Gr Consultants Private Limited	No. 2-11, Plot No.301, Shar Road, Sullurpeta, Nellore, Andhra Pradesh	India
S1-338822986	Pediatric Dental Complete Specialists	3745 281, Jamestown, ND	US
S1-550467607	Paragon Trading Ltd	Perambur Purasawalkam, Tamil Nadu, Chennai, Nno39, 1St North St, Kennedy Square, Ono.16	India
S1-123013010	Mcmillon Israel L.L.C.	League City, TX, 2202 Nocona Lane	US
S1-759419535	Empire Royalty Inc	12906 Conifer Street, Plainfield, IL	US
S1-955866957	Great Investment Private Limited	51-1-6/5B Sri Ram Nagar, Jagannaickpur, Kakinada, East Godavari, Andhra Pradesh	India
S1-654506601	Pioneer Network Global Corp	3117 Cathedral Comb Drive, Apex, NC	US
S1-42301056	Shackelford, Pruitt & French Bright L.L.C.	Fl 12431, Trempealeau, N13257 Larkspur Road, WI	US
S1-257982684	Tirupati Foods Pvt Ltd	No 433/D, K No 636/433D, Boohbcs, Doddakallasandra, Bangalore, Karnataka	India
S1-886070975	Nieves & Fulkerson Rising Clinic	4003 Camrose Circle, East Helena, MT	US
S1-867396212	Stormi Bergman Solutions LLC	964 Bridge Street, Portland, IN	US
S1-47608454	Cherry Northern Inc	4 Palmer Street, Chenango, NY	US
S1-282911882	Metropolitan Big	13155 Overhill Drive, Hanover County, VA	US
S1-469200043	Side Medical Centre Company	12/1 Pretoria Street, Kolkata, Calcutta, West Bengal	India
S1-403461984	Gujarat Exports Private Limited	28-1-497 C Mypad Road Bodigadithota, Nellore, Anantapur, Andhra Pradesh	India
S1-550126681	Psp Finance	Unit No 2201A, 22Nd Floor, World Trade Centre, Brigade Gateway, Rajajinager Extension, Malleswaram, Bangalore North, Bangalore, Karnataka	India
S1-381351237	Sarette's Industries	3371 47th Street, Birmingham, AL	US
S1-261056468	Tech & Sons LLP	Plot No. 34, Siddartha Nagar Behind Vengalrao Nagar, Hyderabad, Telangana	India
S1-960071581	Midwest Hub	4163 Beachcomber Lane, Lanark, IL	US
S1-513838109	One Exports Private Limited	26 Panchsheel Enclave Near Hotel Clark, Jln Marg Durgapura, Jaipur, Rajasthan	India
S1-735514240	103 Broadway Drive Management Inc	3794 Fox Avenue, Minerva, OH	US
S1-973362772	Grandlay Ventures Private Limited	No-159, Sivasubramanian St, Sivaprakasham Ngr, Saidapet, Kanchipuram, Tamil Nadu	India
S1-642032166	Prime Universal Management LLP	171, Pocket-2 Dwarka, Sector - 19, South West Delhi, New Delhi, South West Delhi, Delhi	India
S1-611361090	SFY Agri Pvt Ltd	No.9 Bazullah Road, T Nagar, Madras, Chennai, Tamil Nadu	India
S1-260843980	Borden Algonquin, LLC	78 Larchmont Road, Melrose, MA	US
S1-477256579	Mount Church	100 Trinity Drive, New Bern, NC	US
S1-939340799	Dental Health Inc	12614 Leonard Lane, Fairhope, AL	US
S1-846258254	Tomorrow Solutions (India)	410, 4Th Floor Uppal South End, Sector-49, Sohna Road, The Sapphire, Gurgaon, Haryana, Gurgaon	India
S1-405521342	Indore Devcon Limited	201, Second Floor 79, Radhika Palace Gram Khajrana, Indore, Madhya Pradesh	India
S1-34441801	Vanguard Frequency	85-67 85 Street, Woodhaven, NY	US
S1-143303148	Classic Retail Ventures	3477 17th Place, Yuma, AZ	US
S1-278293859	Portland Innovative Peoples	7501 Grant Street, Portland, OR	US
S1-544664901	Red Producer Pvt Ltd	40-Maa Vihar, Tejpur Godbadi A.B.Road, Indore, Madhya Pradesh	India
S1-421396910	Safe Orion LLC	Unit Apartment 925, 2991 Lakeside Drive, Midlothian, TX	US
S1-452657220	Cornerstone Nutrition Union Care	534 Cache Creek Drive, Jackson, WY	US
S1-808476192	Chiropractic Silver Clinic Inc.	30490 Oak Drive, Seligman, AZ	US
S1-253394078	Meerut Machinery Pvt. Ltd.	House No.- 81, Julehra, Meerut, Uttar Pradesh	India
S1-137056064	Tildi Jaramillo Fashion Clinic	2140 Glen Canyon Road, Santa Cruz, CA	US
S1-90062091	Zephic Marketing Inc	420 Cedar Avenue, Earlham, IA	US
S1-682591208	Custom Diamond Pennantpark Inc.	5212 71st Place, Kansas City, MO	US
S1-244730950	Indian Enterprises Private Limited	Scf 68, 1St Floor, New Grain Market, Panchkula, Haryana	India
S1-598604242	TFR Erp	Durgapur, West Bengal, Bardhaman, Durgapur Municipal Corporation, Karangapara Road	India
S1-668415146	Best Engineering Concepts	612 Washington Street, Rockingham, NC	US
S1-698069196	Landry, Mcdaniel & Watson	318 5th Street, Webbers Falls, OK	US
S1-869098393	Ridgeline Bankshares	1722 Monroe Street, Great Bend, KS	US
S1-578004468	Marketing Synapse Solutions LLP	Halol, Gujarat, Panch Mahals, Gidc Halol, Plot No. 503/D/3/1	India
S1-406600357	Hunt Family Office	3109 Tilmon Lane, Austin, TX	US
S1-657809107	Green Solana	24490 Log House Road, Colton, OR	US
S1-601763308	Best Energy Partners	103 -A Fm 3454, Trinity, TX	US
S1-977776542	Piedmont Venture LLC	906 Bentwood Avenue, Louisville, OH	US
S1-521414141	Elite Diagnostic Industries, Inc	3751 Shell Lane, Salem, IN	US
S1-465275426	Parkin Empire Ellington LLC	4350 Middle Fork Road, Warbranch, KY	US
S1-306955088	Hyderabad Tradings Private Limited	Flat No.103, Paramareddy Avenue(Diamond) Opp Spr Function Hall, Upperpally, Hyderabad, Telangana	India
S1-826043166	Chiropractic Clinic LLC	54 Fore Street, Oxford, ME	US
S1-917906961	Metro Pacific Communications, Inc	Caledonia, NY, 298 Armstrong Place	US
S1-691693575	Interface Solutions Limited	2113/2, 10/2 13Th Main Rd, The Pearl Apartments, Egmore Nungambakkam, Tamil Nadu, Chennai	India
S1-156856907	Fanchon Magana Federal Infrastructure PC	15 Bishoff Avenue, Oyster Bay, NY	US
S1-581565440	Ss Infotech Private Limited	15, Ganesh Chandra Avenue, Kolkata, Howrah, West Bengal	India
S1-506111872	Cairistiona Clark, MD	7422 30th Street, Lubbock, TX	US
S1-629223907	Costantino, Frayda P., DDS	1674 500, Lehi, UT	US
S1-43043013	Sadyna Inc	1633 Wesbourne Drive, Upper Marlboro, MD	US
S1-560079339	MY Custom Pegasus Inc.	423 Sunset Avenue, MD, Greensboro	US
S1-368703242	Scholarship Center Inc	75 Meadowbrook Road, Hempstead, NY	US
S1-902188196	Massie Family Practice LLC	49034 Patton Road, Jerusalem, OH	US
S1-427989367	Reliable Hospitality Works LLC	7006 2262, Troy, AL	US
S1-51113716	Rk Science Private Limited	C-Sh/002 New Mahavir Dar, Shan Chs. Ltd Navghar Rd, Thane, Maharashtra	India
S1-152115810	Hampton City Urology Clinic Inc	861 Clarke Avenue, Hampton City, VA	US
S1-786081971	Sameer Welfare Society	14, Gautam Park Co-Op. Housing Society, Nanakumbhnath Road., Nadiad, Kheda, Gujarat	India
S1-302822730	Bharat Heart (India) Pvt Ltd	Plot No. 210, Phase - 1, Gidc Industrial Estate, Chhatral, Taluka Kalol, Gujarat	India
S1-582327231	Animal Welfare Guild LLC	111 Main Street, Topsfield, MA	US
S1-68396535	GKR Cooling	A/3, Flat No. 601, 6Th Floor, Gagangiri Enclave, Barve Road, Kalyan West, Maharashtra	India
S1-704206413	Competent Commodeal Ltd	Flat No.302, Saideep, Deepa Co Op. Hos. Soc., Baner Pashan Link Road, Pashan, Pune, Maharashtra	India
S1-811763632	Karmic & Co	10 G/F Mcd Park Marg Hamkunt Colony Near Mcd Park, New Delhi, Delhi	India
S1-983372659	YLF Extrusion	Room No 103 1\42Laita Park Vikas Marg, New Delhi, East Delhi, Delhi	India
S1-42681495	Gulf International LLC	616 Shepherd Hollow Road, Indian Mound, TN	US
S1-807525840	Secure Learning Worldwide, Inc	2212 Hickory Street, Unit 122, Bowling Green, KY	US
S1-681838424	Yao Federal Publishing LLC	395 Davis Road, Seagrove, NC	US
S1-896908600	Properties Deepanjali Infra Limited	C/O Prem Nath Ahraura, Mirzapur Sadar, Uttar Pradesh, Mirzapur, Satyanganj	India
S1-547630919	Autism Assistance Fund III	65 Briargate Road, Cary, IL	US
S1-226166479	Premier Sixteen (India) Pvt Ltd	H-7, Sanjay Nagar, Sector - 23, Ghaziabad, Uttar Pradesh	India
S1-550990735	Big Consultancy	D.No.851, Periya Jambukandi, Veerapandy Village, Coimabtore North, Coimbatore, Tamil Nadu	India
S1-175107354	Aviva Ellis Tri-State Coastal Clinic	3950 Fairsted Drive, Unit 327, Raleigh, NC	US
S1-177614351	AHC Agencies Limited	Sri Lakshmi Nilaya, Ii Cross, Old Hospital Road, Gundlupet., Karnataka	India
S1-871676572	Via Corporation	213 Loretta Avenue, Fl 0, Saint Louis, MO	US
S1-62254317	Commission on Housing	1921 Gilbert Street, San Bernardino, CA	US
S1-193567668	Beriwal Learning Corporation	Kasba Peth, Fl No. 6 Palawe Chowk, Pune, Maharashtra	India
S1-296698451	Auryn Guggenheim Corp	142 Northern Avenue, Unit 292, Boston, MA	US
S1-388440441	Projects Reyansh Housing Private Limited	9/5, Nehru Enclave East, Near Kalkaji Extension, New Delhi, Delhi	India
S1-178174372	Textiles Educationfoundation Private Limited	3 Central Road, Kolkata, Calcutta, West Bengal	India
S1-183091758	Velnet LLC	4921 Spoonbill Drive, Tucson, AZ	US
S1-522334317	Orion LLC	2530 Mango Court, League City, TX	US
S1-359147896	Classic Producer Private Limited	H.N-7E-Professor Cly, Yamunanagar, Jagadhri, Yamuna Nagar, Haryana	India
S1-842824149	Jai Impex Limited	P No 20 Trr, Township, Saroornagar, Hyderabad, Telangana	India
S1-959186175	Huppert Photonics Center	747 Upper Ruby Road, Alder, MT	US
S1-298258650	Sai Products Private Limited	Mumbai, Office No.302, Maharashtra, 3Rd Floor, Navakar Plaza, Cts No.949, Bajaj Road, Vile Parle(West)	India
S1-489533421	Goodlife Impex Pvt Ltd	Mumbai, Room No. C 101, Sahayog Apt, Umaya Nagar, Laxmi Nagar, Maharashtra, Thane	India
S1-972686011	Money Consultancy Private Limited	1/2 Jessore Road, Nager Bazar Kazipara More, Kolkata, Kolkata, Howrah, West Bengal	India
S1-440802559	Y & P Polska LLC	47 F Street, Ephrata, WA	US
S1-987913577	Primary Care Medicine	316 435, Lindsay, MT	US
S1-686128990	Dental Partners	WA, 8719 Hill N Dale Street, Spokane	US
S1-342095428	Unique International	Sco 8, Opp. Bimla Market Gurdwara Pipli Sahib Road, Putlighar, Amritsar, Punjab	India
S1-942977436	Jay City Foods Private Limited	Plot No. 129, Shiv Sundar Nagar, Near Noble School, Bhilwara, Bhilwara, Rajasthan	India
S1-706559967	Anand Services Private Limited	104, 1St Floor, Elemental #337, Sy No 337 Partly, Puppalaguda Village, Financial District, Nanakramguda, Seri Lingampally, K.V.Rangareddy, Telangana	India
S1-821007067	Solstice	31 Maple Lane, Monticello, NY	US
S1-49636377	Trading Infocom Limited	1102, Shri Kripalu Apartments Sector 52, Gurgaon, Gurgaon, Haryana	India
S1-925734123	Nenet Tri-State Industries Inc	3156 Pikeview Road, Fort Mill, SC	US
S1-544334583	Bradford Apex Mozayyx, Inc	73 Pine Street, Concord, MA	US
S1-580500657	Cheek's Cascade Physical Therapy	4512 Lawndale Drive, Unit 324, Greensboro, NC	US
S1-424118841	Miller Securities, Inc	1552 1250, Milford, IN	US
S1-824734356	Calday Pacific LLC	2203 Carrington Street, Richmond City, VA	US
S1-90745883	Novo India Private Limited	Ward No 14, Thana Road P.O. Dhupgiri, Dhupgiri, Jalpaiguri, West Bengal	India
S1-823980938	Wildlife Summit Institute LLC	2815 Meadow Creek Court, League City, TX	US
S1-947028134	Premier Prime Fidelity	1743 85th Street, Chicago, IL	US
S1-770778983	Smith Orion	11106 Carsten Corner Drive, Caledonia, MN	US
S1-314509757	Dynamic Energy Limited	S.No 129 1 3C/1, Manjari Bk, Tq Havali, Pune, Maharashtra	India
S1-916107394	Bimba Technology Pvt Ltd	43/1574, Kochappilly Road, Ernakulam, Kerala	India
S1-307464436	Apple Hospital Private Limited	161/1, M.G. Roadroom No. 61 3Rd Floor, Kolkata, Howrah, West Bengal	India
S1-881890965	YD Logistics Private Limited	2700, 2701, A Ward, Nr Nehrubal Udyan Binkhambi Ganesh Mandir, Kolhapur, Maharashtra	India
S1-316078576	Sree Marketing Pvt Ltd	Karnataka, 2Nd Floor, Defense Colony 100 Ft Road, Hal 2Nd Stage, Bangalore, No.54, Bangalore	India
S1-514584605	Patriot Printing Inc	26789 650 Road, Hennessey, OK	US
S1-567721159	JG Midcap	1225 Timbernook Crossing, Williams, AZ	US
S1-891538220	Hollen's Hospitality	20 Staunton Way, Ofallon, MO	US
S1-199464904	Custom Textile Partners LLC	457 125 Street, New York, NY	US
S1-415364509	D/S Mercator, Inc.	359 Sumner Avenue, Martinsville, IN	US
S1-882633915	Clear Digital Dynamics LLC	Jasper, IA, 2270 Juniper Avenue	US
S1-312818746	City Products Private Limited	302 Ekvira Apts Station Road, Near Bhadrakali Mandir, Bhaindar W, Thane, Maharashtra	India
S1-204783496	Brigit's Federal Environmental Services	405 Highland Avenue, Mount Prospect, IL	US
S1-488231271	Davis Family Office Inc	71 Chancellor Drive, Lillington, NC	US
S1-989268700	Dyer's Design	1319 Martway Street, Collierville, TN	US
S1-928122344	Mandaveli Madras 600 028 Systems Private Limited	No.3, Pattammal Street, Mandaveli Madras 600 028, Madras 600 028, Tamil Nadu	India
S1-347290816	Collier, Parker & Meeks Development LLC	OH, 9190 Rosemary Lane, Mentor	US
S1-63860735	Scholarship Society	1031 21st Street Drive, Unit 36, Hickory, NC	US
S1-952047146	Better Defense Works PC	3650 Logan-lancaster Road, Unit 14, Lancaster, OH	US
S1-13407425	Bay Esports	CT, Durham, 6 Ivy Way	US
S1-851548503	Perfect Finance Pvt Ltd	Fl No 102, Radhaneel Appartment, Rajkot, Gujarat	India
S1-707652890	Vidya Trading Pvt Ltd	01-7-210, First Floor, Pragathinagar, Hanamkonda, Warangal Urban, Telangana	India
S1-396159514	Sathguru Allied Private Limited	85-B, Madha Kovil Street, Muthuswamy Colony, Coimbatore, Tamil Nadu	India
S1-21807117	M+ Northwest	TX, Houston, 15127 Chetland Place Drive	US
S1-754516032	Ear Nose & Throat Partners Corp	2 Jaeger Drive, Cornwall, NY	US
S1-924130512	West Yellowstone Urgent Care Physicians	45 Rainbow Point Road W, MT, West Yellowstone	US
S1-484639219	Suarez, Gaitan & Pedraza Inc	3410 Bull Creek Road, Buchanan County, VA	US
S1-660246675	Moore Mid Inc	OH, 13295 Summerfield Way, Pickerington	US
S1-184332804	Unique Media Private Limited	Flat No. B/903, Megh Malhar & Raga, Bavdhan Khurd, Pune, Maharashtra	India
S1-130826118	Gloriana Peralta Advisors	4774 Stillmeadow Road, Pittsylvania County, VA	US
S1-6750650	Services Ack Design Private Limited	Iid/31/1, P.S. Qube, 4Th Floor, Unit No. 409, 1111, New Town, Kolkata, Kolkata, Kolkata, Howrah, West Bengal	India
S1-137875047	XKZ Engineering Private Limited	10, Jaipur, Rajasthan, Sunder Nagar Malviya Nagar	India
S1-355277112	KY Regional Pro LLC	13020 70th Avenue, Coal Valley, IL	US
S1-302712853	South Projects Limited	Bagalkot, Karnataka, H No 1255 3Rd Cross, Jamkhandi, Venkateshwar Colony	India
S1-905606216	Thomas and Ruch LLC	1545 14 1/2 Avenue, Town Of Barron, WI	US
S1-953782261	Desert Green Advanced Co	WA, 203 Olympus Boulevard, Port Ludlow	US
S1-261789011	XC Ispat Private Limited	House No. 3, Upper Ground Floor, Block-D Kirti Nagar, Landmark Near Arya Samaj Ma, Ndir, New Delhi, West Delhi, Delhi	India
S1-11472845	KLH Corporate Private Limited	1/69 Vipul Khand, Gomti Nagar, Lucknow, Uttar Pradesh	India
S1-792524876	Orthopedic Physicians	2122 Champions Way, Spotsylvania County, VA	US
S1-694624133	Innovative Ventures LLP	Iv/1/39 Gopi Nath Building Gopi Nath Bazar Delhi Cantt, New Delhi, West Delhi, Delhi	India
S1-963388771	Best Business Ventures Inc	7168 Egerton Lane, Germantown, TN	US
S1-453231993	Aditya Energy Limited	No. 2, Bangalore, Karnataka, Bangalore, Ii Floor, R. R. Chambers, 11Th Main Road, Vasanth Nagar	India
S1-153148820	Sathe Chits	Medinipur, Midnapore, West Bengal, Midinapur, Kotwali Paschim, C/O Sekh Abdul Khalek Habibpur Bara Astanapaschim	India
S1-864351797	Mayuresh Traders Pvt. Ltd.	C/Orameshc.Patelronakfarm, Nr.Arbudanagar Talod Gam, Talod, Sabarkantha, Gujarat	India
S1-933422952	Industries Karamveer Energy Private Limited	H.No. 9-7-197, Hyderabad, Telangana, Tirumalagiri, Plot No 40 And 41, Neela Vishal Ii, Behind Ushodaya Super Market, Sai Nagar, Hasmatpet	India
S1-305618376	Straight Edge Grill Inc	73 Seacoast Terrace, Unit Unit 125, Kittery, ME	US
S1-61854703	Ditecvue LLC	Fort Worth, TX, 7136 Church Park Drive	US
S1-314201829	Blue Clearthink Group	5039 Bunker Hill Road, Lincoln, NE	US
S1-104486305	Salaidh's Hypnosis	5025 Failte Court, Atwater, CA	US
S1-557324159	Covosoft Trust Inc	8061 Long Branch Terrace, Unit 11, Glen Burnie, MD	US
S1-861499657	Tarwater, Christie D., Ph.D. PLLC	214 Lawley Drive, Alabaster, AL	US
S1-740092988	Red Investment Private Limited	Shakti Vihar Pittam Pura, 120, Delhi, New Delhi	India
S1-936443037	Orbyn Office, Inc	Owasso, 5501 86th Street, OK	US
S1-206530536	Value Technical Holdings	5530 Penn Avenue, Rock Island, WA	US
S1-842626907	Chennai Sports Limited	No.10, Thilagar Street, Bharathiyar Nagar Pattabiram, Chennai, Tamil Nadu	India
S1-771165668	Rocky Alliance, Corp	77 South Street, Unit 2, New Bedford, MA	US
S1-748657926	Tulsi Facility Private Limited	Pune, Pune City, Cts No. 38/1A, Plot No.11, Jaishakti Society, Maharashtra	India
S1-871902965	Shree Traders Private Limited	T.F.-305, Satyam Mall, Opp.Saman Complex, Nr.Vishweshwar Mahadev Mandir, Settelite, Ahmadabad City, Ahmedabad, Gujarat	India
S1-109181119	Grand (India) Infrabuild Center	Plot No. 7, Karnal Vihar, Faridabad, Haryana	India
S1-427619706	Donny's Metro Therapy, Inc	New Waverly, TX, 151 Leila Lane	US
S1-429533736	India Quad Bharat Private Limited	Flat No 104, 1St Floor, Sai Chandra Residency Vinayaka Nagara Road, Immadihalli, Whitef, Ield Post, Bangalore, Karnataka	India
S1-164515267	Indian Image Pvt Ltd	C/O Sri. Sudhakar Dubey, Sheochandra Bhawan, Adarsh, Phulwari, Patna, Bihar	India
S1-647273597	Anz Foundation	Pno 1 Kn 171, Malhaur Lucknow, Lucknow, Uttar Pradesh	India
S1-152581295	Alpha Pharmaceuticals Private Limited	Delhi, South Delhi, E-206Second Floor East Of Kailash, New Delhi	India
S1-956261239	Bertram, Rogers and Lau Metal	6737 Glenallen Avenue, Solon, OH	US
S1-496708399	Crofton Foot & Ankle Green Associates	1701 Granite Court, Fl 0, Crofton, MD	US
S1-814185474	Real Power Pvt Ltd	17-4-266, Behind Kailash Motors Gumpa Road, Bidar, Karnataka	India
S1-13938633	Vision Center, LLC	12709 Council Bluff Drive, Austin, TX	US
S1-217702552	Bureau of Public Works	813 Columbia Avenue, Unit B, Franklin, TN	US
S1-922027670	Agrim & Sons Pvt Ltd	C-3, Temp Main, Ring Road Rajouri Garden, Delhi, New Delhi, Delhi	India
S1-152418104	Platinum Analytics Technologies-Wilson	Wilson, 4055 Seven Springs Drive, WY	US
S1-706817236	Coimbatore Infra LLP	No.66, Velachery Road, Guindy, Chennai-42., Tamil Nadu	India
S1-756260484	Advanced Technical Alliance	37419 Cole Valley, Magnolia, TX	US
S1-597856896	Aguilar & Matthews Commerce PLLC	2425 Bice Avenue, Buffalo, MN	US
S1-909226063	Webster Ace Biracilik LLC	2918 Webster Road, Webster, IN	US
S1-406214982	Swati Group of Companies Pvt Ltd	4 Kha 19, Sector No.11 Hiran Magri, Udaipur, Rajasthan	India
S1-278302140	Moskowitz and Mckay Bio LLC	32 Dune Road, Southampton, NY	US
S1-357065499	Indian Marketing Private Limited	2143, Sector-16A, Vasundhra, Ghaziabad, Uttar Pradesh	India
S1-853759850	Thompson Parts L.L.C.	745 Grand Avenue, Unit Unit G2, Saint Paul, MN	US
S1-915801650	MIP Point Corporation	5701 39th Avenue, Minneapolis, MN	US
S1-648695822	Coimbatore Vastra Pvt. Ltd.	Coimbatore, Tamil Nadu, Coimbatore, 3, Rajaharsh, K.S.Gardens, Saravana Nagar, Tvs Nagar	India
S1-106042723	Lewis Express Two	3019 Old Gamber Road, Finksburg, MD	US
S1-605302995	Tirumalagiri (india) Private Limited	208, Block 1, Tshb Hig, Sampoornam Flats, Kphb-15, Tirumalagiri, Hyderabad, Telangana	India
S1-634204980	Palmer Animal Hospital Inc	1702 Middlebury Drive, Aurora, IL	US
S1-688381069	Aligarh Travel Private Limited	C/O Tirlok Nath Jairam, Sarsol Chungi, Aligarh, Uttar Pradesh	India
S1-954357377	Debi's Towing	12775 Molli Avenue, Rancho Cordova, CA	US
S1-191922414	Oncology Medicine LLC	1121 Union, IL, Unit 0, Belvidere	US
S1-276964967	Dental Center LLC	802 Sharon Drive, Westlake, OH	US
S1-986954059	Nowak Pediatrics	Cleveland, 11908 Beulah Avenue, OH	US
S1-403160679	Interstate Logistics LLC	8323 Counts Massie Road, Unit Apt 205, North Little Rock, AR	US
S1-73295122	Lundell Marshall	2460 Tyler Avenue, Ogden City, UT	US
S1-347296100	Lyde Nano	8160 Glenrosa Avenue, Phoenix, AZ	US
S1-177764089	Lila Shyam Private Limited	Haryana, Faridabad, H.No 11 Sector 31, Faridabad	India
S1-649411676	Proify LLC	OH, Vandalia, 314 Marview Avenue	US
S1-162146641	Premier Deli	15 Barony Lane, Smithfield, NC	US
S1-470136588	Supreme Technologies	G-1504, Block- G, Sharnam, Noida Sector 107, Noida, Gautam Buddha Nagar, Uttar Pradesh	India
S1-788105245	Onsite Engineering	3-Hayathnagar, 8-7-95/T/P-Iii/Ext/13, K.V.Rangareddy, Saroornagar, Telangana	India
S1-61407019	Dhruvi Warehouse Private Limited	Floor-Grd, Plot-7, 111 Sherbanoo Chs, Maharshi Karve Road, New Marine Lines, Mumbai, 12, Maharashtra	India
S1-273534049	Smart Eastern Investments Private Limited	No.20/11, 2Nd Floor, 1St Main, 5Th Cross, Chinnappa Garden, Bengaluru, Bangalore, Karnataka	India
S1-183461698	Maid Pizza	351 Villa Drive, Seymour, TN	US
S1-587555977	Gorakhpur Seed LLP	Gallantt Landmark, Purdilpur, Bank Road, Gorakhpur, Uttar Pradesh	India
S1-574118361	Fayre Eckman Silver Ford LLC	1857 Lakewood Village Drive, Nashville, TN	US
S1-857854771	Intellect & Sons Company	701, Floor 7, Plot 956, 2, Pearl Residency Rahimtullah Sayani Road, Prabhadevi, Mumbai, Mumbai City, Maharashtra	India
S1-230171622	Premier International Private Limited	Showroom No 33 Ratgal Tehsil Thaesar, Pipli, Kurukshetra, Haryana	India
S1-34160927	D H Caballero Strategies LP	WA, Fl 1, Olympia, 1517 Glass Avenue	US
S1-122654163	Aarvan Resorts Pvt. Ltd.	A24 Office Pvt. No 202 2Nd Floor, Gali No. 19, Main Road, Madhu Vihar, Delhi, East Delhi, Delhi	India
S1-386739130	New Delhi Finance Pvt. Ltd.	610-/2 Chhatarur, New Delhi, South Delhi, Delhi	India
S1-534385851	Stow Pediatric Dental Clinic	4342 Leewood Road, Stow, OH	US
S1-476625263	Physical Therapy Partners of Windsor Inc	27 Red Pine Drive, ME, Windsor	US
S1-153612711	Super Infosystems Private Limited	Sa 15/121, Ashapur, Sarnath, Varanasi, Uttar Pradesh	India
S1-699390646	Biis All Cambridge LLC	12825 Mayfair Way, Unit E, Meridian, CO	US
S1-751911575	Colonial Vanguard Eagle L.L.C.	1666 27th Avenue, Clinton, IA	US
S1-349655389	Star Impex Private Limited	26B, Balaram Ghosh Street, Kolkata, Kolkata, Howrah, West Bengal	India
S1-603423853	QLM Bitcoin LLC	6215 Plainview Drive, Evansville, IN	US
S1-967223914	Better Payroll Corporation	7104 Dodge Circle, Prescott Valley, AZ	US
S1-141729586	Gayleen Bradshaw American Xflh	2029 Skyhawk Court, White House, TN	US
S1-635135366	Smith Bright Next LLC	8217 Kanter Avenue, Norfolk City, VA	US
S1-94967538	Aarvan Films	Shop-30, Dashmesh Colony, Lohgarh Road, Rajpura, Mohali, Punjab	India
S1-851142120	Mpm Systems Co	No.30/452, A2-F, Matsyapuri, Willingdon Island, Kochi, Ernakulam, Kerala	India
S1-924768035	Golden Pub!	41 Regency Square, Newport News City, VA	US
S1-548217581	Nolan, Arthur & Mentz	1 Del Pond Drive, Unit 429, Canton, MA	US
S1-749355478	Jain Infotech Limited	121, 1St Floor, 10Th E Main 1St Block Jayanagar, Bangalore, Karnataka	India
S1-300781987	Bessemer City Family Council LLC	412 Bess Town Road, Bessemer City, NC	US
S1-771918206	IIK Care	Unit No. C/701, 7Th Floor, Building C, Pune It Park, Survey No. 41A/1C, Pune City, Pune, Maharashtra	India
S1-810255190	Royal Care Private Limited	Andhra Pradesh, Krishna, No.27-21-16 Kaleswari Rao Roadgovernerpet, Vijaywada-2, Vijayawada (Urban)	India
S1-551077586	Escamilla & Ni Asia LLC	33-74 161 Street, Flushing, NY	US
S1-810141255	Lewis Melar Inc	211 Champion Avenue, Unit 425, Columbus, OH	US
S1-917942564	Rayagada Orissa Wrap Private Limited	Polytechnic Roadat/Po Rayagada, Rayagada Orissa, Koraput, Orissa	India
S1-593819345	Custom Solana LLC	2061 Embden Pond Road, Embden, ME	US
S1-496069384	790 First Place Management Co	3336 Pecan Shadow Way, Mesquite, TX	US
S1-162896164	Y T & G Fortress	83 Beard Drive, New Milford, CT	US
S1-52798660	Lizzy May Fannie Inc	321 Hester Street, Lexington, TX	US
S1-306175528	Think Brothers Private Limited	H. No. 1/70, Chack Hariharvan Saraitaki, Chatnag Road, Jhunsi, Allahabad, Uttar Pradesh	India
S1-68845784	Silver National Transport L.L.C.	695 Harrison Street, Fl 1.5 STORY, Hawesville, KY	US
S1-309924975	Tabatha's Consulting Inc	Rhododendron, OR, 21510 Hideaway Lane	US
S1-615226029	Jacobs Williams	2349 Co Rd A, Edgerton, OH	US
S1-840744146	Covenant Cause Pvt Ltd	Flat No 4 Marble Arch A Bldgs No 55/2/2/1 Aundh Gk Road Pune, Pune City, Pune, Maharashtra	India
S1-463954056	High Care Limited	Shop No 108, First Floor, New York Arecad Village Bopal (Ct), Taluka Daskroi, Ahmedabad, Gujarat	India
S1-521131813	Schultz and Hicks LLC	Unit Apt 235, 330 Pinehurst Street, Texarkana, AR	US
S1-856879317	As Trading Pvt Ltd	Hno.9773 Joshi Nagar, Street No 05, Bharat Nagar Chowk, Ludhiana, Punjab	India
S1-941417027	Rock, Danny W., Ph.D.	NY, 59 Greentree Road, Tonawanda	US
S1-479921563	Jazmin's Metro Staffing	6960 Secret Springs Trail, Prescott, AZ	US
S1-449472592	Cypress Inc.	9660 Atherton Drive, Dallas, TX	US
S1-377933426	Balaji Management Private Limited	Shop No 17, Third Floor Yusuf Sarai Market, Delhi, South Delhi, Delhi	India
S1-704867541	Guillemette Coleman Crane Corp	184 Suzanne Drive, Bastrop, TX	US
S1-144863457	Mora Tech Limited	62/15, First Floor, Wea, East Park Road, Karol Bagh, Delhi, Central Delhi, Delhi	India
S1-524573021	Agni Classes Private Limited	723, Jaina Tower 1 District Centre, Janakpuri, New Delhi, Delhi	India
S1-693437858	Thapar Arcade Hauz Khas Retail LLP	403, 4Th Floor, Thapar Arcade Hauz Khas, New Delhi, Delhi	India
S1-964926889	Vijay Construction Private Limited	C-12, Plot No.15, Mn Park, Synergy Square 1, Genome Valley, Ranga Reddy District, Telangana, Rangareddy, Telangana	India
S1-217500846	Elnora Webb, Esq.	3466 Vickrey Road, Gosport, IN	US
S1-245080115	Laxmi Ventures Private Limited	Tamil Nadu, B-12, Chennai, Vimal Emarald, 2Nd Floor, Rajagopalan Street Sri Devi Karumariamman Nagar, Valasarawa, Kam, Chennai	India
S1-406900376	Urology Health of Pawnee Rock LLC	553 R Road, Pawnee Rock, KS	US
S1-263596785	Jet Tech Co	1261, Sadashiv Peth, Pune, Maharashtra	India
S1-418025284	Richie Properties	93-A Ekta Nagar Mr-4 Road, Vijay Nagar, Jabalpur, Madhya Pradesh	India
S1-679952101	Applied Environmental Technologies LLC	31782 Hidden Rock Lane, Polson, MT	US
S1-444955163	A Integrated Legato	45771 Langley Park Way, Lexington Park, MD	US
S1-333304824	First Infrastructure Private Limited	Flat No 100, The La Casa Bonita H.No 1-65/20/105, Ravindra Layout, Madha, Pur, Hyderabad, Telangana	India
S1-421670200	Rapid Wholesale Holdings	Sylacauga, 16 Spruce Street, AL	US
S1-141152921	Mumbai Care Limited	17 Armaan 25-B Gr Flr, Saraswati Rd Santacruz West, Mumbai, Mumbai City, Maharashtra	India
S1-523209408	Continental Digital LLC	3284 Windchase Boulevard, Houston, TX	US
S1-800125177	Mumbai Business Private Limited	Maharashtra, Mumbai, 1St Fl, Jai, Laxmi Chs, Katha Bazar, Office No 19	India
S1-544189999	Children's League IV	5849 Garnett Road, Tulsa, OK	US
S1-374182910	Components Vidyalaya Ltd	2-Het Appartment Nr. Naranpura Rly Crsg, Nr Rokdia Hanuman, Gautamnagar, Ahmadabad City, Ahmedabad, Gujarat	India
S1-528881275	Quality Annaly LLC	3536 Valley Ridge Road, City Of Middleton, WI	US
S1-498130016	Delicious Farmer Private Limited	Patton House 2, Level 3 Bldg No. 97 4Th B Cross Industrial Layout 5Th Block, Karnataka, Bangalore, Koramangala	India
S1-980390125	Valley Fund Center	309 Manley Avenue, Vine Grove, KY	US
S1-182095922	Pearl Institute of Technology Private Limited	Jaipur, Office No. 301, Jaipur, Third Floor, Prism Tower, Lalkothi, Tonk Road, Rajasthan	India
S1-560803184	Western Bright Johnson Corp	12127 Westwick Place, Fl 0, Saint Louis, MO	US
S1-164659791	Perfect Foundation	C/O Shri Sudam Vithal, Dahifale, Ganeshwadi, Newasa, Ahmed Nagar, Maharashtra	India
S1-514562418	Graham Cap, LLC	559 Reading Drive, Bartlett, IL	US
S1-583390915	Knipe, Hannon & Ramsey Inc.	12 Ascot Point Circle, Unit 204, Asheville, NC	US
S1-126756412	Timique PLLC	110 Monroe Street, Fl SECOND FLOOR, Hecker, IL	US
S1-659236248	Tele Purchase Limited	Balua Kaliyaganj Ps- Palasi, Dist- Araria, Palasi Araria, Araria, Bihar	India
S1-90874088	Chiropractic National Care	6723 Cedar Lane, Westmont, IL	US
S1-725440288	Roe Cardiology	1253 Glenstone Place, Moody, AL	US
S1-633321060	Golden Secure Supply	6574 Evans Road, Rome, NY	US
S1-251903406	Interstate Trading Networks LLC	3 Wyman Avenue, Salem, MA	US
S1-43308210	Jai Travels Private Limited	3Rd Floor, C, Global Technology Park, Marathalli Outer Ring Road, Devarabessanahalli, Bell, Andur, Bangalore, Karnataka	India
S1-389552062	South Lines Private Limited	Bank Of Baroda Gali Swarajpur, Makhlotganj, Gaya, Bihar	India
S1-148572108	Foot & Ankle Health	3345 Kenton Drive, Millcreek, UT	US
S1-269334688	Producer Bhuvanesh Mantra Pvt Ltd	Kancheepuram, Nellithoppu Main Road Kozhumanivakkam, Mangadu, No.41/1, Tamil Nadu, Chennai	India
S1-513633011	Dynamic Business Works LLC	90 Davis Lane, Rush Valley Town, UT	US
S1-800664567	Global Fresh Corp	Maharashtra, C/O Dinesh Adagale, Kole, Wasti, Shivtakrar, Purandar, Baramati, Pune	India
S1-100172315	2233 Mountain View Drive Partners	17129 Woodmere Drive, Chagrin Falls, OH	US
S1-43865489	Anand Foods Pvt Ltd	No 1 Vinayagar Thottamtirupur To Avanashi Road Thirumurugan Poondi Post, Anppurpalayam Via, Avanashi Tk, Tamil Nadu	India
S1-772060989	Diaz's Software Care	Indianapolis, Unit APT D, 8417 Oak Park Drive, IN	US
S1-57508614	Anchor Energy Industries LLC	1743 59th Street, Tulsa, OK	US
S1-609714937	Swastik Foods Private Limited	101, Meridien Palace, Ceaser Road, Amboli, Andheri (West), Mumbai, Maharashtra	India
S1-864612087	Martin (India) Sons Private Limited	131, 1St Floor, Vardhman Premium Mall, L.S.C Outer Ring Road, Deepali Chowk, Rohini, Delhi-85, Delhi, North West, Delhi	India
S1-342070741	Miguel Tri-State Neuberger Inc	10524 National Pike, Big Pool, MD	US
S1-15301463	All Industries Private Limited	C/O. A Jalasteen, Check Point, Studio Road, Thiruvananthapuram, Thiruvananthapuram, Trivandrum, Kerala	India
S1-495099851	Toby's Ventures LLC	2265 Edward Lane, Yorktown, NY	US
S1-855106705	Melange Pages Private Limited	Rh1-15K, Sunrise Symphony, Action Area -2B, Salt Lake City, Parganas North, West Bengal	India
S1-450027927	Arundhati Storage Ltd	Kalluvalappil, 198/96-97, Mannur, Kadalundi, Kozhikode, Kerala	India
S1-923410733	By (India) Citadel Private Limited	16A, Shakespeare Sarani, 1St Floor, Room No.58, Kolkata, Howrah, West Bengal	India
S1-231333568	Great Institute	3701 Atlantic Street, Spokane, WA	US
S1-733133405	Bharat Hospitality Pvt Ltd	766, Anna Salai, Sakthi Towers-1, Chennai, Tamil Nadu	India
S1-929985547	Helaine K. Ashby, MD	13080 2015, Tyler, TX	US
S1-954492074	Small Trading Private Limited	555B Kasturba Path Gandhi Nagar, S.K.Puri, Patna, Bihar	India
S1-558812114	PW Consultants	8 Ho Chi Minh Saranisuit No 12F, Kolkata, Calcutta, West Bengal	India
S1-819546345	Womens Health Physicians L.L.C.	10918 32nd Street, Stillwater, OK	US
S1-848119107	Mountain Coalition Corp	191 Lucerne Court, Wheeling, IL	US
S1-259831232	Grip (India) Health Private Limited	C/O Kavita Gahlot, Rajendra Dubey Market, Balak Complex Tili, Sagar, Madhya Pradesh	India
S1-182354386	Beulah Keleher Signature Drugs	300 Pine Lake Road, Unit 8, Collinsville, IL	US
S1-639113964	TK Breweries Private Limited	Unit No. 2, Raheja Centre, Ground Floor Free Press Journal Marg, Nariman Point, Mumbai, Mumbai City, Maharashtra	India
S1-874706499	Fortune Engineering Pvt Ltd	15 Western Avenue Sainik Farms, Khanpur, Delhi, South Delhi	India
S1-26334883	Rocky School of Medicine	208 6th Street, Humboldt, IA	US
S1-631772217	Fortune Consultancy Private Limited	Muhana Mode, Plot No. 21 Shiv Nagar At Dhani Kumawat, Sanganer, Jaipur, Rajasthan	India
S1-804244480	Empire Alliance	TX, Austin, 602 Colonial Park Boulevard	US
S1-899464372	Gee & Sons Private Limited	C/O Varun Kumar Pandey, Mundera Kala Maharajganj Uttarpradesh, Maharajganj, Uttar Pradesh	India
S1-725593592	Cornerstone Ameren LLC	1107 Redbud Circle, Pasadena, TX	US
S1-633275137	G & S Fortunex Inc	New Albany, 615 Lincoln Street, IN	US
S1-885356254	Blue Hypnosis	902 Applewood Road, El Paso County, TX	US
S1-717818827	Cauthen American Bakery	3200 H Preamble Lane, York County, VA	US
S1-808301478	Kandace Zeigler Fashion Corp	114 Leather Fern Way, MD, Frederick	US
S1-2706888	Silver Properties Private Limited	634-Kh No-258 S/F Westend, Marg, Saiyadul Ajyab, New Delhi, South West Delhi, Delhi	India
S1-893947454	Internal Medicine Health LLC	9884 Homewood Circle, Collegedale, TN	US
S1-778932290	Superior Supply Services Corp	14711 State Rte 37, Crooksville, OH	US
S1-213531654	Torrence Rent LLC	3677 Rivercrest Drive, Eugene, OR	US
S1-970257995	Aftab Traders Co	Plot No. 746/3, G/F, Village Tikri Kalan, New Delhi, West Delhi, Delhi	India
S1-354150218	Janus, Pieper and Deason	3428 Ivy Court, Eagan, MN	US
S1-443107982	Pittsboro Orthopedic Care Associates, Inc	106 Autumn Chase, Pittsboro, NC	US
S1-687973023	Sai Services Private Limited	Dinubhai Estate, Beside Satkar Restuarant, Trikampura Pat, Ia, Ff 11-12-13, Ahmedabad, Gujarat, Ahmedabad	India
S1-131694328	Pediatric Health	7 Dani Court, Manteno, IL	US
S1-370065226	Balaji Ventures	Maharashtra, C/O Balaji Pune, H.No. 219, Bellur Tq. Ahmedpur Dist. Latur, Latur	India
S1-943844717	Metropolitan Unified Earths Inc	3186 21, Fort Mill, SC	US
S1-909714160	Unique Energy Limited	C/O Dharam Pal Singh, Ff225 Vidhyakniwas Upil, Aishbagh, Lucknow, Uttar Pradesh	India
S1-649506567	Mountain Montessori School	Chino, Unit UNIT 174, CA, 13160 Sixth Street	US
S1-651644262	Best Hotel LLC	2307 Shawnee Lane, Paducah, KY	US
S1-979564905	Applied Materials Concepts LLC	1420 Diehl Road, Unit 431, Naperville, IL	US
S1-908129336	Prime Pacific Battery Inc.	8053 Gatehouse Road, Unit STE 19, Fairfax County, VA	US
S1-864241690	Dean, Mejia and Debose Holdco	Youngsville, Unit 28B, 318 Ag, NC	US
S1-159113730	D V Braun Rithm LLC	227 Canal Park Drive, Unit 404, Salisbury, MD	US
S1-899641991	Broussard, Cally G., CPA, PC	Gardendale, 217 Kyle Court, AL	US
S1-684969689	Candace Guiliano Sunshine Center	WA, 1012 Newton Street, Bellingham	US
S1-440889960	New Trust	H.N. 8:3:229/T/6, Tahir Ville Colony, Behind St. Marrys College, Yousufguda Ch, Eck Post, Hyderabad, Telangana	India
S1-966952251	Technologies Pg Enterprises Private Limited	108, 3Rd Eye, Panchvati, C G Road, Ahmadabad City, Ahmedabad, Gujarat	India
S1-887697090	North Premier Global Private Limited	Delhi, West Shalimar Bagh, Bm-50	India
S1-787365320	Rianon Leary Strategic Safe	KY, 1917 Pirtle St, Louisville	US
S1-434271575	J & A Ellington LLC	N12509 79, Town Of New Haven, WI	US
S1-309069586	Department of Transportation	AZ, 1449 Charleston Avenue, Phoenix	US
S1-819568684	Elyssa Schafer Patriot Square LLC	308 Hedge Row Lane, Unit B, Simi Valley, CA	US
S1-711954851	Smart Midwest Ameren Inc	2301 11th Street, Washington, Unit 703, DC	US
S1-688410303	Cardiology Physicians LLC	18 Bentree Lane, Unit UNIT 409, Indian Point, MO	US
S1-870705974	Vivoo P.C.	9158 Combs Road, North Bloomfield, OH	US
S1-521498418	Board of Veterans Affairs	77 Village Street, North Haven, CT	US
S1-920976104	Pediatric Dental Dynamic Physicians LLC	8212 Moyer Court, Joshua, TX	US
S1-621117023	Vision Producer Private Limited	2Nd Floor, New No.11/1 Beemasena Garden Street, Mylapore, Chennai, Veda Nilayam, Tamil Nadu, Chennai	India
S1-967900139	Sai Urban Properties Private Limited	Ida Phase 1, Plot No. 4A-21, Peddapuram, East Godavari, Andhra Pradesh	India
S1-246359905	Ross Medical Center	4198 Ar 160 Highway, Fountain Hill, AR	US
S1-442062312	Pacific Association	372 Park Hill Drive, Unit Unit D, Village Of Pewaukee, WI	US
S1-104814249	Certified Golden Technologies	9316 Highway 164, Clarksville, AR	US
S1-125294099	Interstate Carolina Holdings	2215 Carabel Avenue, Lakewood, OH	US
S1-780594162	3829 Highland Drive Partners Inc	TX, 1328 Green Briar Drive, Huntsville	US
S1-948046243	Equinox LLC	321 Retreat Ridge Way, Woodfin, NC	US
S1-56326829	Ramirez, Jackson and Mason Inc.	Cleveland, OH, 1391 51st Street	US
S1-943700205	Montreal Agro Ltd	Kolkata, West Bengal, Calcutta, 14/1/1-A Jackson Lane	India
S1-142134980	Kelly Holdings Group LLC	1677 131, Eutaw, AL	US
S1-721391054	Amalle Ingram Vanguard Vine LLC	St Benedict, 9407 Frederick Point, KS	US
S1-922877354	Manthan Language Private Limited	3-1/71/Jl/501, Flat No.50, Jyothi Lake View, K Hills, Shaikpet, Hyderabad, Telangana	India
S1-251261735	Smart Construction Private Limited	Ward No. 46, Champasari Near Sbi Bank, Siliguri, Darjeeling, West Bengal	India
S1-130036606	Jharkhand College Co	B-502, Saanvi Nirman Stella, Next To Sobo Center, Safal Parisar Road, South Bopal Extension, Sanand, Ahmedabad, Gujarat	India
S1-673783882	Integrated Green Pyrophyte LLC	150 332nd Avenue, Tonopah, AZ	US
S1-616102084	Horizon Marine Digital Inc.	790 Canonby Place, Unit 3H, Columbus, OH	US
S1-26230435	Fresh Massage Inc.	622 Huttig Avenue, Independence, MO	US
S1-967988833	Veronike Ramirez Cherry	604 Anthony Cove Road, Camdenton, MO	US
S1-48055919	Mercury (India) Power Pvt Ltd	Bp Viii 84, Second Floor Ramunni Nair Memorial Complex, Koyilandi, Kozhikode, Kerala	India
S1-383914080	Optimal Software Corporation	1000 Route 176 Highway, Mchenry, IL	US
S1-475018237	Angel Guide Private Limited	P-No 35 No 25, Mb Nagar, Gulbarga, Karnataka	India
S1-602454079	Strategic Value Boral, LLC	130 Sweetgum Court, Raeford, NC	US
S1-228491187	Better Logistics Global Inc	29 Charnes Drive, East Haven, CT	US
S1-500594017	W/K Renatus LLC	2225 Dean Street, Mcclellan, CA	US
S1-631122305	Blue Infra Private Limited	D No.40-15/2-2, Vyshali Towers, Tf-2, Vijayawada (Urban), Krishna, Andhra Pradesh	India
S1-279916985	Newwave & Brothers	C-Annex Hind Saurashtraindustrial Estate Andheri Kurla Rd Andheri (E), Mumbai, Maharashtra	India
S1-948736689	Shivkripa (India) Shopping Limited	Bengaluru, 1084/1, Bangalore, Karnataka, 14Th Cross, Chikkadevaraya Road, Hanumanth Nagar	India
S1-751681405	Cardiology Associates	1121 Greenwood Avenue, Ponca City, OK	US
S1-762807101	Chandrora Transporting Private Limited	P.No. 118, Sy.No.400, 403, Hyderguda, Attapur, Rajendranagar, K.V.Rangareddy, Telangana	India
S1-750117118	Miller Galaxy LLC	12917 23rd Street, Bellevue, WA	US
S1-456992910	Burchell Signature Peace LLC	718 Ardonia Terrace, Upper Marlboro, MD	US
S1-480482281	Maa Technology Private Limited	No.16/14 I Floor, Suraj House 5Th Main Road, Nandanam Extn., Nandanam, Chennai, Tamil Nadu	India
S1-801936852	#5 Resolution Inc	703 S Phillips St, Algona, IA	US
S1-394593621	Caruso Irenic Inc	1132 Russell Gap Road, New Market, TN	US
S1-532703590	Royal Urban Finance Private Limited	3/22 Chowk, Thana, Tajganj, Agra, Uttar Pradesh	India
S1-294789349	Maniratna Consultancy	H. No. 3172, Sn. 46/1/2, Opp. Orchid School Pisoli, Pune City, Pune, Maharashtra	India
S1-852526881	Roum Inc	3636 Crawford Road, Fort Wayne, IN	US
S1-41637391	Dental Physicians LLC	32807 45th Street, Mcloud, OK	US
S1-505836332	Apex Inc	5144 Taylor Mill Road, Taylor Mill, KY	US
S1-659880907	Mast Horizon Finance LLC	4 Ellwood Avenue, Baltimore, MD	US
S1-518553743	Nadean Hanson, L.C.S.W.	732 Benedetti Drive, Unit 114, Naperville, IL	US
S1-291403667	Nihon Online Ltd	Floor-10, Plot - 220, Maker Chamber Vi, Jbm, 102, Mumbai, Maharashtra, Mumbai	India
S1-854246466	Jms College	Buliding No 515G Vard Vi Sreemoolanagaram P.O Aluva, Sreemoolanagaram, Ernakulam, Kerala	India
S1-810785334	Turbo Institute of Technology	Shop No-4, 1St Floor City Plaza, Agra Gate, Firozabad, Uttar Pradesh	India
S1-478972073	Lotus Food Pvt Ltd	R.S.No. 802/3, T.P. 303, Radha Swami Sukun, Rajpath Road, Anand, Gujarat	India
S1-376110886	Guru Technology Private Limited	Site No 677, 1St Floor, 27, 13Th Cross Road Hsr Lt, Bangalore South, Bangalore, Karnataka	India
S1-799930487	Kremer & Peterson End LLC	18088 Putney Ridge Road, Salesville, OH	US
S1-930109783	Terranova and May LLC	655 Oakwood Court, Hempstead, NY	US
S1-566250265	Golden Prime Strategy LLC	204 Maple Avenue, East Rochester, NY	US
S1-203636107	Roberts Harbor First	6370 Richmond Avenue, Houston, TX	US
S1-560377511	Corner Tavern! Inc	945 Roberto Avenue, Baker, LA	US
S1-715156488	Shyam Global Private Limited	Door No.17, Spk Nagar, Kalveerampalayam, Coimbatore, Tamil Nadu	India
S1-780317817	Bay Charities LP	362 Scott Street, Hubbard, OH	US
S1-945203432	Atlantic Property Global LLC	3406 39th Street, Moorhead, MN	US
S1-618216324	Harris & Mellott LLC	821 Seymour Road, Bear, DE	US
S1-707048164	Prachi Center LLP	208-209 2Nd Floor New Sonal Link Industrial Estate Bldg No-2, Link Road Malad W, Mumbai, Mumbai City, Maharashtra	India
S1-97246084	Gulf Delta Gravity LLC	108 Hughes Loop, Russellville, AR	US
S1-33521194	Reliable Brothers Private Limited	Flat No. P-1, 95 Gumasta Nagar, Navratan Galaxy Building, Indore, Madhya Pradesh	India
S1-394381630	Physical Therapy Center Inc	1206 Holt Farm Lane, South Jordan, UT	US
S1-169083104	Fortune South Developers Private Limited	4Th Mill Behind Hotel The Point Near T.T.C, Hissar, Haryana, Sirsa Road	India
S1-564553270	Planet Handloom Private Limited	967 3 4 Gala 3 4 Bld Ss2 Gr Flr, Harihar Corporation Dapode Village, Bhiwandi, Thane, Maharashtra	India
S1-830156171	FO Handicrafts Private Limited	C/O Umeda Ram, Jat Colony, Balotra, Barmer, Rajasthan	India
S1-718054624	Brynna K. Colson, L.C.S.W., PC	2001 Cherry Street, Olean, NY	US
S1-423060707	Strawberry Services (India) Private Limited	178, Gn Flr, Chandani Agar, Hutments S.M. Rd, Mumbai, Maharashtra	India
S1-157953247	Atlas Inc	137 Main Avenue, Rockford, IA	US
S1-515699183	Prairie Total Enbridge	39334 Bolington Road, Loudoun County, VA	US
S1-16495540	Balaji Traders Private Limited	A-1 Teacher Colony, Sec-12 Pratap Vihar, Ghaziabad, Ghaziabad, Uttar Pradesh	India
S1-229464659	Galaxy International Private Limited	Urja Shakti Motera Commercial, Motera Road, Motera, Ahmedabad, B/202, Gujarat, Ahmedabad	India
S1-318259834	Browne United Resorts Inc	5 Heritage Lane, Silver City, NM	US
S1-661997002	Mora and Wilson LP	312 45th Street, Seattle, WA	US
S1-515592220	Life Business	Tulip Plaza, Sco 1 1St, Floor, Vip Road, Rajpura, Mohali, Punjab	India
S1-22267193	Inscoe's Development Inc	4362 Crowdy Boulevard, Unit #C, Suffolk City, VA	US
S1-556536621	Human Rights Federation	3627 Lakeview Road, Memphis, TN	US
S1-194955748	Yellow Institute of Technology Private Limited	Maharashtra, Sangli, Mane House, S/O Shivaji Haribhu Mane, At Post Mangrul, Taluka Shirala, Distric, T Sangli, Sangli	India
S1-154699800	Allied Hydro	N96W14419 County Line Road, Village Of Menomonee Falls, WI	US
S1-222890187	Summit Initiative LLC	109 Harold Street, Boston, MA	US
S1-644586610	Jacobs & Pickett LLC	7727 Green Garland Drive, Fairfax County, VA	US
S1-48208904	Shelton, Kelly and Huertas LLC	1493 Owl Creek Lane, Swansea, IL	US
S1-308206411	Micro Technologies Private Limited	New Delhi, Kh No-262/1, Lane No.4, Saiyadulajab, Westend Marg, Delhi, South West Delhi	India
S1-577619215	Children's Guild Clinic	21 Sextant Circle, Unit 1, Quincy, MA	US
S1-6896770	Yacoub and Jeffers Orion LLC	8860 Crestview Drive, Frisco, TX	US
S1-843556947	Right (india) Pvt Ltd	Mathura Pd Moorat Gunj, Kaushambi, Allahabad, Uttar Pradesh, Allahabad	India
S1-66698016	Jay Construction Pvt Ltd	Ss-Ii/13, Second Floor, Sector-15, Koperkhairane, Navimumbai, Thane, Maharashtra	India
S1-64279143	Perfect Consultants Private Limited	Mohali, Punjab, Mouja Jhungia Hadbast No. 29, Tehsil-Kharar, Sas Nagar, Shop N0. 1A	India
S1-4422904	Prananth Multitech	033, 6Th Floor, C/O T-Hub Foundation, 1/C, 83/1, Raidurg Panmaktha Near Hitech City, Ranga Reddy, Hyderabad, Shaikpet, Hyderabad, Telangana	India
S1-57668987	Monroy, Madden & Willis	736 Aventura Way, St Peters, MO	US
S1-941569544	Delta Dbdr	943 Rudyard Road, Cleveland, OH	US
S1-341523116	Schmidt Initiative	4690 Hall Boulevard, Fl 1, Beaverton, OR	US
S1-822255279	Rosy Traders Private Limited	C/O- Based Ali Abdul Mamudpur Pindira, Hooghly, West Bengal	India
S1-687939454	2-Point	2405 Engleford Drive, Arlington, TX	US
S1-223818707	Shyam Products LLP	16 Mahalaxmi Industrialestate Nr Cadila Crossing Gidc Road Vatva, Ahmedabad, Gujarat	India
S1-376359205	Farabee, Woods and Zapien Kkr Inc	11627 Mc Cullough Road, Central City, LA	US
S1-128371993	Guru Foods Private Limited	Ghaziabad, Uttar Pradesh, Shop No. 1 & 2, Ghaziabad, Plot No. 506, Sector-1, Vashundra, Ghaziabad	India
S1-102142476	Asthana Industries	Plot No 4/2, Sector 1, Huda Techno Enclave, Hi-Tech City, Vittal Rao Nagar-2, Madhapur, Hyderabad, Telangana	India
S1-643679642	Maa Al Hospitality	No.12/4, Srisivan Complex, Arunachalapuram Main Road, Sankarankovil, Tirunelveli, Tamil Nadu	India
S1-297473029	W M Newberry Century, LLC	Unit Apartment 510, 203 Genung Street, NY, Wallkill	US
S1-250894701	Noble Charitable Trust	135, Civil Lines, Uttar Pradesh, Bareilly	India
S1-857492811	Arpit Industries Group	105 Rohit House Tolstoy Marg, Connaught Place, New Delhi, Delhi	India
S1-274909017	Applied Data Brands LLC	16700 Harble-griffith Road, Unit 42, Logan, OH	US
S1-340393385	Cardiology Metro Center LLC	181 Calhoun 271, Camden, AR	US
S1-236529471	Tech Solutions Private Limited	Flat No. 503, 5Th Floor, Sai Darshan, 19/2R, T O Road, Svp Ngt, Andheri West, Mumbai, Maharashtra	India
S1-273481256	Needham & Campbell LLC	405 Skipworth Lane, Spokane Valley, WA	US
S1-263714526	OAH Biotech Private Limited	165, Sukhdev Vihar, New Delhi, South Delhi, Delhi	India
S1-108346514	Continental Program II	16 Weyants Lane, Newburgh, NY	US
S1-826568958	Meyer, Wilson and Zacher L.L.C.	202 Polk, La Porte, IN	US
S1-710397969	Laxmi Construction Private Limited	C/O Arvind Kumar, G.Floor, Veer Complex, Jail Road, Arrah, Bhojpur, Bihar	India
S1-130504269	Modern Investments Private Limited	Plot No. 1465, Sector 9, Bahadurgarh, Jhajjar, Haryana	India
S1-214294242	Dental Classic Care Inc	921 Blue Spruce Way, Knoxville, TN	US
S1-9817684	(india) Oswal Marketing Pvt. Ltd.	H No. 8-2-293/82/F/Ii/C/2, Film Nagar Housing Co-Op Society, Film N, Agar, Hyderabad, Telangana	India
S1-721213231	Hari Trading Private Limited	742, Patel Nagar Civil Lines, Ludhiana, Punjab	India
S1-23094221	Maxine Robinson Coastal Enbridge	Chicago, IL, 3345 Artesian Avenue	US
S1-148940522	Advanced Paceline LLC	221 Meadowbrook Country Club Estate, Ballwin, MO	US
S1-187505343	Advanced Sprott	1755 Bankhead Highway, Winfield, AL	US
S1-686940795	Jarlic Hawk LLC	14 Topland Place, Huntington, NY	US
S1-963146446	Jain Hari Infra Private Limited	Delhi, New Delhi, 8 A/3, W.E.A. Karol Bagh	India
S1-773256076	FLJ James	Flat No 403 4Th Floorkrishna Kunj Rambaug Kalyan, Thane, Maharashtra	India
S1-830223982	Picasso (India) Green Limited	Ca-34D, Shalimar Bagh, New Delhi, Delhi	India
S1-681201139	Synsava Group	2581 Summerset Drive, Rialto, CA	US
S1-807485962	Rodriguez Suma PLLC	311 Karl Linn Drive, Unit APT 208, Chesterfield County, VA	US
S1-254804716	Ruff's Liberty Bistro	104-48 Francis Lewis Boulevard, Queens Village, NY	US
S1-472216423	IW Internet LLC	277 Pine Street, MA, Lowell	US
S1-389074539	Urology Care Associates	3936 Dickens Avenue, Hope Mills, NC	US
S1-40998767	Mulholland & Lozier Proem	5935 Newhouse Road, Clarence, NY	US
S1-61127178	Beitris Mickles Galaxyedge LLC	1209 Kinloch Farm, Albemarle County, VA	US
S1-228344459	Arthi & Co	Sr No 124/283 Lane 8 Bhimnagar Nr Pmc Hospital Haveli Hadapsar, Pune, Maharashtra	India
S1-108075743	Viola Eye Continental Specialists	ID, 1072 Chaney Road, Viola	US
S1-225931323	Cardiology Care LLC	Unit Unit 723, AL, 8160 64, Daphne	US
S1-541452496	South East Industries Limited	503 Steel Centresant Tukaram Road, Mumbai, Maharashtra	India
S1-409937795	Brownsburg Oncology Group	1280 Highland Lake Way, Brownsburg, IN	US
S1-173561857	Big (India) Technology Private Limited	Venkateshwar Nagar, Karnataka, C/O N.Rama Prasad, Bellary	India
S1-556368452	Baba Jain Engineering	House No. 78, Kangaon, Taluka-Daund, Pune, Maharashtra	India
S1-367810996	Jones Ford of Warren	1816 Milton Street, Warren, OH	US
S1-276453421	Guajardo Delta Core LLC	2 Bridgestone Drive, AR, Conway	US
S1-629253122	Shree Constructions Pvt Ltd	Door No. 156, Palli Ward 14, Mararikulam North Grama Panchayath, Cherthala, Alappuzha, Kerala	India
S1-916156199	Malappuram Digital Limited	Jsj Plaza Kalikavu Road, Wandoor, Malappuram, 19/654Q, Kerala, Malapuram, Malappuram	India
S1-111264432	Global Consumer Union LLC	9861 Madera Court, Rancho Cucamonga, CA	US
S1-406704964	Olanon Products Inc	3335 Abbey Drive, Saraland, AL	US
S1-205572391	Rayalaseema Nursing Home	Maharashtra, Kharghar, Fl-04, Vasant Vihar Chs. Plot-G/38, Sector - 12, Raigarh	India
S1-787303229	Premier Management Private Limited	Unit-33, Sayona Silver Estate, Silver Oke Club, Daskroi, Ahmedabad, Gujarat	India
S1-773547559	O 5 Premier Auto LLC	7419 B 4th Avenue, Seattle, WA	US
S1-352702781	Mandovi Public School	Sardar Nagar, Nr Amra Kunj T.C.G Geb, Talala, Junagadh, Gujarat	India
S1-927310444	Liberty International	WV, Triadelphia, 85 Woody Lane	US
S1-441029431	Masha Okamoto, CPA	2317 Mesquite Street, Fl 1, Chandler, AZ	US
S1-395797127	Pioneer Foundation Private Limited	No 356, Puthuparambu, Edarikode, Malappuram, Malappuram, Malapuram, Kerala	India
S1-14678733	Brown, Benson & Maldonado Inc	3451 Munson Place, Yorktown, NY	US
S1-554990706	Atlas	67 Drake Road, Pleasant Valley, NY	US
S1-251444096	Carlson Reliable Barclays Inc	1927 32, Plymouth, NC	US
S1-522715990	Rockhold, Aviles & Sawyers Media LLC	OH, Tiffin, 1653 Sr 53	US
S1-867289464	Clear Amc, LLC	KY, 901 Everly Brothers Boulevard, Central City	US
S1-25183991	Nedaex Beverage Inc	48 Gate School House Road, Goshen, NY	US
S1-832893875	Bureau of Health	20 Harrison Street, IL, Cedarville	US
S1-72204876	Custom Pinnacle Jaws LLC	7791 Sporting Lane, Unit 406, Hanover County, VA	US
S1-57279347	JZ Financial of Delhi	372 B-8 Paryatan Vihar Apartments, Vasundhara En, Clave, Delhi, East Delhi, Delhi	India
S1-275729898	Bangalore Events Private Limited	No. 10A, 3Rd Cross, 1St Main Mathru Layout, Yelahanka New Town, Bangalore, Karnataka	India
S1-132606107	Tovue Inflection Inc	IN, Indianapolis, 8554 Kousa Drive	US
S1-320243797	Diamond Agricultural Enterprises	4201 Massachusetts Avenue, Unit 2080W, Washington, DC	US
S1-218490190	7-Corners LP	3312 Caraway Commons, Bldg Bldg G, Jonesboro, AR	US
S1-431652470	Cortez Bioscience	9031 Chloe Lane, Happy Valley, OR	US
S1-906670284	Kidd Crown	611 Main Street, East Machias, ME	US
S1-998446528	IPU Budha LLP	11, 3Rd Floor, Plot No. 236/238, Mukti Chaitanya Hazrat Abbas Road, Samuel Street Vadgadi, Mandvi Mumbai, Mumbai City, Maharashtra	India
S1-612199732	Lee Innovative Mortgage LLC	42 Glenwood Circle, Longmeadow, MA	US
S1-410702984	Southern Builders	27, Ashar Building, Avantikabai Gokhle Road Opera House, Mumbai, Mumbai City, Maharashtra	India
S1-689927942	Human Printing Private Limited	143/70/23-A 3Rd Floor Varun Bhawan Pratap Market Aminabad, Lucknow, Uttar Pradesh	India
S1-693164646	F J & K Santander	1002 Cedar Falls Drive, Waxhaw, NC	US
S1-405606137	Southern Supreme Praetorian LLC	204 2nd Street, Elkhart, KS	US
S1-27453021	Kara's Premier Appliance PC	5618 Rockledge Court, Frederick, MD	US
S1-708682519	Foundation Inspire Microfinance Clinic	295, Bldg 74, Gala 1, 2 Indian Corporation, Mouje Gundavli, Taluk, A Bhiwandi, Thane, Maharashtra	India
S1-457275113	Royal Express Southern Co	320 University Avenue, Unit Apt 3307, Little Rock, AR	US
S1-33975060	Body & Associates Ltd	H-402, Pramukh Aura, Gandhinagar, Gandhi Nagar, Gujarat	India
S1-510181653	Value Packaging Alliance Inc	1108 S Floyd St, KY, Louisville	US
S1-261532491	JB Cluster Private Limited	#102, 1St Floor, Dutt Island Siripuram Jn., Vishakhapatnam, Andhra Pradesh	India
S1-153427223	Foot & Ankle Group Center	OH, Galion, 350 Laughbaum Drive	US
S1-25179165	Precision Interstate Village LLC	151 Water Street, Decatur, IL	US
S1-828538838	Medina, Ashbaugh & Brumfield	644 Thornwell Street, Charlotte, NC	US
S1-4769263	Rgc Foundation	Plot No. 35, Eroz Co./Opp Hoom Sai Nagar Koradi Road, Nagpur, Maharashtra	India
S1-556942337	Pascua Dpc	180 Hilton Avenue, Unit Apartment B9, Hempstead, NY	US
S1-119557816	Gwynne Simpson, DO	1954 Kresge Drive, Amherst, OH	US
S1-963397569	Peridan Wintergreen Inc.	7352 Wind Song Drive, City Of El Paso, TX	US
S1-525179045	Ishita Partners Pvt Ltd	Plot No-15/561, Khata No-923, 2Nd Floor At-Nuagoan Chhak, Samantarapur, Bhubaneswar, Khordha, Orissa	India
S1-218000907	Beth Emanuel	CA, Redding, 205 Woodhill Drive	US
S1-609865733	Sun Estate	C-83, Block-C, Duggal Colony, Khan Pur, New Delhi, Delhi	India
S1-758279254	Nexum LLC	50537 Newberry Avenue, Kenai Peninsula Borough, AK	US
S1-611871213	Marne Tipple, MD, PC	Mesquite, 1033 Americana Lane, TX, Unit 2035	US
S1-409356989	Swastik Infra Private Limited	Mumbai, A-503, Maharashtra, Vertex Vikas Bldg, Sir M V Road, Mumbai	India
S1-621720885	Commission on Environmental Protection	3054 Blackwell Cove, TN, Bartlett	US
S1-599691398	Sherrie Buchanan Eye Care LLC	6754 Morganton Road, Greenback, TN	US
S1-821203406	Seven Construction Private Limited	Uttam Nagar, First Floor, Nand Ram Park, New Delhi, A-8, Delhi	India
S1-333886018	Compass LLC	20 Tavern Road, Stafford County, VA	US
S1-291010048	Heart Program, Inc	7726 Croaker Road, Unit 202, James City County, VA	US
S1-804063448	Messer Global Sterling Inc	6780 913, Godley, TX	US
S1-986726880	Lansing Pattana LLC	709 Tenth Street, City Of Watertown, WI	US
S1-594125530	OOS Academy Private Limited	E-309, Crystal Plaza Premises Co-Op. Soc. Ltd., 3 Flr., Room-A, Opp Infinity Mall, Andheri, (West), Mumbai, Maharashtra, Mumbai City	India
S1-945789020	Rodriguez Cosmetics LLC	7543 Oakwood Canyon Drive, Cypress, TX	US
S1-144878347	Ib Advisors Pvt Ltd	Z3 Chaitanya Hdlm, Hanuman Chowk Opp P. Pump, Bathinda, Punjab	India
S1-226399186	Dugan Ventures	4868 Covered Bridge Road, Unit APT C, Indianapolis, IN	US
S1-227488977	New Life Presbyterian Church Clinic	27W 140 Hickory Lane, West Chicago, IL	US
S1-636764280	India Anderson Farmer Corporation	Erode, Tamil Nadu, 9/73/5 Sri Vellu Illam, Metukadu, Perumapalayam, Erode	India
S1-417939407	Preferred Lincoln LLC	Unit A7, 260 1100, City Of North Salt Lake, UT	US
S1-2835161	Saisrushti Brothers Private Limited	Shirines Ariyallur P O, Malappuram, Malapuram, Kerala, Door No: 20/190, Malappuram	India
S1-641523155	Sadie Hope Ave Inc	6441 Mount Vernon Lane, Fl 0, Glen Burnie, MD	US
S1-467081723	Babji Law Chambers Limited	A -35 Shyam Nagar, Jaipur, Rajasthan	India
S1-847137082	Brooks Animal Hospital PLLC	4688 Timberview Drive, Ravenna, OH	US
S1-129610392	Ora Decker Interactive LLC	4250 258, Liberty Hill, TX	US
S1-847308349	Msd Buildwell (India)	5989, 3Rd Floor, Gali No.1, Block No.3, Shyam Kutir, Dev Nagar, Karol Bagh, Delhi, Central Delhi, Delhi	India
S1-639431499	Modern Mountain Resource Inc	218 Sagamore Drive, Kent, NY	US
S1-253704107	L E & V Apple Inc	194 Sturbridge Drive, Franklin, TN	US
S1-955829630	Volcano Group of Companies	A-904/9F, Amaatra Homes, Gh2C Sec-10 Greater Noida, Dadri, Gautam Buddha Nagar, Uttar Pradesh	India
S1-374342735	Black Care Private Limited	Plot No. 195-A, Road No. 13, Jubilee Hills, Hyderabad, Telangana	India
S1-251987303	Matty's Atlantic Deli	617 Mariway Road, Unit LOT 43, Indianapolis, IN	US
S1-818416113	ZL Aldel	6807 Pilgrim Road, Bentonville, AR	US
S1-459760851	Cabaniss and Robinson Foods-Newton Falls	322 Columbia Avenue, Newton Falls, OH	US
S1-243807937	Momai Properties Private Limited	Plot No. 753, Pace City Ii, Sector 37, Narsinghpur, Gurgaon, Haryana	India
S1-767046960	Sesaa	Taylorville, IL, 711 Wyandotte Street	US
S1-541152783	Chiropractic Associates LLC	2230 Shea Road, Dallas, TX	US
S1-238485383	Suman Health Private Limited	Pune, Maharashtra, 878, Pune, Boottee Street	India
S1-926822525	Emerald	137 Pleasant Street, Clinton, MA	US
S1-502852493	Joline Hines Metro Blue Inc	4923 Karington Place Drive, Fl 0, Saint Louis, MO	US
S1-428596549	Metropolitan Guild II, Inc	44 Winter Street, Lisbon, ME	US
S1-427804721	Luera Payments LLC	MT, 939 Shamrock Lane, Billings	US
S1-35532917	OX Athena LLC	6628 Auburn Boulevard, Citrus Heights, CA	US
S1-468762582	Blue Holding Company LLC	5540 Clark State Road, Gahanna, OH	US
S1-934688692	Sak Horticulture Private Limited	Ramakunj, C 32/22-17, Ram Singh Rana Nagar Colony Chhittupur (Annapurna Nagar), Sigra, Varanasi, Uttar Pradesh	India
S1-215745736	Williams Metropolitan Landscaping LLC	42 Miles Road, Hancock, ME	US
S1-75278268	Lius LLC	1841 Hyde Park Avenue, Unit 2, Boston, MA	US
S1-951113242	Pinnacle Agricultural Digital	7221 Thiel Circle, Anchorage, AK	US
S1-861429878	Consultancy Emmar Kamal Private Limited	Juhi Lok Vatika Chs Ltd Lok Gram, Netivli, B 4/222, Kalyan(East), Maharashtra, Thane	India
S1-212298553	Karnataka Energy Clinic	Unit 1708 A, Level 17, One Bkc, Wing B & C, Plot No C-66, G Block Bandra Kurla Complex, Mumbai, Maharashtra	India
S1-339709848	White Foundation Private Limited	Flat No 401, Manas Appt, Kevaliya Vadi, Mehul Nagar, Jamnagar, Gujarat	India
S1-860814611	VT Metro Precision, Inc.	Pearland, 5102 Caprock Drive, TX	US
S1-689129305	Sterling Petroleum	609 Farmer Avenue, City Of Tomah, WI	US
S1-225432191	Grand Green Banc Inc.	317 Rose Drive, Midwest City, OK	US
S1-374654283	Sunrise Trading Private Limited	C/O Atmaram Baburao Kale, At. Chondhi Kh Tq.Sengaon, Sengaon, Hingoli, Maharashtra	India
S1-630579476	Seven Foundation Private Limited	M-165 Ground Floor Greater Kailash, New Delhi, South Delhi, Delhi	India
S1-607277065	Waller Clean Services Inc.	5072 Powellville Road, Pittsville, MD	US
S1-111101994	Primary Care Health of University Park	905 Park Street, University Park, IA	US
S1-129879904	Uv International Private Limited	501, Keshav Residency, Nr, Harivandan Resi Village, Vadodara, Gujarat	India
S1-498595920	1523 First Plaza Associates	6367 Tradition Circle, TX, Brownsville	US
S1-135626981	Choice Apparel Solutions	32 Hanover Place, Hempstead, NY	US
S1-726966059	Courtney's Best Catering	287 Main Road, Conneaut, OH	US
S1-583792630	Rushlow Blue Northland Inc	180 Nessley Street, Empire, OH	US
S1-181880787	Cascade Committee Corp	5418 Marietta Road, Chillicothe, OH	US
S1-282276740	Continental Stonebridge LP	501 Ferguson Street, Sawyerville, IL	US
S1-674729074	Rogers School of Medicine	708 Sycamore Street, Weldon, NC	US
S1-366735642	Cris West, Ph.D., M.D., P.C.	11040 Telegraph Road, Ridgeway, NY	US
S1-73686200	Natco Health Private Limited	604, Matharu Arcade, Subhash Road, Vile Parle (East), Mumbai, Mumbai City, Maharashtra	India
S1-380619529	My Exports LLP	No. B 86/47, 2Nd Floor, Rajajinagar Industrial Estate, Rajajinag, Ar, Bangalore, Karnataka	India
S1-12521080	Carrillo Solutions LLC	1016 Washington Road, MD, Westminster	US
S1-638106937	Empire League	44 Eighth Street, Henry County, VA	US
S1-934560237	Emerald PLLC	5522 Venice Street, Houston, TX	US
S1-620503559	Epperson Summit Pono LLC	17323 Meadow Bottom Road, Charlotte, NC	US
S1-577702391	Producer Kamra Services Private Limited	311, 3Rd Floor, Plot-Cs 1487, Prasad Chamber, Tata Road No. 2, Roxy Cinema, Opera Hous, E, Girgaon, Mumbai, Mumbai City, Maharashtra	India
S1-538636180	National Dental Associates	19 Outlook, Unit Apartment B, Glen Cove, NY	US
S1-204405207	Crissman Alliance LLC	1048 North Drive, Hempstead, NY	US
S1-721721262	Pearson, Taylor and Boyd Inc	350 Welsh Road, Raeford, NC	US
S1-985471792	Teri J. Powell, DDS PC	1505 William Wall Street, Crandall, TX	US
S1-265000576	Laborers Local Union 279	127 Merchant Street, Byron, IL	US
S1-692951955	Halcic Steers	6568 Forsythia Street, Fairfax County, VA	US
S1-799245317	Perez & Garver Inc.	3325 Tourmaline Drive, Murfreesboro, TN	US
S1-905405466	1720 First Lane Associates	Fort Worth, TX, 4412 Timothy Road	US
S1-408617772	Real Consultancy Private Limited	Jalgaon, Jain Fieldsnh No 6 Bambhori, Maharashtra	India
S1-335316158	Genet Clear Rocky LLC	Murfreesboro, TN, 818 Clark Boulevard	US
S1-685099735	Patch Newbury Ltd	573 Bay Road, Webster, NY	US
S1-963040942	Northern Quality Corporation	296 Porter Street, Melrose, MA	US
S1-419936528	Hind Memorial Trust	New Delhi, Delhi, Babar Road Tilak Marg, 58, Central Delhi	India
S1-541280559	Orthopedic Group Partners	3777 Hines Road, Gahanna, OH	US
S1-401123521	Services Amstar Management Limited	H No 13-14/14/1/B, Nehru Nagar Serilingampally, Hyderabad, Telangana	India
S1-342951810	Kameko Metz Solid LLC	12175 Mcdowell Road, Unit 4106, Avondale, AZ	US
S1-880674755	Premier Technical Advisors Inc	4984 2648, Royse City, TX	US
S1-450864103	Orbit Polytechnic	C/O Prashant Sedani, Nivodita Soc, Opshivalik8, Rajkot, Gujarat	India
S1-992575999	Gold Bright Power Private Limited	3Rd Floor, A-420, Terminal-2, Airport Road, Siddharth Nagar, Jawahar Circle, Jaipur, Rajasthan	India
S1-945896358	Bhagyanagar Trading Private Limited	13/20 Pvt 101-C Firstflor, Plot No 20 Block No13 Wea, New Delhi, Central Delhi, Delhi	India
S1-155428835	Diamond Consumer Laboratories LLC	7309 Brandon Lane, Prince George County, VA	US
S1-518966256	Unicraft Dairy Private Limited	G-3, Dev Corpora Cadbury Junction, Khopat, Thane, Maharashtra	India
S1-185557895	Ram Ventures Pvt Ltd	Office No 809 Plot 2, Kamdhenu Commerz Sec 14 K, Panvel, Raigarh(Mh), Maharashtra	India
S1-377357921	Deirdre's Gulf Home Care	502 Mentor Street, Kouts, IN	US
S1-210245110	Green Global Private Limited	C-44 Fourth Floor, Kh-568, Flat No D1 Ekta Apartment, South Delhi, Delhi	India
S1-365287517	United Infrastructure Pvt Ltd	Plot 37, Sy.18, Jai Bharath Colony, Lal Bazaar, Trimulgherry, Secunderabad, Hyderabad, Telangana	India
S1-688277165	DW Vanguard Oaktree, LLC	72 Joya Loop, Los Alamos, NM	US
S1-158658754	Bangalore North Elements Pvt Ltd	711, 7 Floor Estate Bldg, 121 Dickenson Rd Yellepa, Bangalore North, Bangalore, Karnataka	India
S1-903984682	Vanguard British	6374 Otter Lake Road, Lino Lakes, MN	US
S1-997284925	Prime Foundation Private Limited	H.O Siddiqui, 54/3/25/3, Shop No-1, 1St Floor, Onkar Bhawan, Muir Road, Allahabad, Uttar Pradesh	India
S1-280831515	YO Gss	2 Rectory Lane, Scarsdale, NY	US
S1-23259130	Staten Island Literacy Frontier League	192 Virginia Avenue, Staten Island, NY	US
S1-325896621	Ujjanth Estate Private Limited	# 5, Shiv Shakti Industrial Estate, M. V. Road, Marol, Andheri (E), Mumbai, Maharashtra	India
S1-26971117	Selvel Leisure Private Limited	Flat No.106, Plot No-59, Sec-5 Karanjade Pargaon Sec Pnl-1, Panvel, Raigarh, Maharashtra	India
S1-71016861	Valparaiso Youth Cornerstone Church	2453 Blarney Stone Drive, Valparaiso, IN	US
S1-784413996	General Robotics Technologies	2134 Beverly Way, Hempstead, NY	US
S1-870040435	Dazzle Enterprises LLP	Opp Indian Red Cross Society, Nr Old Vadaj Circle, Ashram Road, Gujarat, Ahmedabad, Sagar House	India
S1-813278276	Dunlap and Scranton LLC	8 Brickyard Road, Unit Unit 23C, Farmington, CT	US
S1-801935985	Education Foundation	Maricopa County, 805 1st Street, AZ	US
S1-520421085	Global Estate Private Limited	Plot No:226/1456, F.M Nagar, Karanjia, Sadar, Balasore, Orissa	India
S1-840805501	Paul, Cornie T., DPM	5309 52nd Street, Omaha, NE	US
S1-63221997	Skytouch Shops Pvt Ltd	Lig-66 3C Saket Nagar, Bhopal, Madhya Pradesh	India
S1-802853694	Crystie Nesbitt Entergy	5338 Thom Road, Mebane, NC	US
S1-923338619	Johannessen Capital LLC	970 Twp Rd 155 E, Pedro, OH	US
S1-628997689	Kestyx Investments	114 Lincoln Avenue, Waddington, NY	US
S1-113919130	Alverta Gallego Chimera Center	1015 Colonial Avenue, Elizabeth City, NC	US
S1-136702974	Vision Properties Private Limited	124-B Shop No. C1A C1B 1St Floor Legacy Complex, Bendoorwell, Mangalore, Dakshina Kannada, Karnataka	India
S1-229131902	Ear Nose & Throat Medicine LLC	147 Cedar Lane, Lake City, TN	US
S1-312896045	Aleece G. Devine, L.C.S.W.	810 24 Road, Rolla, KS	US
S1-896334961	Arihant Infra Limited	Plot No. 10 & 11, Sector - A, Growth Centre Audyogik Kendra Vikas Nigam (Jabalpur) L, Td., Khairi Borgaon, Madhya Pradesh	India
S1-97330902	Msg Trading Private Limited	P No 58 Rameshwaram, Colony Benad Road, Jaipur, Rajasthan	India
S1-99155755	Liberty Regional Ares	6126 Presidio Street, AZ, Mesa	US
S1-603908369	Anagha Clinic	Room No.11, 1St Floor Vaibhav Plaza, 4 Lee Road, Kolkata, Kolkata, Howrah, West Bengal	India
S1-518461201	Om (India) Network Private Limited	702, Lodha Supremus, Saki Vihar Road, Powai, Mumbai, Maharashtra	India
S1-484807075	White Marketing Private Limited	No.48, 2Nd Floor, I Star, Building, 100 Feet Road, Bangalore South, Bangalore, Karnataka	India
S1-449554609	Saar Security LLP	#1, Darshak Chambers, Plot No.32, Ground Floor, House No 1-8-303/48/32 Street No 1 Penderghast Road, Secunderabad, Hyderabad, Telangana	India
S1-720387027	Wendye Williams, L.C.S.W., DDS PC	12808 Memorial Drive, Unit SUITE 108, Bixby, OK	US
S1-876610966	Nickerson, Devries & Miller LLC	1690 8th Street, Unit Unit 237, Altoona, IA	US
S1-178166333	Ppn Ventures Ltd	Shop E-7, Wing-E, World Of Mother Ground Floor, Akurdi Road, Pimpri Chinchwad, Pune, Maharashtra	India
S1-586851970	Vkr Biofuel Private Limited	Howrah, 2Nd Floor, Kolkata, 3A Hindustan Road, West Bengal, Kolkata	India
S1-738533060	Dermatology Metro Care Associates	Temple, TX, 2711 Canyon Oaks Court	US
S1-166702277	American Guild, LLC	1906 Loma Alta Drive, Irving, TX	US
S1-335392403	Linet, Inc	227 Berry Avenue, Unit UNIT 2, Bellevue, KY	US
S1-15020282	Downtown Barbershop	1000 S Capitol Street, Unit 805, Washington, DC	US
S1-832647911	Consultancy Rkd Dealtrade Limited	I Ii-309/8-B G/F, Sangam Vihar, New Delhi, New Delhi, South Delhi, Delhi	India
S1-649791757	Reaume Providence LLC	Unit I, 806 College Lane, Salisbury, MD	US
S1-941328456	Global Estate Pvt Ltd	Wz 764 C S/F Village Tihar Manak Vihar Near Mata Mandir, New Delhi, West Delhi, Delhi	India
S1-356008572	Black Products Private Limited	Aurangabad, Maharashtra, H No 11 Gajgaon, Aurangabad	India
S1-846719852	Timber PC	200 Pearl Street, Unit Unit 12, Liverpool, NY	US
S1-465595083	Back Alley Book Store LLC	Unit F42, Arden, NC, 222 Glenn Bridge Road	US
S1-688635142	Brij Dynamics Private Limited	M/17, Yash Kamal Soc, Guj Housing Board Nr, Ahmadabad City, Ahmedabad, Gujarat	India
S1-432627765	Tipton Patriot Medical	3869 Meade Avenue, Memphis, TN	US
S1-794451397	Urban Software Private Limited	Shop No.G-10, G.F. Plot No.05, Karkardooma Community Centre, East Delhi, Delhi	India
S1-577993050	Schreckengost Montessori School	15 Derrick Drive, Milton, WV	US
S1-216071082	India Charitable Trust	Khata No. 124, Khewat No. 117/100, Makaan No. 89 Bus Stand Near Pnb Bank, Machhrauli, Jhajjar, Haryana	India
S1-393344546	Stellar Academy	Flat 5, Sitayan Appartments Pole Factory Road, Vivekanand Path, Bori, Ng Road, Patna, Bihar	India
S1-896971798	Swarnadhara Hospital	Kh.No. 858/2, 2Nd Floor, Block B, Lal Dora, Delhi, North Delhi, Delhi	India
S1-629953436	Meaghan Williams Anchor Copper	4914 Crestway Drive, La Porte, TX	US
S1-36278727	Elite Interstate Nuclear	19 Bradley Avenue, Brockton, MA	US
S1-61110770	All Infotech Private Limited	No 201/A1 S V Mills Post Palani Road Udumalpet, Coimbatore, Tamil Nadu	India
S1-571360804	QH Curve Private Limited	Haryana, Gurgaon, J 801, Bptp Park Prime Sector 66	India
S1-781565302	Kanishka Study Pvt Ltd	Pune, Maharashtra, Gurusadan Socytal, Baramati Dist, Bhigwan Road, Pune	India
S1-418796564	Alpha Charitable Trust	Ventura Basement Anjumana Nh-66, Bye Pass, Ernakulam, Cochin, Door No.40/2604/A1, Kerala	India
S1-256100717	Ashli Goldberg, M.D.	Chicago, IL, 5015 Huron Street	US
S1-802309215	Services Shree India Private Limited	Delhi, New Delhi, South Delhi, 325Aiind Floor Masjid Moth South Extn-2	India
S1-599601032	Creative Business Private Limited	Uttar Pradesh, Nawabganj, J.P-1374, Shrawasti Nagar, Lakhperabagh, Barabanki	India
S1-264833805	Harbor Charter School Inc	50 Cottage Road, Enfield, CT	US
S1-617654642	Gulf Horse LLC	297 Hinckley Road, Barnstable, MA	US
S1-781279647	Singh Btc Associates	1279 Moonglow Way, Newport, TN	US
S1-165544723	Ambattur Chennai Trading Private Limited	No.99 High School Road F2 Magnaa Selvi Apartments, Secretariat, Colony, Ambattur Chennai, Chennai, Tamil Nadu	India
S1-304676785	Southern Agro Limited	28 Feroze Gandhi Road Feroze Gandhi Road Lajpat Nagar Iii New, Delhi, New Delhi, South Delhi, Delhi	India
S1-853130354	Glyphus Mobile LLC	4907 Bottlebrush Drive, Bldg 11, Canal Winchester, OH	US
S1-511111898	Peterson Medical Center	105 Pinos Altos Lane, Alto, NM	US
S1-363742101	United Continental Solar	11839 Dinwiddie Drive, Rockville, MD	US
S1-368948304	MO Finance Private Limited	B-1111, Signature Towers, East Tower 11Th Level Brigade Golden Triangle, Husk, Ar Village, Bidarahalli Hobli, Bangalore, Karnataka	India
S1-291737024	Christen Pugh, MD, M.D., P.C.	2071 Gladwood Lane, Iron Station, NC	US
S1-751347019	GH Beacon Strategies LLC	1196 Theta Court, Pendleton, OR	US
S1-875230664	Smith Alibaba LLC	585 Bethlehem Road, Statesville, NC	US
S1-62096587	Milton Safe Drive LLC	1406 Danielle Road, Lebanon, IN	US
S1-523012308	Advanced Supply Labs Associates	450 Main Street, Unit 121, Leominster, MA	US
S1-436972386	FJ Piedmont Figx LLC	39393 Parsons Road, Grafton, OH	US
S1-331722877	St. Cathedral	1286 837, KY, Yosemite	US
S1-447093055	Rodriguez, Arias & Fountain Clinic	300 Campbell Street, Gore, OK	US
S1-658717589	Norma Pickle Diamond Transition	17230 Jasper Trail, Lakeville, MN	US
S1-171963189	Zaroex Corp	20329 63rd Street, Village Of Bristol, WI	US
S1-859778794	Brightent Transport	Wichita, 400 Central Avenue, Unit APT 111, KS	US
S1-25517882	Darda Scranton, Ph.D.	WA, 4017 Windcrest Lane, Anacortes	US
S1-573785223	Tao, Somers & Garner Group	480 Chestnut Street, Cheshire, CT	US
S1-936921482	Clean Petroleum	915 Franklin Road, Charlotte, TN	US
S1-731008709	Rocky Premier Columbia Inc	703 Avenue F, Midlothian, TX	US
S1-889100586	Newbern Metal Works Partners	2114 Crowne Heights, Newbern, TN	US
S1-874718016	Trusted Mercator	223 Courtland Street, Atlanta, GA	US
S1-966460762	Barbrik Trust	H.No. 8-4-380/1/7, Prem Nagara Erragadda, Hyderabad, Telangana	India
S1-636302886	City Projects	B-14 Midc, Maharashtra, Nagpur, Hingna Industrial Estate, Hingna Road	India
S1-452987540	Blue Seafood LP	MD, 5 Welty Avenue, Emmitsburg	US
S1-531857856	Happy Diner	2021 Wolftech Lane, Unit 302, Raleigh, NC	US
S1-546027012	Birgitta Mccallister Trading, Inc	Elkville, 208 6th Street, IL	US
S1-978938661	Binet Diamond Galata Inc	6852 Cypress Tree Lane, Charlotte, NC	US
S1-705366048	U 3 Complete Electronics L.L.C.	6085 Lake Road, Starkey, NY	US
S1-258027295	Prime Brothers Associates	H. No : 2-133 (V & M) Chinthapally, Nalgonda, Telangana	India
S1-409040792	Shreyans Holdings Associates	No. 8, Ground Floor, Sai Krupa, Behind Kissan Kraft Factory, Dasarahalli, Bangalore, Karnataka	India
S1-238737960	M+ Solid	302 Franklin Street, Tyler, TX	US
S1-909603292	Vega's Creative Pet Care	Hazel Green, 392 Phillips Road, AL	US
S1-89649397	Ambuja Solution Private Limited	Ff-104, Palak Complex, Nr C.U.Shah Collage, Ahmadabad City, Ahmedabad, Gujarat	India
S1-716014742	Pediatric Dental Innovative Care Associates	Fairfax County, VA, 6406 Maryview Street	US
S1-580697833	Woodfield, Barr & Baker Chase LP	518 Robert Avenue, Rockford, IL	US
S1-448521657	Clear All Senior	1516 Menard Avenue, Chicago, IL	US
S1-614484771	American Optimal Boutique	3420 605, Galena, OH	US
S1-831927365	Swastik Ventures Private Limited	Flat No:5, Muncipal No:6-3-680/7/201 Sri Durga Chambers At Thakur Mansion Lan, E, Punjagutta, Hyderabad, Telangana	India
S1-228004101	Casonex Golden Mission Partners	8474 Foxhall Lane, Silverdale, WA	US
S1-975452002	Complete Payment Laboratories	NY, 249 Foreman Road, Decatur	US
S1-764935929	Harris Legato PLLC	1532 Lewis Road, Nashville, TN	US
S1-348817052	Forge LLC	1280 Mohave Drive, Unit 24a, Bullhead City, AZ	US
S1-722718077	FN Luggage	F-902, Pavitra Apartments, Plot No. 12 Vasundhara Enclave, New Delhi, East Delhi, Delhi	India
S1-842617241	DZ Marketing Private Limited	Flat No 302, Plot No 428, 3Rd Floor, Road No 9, Brindavanam, Kakatiya Hills, Ravindra Nagar Co-Operative Housing Society, Shaikpet, Hyderabad, Telangana	India
S1-340020335	Bureau of Parks and Recreation	429 E Boundary Street, Perrysburg, OH	US
S1-853146245	Virtuous Farmers Ltd	Door No.77/1E, New Door No.38/1 Cemetry Road, Old Washermenpet, Chennai, Tamil Nadu	India
S1-253492384	Blue Enterprises Pvt Ltd	404 Bldg 25/A Nr. N N P 1&2 New Dindoshi, Malad East, Mumbai, Mumbai City, Maharashtra	India
S1-656456706	Kahler Fitness	Friendship, 250 Webster Road, TN	US
S1-587000615	Paras & Partners	Door No. Tp 7/659, 660, Ground Floor, Sithara Building, Kozhikode, Kerala	India
S1-43562364	Smith Green Annuities	919 Main Street, Ada, OH	US
S1-843845945	Crowley International Ltd	2210 Pacific Highway, Fl 1, Talent, OR	US
S1-550938653	Balaji Foods LLP	H No. 102, 1St Floor, Mahalaxmi Layout, Behind Sbm, Gokul Road, Hubli, Dharwad, Dharwar, Karnataka	India
S1-993004975	Silver Biomedical Brands	9939 Avenue J, IL, Chicago	US
S1-228759031	Nkr Aastha LLP	48A, Gayatri Nagar - B Maharani Farm, Durgapura, Jaipur, Rajasthan	India
S1-217557248	Reed Supreme Science LLC	2793 Kennedy Road, Henrico County, VA	US
S1-499106473	Saravia Certified Controls, Inc	409 Brook Hollow Road, Nashville, TN	US
S1-261125870	Rosenberg & Wheatley Defense	14915 Archgate Court, Charlotte, NC	US
S1-778274212	Metro Medical Center	19 Old Boxwood Lane, Lutherville, MD	US
S1-102047612	Rbs Texo Private Limited	Chandra Nilayam P V 224, Mulloor P O, Neyyattinkara, Thiruvananthapuram, Trivandrum, Kerala	India
S1-624654827	Bay Ingredients PC	514 122, Johnstown, NY	US
S1-602792539	Susheela Laboratories Pvt. Ltd.	8, Floor-2, Plot-168, Om Shakti, Namdeo Koli Marg, Road No 28A, Agarwada, Sion (E), Mumbai, Mumbai City, Maharashtra	India
S1-370087413	Gala Tekno Private Limited	Shop Ff201 Narayan Plaza, Sector E Sitapur Lucknow, Lucknow, Uttar Pradesh	India
S1-378535168	Gold Products	N-7, Saket Nagar, Extension, Indore, Madhya Pradesh	India
S1-686927598	We Trading Pvt Ltd	No. 15/441 B, Muttil Po, Muttil, Vythiri, Wayanad, Kerala	India
S1-145510098	Oliver Direct Systems	69 Saratoga Road, Glenville, NY	US
S1-234728820	Suvan Vidyalaya	Gujarat, Kalol, Shop No -323, Gandhi Nagar, Second Floor, Riddhi Siddhi Avenue Vill	India
S1-127932197	Historical Project	364 Northampton Road, Unit A, Amherst, MA	US
S1-521384917	Marhaba & Brothers Ltd	Prop.No. 57, First Floor, Block-A, Madhu Vihar, I.P.Extension, Patparganj, New Delhi, East Delhi, Delhi	India
S1-400717175	Brand & Sons Private Limited	S-524, Neelkanth House, Office No-202, 2Nd Floor, East Delhi, East Delhi, Delhi	India
S1-510485852	Behavioral Health Center	4878 183rd Street, Country Club Hills, IL	US
S1-361320251	TO Complete Alibaba	TX, Carthage, 427 452	US
S1-42531464	Artha International School Private Limited	4 - 6/46&47, Hyderabad, Telangana, Hyderabad, Quthbullapur	India
S1-71210342	Art Finance	Bihar, 104 Bal Kunwar Nagar, Patna, Tetarpath East Laxmi Nagar Khemni Chak	India
S1-121982108	Prairie Coalition of Buffalo IV LLC	KS, Buffalo, 245 Scotsman Road	US
S1-73844324	Quick Educational	Plot No A-234, Kagal 5 Star Midc, Kagal, Kolhapur, Maharashtra	India
S1-472142525	Parkins Cloud	2709 Westview Drive, Sherrills Ford, NC	US
S1-366281747	Yak Consultants	C/O Yashodharjha, Dhatha Tola, Araria, Bihar	India
S1-43464107	FMC Infotech LLP	Building No 30/288, Keloth, Payyanur, Taliparamba, Kannur, Kerala	India
S1-640558746	Baikunth & Sons Ltd	Lake View Farm/Taralaya Ramagondanahalli, Whitefield Varthur Roa, D, Bangalore, Karnataka	India
S1-971964462	Dye Animal Hospital	1435 Moreno Drive, Simi Valley, CA	US
S1-131136834	Jackson Dermatology Precision Associates P.C.	Jackson, 940 Johnson Road, OH	US
S1-425003814	Baker Prairie Staked	48 Larkin Street, Rutland, OH	US
S1-502180936	Shyam Management Private Limited	Gadchiroli, Aheri, 14 Khamancheru, Maharashtra	India
S1-432787385	Galaxy Builders Pvt Ltd	4 Govt Place (North), Kolkata, Calcutta, West Bengal	India
S1-733396460	Herrmann Jena LLC	415 Van Buren Street, Kingman, AZ	US
S1-227906598	AUX Fields Inc	1072 Cr 38, Tiffin, OH	US
S1-432049747	Moody Scuti LLC	1630 Highway 282, Van Buren, AR	US
S1-585720119	Prompt Import Pvt. Ltd.	Xviii/553/A, Vijayagiri, Kollam, Kerala	India
S1-651461723	Crn & Co Private Limited	No 4-110/1, Mplaza, 2Nd Flr, Prasadampadu, Curncy Nagar, Krishna, Andhra Pradesh	India
S1-990053308	Balaji Media	S.No.11/1A/3, Sukhsagar N Gr Katraj, Pune, Maharashtra	India
S1-83311103	Barnes Global	2010 Plank Road, Unit Apartment 8, City Of Appleton, WI	US
S1-63587278	Good Products Pvt Ltd	13, Jabalpur, Madhya Pradesh, Ekta Chowk Ekta Nagar, Vijay Nagar	India
S1-41022735	Education Federation	2945 24th Avenue, Emporia, KS	US
S1-993146670	Dynamic Hospitality Private Limited	Jabalpur, Madhya Pradesh, B, Tower, B8, Anantara, Tilhari, R-18583	India
S1-25581751	Mateo Insurance LLC	8017 Lerwick Trail, Charlotte, NC	US
S1-454066584	Wahi Office Center	7-F, Patel Nagar, Sindhi Ka Bhatta, Near Yamaha Agency, Fatehpur, Uttar Pradesh	India
S1-286630477	Rapid Farmers	55 Park Boulevard, Glen Ellyn, IL	US
S1-650727552	Eleanor's Brewing	WI, City Of Stoughton, 316 Prairie Street	US
S1-351838745	Guinn Academy LLC	10215 Ridge Oak Street, Dallas, TX	US
S1-68642168	Vision Trading Private Limited	Flt No - H/164, Pataru Aura Bldg No. 3H Phase Ii, Cts No. 168A Etc, L B S Marg, Ghatkopar Mumbai, Mumbai City, Maharashtra	India
S1-233527636	Bengaluru Overseas Private Limited	No. 120 4Th Cross Kalidasa Layout Srinagar Bus Stand, Bengaluru, Bangalore, Karnataka	India
S1-455956522	Morris Grand Bancorp Inc	1115 Westlake Boulevard, Bessemer, AL	US
S1-856779985	Krauss Academy	118 O Street, Salt Lake City, UT	US
S1-152718448	20/20 Optical	4469 Trevor Circle, Rockford, IL	US
S1-847178730	Alicea Failla Entertainment	VA, Prince William County, 2301 Potomac Club Parkway	US
S1-782210522	Rodriguez and Hsieh	424 Westland Drive, Edmond, OK	US
S1-185666867	South All Defi LLC	5260 Harrison Farm Road, La Grange, NC	US
S1-477242620	Ace Excavation	301 Dennis Street, Unit 140, Edmond, OK	US
S1-918120730	Pediatric Dentistry Ridge Clinic Inc	656 County Rd 82, Athens, TN	US
S1-960588220	Vargas's Sterling Appliance	13951 Hallowell Court, Dayton, MD	US
S1-590182176	Stg Education Pvt. Ltd.	Makan No. 1/4 Ward No. 26, Kishori Khera, Unnao, Unnao, Uttar Pradesh	India
S1-950135004	Godfrey Coastal Cslm Inc.	17470 Loomis Lane, Portland, OR	US
S1-40806523	Ace Cargo Studios Inc	Des Moines, IA, 2230 Luster Lane, Unit Apt 8	US
S1-49602077	Exemplar Group Ltd	F-180, Shop On Ground Floor, Shaheen Bagh Abul Fazal Enclave Part-2, Jamia Nagar, New Delhi, South Delhi, Delhi	India
S1-234017312	Keystone Biotechnology LLC	713 Gladstone Street, Jacksonville, IL	US
S1-166915246	Multi Technologies Ltd	No.6, 2Nd Floor, Vip Homes No.5, Second Main Road, R.A.Puram, Chenn, Ai, Chennai, Tamil Nadu	India
S1-192893845	Lokmanya (india) Private Limited	H.No 1-9-28, Flat N0 204, Swathi Residency Ravindra Nagar Colony, Habsiguda, Hyderabad, Telangana	India
S1-237928886	AZ Power Private Limited	10-4-69, Fathe Nagar, Village, Balanagar, Balanagar, K.V.Rangareddy, Telangana	India
S1-480944988	Northern One Partners	9506 Geisler Road, Eden Prairie, MN	US
S1-374449075	Keller Value Grill LLC	15 Beaver Dam Road, Carver, MA	US
S1-752507575	Urology Medicine of Washington	Unit 301, 250 K Street, Washington, DC	US
S1-940389575	Panchali Brothers	Pakurtala More, Nazrul Sarani Ashrampara, Siliguri, West Bengal	India
S1-813071881	Bates & Wells Inc.	1827 Illinois Street, Vallejo, CA	US
S1-569917102	Saldivar Group	104 Redbud Street, Ector, TX	US
S1-156029536	Colonial Council V	10139 Stewarts Ferry Pike, Lebanon, TN	US
S1-544443369	Modern Monte LP	346 Eastern Avenue, MA, Springfield	US
S1-546324253	Drummer, Hester and Chess Lifeco LLC	1213 6th Avenue, Yakima, WA	US
S1-78474751	Collins Pacific Kensington Associates	50 Webster Road, Parma, NY	US
S1-187483691	Metro Applied	5351 Poplar Street, Unit Unit 2, Sweet Home, OR	US
S1-99709238	Walker, Key and Salazar Corp	12014 Becca Crossing Way, Houston, TX	US
S1-897926130	Advanced Trading International Clinic	11000 77th Place, Unit UNIT 2041, Scottsdale, AZ	US
S1-537297749	Vision Safe Clinic	W259N7892 164, Village Of Lisbon, WI	US
S1-308348859	Behavioral Health United Associates LLC	4331 Sucia Drive, Lummi, WA	US
S1-291465057	Legacy Marine Enterprises Inc	917 Oakbrook Drive, Ashland, OH	US
S1-500363061	Gold Consulting Private Limited	152/13/2/1&2, Village Sonkara Taraori Road, Tehsil Nilokheri, Nilokheri, Karnal, Haryana	India
S1-559190054	Tech Infra Private Limited	Davangere, Nagara Vinayaka Badavane, Karnataka, Davanagere, #2023/1 7Th Cross Vidya	India
S1-278333058	Future Properties LLP	Ff 69, Ansal Fortune Arcade Sector 18, Noida, Gautam Buddha Nagar, Uttar Pradesh	India
S1-627042239	UV Services Private Limited	Survey No. 645P4, Pipaliya - Maliya Highway, Near Sateshwer Hanuman Temple, Maliya, Rajkot, Gujarat	India
S1-526964139	Poonam Fund Limited	No. 60, 1St Floor, Tata Silk Farm Basavangudi, Bangalore, Karnataka	India
S1-332272663	Riis	2513 Woodcliff Drive, Memphis, TN	US
S1-237923305	14 Washington Realty	9031 Rosemary Avenue, Fl 0, Saint Louis, MO	US
S1-833717913	Mccafferty Charter School	1140 Oak Openings Road, Avon, NY	US
S1-607169532	Leanna Ochoa Devices LLC	144 Damron Street, Grayson, KY	US
S1-87702457	Dvp Services Private Limited	Flat No 101/104, Shop No. 103, Ashdip Chhatrapati Shivaji Marg, Opp. Vijay Sales, Mira Roa, D (East), Thane, Maharashtra	India
S1-622237387	Metropolitan Project	6008 Grandover Village Road, Unit 303, Greensboro, NC	US
S1-347799952	Olaniq Trailblazer Group	4416 Juniper Avenue, Phoenix, AZ	US
S1-398966459	Vitelli Oxford	17606 Purple Martin Court, St. George City, LA	US
S1-957855991	Shakti South Logistics Private Limited	902, New Delhi House Barkhamba, Newdelhi, Central Delhi, Delhi	India
S1-376155102	Devita Investment Private Limited	5/678/A, 5/980/A, 5/980/B, C, D, Kattangal, Mukkam Road, Kozhikode, Kerala	India
S1-850314473	Anushree Trust	H No-1304-C, F/F, Kh No. 225/130 Village Tikri Kalan, Mundka Pole No. Mdkx425, New Delhi, West Delhi, Delhi	India
S1-886242903	Foods Advisors	C/O Rajkumar, Seoni, Dhuma, Sc No 10 Santnagar Dhuma Tehsil Lakhnadon, District Seoni, Madhya Pradesh	India
S1-826494629	Golife Microns Private Limited	Modibhawan Modi Nagar, U P, Ghaziabad, Uttar Pradesh	India
S1-321367491	Pioneer Data Dynamics LLC	1105 3rd Street, Knox City, TX	US
S1-213059761	Digital Wealth Concepts Associates	4823 Chicago Street, Seattle, WA	US
S1-265128056	Washington Court House Family Physicians LLC	3814 Main Street, Washington Court House, OH	US
S1-305343094	Bay Association Group	742 Washington Street, Braintree, MA	US
S1-869420577	Sybil L. Ortiz, MD, P.C.	2417 Norse Avenue, Costa Mesa, CA	US
S1-171294380	Aceves Value Defense Inc	Circleville, 402 Main Street, OH	US
S1-247455396	I & P Fact Associates	1125 Salem Road, AR, Conway	US
S1-307785858	Smith and Leon	8108 Joseph Weston Court, NC, Greensboro	US
S1-943844017	Lotus Constructions Private Limited	C/O Md Islam Ansari, Bankra Bazar, Bally Jagachha, Howrah, West Bengal	India
S1-633315809	Youth Innovative Center LLC	1309 Burnt Tree Drive, Mobile, AL	US
S1-113640854	Phulwari Agritech Private Limited	Veena Palace, Atal Path, Road No 10, Indrapuri, Po Keshari Nagar, Phulwari, Patna, Bihar	India
S1-481927230	Raviraj Club Limited	Vihar Ph-Ii, Haryana, Gurgaon, H.No-1238 G.No-12 Laxman, Sector-17	India
S1-961783740	Youth Fund	7800 Contee Road, Unit 237, Laurel, MD	US
S1-421783341	Signature Triumph Inc.	22 Chadwick Square, Vienna, WV	US
S1-578190437	Shakti Media Pvt Ltd	Gulshan One29, Plot No., C3-E1 7Thfloor, Sector 129, Noida, Gautam Buddha Nagar, Uttar Pradesh	India
S1-767282763	Leix Rocky Security Services Inc.	1162 Crawford Road, Rock Hill, SC	US
S1-572881405	Shena's Seafood LLC	7845 Gail Drive, Sneads, FL	US
S1-650088901	Primary Care Select Physicians LLC	1140 Iverleigh Trail, Charlotte, NC	US
S1-680760019	Indian Foundation Private Limited	187/1 A-1, Jawahar Nagar, Meerut, Uttar Pradesh	India
S1-198222016	Ska Projects Private Limited	Regency Park 4A, Eden Woods, Pokhran Road 2 Vasant Vihar, Thane, Maharashtra	India
S1-281637547	Hogue First Pioneer LLC	1742 Ohio Court, Murfreesboro, TN	US
S1-737471613	Pediatric Dentistry Clinic Inc.	45296 State Rte 558, OH, New Waterford	US
S1-550419926	4022 Park Blvd Company PC	2105 Cloud Croft Circle, Vestavia Hills, AL	US
S1-687844039	Nettles Anchor Charter LLC	695 Ridgefield Way, Margaret, AL	US
S1-651584988	Complete Limited PLLC	33406 Poling Road, Logan, OH	US
S1-69549456	Cultural Vanguard Council	1500 Highland Cove Lane, Unit C14, Millcreek, UT	US
S1-521374394	Vadodara Technologies Pvt. Ltd.	Block 1A And 1B, 73 East Avenue, Vadodara, Gujarat	India
S1-502733673	Roix	127 Firethorn Way, Noble, OK	US
S1-369114757	Stachura, Frank and Freeman	943 Ephriam Street, East Liverpool, OH	US
S1-809913071	Quva Senior, Inc	Bonifay, 3174 Rucker Lane, FL	US
S1-681047085	SR Classic Software LLC	2804 Camelot Circle, City Of Rice Lake, WI	US
S1-138510435	Johnson Assets Holdings	332 Yucca Avenue, Amarillo, TX	US
S1-682076342	Ruler Handlers Limited	Plot No. 473 Ecp Canal Road, Near Conserva Chem Village Luna Ta. Padra, Dist. Vadodara, Luna, Vadodara, Gujarat	India
S1-792718315	Tirupati Management	Plot No 88, Aditya Vihar, Scheme No. 8, Gandhi Path, Jaipur, Rajasthan	India
S1-73305327	Wendeline's Entertainment	12224 45th Lane, Phoenix, AZ	US
S1-822032809	Linder Piedmont Restaurant	338 Baileyville Road, Middlefield, CT	US
S1-343625826	Metropolitan Aerospace Union LLC	Simsbury, CT, 2 Stodmor Road	US
S1-253633038	Behavioral Health Physicians	919 Leigh Drive, Dyersburg, TN	US
S1-264533506	Personal Services (India) Private Limited	25/40, Everest Co-Op Housing Society, D Road, Dombivli, Thane, Maharashtra	India
S1-895793478	Sankat Ashok Private Limited	Kap Iv/203 E, Mathil, Near Panchayath Office, Taliparamba, Kannur, Kerala	India
S1-316401765	Loper & Hartzell Staked	OR, Brookings, 883 Brookhaven Drive	US
S1-415633195	East India Pvt Ltd	At Shiv Road, Beside Of M. P. Sir House, Khadgaon, Latur, Maharashtra	India
S1-150228997	Staten Island Community Federal Fellowship	167 Marion Street, Staten Island, NY	US
S1-806964955	Sadashiv Technologies	6/H/8A Ananda Palit Road, Kolkata, Calcutta, West Bengal	India
S1-839364223	Integrated Royal Malt, Inc	1006 Maple Ridge Drive, NC, Chapel Hill	US
S1-840233923	Doering Modern British PLLC	138 Crescent Square Drive, Unit E, Graham, NC	US
S1-237534098	Lucky Grill! LLC	9505 Pr 6670, TX, Lubbock	US
S1-895156988	H 9 L Bitwise	150 Tiger Way, Belfair, WA	US
S1-608972031	Cabral Pizza LLC	582 High Ridge Circle, MN, Mendota Heights	US
S1-751479574	Rowan Law Chambers Private Limited	No. 2 1St Fl Near Maa Ganga Cold Storage Sikandarpur Bhukrawali Gt Road, Aligarh, Uttar Pradesh	India
S1-614304124	Neer, Brandice, DPM	1081 Shadowbrook Drive, Greenbrier, TN	US
S1-355050168	Royal Consultancy Private Limited	Kh No. 551/386, Village-Bargadi Magath, Bakshi Ka Ta, Lucknow, Uttar Pradesh	India
S1-832025510	3988 Lincoln Way Company	201 Foggs Lane, Unit Lot A3, Dothan, AL	US
S1-150599375	Payne, Pfeifer and Seguin LLC	325 Locust Lane, Essex County, VA	US
S1-398196803	Unique Infotech Private Limited	106 Vimla Associationopp Appolo Apts Nr Sunbeam Complex, Ellisbridge Ahmedabad, Ahmedabad, Gujarat	India
S1-868725761	Babylon Vision Elite Clinic	15 Primrose Lane, Babylon, NY	US
S1-517531810	Vishaka Event Private Limited	Bg-6, Flat No-289 C, New Delhi, West Delhi, Delhi	India
S1-5130146	T 8 C Worldwide	4625 Sherwood Mills Road, Owings Mills, MD	US
S1-536413635	Ashish It Care	Sarat Bose Road 1St Floor, Kolkata, Kolkata, West Bengal, Howrah, 26	India
S1-651435851	Atlantic Services, Corp	4920 30th Avenue, Unit Apartment 318, Fargo, ND	US
S1-683256263	Rhoda Pirozzi Truist Inc	7061 Santa Cruz Drive, Unit 13, Cottonwood Heights, UT	US
S1-160706467	Bow Traders Co	A/501, Sankalp Siddi, A Wing Chs Ltd, B/H St.Joseph High School, Station Rd, Vik, Hroli West, Mumbai, Mumbai City, Maharashtra	India
S1-294434057	Urban Ventures Private Limited	Shiv Samruddhi Arcade, Office#A-32, 6Th Floor, Katraj-Kondhwa Road, Opp. Rmd School, Pune City, Pune, Maharashtra	India
S1-218123382	Vertex	61024 Buxton Loop, Bend, OR	US
S1-474480957	QW Preferred Inc	950 184th Street, Douglas County, NE	US
S1-212051051	Nexnaify Inc	9673 Hale Avenue, Cottage Grove, MN	US
S1-492472188	Apex Trading Private Limited	233/4, Garulia Burning Ghat Road P.O-Garulia, P.S- Noapra, Kolkata, Parganas North, West Bengal	India
S1-434748542	Veex Silverbox	252 20th Street, Weirton, WV	US
S1-710176801	Jamie Tighe Heartland Quest	4009 Hominy Wood Road, Fl 1, Columbia, MO	US
S1-674857487	Hit Advisors	Be-322, Salt Lake Sector - 1, Kolkata, Kolkata, Howrah, West Bengal	India
S1-348373618	Integrated Talent Advisors, LLC	955 Cogswell Drive, Village Of Salem Lakes, WI	US
S1-258326217	Patriot Institute	19501 Green Acres Lane, Hillsboro, WI	US
S1-862776192	Systems Manav Building	Sarojini Naidu Sarani 706, Shubham Building, 7Th Floor, Kolkata, Howrah, Kolkata, West Bengal, 1	India
S1-110714502	Classic Transit Advisors LP	215 County Road 3360, Cookville, TX	US
S1-930884894	LEF Midwest Golden	425 Main Street, Bristol, CT	US
S1-179782413	Mafloor Premier Acp Inc	136 Avenue I, Shiner, TX	US
S1-912879692	Southern Logistics	Gf42Nd Main, 4C Cross Btm L/O 2Nd Stage, Bangalore, Karnataka	India
S1-908539786	Athipet Tours Pvt. Ltd.	4B-4C, Venkata Subba Reddy Street, Athipet, Chennai, Tamil Nadu	India
S1-230062845	Seo Tavia	3937 Walkers Creek Road, Rockbridge County, VA	US
S1-315871762	Universal Solutions Pvt Ltd	House No. 353, Phase- 7, Sas Nagar, Mohali, Punjab	India
S1-762502330	Petrov Custom Fifth	1614 Brookfield Street, South Bend, IN	US
S1-422591448	Maa Finance Private Limited	Tonk, Rajasthan, 167, Maszid Ke Pass Kayam Khaniyo Ki Gali, Utwalanna, Mehndi Bagh	India
S1-852475309	Youth Center	516 Moore Avenue, Palacios, TX	US
S1-459642900	Associated Engineering Works Inc	652 Jacobas Road, Town Of Albion, WI	US
S1-170568144	Board of Housing	2974 Woodland Hills Drive, Grapevine, TX	US
S1-835982432	Kishangarh Buildtech Limited	Khasra No. 503/323, 504/323, Plot No. 30, Kishangarh, Ajmer, Rajasthan	India
S1-959435204	Batson Fresh Aegon LLC	323 Oakmont Avenue, Buffalo, NY	US
S1-299047196	Hemenway, Timmie S., O.D., PC PLLC	707 Ileagnes Road, Raleigh, Unit F, NC	US
S1-246732269	Oasis Consultants	Karnataka, Bangalore South, Flat No C4-101 C4 Blk Snn, Bangalore, Raj Greenbay 1St Main Rd	India
S1-894338608	Piedmont Federation	12275 Falling Leaves Trail, Cumberland, IN	US
S1-806455406	Rumbaugh Advanced Magna PC	314 Fourth Street, Unit 314, Sundown, TX	US
S1-699305160	Laon Trust Corp	2811 Berkley Road, Burlington, NC	US
S1-767220900	Ahmedabad Crop Private Limited	Survey No.33/241/1, Tp 50, Fp 8090, Opp.Armieda Spa Sindhubhavan Rd, Next To Pakwan Cross Rd, Bodakdev, Ahmedabad, Gujarat	India
S1-60357877	Ebba's National Grading	4020 Sherwood Terrace, Sioux City, IA	US
S1-205432256	Chiropractic Group	7811 Ardmore Avenue, Parkville, MD	US
S1-883734345	Management Amogha Group	C/12 Basant Bahar Appartmentb/H C L Hospital Shahibaug, Ahmedabad, Gujarat	India
S1-717384347	Tree Prairie Cambridge	99 Pond Avenue, MA, Brookline, Unit 805	US
S1-24479142	North Textiles	619 2nd Street, Humboldt, KS	US
S1-52130270	Pediatric Dental Continental Associates LLC	5223 Beverly Road, Phoenix, AZ	US
S1-680937376	Innovative Properties Private Limited	R-201, Pariwarapartments, 28, Corporationcolonyopp.Sbi, Northambazariroad, Nagpur, Maharashtra	India
S1-534954466	Peak Aura PLLC	1619 Sunray Drive, Murfreesboro, TN	US
S1-87005704	Empire Initiative	33 Hubbard Street, Unit Apartment 2, Cortland, NY	US
S1-966160167	AJY Community	Poddar Apartment, First Floor, Flat No.1 Hela Bottala, Hatiara Road, North 24 Parganas, Parganas North, West Bengal	India
S1-311686590	Global Tech Private Limited	Office 515, 5Th Floor, Mastermind-01, Royal Palms, Goregaon East, Goregaon East, Mumbai, Maharashtra	India
S1-590163932	Aarth Agencies Corp	C/O Jayakrushna Mallik, Ainsiakhola, Khandaparagarh, Nayagarh, Orissa	India
S1-398905965	KYN Services Private Limited	Tamil Nadu, Ff 12A, Salma'S Amar Enclave, No.14 East Main Road Lakshmi Nagar 4Th Stage, Nanganallur, Chennai	India
S1-714663721	Alpha Industries LLP	1 Suprabha Appartment, Patwari Colony Amalner, Amalner, Jalgaon, Maharashtra	India
S1-759712828	Mount Emanuel	82 Seneca Street, Geneva, NY	US
S1-653948096	Stag LLC	9005 Spring Grove, Mobile, AL	US
S1-260404059	Henderson and Degollado PC	19982 Toledo Avenue, Maricopa, AZ	US
S1-590221431	Staton, Post and Shuman Atlas	1205 15th Street, Anacortes, WA	US
S1-902664624	Urgent Care Signature Clinic LLC	1208 Irving Avenue, Eden, NC	US
S1-903865562	Cygnet Services Private Limited	Ground Floor, 17/3, Guha, Park (Liluah), L.P.-9/2, Bally Jagachha, Howrah, West Bengal	India
S1-262196873	Brandenburger Tri-State Scuti	NY, Kingston, 5205 Fernway Road	US
S1-337669498	Bright Business Private Limited	403 Floor 4Th Vishaldeep Chs Bandu Gokhle Path, Mugbhat Kandewadi, Mumbai, Maharashtra	India
S1-997242359	Pune City Steels	Maharashtra, 461, Pune, Pune City, Harkanagar, Anil Chavan Building	India
S1-203575952	Tech Advisors	C/O Ujjal Kumar Das, Vill-Daspara, P.O Daspara, Islampur, North Dinajpur, West Bengal	India
S1-27826103	N F Sanders Transition Inc.	372 Sleeping Spring Road, Fl 0, Eagle Pass, TX	US
S1-360355887	MN Industries LLP	House No. 4, First Floor, Block D Ph 1, Ashok Vihar Near Govt School, Delhi, North Delhi, Delhi	India
S1-593273854	Bombay Al Investments Limited	3-109, 1St Ward Muthojipet, Warangal, Warangal Urban, Telangana	India
S1-417415127	Fresh Materials Group	24092 Nectar Avenue, Florence, AZ	US
S1-229457978	Montville Township Foot & Ankle Creative Clinic LLC	4120 Brush Cherry Drive, Montville Township, OH	US
S1-768341245	Choice Keystone Orange Inc.	IA, Gilbert, 505 Timberline Dr	US
S1-389693529	Ridge Institute of Technology	438 Whitson Hill Lane, Taylorsville, NC	US
S1-460252171	Global Anchor Medicines Inc.	52 Tuscarora Drive, Lillington, NC	US
S1-641684922	Erandwana Associates	S. No. 6061, Plot No. 34, Flat No. 2 Bharati Niwas Soc., Erandwana, Pune, Maharashtra	India
S1-543668732	Patriot Fresh Metal Works Clinic	IA, Marshalltown, 2101 Center Street	US
S1-596973948	Meister Harbor Altenergy	51 Walnut Street, Manchester, CT	US
S1-342431665	Cardiology Center LLC	190 Davenport Avenue, New Rochelle, NY	US
S1-826659385	Natraj Brothers Group	164, Inayatpur, Chandauli, Uttar Pradesh	India
S1-329718564	Sequoia Gaming Inc	1413 Hussion Street, Houston, TX	US
S1-125513434	Prince Edward County Cardiology Specialists	2061 Chinquapin Rd, Prince Edward County, VA	US
S1-664964789	Integrated Learning Concepts LLC	39 Red Rowen Lane, Plymouth Township, PA	US
S1-385814048	Olanos Deutsche LLC	2511 Florida Street, Carlsbad, NM	US
S1-725151419	Pioneer Estate Private Limited	H1-85, Ii Floor Riico Industrial Area, Mansarovar, Jaipur, Rajasthan	India
S1-913926543	Kamala Hospital	Ct-5-906B, Floor-9Th, Lodha, Supremus, New Cuff Parede, Mumbai, Maharashtra	India
S1-855669395	Biondi, Bullock & Balderas	7069 W Lee Highway, Rural Retreat Town, VA	US
S1-512951493	ZB Producer Private Limited	Bldg No-1, Flat No-105, Landscape Heritage, Ambarnath Thane Ambarnath(Mcl), Ambarnath, Thane, Maharashtra	India
S1-468861150	Berrios Crystal Controls LLC	506 Delmar Avenue, Village Of Osceola, WI	US
S1-601526711	Valenzuela & Fletcher LLC	TN, 579 Brewer Drive, Nashville	US
S1-763005688	Sullivan, Liang and Dolan LLC	2800 Keller Springs Road, Unit 9B, Carrollton, TX	US
S1-546744924	Shree Infotech Private Limited	Shree Ganesh Siddhi Fl-03, Pl-17 Sn-17/1A Tusharpark, Pune City, Pune, Maharashtra	India
S1-137354200	Animal Welfare Fellowship	11497 Ebenezer Road, Gracey, KY	US
S1-499895342	Lacroix, Amelita, MD, P.C.	6504 N Shore Square, New Market, MD	US
S1-403073757	Regional Heritage Systems Corp	Sunset Beach, NC, Unit 407, 908 Resort Circle	US
S1-139720010	Great Council Inc	310 Adams Avenue, Kiefer, OK	US
S1-18136535	Medline Solvex Limited	No.428, 'Rasika', 4Th Cross, 2Nd Main First Floor, East Of Ngef, Kasturinagar, Bangalore, Karnataka	India
S1-55067577	EW Delta Auto Repair	AL, 3305 Double Eagle Lane, Opelika	US
S1-49223151	Thor Trust	Delhi, West Delhi, 50, 51, Ground Floor, Kh No 29/22/23, Baprola Extn., Plot No 49, New Delhi	India
S1-796083671	Dobbin, Matson & Mcbrayer Inc	Kirby, 4555 Highway 70, AR	US
S1-164124982	Colonial Highland LLC	3841 Ivy Street, Sacramento, CA	US
S1-77585849	Hari Estate Limited	Uttar Pradesh, Kannauj, Chhibramau, 1/193 Mohalla- Sharafan	India
S1-928760114	South Blueport LLC	1117 13th Street, East Saint Louis, IL	US
S1-161749400	Super Hospitality Private Limited	Pl No.12-13, Blc No.06, Matoshri Apt Shahnoorwadi, Aurangabad, Maharashtra	India
S1-464317542	Bsm Memorial Trust	2/1/80/1 Sainath Society, Vasna Road No- 7, Khedbrahma, Sabarkantha, Gujarat	India
S1-160962647	Superstar Health Private Limited	Shell North Gate, Near Kims Tennis Academy Hennur Main Road, Kothanur, Bangalore, Karnataka	India
S1-210805484	Zephyr It Corp	Plot No. Pap-93, Midc, Panvel, Raigarh(Mh), Maharashtra	India
S1-78437133	Alpha Producer Private Limited	Pune, Srno16 17 18 J1-08 Jai, Maharashtra, Jawan Awas Yojana, Pune	India
S1-181770594	Evoque Sensors Private Limited	K-518, Sector K, Ashiana Colony Kanpur Road, Lucknow, Uttar Pradesh	India
S1-484455328	Veterans Institute III Associates	Eugene, Unit Suite 202, 360 10th Avenue, OR	US
S1-775133516	Kostelecky Drugs LLC	2021 Harvard Drive, Unit 2021, Levelland, TX	US
S1-940946191	Vision Healthcare Pvt Ltd	Manikchand House 100/101, Dkenady Road, Pune City, Pune, Maharashtra	India
S1-740141631	Laxmi Trading Private Limited	306 Jaswanti Landmark Mehra Compound, L.B.S. Marg, Vikhroli (W, Est), Mumbai, Maharashtra	India
S1-459589541	QK Technologies Private Limited	B - 1 - 301, Vinayak Co. Op. Housing Society, Palanpur Jakat Naka, Pal Road, Surat, Gujarat	India
S1-242199364	Hitech Industries Private Limited	Gujarat, Center Chhani Ramakaka Rd, Gf 45 Satyam Shopping, Vadodara	India
S1-850892962	Flores, Bridie, DMD, DDS PC	5201 Bristolwood Lane, Lincoln, NE	US
S1-689284418	Madero Foods LLC	1221 Washington Street, Mt Pleasant, IA	US
S1-55615857	Laxmi Infra	8-3-969/1/104 Park View Gs Sri Nagar Colony, Hyderabad, Telangana	India
S1-899495608	Historical Federation Inc	NE, 1004 67th Avenue, Omaha	US
S1-86034373	Bindu Systems Pvt Ltd	C/O Shri Patil Amol M, 4335/A-2 Nr Market Yard, Pandharpur, Solapur, Maharashtra	India
S1-138997274	Krishna & Co	18-499/1/2/1, Mallikarjuna Nagar, Tirumalagiri, Hyderabad, Telangana	India
S1-948868442	Jobyna R. Falcon, Ph.D., DDS PC Inc.	806 Brewster Street, Pike Road, AL	US
S1-665868904	Bressler, Mcdonald and Waiters	1918 Old Anniston Gadsden Highway, AL, Glencoe	US
S1-218699364	International Hitech Enterprises Limited	Plot No. B1/78, 3Rd Floor, Flat No-303, Kiran Garden, New Delhi, West Delhi, Delhi	India
S1-609550886	Camper Capital, LLC	80 Volunteer Lane, Fairmont, WV	US
S1-222768762	Eye Partners of Indianapolis LLC	4817 Cross Creek Lane, Unit APT F, Indianapolis, IN	US
S1-272119764	Dental Physicians	996 Lickskillet Road, Warrenton, NC	US
S1-403168933	Withers Idaho	18150 Cf Loop, Savanna, IL	US
S1-948062742	Sunrise Industries Private Limited	Office No. A-403, Nand Dham, Plot No 59, Sector 11, Cbd Belapur Navi Mumbai, Thane, Maharashtra	India
S1-333597050	Surgical Metropolitan Center LLC	115 10th Street, Dallas, TX	US
S1-635565918	Little Deli	1287 Bailey Road, Cuyahoga Falls, OH	US
S1-644419558	Newman Interstate Montreal Inc	5600 Bismach Drive, Unit STE 3, Fairfax County, VA	US
S1-178843203	Rev It Up Bistro!	1401 Magnolia Road, Belton, TX	US
S1-689821473	Tran Fresh Tax Service	2404 16th Avenue, Portland, OR	US
S1-909764447	Board of Sanitation	17159 Pickett Lane, Caroline County, VA	US
S1-928330106	Capital Creative California	20637 68, Robertsdale, AL	US
S1-321334002	Vivyan Barr Innovative Insurance Corporation	417 Main Street, Emmitsburg, MD	US
S1-288289839	Geo Motors Limited	Khasra No - 1170 Hsidc Phase - Vii, Behrampur Road, Gurgaon, Haryana, Narsinghpur, Gurgaon, Haryana	India
S1-280226694	Rozalie T. Russo, D.C.	11 Bushnell Avenue, Catskill, NY	US
S1-514591654	Sky Infra Limited	34, Sgs, Adhithya Ph Ii, Bedarapally, Hosur, Krishnagiri, Dharmapuri, Tamil Nadu	India
S1-32214992	Human Rights League IV Corp	7854 Mutton Ridge Road, Zanesville, OH	US
S1-439473619	Kalli F. Benson, D.C.	1220 Ruthven, Houston, TX	US
S1-321343020	Physical Therapy Group of Middletown Group	2629 Ruby Lane, Middletown, OH	US
S1-844255078	Enterprising Institute of Technology LLP	66 Hemchandra Naskar Rdflat 1B, Kolkata, Calcutta, West Bengal	India
S1-452779249	Anand Projects Pvt Ltd	Dakamunda Baghuraipo Madhab Nagar Mahatab Nagar, Bhadrak, Orissa	India
S1-681190342	Titan Braemar Inc	Sunbury, 693 Viola Drive, OH	US
S1-720049932	Vang Health Inc	4225 Alma Highway, Van Buren, AR	US
S1-201480849	New Construction Pvt Ltd	2Nd Floor Sumansudha Aamchi Colony Nda Pashan Road, Bavdhan, Pune, Maharashtra	India
S1-930912392	Clean Intercontinental LLC	1119 Cammack Circle, OK, Shawnee	US
S1-640196189	Vina Harrison, MD	15055 Bevington Avenue, Milwaukie, OR	US
S1-341407306	Pediatric Dental Health, Inc	TX, Houston, 706 Charles Road	US
S1-812768119	Hitech International Limited	Sri Mookambika Complex, Byndoor Virajpet Road Kollur Road, Yadthare, Byndoor, Kundapur, Udupi, Karnataka	India
S1-483371695	Kinetic Memorial Trust	2Nn Floor, 2C2, Melange Tower, Ratnadeep Super Market Lane, Patrika Naga, R, Madhapur, Ranga Reddy, Rangareddy, Telangana	India
S1-538305722	Rev It Up Tattoo	740 North Lane, Unit 3, Phoenix, AZ	US
S1-314633099	Mireille Blohm Great Universal, Inc	1120 Highland Avenue, Redlands, CA	US
S1-915683125	Reder, Kim and Underwood Sprott Associates	501 Dakota Drive, Cabot, AR	US
S1-839731821	Drummond College	3589 Davies Manor Drive, Bartlett, TN	US
S1-222208388	Cornerstone Broadcast Innovations LLC	123 Weber Road, Bolingbrook, IL	US
S1-859684353	Delta Horizon Epr LLC	2323 Nicholson Avenue, Cincinnati, OH	US
S1-286576790	Orange Wildlife Midwest Society	405 Rhode Island Street, Orange, TX	US
S1-19233755	Internal Medicine Better Care	5405 Harvard Street, Unit A, Lubbock, TX	US
S1-726045548	Royal Defense Technologies LLC	2708 School Street, Fairfax County, VA	US
S1-921558237	Multi Ceramic Limited	15-1-21, 15Th Ward, Macherla, Macherla, Guntur, Andhra Pradesh	India
S1-540973423	Summit Block	609 Middlefield Drive, Aptos, CA	US
S1-992030929	Sierra & Sons LLP	5/188, Gopal Street, Madipakkam, Chennai, Tamil Nadu	India
S1-566710238	Vita & Sons	Bangalore North, Karnataka, Bangalore, Khata 1, Sai Baba Temple Road, Green Garden Layout, Plot No. 150	India
S1-481500039	Sullivan Literacy Cascade Charities	12 Leisure Acres, Sullivan, IL	US
S1-91187097	Tolentino Superior LLC	3430 River Road, West Lafayette, IN	US
S1-601661980	Harrell & Farro	6509 Potomac Avenue, Unit STE A2, Fairfax County, VA	US
S1-318948293	Shyam Builders Private Limited	Ms-73, Sector-D Aliganj, Lucknow, Uttar Pradesh	India
S1-994475302	Eccles Dental Associates	52912 Francis Street, South Bend, IN	US
S1-637105284	Sons Projects Private Limited	6/387C/1, Kunwar Colony, Khandari Road, Agra, Uttar Pradesh	India
S1-271311792	F/J Technology PLLC	2110 25th Street, Richmond City, VA	US
S1-854551178	Silver Dream Energy Private Limited	271 F, Mrs Tower, Sivanthakulam Road, Thoothukkudi, Tuticorin, Tamil Nadu	India
S1-21476795	Trusted Education Collective LLC	NC, Evergreen, 763 Tar Landing	US
S1-877702394	Trusted Micro LLC	NC, Archdale, 1019 Bradford Lane	US
S1-162987976	Rowe Freight	4306 16th Street, Lubbock, TX	US
S1-142116674	Save Agro Private Limited	72, Vaibhav Bunglows-2, Opp. Sarthak School Sola Road Bhuyangdev Char Rasta, Gujarat, Ahmedabad	India
S1-168366893	Hari Investment Private Limited	Plot No. G-9, Sector 6, Noida, Gautam Buddha Nagar, Uttar Pradesh	India
S1-436692127	Gtm Chemicals Limited	Shri Sudha Sagar Complex Shop N 15 Purani Mandi Ashok Nagar Road, Aron Guna, Guna, Madhya Pradesh	India
S1-594543866	Urology Clinic	33773 Edler Lane, Seaside, OR	US
S1-454810103	Whitaker Long	Xenia, OH, 1242 Homestead Drive	US
S1-103733388	Marchelle Cain, Ph.D.	255 Snowhaven Court, Unit 31, Merced, CA	US
S1-716917585	O+ Abrdn Clinic	1142 C Walker Road, Unit STE C, Fairfax County, VA	US
S1-359733495	Jain Producer Limited	Unit No.-985 & 986 Vegas Mall Plot No. 06 Sector-14, Dwarka, New Delhi, South West Delhi, Delhi	India
S1-822226426	Woodhouse, Ariela G., DDS	16740 Buttercup Lane, Surprise, AZ, Unit 107	US
S1-955415623	Hinojosa and Castro	2635 Randleman Road, Unit B, Greensboro, NC	US
S1-229210375	Star Producer Pvt Ltd	M-I/114, Jawahar Vihar Colony, Raebarely, Rae Bareli, Raibareilly, Uttar Pradesh	India
S1-304264695	Smith & Perkins LLC	18 North Avenue, Uniontown City, PA	US
S1-572630755	Ash & Brothers Private Limited	Vaitag Wadi Sr. No. 87, Alandi Road, Pune City, Pune, Maharashtra	India
S1-575135452	Little Grill L.L.C.	12045 1131, Godley, TX	US
S1-284013322	Enid's Accounting LLC	700 28th Street, Herrin, IL	US
S1-122540114	Bishop Star LLC	809 Ballas Road, Fl 0, Saint Louis, MO	US
S1-619033493	Pune City Communications Private Limited	Sn 20/1, Siddharth Ngr, Nr, Om F/Mill, Salunke Vihar, Pune City, Pune, Maharashtra	India
S1-334098726	Karlyn Arnold National Carolina	3974 -527 Water Oak Road, Virginia Beach City, VA	US
S1-221644615	High Foundation	Gf &1St Flr, B.No 7A Dlf, Phase-2 Cyber City, Sec-24, Dlf Qe, Gurgaon, Haryana	India
S1-321495441	Hines, Noah & Ashley, LLC	475 Walnut Springs Boulevard, Tonto Basin, AZ	US
S1-164451300	Mcmillan and Hernandez Corp	7873 Dakota Circle, West Des Moines, IA	US
S1-900973509	BO Infrasolutions Private Limited	Plot No.12, N Heights, Software Units Layout, Shaikpet, Hyderabad, Telangana	India
S1-118894048	NCW Square LLC	24 Heatherlea Drive, Palatine, IL	US
S1-880130809	Burton Burtech LLC	WA, Seattle, 9731 12th Avenue	US
S1-42084101	Alane Knight Paloma LLC	Richmond, 657 Cottonwood Drive, KY	US
S1-554853783	Delancey, Munoz and Fox Inc	3553 Saint Joe Center Road, Fort Wayne, IN	US
S1-582091840	Irvin & Cobb Synchrony LLC	1318 Poco Drive, Chesterfield County, VA	US
S1-831940557	Beo	2220 Braun Road, Belpre, OH	US
