source1_entity_id	matched_entity_ids
S1-965667	S2-681193310,S2-743505751,S3-775321672,S3-11291185,S3-860443364
S1-55344266	S2-249013014,S2-197070651,S3-478195123,S3-384364074
S1-343815751	S2-790675320,S2-479876582,S3-878454467
S1-656753428	S2-153058913,S2-24659151,S3-679606215
S1-102811957	S2-478959098,S2-553508714,S2-625774905,S3-728090388,S3-928796641,S3-449308785
S1-18727616	S2-755677256,S3-187831601,S3-641489370,S3-476250621
S1-318373630	S2-660036492,S3-804600254
S1-86989137	S3-274817120,S3-312496301
S1-29845983	S2-648035184,S3-588502663
S1-789009573	S2-383871912,S3-74481402,S3-576451439
S1-730934468	S2-356983532,S3-352439310
S1-7293388	S2-7028416,S2-442723188,S2-157073701,S3-523120965
S1-546142636	S2-487600131,S2-582477216,S2-392804085,S3-200008747,S3-729771680,S3-249331830
S1-274126313	S2-736616474,S2-680265918,S2-51486805,S3-925631694,S3-461175723,S3-850112871
S1-145361722	S2-120366543,S2-939389287,S3-96572514
S1-503957000	S2-994658326,S2-235117490,S2-353308450,S2-173295926,S3-858763214,S3-33665521,S3-555791452
S1-692000596	S2-580419223,S3-164220452
S1-561341312	S2-483615364,S3-619529814
S1-777597828	S2-836452886,S3-413669121
S1-282467635	S2-938895481,S3-138350041
S1-727602285	S2-976870196,S2-947230367,S2-23141904,S2-138660620,S3-204655096
S1-302869473	
S1-65263544	S2-881122703,S2-998270769,S2-180463458,S3-403476502,S3-102573485,S3-350074034
S1-840162906	S2-129529678,S3-800978181,S3-139858754,S3-762681944,S3-799520471
S1-264156494	S2-184087846,S3-562014765,S3-544213330
S1-567308588	S2-191200521,S2-964733072,S2-226928496,S3-595927967,S3-21806256,S3-764465670
S1-292935703	S2-195749344,S2-617410789,S2-516200703,S3-421403180,S3-942647343,S3-533626303
S1-439810025	S2-983636768,S3-975833735
S1-525304403	S2-815373751,S2-293401164,S3-477957595
S1-314714647	S2-968477409,S2-46909251,S3-837108914,S3-192802051
S1-616588883	S2-603899205,S3-200505774,S3-625680391
S1-72310418	S2-516305116,S2-11779506,S3-570980846,S3-731160199
S1-9962387	S2-15221089,S3-160760047,S3-13637230
S1-463669205	S2-301757320,S3-242940401
S1-116043204	S3-85523430
S1-818149988	S2-489380965,S2-178277614,S2-172270636,S3-965578558
S1-876102895	S2-358560681,S2-791711694,S3-949391374,S3-856057185
S1-262997549	
S1-730719211	S2-467798366,S2-61695240,S2-241456014,S3-951830396
S1-491795528	S2-910694348,S2-977672203,S2-707708907,S3-449254398,S3-751371369,S3-198224533,S3-746009250
S1-508022910	
S1-473377609	S3-433876173
S1-72444401	S2-973800896,S2-9053863,S2-472011237,S2-503949813,S3-505153321
S1-67172650	S2-555166797,S2-74945214,S3-251407198,S3-520282171,S3-776312267
S1-131928575	S2-316703436,S2-529222224,S3-504772212,S3-134620134,S3-849706696
S1-574308285	S2-961415907,S3-163492874,S3-875723263
S1-225984658	S2-581845376,S2-355430647
S1-842533642	S2-352625664,S3-764018977,S3-553570072,S3-429170537
S1-736418916	S2-458035790,S2-271186953
S1-439203009	S3-967165288
S1-686913759	S2-584238851,S3-247609615,S3-446980961
S1-666499407	
S1-731397769	S2-962774422,S2-184664253,S2-811548929,S3-170055411,S3-794611761
S1-518197819	S2-585132276,S2-891724637,S3-14411598
S1-957102563	S2-327669113,S2-763063986,S3-368033022,S3-944940220
S1-693111833	S2-540189532,S2-289199523,S3-736726288
S1-244810289	S2-63598201,S2-351044090,S2-506711361,S3-742580559,S3-975365926
S1-561619160	S2-453284266,S3-105824861
S1-989976700	S2-824832347,S3-231189391,S3-279440303
S1-553375105	S2-81940621,S3-150800481
S1-638848187	S2-189915219,S2-193652635,S2-720163352,S2-385237185,S2-2393709,S3-823200767,S3-860885625
S1-152222475	S2-449137844,S2-981487936,S3-933485363,S3-784413899,S3-486655756
S1-214010889	S2-911687989,S2-11418208,S3-601290834,S3-402934592
S1-161556164	S2-331524837,S2-709771917,S2-857236633,S3-729432354,S3-91054277
S1-965524997	
S1-145714579	S2-425820120,S2-372650368,S2-126729754,S2-555326071,S3-745131290
S1-136081707	S3-494852042,S3-198554090
S1-973290215	S3-925530888
S1-389414274	S2-24125756,S2-933610960,S2-149253287,S3-993901020,S3-443891409
S1-439955051	S2-647999183,S3-158696226
S1-432073164	S2-790103206,S3-520531285,S3-275007071
S1-540957762	S2-25924850,S3-103890437,S3-404440111
S1-790589419	S2-103997796,S3-46701641,S3-242226202,S3-213905796
S1-540645835	S2-718774116,S2-982374245,S3-705881096
S1-830177070	
S1-731542669	S2-939487122,S2-403134793,S3-576199259,S3-535243754,S3-988120505
S1-24234371	S2-472862697,S2-60388632,S3-669346845,S3-585251996,S3-345200400,S3-809956848,S3-864938817
S1-365634347	S2-368827389,S2-897093331,S3-105919096,S3-61389060
S1-170252930	S2-233855016,S2-844572537,S3-391969183,S3-228972158
S1-243930232	S2-950290299,S2-337942322,S3-338228632
S1-379863265	S2-4788127,S2-358206813,S3-607360095,S3-270031565,S3-840504567
S1-652339606	S2-731383297,S3-626670274,S3-946979261,S3-207339762
S1-816256578	S2-58277947,S2-772902621,S2-20898154,S2-598783662,S3-330087840,S3-545757502,S3-499852307
S1-550488938	S2-918671514,S3-772751614,S3-651095723
S1-502736054	S3-82080725,S3-537652714
S1-649259801	S2-654066445
S1-453879293	S2-166379583,S2-769320396,S2-301969165,S3-428197164
S1-927655670	S2-226884833,S3-769824375,S3-708159263
S1-26175016	S2-795484451,S3-606010619
S1-385608858	S2-635808285,S3-393804899,S3-212832942
S1-185938539	S2-456005244,S3-880695057,S3-379662508,S3-846884848
S1-654156225	S2-775493531,S2-200519662,S3-871798312,S3-855861296
S1-541270202	S2-657479988,S3-31133661,S3-425705194,S3-381852444
S1-551473015	S2-753820444,S2-6101812,S2-588779033,S3-601294315,S3-772633035
S1-894323554	S3-255052963,S3-813027057,S3-287932701,S3-634456456
S1-212509374	S2-997766473,S2-598327313,S2-682745911,S3-635162337,S3-238736316
S1-359440945	S2-683352932,S2-940771150,S3-75226047,S3-137202105,S3-20852064
S1-102422131	S2-743086829,S3-778505908
S1-862038247	S2-451274541
S1-781132420	S2-553335027,S3-439667182,S3-277822614
S1-295437535	S2-969740937,S3-651788103,S3-918259250
S1-247801289	S2-718026833,S2-752280842,S3-255051180,S3-690379551
S1-618246590	S2-955993024,S2-339477476,S2-981272489,S3-963717882,S3-901155265,S3-958161415
S1-539763792	S2-26500789,S2-912528411,S3-741223656,S3-643822684
S1-89774084	S2-198723291
S1-854952911	S2-138434584,S2-180445273,S2-598796961
S1-292900819	S2-935808193,S2-791548670,S2-285810778,S3-511058262
S1-531928114	S2-104952404,S2-127219034,S3-110146591,S3-754675415
S1-945578383	S2-158613473,S2-914824440,S2-277106942,S3-413656991,S3-434437783,S3-849412812
S1-591062600	S2-170048686,S2-478640391
S1-444476349	S2-870449054,S2-774179184
S1-652218682	S2-452604901,S2-327770765,S2-892578739,S3-203105144,S3-936092443,S3-47477041,S3-959486209
S1-929320417	S2-479796481,S2-275012701,S3-241909309,S3-384706486,S3-455011584
S1-900694722	S2-791270538,S3-755958654,S3-53196875,S3-602669802
S1-202262115	
S1-741937259	S2-767782635,S3-167906319,S3-902008087,S3-738890866,S3-196963273
S1-6107395	S2-664730773,S2-389381313,S2-472559214,S3-782470874,S3-658460246
S1-83647344	S2-951545019,S2-777713487,S3-383555916,S3-489977474,S3-248378176,S3-175231511
S1-307962633	S2-604871582,S2-22544434,S2-415653047,S2-885755783,S3-152251935
S1-971070058	S2-648948605,S2-204665869,S3-259186358,S3-997282939
S1-466277913	S2-799745101,S2-650875195,S2-600409962,S3-280749539,S3-24723125
S1-759513870	S2-806217659,S2-298789861,S2-464637188,S2-503211941,S3-757550366
S1-582619930	S2-458287334,S3-665736329,S3-267021268
S1-254440362	S2-593056234,S3-734943831,S3-418652375
S1-425631822	S2-426890506,S2-932399936,S3-577199638
S1-432931957	S2-596145832,S2-958761019,S3-981713396,S3-284924975
S1-730297501	S2-913826284,S2-498113879,S3-659628079,S3-142585297,S3-117378264
S1-891833169	S2-65554277,S2-25345424
S1-424976769	S2-18126063,S3-443109567,S3-296472077
S1-625699510	
S1-953694901	S2-798975705,S2-282116255,S3-5786446,S3-860481692
S1-604865181	
S1-793447671	S2-888569504,S2-895081043,S3-388747679,S3-325254367
S1-369720553	S2-736703322,S2-309368741,S3-439447419
S1-216137765	S2-190915441,S2-680612609,S2-410963764,S2-904465183,S3-818304481
S1-9455909	S2-646408552,S3-384632970,S3-393934040,S3-133372803,S3-609989467
S1-796816825	S2-347326271,S2-196975670,S3-896547694
S1-3006430	S2-181659751,S2-794710696
S1-922626199	S2-851752978,S3-286175400,S3-1218889,S3-564988957,S3-841777268
S1-862024840	S2-74265858,S3-187313683
S1-91229135	S2-73405606,S3-960685971,S3-776763819
S1-854284989	S2-580208171,S2-54609117,S3-676690737,S3-317013910
S1-446697179	S2-377640723,S2-922150401,S2-86619877,S3-142602324,S3-787413121
S1-996012175	S2-168466570,S2-269681023,S2-322555091,S3-153285717,S3-666964577,S3-522751192
S1-424050882	S3-37198119
S1-441851025	S2-794479832,S3-516789702
S1-894049089	S2-972003483,S3-841264731,S3-892940011
S1-683515854	S2-756250340,S2-434073238,S2-597139895,S3-145863982,S3-406939248
S1-297294757	S2-831679005,S3-802514980,S3-595893944,S3-17545461
S1-287953061	S2-423926954,S2-713716483,S3-161833863,S3-368347834
S1-635770223	S2-329661878,S2-117370496,S3-755529230,S3-52020616
S1-971813156	S3-394463058
S1-734355564	S3-111095129,S3-854314313
S1-477776195	S2-871236056,S3-723948056,S3-109807026
S1-821434436	S2-965836188,S3-869884588
S1-45260965	S3-722543767,S3-602719548,S3-339187428
S1-93741603	S2-535692078,S3-730249237,S3-981096747,S3-660744201,S3-782738358,S3-78873124
S1-472139199	S2-122544659,S3-403396329,S3-474761183
S1-247776121	S2-651967616,S2-867573251,S3-430990586,S3-422475598
S1-805056706	S2-155276085,S2-152730216,S3-538340664,S3-217277717,S3-786470510
S1-106072003	S2-699555547
S1-562378871	S2-164774900,S2-125217177,S3-361884466
S1-981013217	S2-133339848,S3-123466797,S3-967493646,S3-878103824,S3-204939280
S1-573706294	S2-20524568,S3-436229899,S3-694735964,S3-953602697,S3-626666235
S1-310827934	S2-720050181,S2-169546802,S2-186080711
S1-217362890	S2-764924647,S3-871408188
S1-879276752	S2-943394264,S3-570651750,S3-144339303
S1-921549539	S2-553145531,S3-483530074,S3-596285936
S1-906428444	S2-91790174,S2-321816304,S2-664348256,S3-932095902,S3-751767229,S3-129054940,S3-71002681
S1-505333132	S2-238550131,S3-551152157,S3-484968993
S1-88224713	
S1-136601270	S2-254817327,S3-449970897,S3-162285797,S3-311795383
S1-350234058	S3-90766911
S1-838355310	S2-351731497,S2-248722765,S2-58376459,S3-460098477
S1-155848476	S2-306873906,S2-911723717,S3-79854379
S1-156380173	S2-755422053,S2-905679603,S2-954495419,S3-713859403
S1-549559960	S2-848203707,S3-292200508,S3-231650119
S1-897282581	S2-522109781,S2-812189457,S3-747124468
S1-237739500	S3-679029492,S3-797828547,S3-148513444
S1-357837082	S2-236157315,S2-65680643,S3-245902676
S1-292603366	S2-757482340,S2-638471523,S2-805392241,S2-295843240,S3-77023816
S1-108246457	S2-463492748,S2-883950674,S3-838268095,S3-122500755
S1-727766958	S2-489771335,S3-262641232,S3-216771625
S1-719571188	
S1-646393119	S2-636746717,S3-433892033,S3-465583962,S3-886048349
S1-723966103	S2-399866773,S2-334991974,S3-73180305,S3-161755914
S1-76693096	S2-78074287,S2-160988895,S3-215540151
S1-967724835	S2-457310582,S3-682315461,S3-178777115
S1-288276341	S3-815540739
S1-887125153	S2-448398036
S1-304029686	S2-469411714,S2-948269515,S3-645171149,S3-270996986
S1-166609944	S2-429123768,S2-991673471,S3-91858577,S3-912252220
S1-178800424	S2-23183100,S3-900652028
S1-924630389	S2-143853453,S3-831568644,S3-10826619
S1-81771195	S2-338811924,S3-939808100,S3-616109
S1-403692077	
S1-745867296	S2-43113841
S1-671241040	S2-904226109
S1-557991692	S2-88682972,S3-176178171,S3-853727007
S1-8713989	S2-37189974,S3-58380591,S3-817876291,S3-588750081,S3-20459433
S1-945360052	S2-146961832,S2-768746975,S3-416879878,S3-993303669,S3-403273737
S1-555242352	S2-810626996,S2-253027494,S2-256698756,S3-884140951
S1-56911061	S2-689298806,S3-49524617,S3-632926404
S1-270043704	S2-807921453,S3-397763900
S1-477515156	S2-315095658,S2-154913443,S3-311437617,S3-979362679
S1-149024193	S2-186116098,S3-604630789
S1-625272950	S2-526399876,S3-618327131
S1-225124222	S2-686284157,S2-563632605,S3-512465987,S3-538964283
S1-754023472	S2-420202495,S3-176329043,S3-616793249
S1-302461695	S2-36747880,S3-420979078
S1-692219144	S2-974874434,S2-523089825,S3-560129335
S1-609996572	S2-40869239,S2-672443639,S2-190427009,S2-657417123,S3-262044007,S3-366128148
S1-236768477	S2-490929782,S2-765988280,S3-135901754,S3-40245970,S3-103597021
S1-86469552	S2-328039185,S3-220000395,S3-918163916,S3-479224552
S1-238175541	S2-558978413,S3-542988034,S3-905308312
S1-849670817	S2-110881580,S2-620496053,S2-414936885,S2-151920731,S3-188936373,S3-57849762,S3-32572135
S1-445868199	S2-872518576,S3-527067015,S3-924959775
S1-289512402	S2-547617311,S3-89827315,S3-145008714,S3-866244606
S1-842582339	S2-718008063,S2-332783247,S3-517179359,S3-923995241,S3-789259677,S3-84822830,S3-455248213
S1-54193164	S2-414539794,S2-434257717,S2-676269902,S3-687331533,S3-486621278
S1-508701481	S2-712560178,S2-316212039,S2-1173491,S3-444227012
S1-38836424	S2-589094691,S3-881605497,S3-112223799
S1-888185705	S3-521406491
S1-298796171	
S1-65040114	S2-66755406
S1-485414585	S2-333748173,S3-122687142,S3-730989427,S3-425803841
S1-994893973	S2-203258493,S3-360939675
S1-140763859	S2-672232195,S2-952678608,S3-912364563,S3-998314844
S1-705293979	S3-967828286
S1-618624562	S2-160477274,S2-961810110,S2-14084129,S3-441239023
S1-997802413	S2-261550171,S2-926905985,S3-317367352,S3-720276770,S3-440432997
S1-679550141	S2-876234727,S2-803016719,S3-937330852,S3-805670560,S3-712537949,S3-300368164
S1-73533983	S2-48233411,S2-99841727,S3-785488951
S1-139001469	S2-94756237,S2-44497918,S3-207399315
S1-472424906	S2-221481547,S2-814158570,S3-346286668,S3-257476923,S3-869369045,S3-386776122
S1-849274176	S2-34421487,S2-769215892,S2-780835769,S3-168674505
S1-759418496	S2-924496535,S2-971927879,S2-738948758,S2-622075002,S3-995238469
S1-776686932	S2-667655982,S2-200619743,S3-653415229,S3-675413406
S1-61094929	S2-300149849,S3-681449520,S3-899083547,S3-728538969
S1-482246278	S2-715957744,S3-576586964,S3-409374685,S3-320053472
S1-660909577	S2-290734878,S2-367610025,S2-445772691,S3-775037416,S3-49358837
S1-873415495	S2-930302127,S2-447283628,S3-264890869
S1-887286027	S2-419080910,S2-194799692,S3-879493126,S3-691429700
S1-935335906	S2-577689878
S1-115827165	S2-537593145,S3-655137558,S3-27891438,S3-494929490,S3-407678354,S3-153172012
S1-680347141	S3-315706239
S1-721605946	S2-429513205,S2-9535204
S1-478804382	S2-949124193,S2-386167994,S3-105647246,S3-123682857,S3-838160083
S1-399360980	S2-13956324,S2-347388159,S3-374508454
S1-946063787	S2-96281545,S3-255658738
S1-679981169	S2-548700789,S2-756848974,S3-559602234,S3-385446229,S3-902644030,S3-253689376
S1-852122558	S2-13742356,S2-836861185,S3-541486453
S1-654078241	S2-27298391,S2-542793063,S3-778778307,S3-45895204
S1-574271583	S2-567264163,S2-626684761,S2-308807234
S1-658984896	S2-696163364,S2-37217309,S3-702254487,S3-840280069,S3-627345153
S1-452967807	S2-890764231,S2-777341549,S2-360702286,S3-39218497,S3-296354640
S1-657325262	S2-301300035,S2-463332740,S3-76857645,S3-461081164
S1-643535950	S2-585909854,S2-401486146,S3-358233206,S3-760214219
S1-331538406	S2-796474854,S3-132376439
S1-543874807	S2-953534056,S3-34254854
S1-106444962	S2-286980458,S3-965045781,S3-563299717
S1-144239108	S2-458585786,S2-894769041,S3-763849963,S3-343516741,S3-172928912,S3-483249593
S1-30407062	S2-71016918,S3-217933567
S1-438778357	S2-486963367,S2-945217743,S3-869399325,S3-480050557,S3-877961637
S1-214603601	S2-427913641,S3-930269422
S1-251124112	S2-814927676,S3-529853039
S1-95631098	S2-396676093,S3-485547199,S3-589219360,S3-864807199
S1-6536886	S2-571765856,S3-492584127,S3-818730454
S1-936762728	S2-261521011,S3-753767840,S3-519366815,S3-694371926
S1-612170454	S2-561548830,S2-215445268,S3-593746032,S3-222750920,S3-491355510,S3-101093750
S1-574902381	S2-537298124,S3-288419509,S3-818620666
S1-635996806	S2-756480026,S2-445999214,S3-770372727
S1-266344604	S2-568551176,S2-137828681,S3-362251097,S3-912583004,S3-419735406,S3-498162929,S3-300641912
S1-105568631	S2-743200797,S3-686929711
S1-534481010	S2-585844839,S2-68982903,S2-454159039,S3-41198697
S1-107023539	
S1-785467099	
S1-39001923	S2-154102797,S3-31977274
S1-536166111	S2-997199702,S2-608893501,S3-824895734,S3-773720262,S3-441934598
S1-198632900	S2-746378757,S2-797407527,S3-538157416
S1-234200949	S2-691836232,S3-885421313
S1-632458045	S2-60917290,S2-606260225,S3-755795047,S3-359610633
S1-793444283	S2-970830420,S3-154533532,S3-247104730,S3-69332653,S3-929731081
S1-342756019	S2-86156493,S3-896407818,S3-198574741,S3-502144840
S1-542878809	S2-705264903,S3-870977650
S1-906973556	S2-778660695,S2-828310920,S3-419363003
S1-218988401	S3-149207190,S3-812648319,S3-826909818
S1-63990887	S2-965330367,S3-798582752,S3-708821241
S1-68028659	S2-47997413,S2-949097457,S3-680454969
S1-144526682	S2-657272952,S3-324803888,S3-927703485,S3-183169633
S1-521254993	S2-391342801,S2-260029909,S3-543206384,S3-112547717,S3-96785772,S3-228683231
S1-184017157	S2-55250528,S3-771795745,S3-382064174
S1-612484899	S2-211182661,S2-639169093,S3-690547751,S3-841814343
S1-315874798	S2-178788281,S2-792185760,S3-652494810,S3-22789765
S1-271831358	S3-513489826,S3-658827774,S3-165943040
S1-103101914	S2-742857142,S2-262119045,S3-464737380,S3-918907997,S3-861731389,S3-681097377
S1-739445941	S2-439082067,S2-682294868,S3-176788284
S1-818389760	S3-312995706,S3-673029335,S3-909659440,S3-840843392,S3-705061486
S1-772737756	S2-880959775,S3-73995214,S3-203926449
S1-399285508	S2-731347569,S3-74011663
S1-103117232	S2-457262539,S2-850809561,S3-396890083,S3-554090310,S3-45065978,S3-212205545
S1-60587840	S2-477249487,S2-64105353,S3-45263592
S1-984142916	S2-288445689,S3-301749053,S3-892364007
S1-882344007	S2-945518331,S3-583479480,S3-549002145,S3-742522748
S1-661697526	S2-807247864,S2-869339164,S3-305426707,S3-232517336
S1-22787740	S2-919846730,S3-337828913
S1-365033919	S2-118656392,S2-57526213,S3-549929363,S3-529091972,S3-201940235
S1-486019406	S2-908177369,S2-729883804,S3-1796850
S1-304116959	S2-662227064,S2-731163714,S3-316672413
S1-586699005	S2-253918587,S2-294026675,S2-481348736
S1-301281894	S2-730219026,S3-782875130,S3-135158431,S3-966357757
S1-21947145	S2-493042595,S3-755318884
S1-281088937	S2-996249340,S2-764689758,S3-188494008
S1-22633084	S2-680658950,S3-912074059
S1-788020043	S2-881028278,S3-810547728
S1-321518647	S2-159699565,S2-593553372,S2-419844886,S3-939463833
S1-583365562	S2-541281477,S2-459777891,S3-984436624
S1-555737979	S2-765500135,S3-793215927,S3-463357539
S1-471318994	S3-495325432
S1-756873540	S3-532576288
S1-503958794	S2-375677540,S3-236630190,S3-606690831,S3-238186629
S1-810457001	S2-688071043,S3-242149005
S1-100166899	S2-375611616,S3-548424106,S3-984114240
S1-690375126	S2-614304353,S3-467195779
S1-780523337	S2-714985130,S3-600991450,S3-89017126
S1-308262271	S2-696354721,S2-877910903,S3-866103109,S3-149565445,S3-357540678
S1-364336090	S2-182038679,S2-351356705,S2-193603638,S2-784107762,S3-919998739,S3-279130419
S1-445964147	
S1-845031035	S2-350487755,S3-40724734,S3-584285454
S1-629810901	S2-224541894,S2-211199903,S2-844618172,S3-373030684,S3-918897579,S3-162950255,S3-710615101
S1-445268029	S2-371928720
S1-543760819	S2-829732434,S3-462001538
S1-740195204	S2-159228957,S3-886873951,S3-140801111,S3-191589398
S1-804036808	S2-887593036,S3-970881689,S3-847395306,S3-539278386,S3-997522896
S1-829232083	S2-553563872,S2-219079951,S3-248865687,S3-919114016
S1-708400226	S2-11447624,S2-737021373,S2-636078522,S3-952283138,S3-654593788,S3-614607391,S3-508757891,S3-729109395
S1-987010937	
S1-629022966	S2-783840532,S3-189110145,S3-803878481
S1-604460015	S2-911268673,S3-721391475,S3-415858583,S3-671234763
S1-414440524	S2-92811564,S2-970107098,S2-425190015,S3-15852224,S3-500027332,S3-526807850
S1-392583935	S2-11653846,S3-998181795,S3-887301550,S3-235940504,S3-639422519,S3-375452813
S1-546177410	S2-648883949,S2-475365032,S3-442260626,S3-935513474
S1-528834818	S3-678185343,S3-543011232,S3-417069994
S1-913573536	S2-529933432,S2-7363092,S2-788333626
S1-958113941	S2-994219982,S2-965964281,S3-318277109
S1-414906130	S2-216562420,S3-782386729,S3-261753551
S1-274119005	
S1-994856538	S2-857959104,S2-23075265,S3-643687320,S3-657205470
S1-180353640	S2-333591506,S2-532682866,S3-415461067,S3-375486976
S1-381914282	S2-729980796,S3-944441383
S1-342623084	S3-638458303
S1-482014426	S2-40943466,S2-376486539,S3-634613862
S1-379642285	S2-691306905,S3-504998715
S1-759630170	S2-996573898,S2-103841553
S1-151299429	S2-582070018,S2-146219373,S3-939400153,S3-988252212
S1-382680258	S2-47230496,S3-247836878
S1-806616139	S2-828873290,S2-512833764,S3-380458323,S3-837289282
S1-883281842	S2-470387998,S2-667852727,S2-957935953,S2-466747962,S2-165103426,S3-271888732
S1-314686399	S2-230805573,S2-325927160,S3-497391726,S3-808877842
S1-337241318	S2-511770959,S2-541547376,S3-866595649,S3-240807196
S1-977682665	S2-816951244
S1-463038301	S2-852363557,S3-789061427,S3-269207593
S1-349683786	S2-608223,S2-983792162,S2-688450525,S2-867916104,S3-622831211,S3-945954532
S1-256360591	S2-89430911,S2-86610472,S3-540847507,S3-966978346
S1-3118239	S2-384807569,S2-184568209,S3-966155454,S3-94426820,S3-761340400
S1-157064113	S2-154047991,S2-515772498,S2-676656107,S2-732066785,S3-232709696
S1-417911003	S2-891161363,S2-115770378,S2-130680691,S3-214861211,S3-303982146,S3-946216832,S3-760876252
S1-435197119	S2-23416594,S2-976363731,S3-960556230
S1-779770033	S2-344418723,S2-834246878,S3-909567604
S1-983434572	S2-46045217,S2-431865612,S3-149886499
S1-573194865	S2-879535233,S3-266974359,S3-918036809,S3-224592930,S3-966842267
S1-47773771	S2-163907414,S3-514311755,S3-783274386,S3-515914744,S3-312828212
S1-955236847	S2-648248063,S2-209994890,S2-683061450,S2-36451247,S3-775900901,S3-330635341,S3-825674254
S1-38856492	S2-737936743,S2-739908827,S3-665929660,S3-6943995
S1-536974738	S2-187648463,S3-509162315
S1-256655652	S2-528505089,S3-414220347
S1-344951721	S2-893939251,S2-693214144,S2-872248490,S2-183527790,S3-377348825
S1-104064742	S2-878954544,S2-627699238,S2-464206083,S2-214943792,S3-917431661,S3-761084969
S1-164824018	S2-680044356,S2-653231350,S2-473831507,S3-405555985
S1-639237507	S2-461139678,S2-7687064,S3-694588157,S3-702804276
S1-342698190	S2-641536912,S3-478289654,S3-33593694
S1-685871904	S2-408726804,S2-985602105,S3-740323634,S3-834325663
S1-874660306	S2-279857860,S3-289365741
S1-973731236	S2-135390994,S2-737853111,S2-91933930,S2-331544324,S3-223359212,S3-804923215,S3-202684359
S1-644361545	S2-262917378,S3-218927372,S3-103194134,S3-926258275,S3-581612076
S1-798312676	S2-126005750,S3-243209227,S3-256208237
S1-452365054	S2-171624648,S2-489002971,S3-59980699
S1-267774485	S2-983709883,S2-30805620,S3-822082751
S1-392556227	S2-742398993,S3-974771944,S3-101232577,S3-419803661,S3-486250442
S1-944739248	S2-945201800,S2-584606321,S2-98475187,S3-248834661,S3-408294313
S1-615771798	S2-46957492
S1-170974075	S2-805174189,S2-141531043,S2-412422463,S3-992417774
S1-591389430	S2-59415589,S2-822409969,S3-232459295,S3-462020786
S1-17273223	S2-32135349,S3-883734251
S1-834253524	S3-560791095
S1-450482374	S2-489606872,S2-258729878,S3-973036878
S1-597619383	S2-118180047,S3-390171777,S3-180485796,S3-567956556
S1-280910635	S2-677295141,S2-642298659,S3-843797194,S3-283028083
S1-246404006	S2-885479012,S2-224195048,S2-394372351,S3-362974038
S1-310087226	S2-35881931,S3-19364259
S1-89209690	S2-510581586,S3-109917852,S3-326466159
S1-64045011	S2-615990414,S3-305681780
S1-421464868	S2-512630762,S2-410989478,S3-150432730,S3-917654928
S1-251261466	S2-690221283,S3-359538068,S3-549854648,S3-772097493
S1-148802034	S2-309428859,S2-773402563,S2-791701658,S2-676822828
S1-67726616	S2-585223289,S2-941102715,S2-656089177,S3-879056037,S3-43130533
S1-338630028	S3-399225883,S3-701279458,S3-252741503,S3-506724053
S1-230118833	S2-590300910
S1-147076436	S2-192765495,S3-455785972
S1-748085733	S2-586377600,S2-221970764
S1-32868848	S2-765720249,S2-158294062,S3-528706011,S3-47483283,S3-649622959,S3-760594020
S1-281769561	
S1-733034026	
S1-172144933	S2-111754431,S2-65681863,S2-761061968,S2-886255235,S3-508398739
S1-353071795	S2-963030850,S2-59119022,S3-413829741,S3-861271718,S3-548189878
S1-296476213	S2-875893829,S2-702366846,S2-186467125,S2-5802395,S3-901069196,S3-597423831,S3-84736614
S1-749530768	S3-684861383,S3-353034749,S3-524199714
S1-681402684	S2-38516840,S3-221909416,S3-764107988
S1-464933567	S2-401886669,S3-565398475,S3-354114486
S1-88552907	S2-741941433,S2-697980455,S2-134226183,S2-772737994,S3-966847463,S3-77783290,S3-287594591
S1-919324708	S2-214262620
S1-670832200	S2-907790762,S2-160838125,S3-202672069
S1-496331216	S2-198865808,S3-43022101,S3-247018126
S1-435692876	S3-13086357,S3-820658843
S1-879043765	S2-514458701,S2-570193226,S3-574091342,S3-698994457
S1-568364082	S2-872625993,S2-833147210,S3-336170976,S3-737300967,S3-215045123
S1-289688571	S2-241013252,S3-830237412
S1-103306577	S2-735335748,S2-972889340,S2-303100284,S3-848879441,S3-928095370
S1-827532896	S2-353509326,S2-256487861,S3-752811917
S1-34608464	S2-596585710,S2-775538907,S2-967432417,S2-483712676,S2-167154067,S3-240063798
S1-508803228	S2-429617431,S2-516197815,S3-600014708
S1-992497458	S2-930444154,S3-846590303,S3-686954906,S3-840999871
S1-500639767	S2-714397183,S2-142216608,S3-102229452
S1-918140518	S2-728222638,S3-98098350,S3-546992777
S1-433937014	S2-590746523,S3-340218071,S3-616400753,S3-856101406,S3-261083720
S1-75337893	S2-895463394,S2-808291368,S3-384297549,S3-834146103
S1-618676054	S2-248107822,S2-357014902,S3-841214085,S3-504013768
S1-603078992	S2-915326689,S3-643482818
S1-5720003	S2-182300286,S2-181591620
S1-595632077	S2-367369037,S3-414656911,S3-83078553,S3-517833928
S1-911911079	S2-344767037,S2-404380749,S2-41839440,S3-138946498,S3-957782509
S1-935930929	
S1-401953962	S2-745183681,S2-601322466,S2-142075922,S3-801906620,S3-569992421,S3-121288016
S1-205963340	S2-616502408,S3-500864273,S3-12314441
S1-274304457	S2-784348324,S2-214169218,S3-94988818
S1-914122601	S2-579368062,S3-121424381,S3-968774802,S3-321990646
S1-540897538	S2-348103600,S3-449949564
S1-136329156	S2-559350920,S3-518441474
S1-219801000	
S1-452396218	S2-686109769,S3-825105046
S1-394680937	S2-193773299,S2-844589916,S2-373660175,S3-740785174
S1-147651446	
S1-668675379	S3-882190068,S3-79575338
S1-335017093	S2-697716048,S2-138767226,S3-243775466,S3-787626118,S3-573600759,S3-303562385
S1-126050634	S3-389349774,S3-317752391
S1-639870859	S2-80754123,S2-10444918,S3-978876100,S3-723696483
S1-779938927	S2-513873176,S2-393866570,S3-899335159,S3-496934494
S1-750101295	S2-396573898,S2-159357817,S3-848030873,S3-176761905
S1-822338280	S2-428684481,S3-344466028
S1-605370345	S2-239805296,S2-474731285
S1-923078753	S2-720940556,S3-294269634,S3-937844506
S1-586159681	S2-818469684,S2-144605581,S3-395099143
S1-759972893	S2-396996748,S3-23590780,S3-68152179,S3-99347718
S1-595843047	S2-182431985,S2-666936974,S3-937197513
S1-40678525	S2-282681210,S2-498585240,S2-616791145,S3-151381602
S1-386659816	S2-360918469
S1-32127543	S2-786298935
S1-984233875	S2-399828902,S2-628056817,S2-376233629,S3-655782584,S3-553238033,S3-772997222
S1-585765147	S3-754763114
S1-740600107	S2-692397967,S2-303262676
S1-55140214	S2-186077038,S2-796678806,S3-937002706
S1-209805544	S2-90154375,S2-13096182,S3-95624694,S3-261416111
S1-472705054	S2-689767721,S2-372172880,S2-556469960,S3-83481918,S3-944444308,S3-616028470
S1-817863581	S2-282874881,S2-119710416,S2-117777608,S2-543529651,S3-359228059
S1-991012675	S2-714341176,S3-995433490,S3-537712341
S1-221292843	S2-715998566,S3-992425258
S1-349961763	
S1-612712472	S2-95911733,S2-638600541,S2-931116504,S2-676291617,S3-449382441
S1-164982253	S2-660138454,S3-823297897,S3-687145810,S3-279831696
S1-99560436	S2-748649852,S2-161239005,S2-229759815,S3-255448477,S3-568690999,S3-889312697,S3-201091181,S3-648796389
S1-21508196	S2-627541174,S2-728540724,S2-943951166,S2-817315055,S3-392125709
S1-514256828	S2-35894137,S2-969820490,S2-689868320,S2-318339505,S3-580593014,S3-861601466
S1-406842558	S2-258885217,S3-193026644,S3-27134803
S1-290562654	S2-807146997,S2-613903296,S2-425618538,S2-93725067,S3-65531878
S1-576290974	S2-144639200,S2-884848693,S2-678462216,S3-735569201,S3-194653364,S3-717964319,S3-384473085
S1-9357479	S3-723246327
S1-660662966	S2-381716954,S2-851470074
S1-300704461	S2-298378302,S2-823796091,S2-177388358,S3-370105121,S3-224489361
S1-939864289	S2-234310003,S3-583694572,S3-463112884
S1-982170857	S2-192786792,S2-120997611,S2-645489492,S2-910585378,S3-553154574
S1-986167625	S2-727255881,S2-214970450,S3-433642736,S3-664761747,S3-563781589
S1-58402389	S2-161413200,S2-243996492,S2-188723820,S3-134556965,S3-299665506
S1-559370831	S2-777751614,S2-850159662,S3-610770262,S3-794991901
S1-153559765	S3-927742738,S3-25113409,S3-760336227
S1-857664588	S3-534700042
S1-504346927	S2-459628833,S2-50955326,S3-685932602,S3-393818187
S1-128103702	S2-966403902,S2-851482616,S3-871366914,S3-548277727
S1-450152295	S2-596522563,S3-277749498,S3-665255247,S3-470561200
S1-975654170	S2-465781135,S3-954466332,S3-786283439,S3-716726482,S3-719351112
S1-448986054	S2-246602461,S3-200025735,S3-115802440
S1-263741395	S2-585172791,S2-791286938,S3-170040791,S3-27940543,S3-5564250,S3-299454581
S1-662998007	S2-48504936,S2-23805758,S2-739402146,S3-66202727
S1-615095658	S2-662014263,S2-131630301,S2-684377847,S2-868662831,S3-513504676
S1-825671680	S2-665085322,S2-837508674,S3-657071449,S3-647956963
S1-330823632	S2-890309169,S2-302757010,S2-94675247,S3-214864126,S3-149103045
S1-874657200	S2-963021476,S2-767874442,S3-382804178,S3-648772836
S1-291767532	S2-426820245,S2-929268186
S1-314308289	S2-468248748,S2-230438494,S2-158817880,S3-490635080,S3-448645616
S1-369991325	S3-795006016
S1-814956519	
S1-687081247	S2-140513543,S2-60441808,S3-865456564,S3-399942107
S1-695404178	S2-923633397,S2-585697744,S2-495762298,S3-142775867,S3-736391862
S1-107644916	S2-623540619,S3-171196518,S3-513280273
S1-854707534	S2-484858216,S2-19061664,S2-665904786,S3-505467050,S3-726605294,S3-566541577,S3-760389625
S1-756208495	S2-28085819,S3-834467984
S1-253292973	S2-888394598,S2-982808427,S2-388810556,S3-634391041
S1-936929111	S2-669777765,S2-372782548,S3-760387607
S1-980858330	
S1-340324382	S2-881304282,S3-863696444
S1-218573855	S2-804318885,S3-783012218
S1-996931439	S2-88043651,S2-6800391,S2-212426305,S3-10652127
S1-600218080	S2-115251127,S2-617300800,S2-621893719,S2-113610014,S3-569572548
S1-791341686	S2-595214349,S3-197533896
S1-777086241	S2-996424384,S3-103918380
S1-299746071	S2-921445352,S3-89805260
S1-74060985	S2-493859209,S3-219851288
S1-291419333	S2-352538774,S2-573444333
S1-188176423	S2-107024728,S3-653384292,S3-779968161
S1-370752441	S2-965695908,S3-406008092
S1-451055396	S2-684009643,S2-365897378,S3-547377336,S3-79016951
S1-50344703	S2-320212810,S2-311237158,S3-131437648
S1-668188842	S2-637322640,S2-408584621,S3-717541835
S1-162257554	S2-15513994,S2-230516090,S2-406725056,S3-840183265,S3-179178766,S3-491038561
S1-608665359	S2-944467858
S1-846021491	S2-69212114,S2-105514021,S3-189038428
S1-408652294	S2-441686547,S3-517364994,S3-529340311
S1-631847737	S2-877224188,S2-607668575,S3-51679970,S3-199652378,S3-719695700
S1-627027654	S2-440897587,S2-815616820,S3-636847368,S3-359795187
S1-606388895	S2-645714387
S1-866990988	S2-620990365,S3-857314118,S3-568895292,S3-318931968
S1-771118608	S2-959047416,S3-950684070,S3-319615062
S1-860376386	S2-478616453,S3-767728003
S1-197930566	S2-621408109,S2-524184937,S3-438144626
S1-761600598	S2-67079618,S3-964363321,S3-560940436
S1-831199885	S2-659145912,S2-702849238,S3-143767277
S1-425128718	
S1-922458942	S2-21549661,S3-206207320
S1-8412929	S2-153555569,S3-66104711,S3-76037,S3-501325834,S3-859802729,S3-631801431
S1-116886309	
S1-535157975	S2-410527706,S2-589870668,S3-490752047,S3-427437049
S1-467885239	S2-758204514,S3-588314722,S3-280034056,S3-36034191
S1-115576618	S2-532157362,S2-627881801,S3-660400984
S1-73266388	S2-894725743,S3-928505846,S3-612037826,S3-448329295,S3-685521228
S1-38821044	S2-615758197,S3-772667869,S3-681867395,S3-941808371,S3-575237780
S1-209020026	S2-323634366,S3-224150842,S3-785280015
S1-416520778	S2-68476347,S3-367341170,S3-283001366
S1-949414566	S2-972323996,S3-688483120
S1-529176555	S2-531201579,S2-387358142
S1-188492472	S2-67744537,S2-799357183,S2-910449626,S3-267352789
S1-687764551	S2-650830885,S2-315237071,S3-655821647,S3-813646410
S1-711614050	S2-820385444,S2-343697224,S3-366341675
S1-825545128	
S1-486029704	S2-917292842,S3-39440877
S1-517243718	S2-948791610,S2-62326821,S2-109795050,S3-13978070,S3-318626968
S1-306934395	S2-984277796,S2-273504355,S3-656700332,S3-282025737
S1-653552833	S2-668289696,S2-783527981,S3-225065620
S1-944869323	S2-276440490,S2-884845385,S2-418844166,S3-334869431,S3-218984238
S1-334069535	S3-480391326
S1-29746742	S2-785309384,S3-852012262,S3-335089481,S3-253184675,S3-135187746
S1-5533538	S2-706533547,S2-276765363,S2-106728038,S3-37791750,S3-535394334
S1-501813247	S2-967190928,S3-132843487
S1-477761993	S2-950357721,S3-906903526,S3-450790031,S3-395949527,S3-555608669
S1-545760313	S2-960543587,S2-788652507,S3-285751716
S1-754115297	S2-141520530,S2-342313242,S2-950107864,S3-169307173,S3-662493130,S3-782097676
S1-941297000	S2-470678859,S2-959041507,S3-793826049,S3-371356482,S3-316256321
S1-921279245	S2-284141243,S2-904973226,S2-840539663,S2-794175299,S3-219884695
S1-233588320	S2-142179700,S3-157478034,S3-785396649
S1-787758125	S2-955863783,S2-46899672
S1-814601377	S2-192948129,S2-603071611,S3-618422773,S3-146156664
S1-839645965	S2-762775244,S2-845548172,S2-892848533,S2-513227544,S2-244529864,S3-588955896
S1-9750168	S2-169129232,S3-997618515
S1-427574111	S3-976778991
S1-859741230	S2-701552511,S2-82950624,S2-525047840,S3-860666663
S1-582413421	S2-92483612,S3-820816614,S3-581418137
S1-764843325	S2-940814321,S2-213494336,S3-593000003
S1-146281653	S2-284572475,S2-693752950
S1-299367178	S2-250009064,S3-595539211
S1-620915993	S2-935748931,S2-68748027
S1-812361268	S2-142550479,S2-879728336,S2-167775591,S3-451536720
S1-310678505	S2-983468481,S2-738796553,S3-249776047,S3-146240257,S3-821161819,S3-198887797
S1-698843694	S2-672622638,S2-587367423,S2-791224898,S3-467508233
S1-851816270	S2-303844166,S2-97945211,S2-971508704,S2-778042390,S3-122668024,S3-434415957,S3-22379704
S1-163297392	S2-263512694,S3-745909398
S1-357133147	S2-451818839,S2-715902572,S3-494488267
S1-631571111	S3-116759796,S3-197493039
S1-109267757	S2-416653059,S3-311710872,S3-150871188
S1-711428258	S2-245114693,S3-254382046,S3-805276123
S1-656171162	S2-329280608,S2-554086853,S3-598089068,S3-161935749
S1-602144510	S2-32696802,S2-64000798,S3-170921246
S1-264743471	S2-556023215
S1-982267642	S2-992248431,S2-256175555,S2-602005427,S3-107219627
S1-44632418	S2-131484951,S3-592559974,S3-237208661,S3-383358016
S1-593326306	S2-639224330,S2-113210517,S3-799312472,S3-876895423
S1-255528432	S3-562163935,S3-344784053
S1-559249977	S2-312080751,S2-885011702,S3-318612684,S3-314527984,S3-611197926
S1-587750075	S2-79401328,S3-510365084,S3-851944476,S3-787800027,S3-402274047
S1-665436028	
S1-662824154	S2-541623816,S3-516691014,S3-39763882
S1-727537332	S2-930075453,S3-802052664,S3-451998234,S3-33718072
S1-152979696	S2-397145365,S2-265886457,S3-839447204,S3-780004361
S1-248481368	S2-604702011,S3-11628008
S1-790418226	S2-838803597,S2-555216051
S1-96602127	S2-340954111,S2-595962612,S2-848899456
S1-275648424	S2-66871982,S3-497820554,S3-8705456
S1-296784642	S2-875419699,S3-278624779,S3-299560952
S1-40930902	S3-695458327,S3-634958662
S1-851066384	S2-468104600,S3-780681907
S1-606034416	S2-27391982,S2-121122975,S2-964197508,S2-697967787,S3-335243331,S3-380091899
S1-881444813	S3-810563758,S3-506905314,S3-414560012
S1-911301077	S2-457329921,S2-650845359,S2-148448999,S3-440460688,S3-21593436,S3-859852429,S3-611257184
S1-330914939	S2-478116399,S3-645384746
S1-491658200	S2-477831819,S2-865814128,S2-593136216,S3-78071645
S1-231519650	S2-504051668,S3-113238993,S3-760772403,S3-286238001
S1-529579280	S2-202673829,S2-85704077,S3-174911348,S3-334805244
S1-125321906	S2-25639527,S2-164506058,S2-629547835,S3-808419709
S1-798155629	S2-55612482,S3-496088530,S3-32734770
S1-107415535	S2-253738970,S3-33434908,S3-443569546
S1-908308724	S3-311928554,S3-704734711
S1-339001329	S2-671103041,S2-768994904,S3-832685026
S1-211367912	S2-664801713,S2-783711549,S3-318653684,S3-146737822
S1-936281943	S2-649962343,S3-97077846,S3-360821584,S3-686648670
S1-110019767	S2-580283633,S3-190713221,S3-590706723,S3-249389346,S3-693730121
S1-840278172	S2-260518390,S2-536756969,S3-920630019,S3-240882584,S3-399113202
S1-731124817	S2-411338229,S2-198710612,S2-143542414,S2-288695920,S3-618974293
S1-883807828	S2-302483068
S1-645040170	S2-536979278,S2-940628451,S3-626248913,S3-216037511
S1-605002576	S2-186809265,S2-306446692,S3-170668442
S1-882213843	S2-605350174,S2-556071304,S3-331380926,S3-490701147,S3-659330414
S1-333095127	S2-939541229,S2-515440137,S3-137643640,S3-154520937,S3-500338301
S1-27444152	S2-353041794,S2-608520307,S3-578691751,S3-153670200
S1-895408600	S2-201642660,S3-436640710,S3-197068966
S1-574927457	S2-255982806,S2-176395527,S3-132997079,S3-31525893
S1-556100254	S2-674436409,S2-224459632,S2-691557503,S3-661388697,S3-145875523
S1-117744619	S2-432813370,S2-843480325,S3-47914938
S1-259506508	S2-990174532,S3-140415792
S1-713796415	S2-401853744,S2-193428522,S3-60753683
S1-328844051	S2-602059625,S3-973323595
S1-314488659	S2-816049810,S3-973375401,S3-558165253,S3-955934436,S3-542661888
S1-134143616	S2-528500563,S3-536754838,S3-218370044,S3-393867082
S1-486832571	S2-990205848,S2-9946485,S3-489611001,S3-826361314
S1-747705086	S3-744364228,S3-475153717,S3-563120359,S3-541988174
S1-721771976	
S1-280977513	S2-614682602,S3-84682694
S1-448410374	S2-37955881,S3-624492556,S3-134112277,S3-88272704
S1-420343429	S2-581508866,S3-22679509,S3-318314233
S1-503320165	S2-115299522,S2-987128638,S3-205808498
S1-84659108	S2-934248672,S3-705278416
S1-10153258	
S1-423333394	S2-124089263,S3-9583143
S1-804421593	S2-536841026,S3-304810545
S1-507257254	S2-420623386,S3-822600556
S1-549678101	S3-417652549,S3-397179168
S1-356156624	S2-231324061,S2-648417226,S3-607033114
S1-81834207	S2-646074015,S2-5819745,S2-972217409,S3-607032775,S3-766258428,S3-946767503
S1-91619266	
S1-62908850	S2-236438196,S2-237581495,S3-621549777
S1-550241319	S2-517942008,S2-645242049,S3-946904809,S3-633714961
S1-317054463	S2-650692524,S3-647736576,S3-425127525
S1-456318790	S2-164513100,S2-64373652,S3-400472893
S1-566830111	S2-561839697,S3-837929682
S1-754942845	S2-153940033,S2-933629691,S3-936122926,S3-469442740
S1-416328681	S2-746981982,S3-58008060
S1-919044778	S2-461530160,S3-935193372,S3-541981258,S3-891426172
S1-392534068	S2-28637907,S2-331210980,S2-585345673,S3-120235703,S3-333747934,S3-244402817,S3-878670505
S1-879858737	S2-502858002,S3-40474223,S3-996828785
S1-715910928	S2-308004681,S2-149210354,S3-418007144,S3-84037995,S3-321196339
S1-801041518	S2-755156637,S2-381416319,S3-561525141
S1-30038696	S2-789253940,S3-281274446
S1-141869436	S2-890829176,S2-34841648,S3-840224213,S3-712300355
S1-258997441	
S1-359602210	S2-874895686,S3-781186038
S1-263067907	S2-977267465,S2-880134181,S3-847400465
S1-691899933	S2-923049403,S3-144618016,S3-381918366
S1-687325312	S2-8209541,S2-653898284,S2-814097790,S3-398246612,S3-530154957
S1-122117256	S2-17788444,S2-944410674,S3-827432411,S3-539757170
S1-140026915	S2-636873183,S2-260030079,S3-859710598
S1-31231440	S2-39899659,S3-75691042,S3-839920094
S1-510015581	S2-774342455,S2-625956475,S2-364939288,S2-860079971,S3-51365845,S3-441798128
S1-153830318	S2-293521491
S1-729749673	
S1-906068598	S2-725951273,S2-93613095,S3-604524300
S1-730421519	S2-168434244,S2-957901807,S3-47095147,S3-4878588,S3-820356424
S1-378581442	S3-102862017,S3-174266035,S3-286358614
S1-722701300	S2-178407692,S2-704365325,S3-946525856,S3-40456423
S1-638404069	S2-712226410,S2-589525381,S3-149523209,S3-76850260,S3-692156317
S1-336753892	S2-928281443,S3-654854802
S1-742910577	S2-254030250,S2-179053407,S3-610257711
S1-248553612	S2-753126294,S3-687333594,S3-543326630,S3-435735048,S3-510803474
S1-536705186	S2-224295030,S2-21159881,S2-989304265,S3-773814228,S3-440859724,S3-912402724,S3-652164990
S1-209125573	S2-542114316,S3-943115434,S3-340182668
S1-440098202	S2-959982692,S2-628034994,S2-731980362,S3-165145600,S3-478017698,S3-20863846
S1-721706825	S2-803204014,S2-115505642,S3-158671290
S1-949992319	S3-764398603
S1-406527214	S3-731303952,S3-628778121
S1-499847912	S3-26873
S1-800891124	S2-243933853,S2-904209578,S3-277197938
S1-905733846	S2-454766210,S3-961784321,S3-949496226
S1-879207596	S2-476270581,S3-232810221,S3-354937842,S3-425703002
S1-394928776	S2-250503970,S2-746934996
S1-914167808	S2-94913737
S1-326389695	S2-818441961,S2-865039571,S2-55663426,S3-437094585
S1-299773245	S2-288938228,S2-72392493,S3-605063,S3-594387888,S3-460127726,S3-337941716,S3-987918562
S1-931804994	S2-185157905,S3-535253805,S3-272193615,S3-367683292,S3-497301111
S1-677172368	S2-455322436,S2-636844110
S1-85137538	S2-855600642,S3-958763670,S3-885068828
S1-372076691	S2-632867681,S2-481154221,S2-995577312,S3-214403211,S3-472086350,S3-197451937,S3-590782264
S1-833492633	S2-42996984,S2-964075237,S3-163537924,S3-529805102,S3-531303240,S3-184297142
S1-858622944	S2-318019614,S2-273183055,S3-6622476,S3-985541586,S3-896475984
S1-222601052	S2-566324986,S2-739130654,S2-656738656,S2-719405305,S3-615011604,S3-608751203,S3-237270186
S1-734004067	S2-303432917,S3-473563219
S1-891181764	S2-106705001
S1-874440306	S2-335539757,S3-400590710
S1-763465273	S2-884393987,S2-560614089,S3-874758149,S3-195035619
S1-542407941	
S1-152434149	S2-63363631,S2-787567869,S3-34404362
S1-486855159	S2-415339378,S2-974539274,S3-275263119,S3-751404504
S1-520706871	S2-905169888,S2-413724070,S3-319839427
S1-536019970	S3-123671602,S3-965259743
S1-96997570	S2-496973361,S2-834222947,S3-876501369
S1-880957636	S2-726214188,S2-701595180,S3-818935411
S1-475037609	S2-454875880,S2-571443346,S2-777135419,S3-387598114,S3-133060203
S1-852358881	S3-482684780
S1-679867766	S2-229196987,S2-758749983,S2-281940270,S3-474416661,S3-76428438,S3-892969960
S1-982742576	S2-122293268,S3-354146222,S3-77602954
S1-305166561	S2-929718535,S2-278720929,S2-353659963,S3-809239576
S1-583688377	
S1-51296542	S2-56749791,S3-805573698,S3-714404412,S3-222534112
S1-40559296	S2-594219145,S3-579754263,S3-962179095,S3-74165963
S1-20792002	S2-362703065,S2-295737560,S2-326931376,S3-26205361
S1-480846247	S2-911377728,S3-766098119,S3-148912384,S3-790000346
S1-644978390	S2-126303102,S2-423068379
S1-276296929	S2-618793748,S2-15486976,S2-916920341,S3-895076340,S3-481989377
S1-919245976	S2-754120612,S2-472729944,S2-817774627,S3-274148494,S3-825968276
S1-942782033	S2-912549699,S3-544254330
S1-44708593	S2-931918143,S3-462399411
S1-556182325	
S1-100691855	S2-917000928
S1-425587153	S2-340857416,S3-289001960,S3-658576300,S3-574136968
S1-539879230	S2-83796020,S3-945547250,S3-127246506,S3-117651018
S1-714135249	S2-188362327,S3-431623235,S3-805220251
S1-803840711	S2-421877625,S2-959565091,S2-67276082,S3-615435748,S3-974074755,S3-237581199
S1-942651476	S2-404336292,S2-587125017,S2-130406206,S3-998260049,S3-178368018
S1-962502954	S2-219493301,S2-945814520,S2-473750715,S3-613911138
S1-540804826	S2-13506245,S2-791074851,S2-800441985,S2-371499536,S3-775127986,S3-155307481,S3-353164143
S1-448651589	S3-122675419,S3-695634096,S3-92161055
S1-655628490	S2-861288400,S3-828345775
S1-626336589	S2-96767082,S3-360367188
S1-715642052	S2-282245687,S2-484970278,S3-915513085,S3-265229734,S3-697360003,S3-478297600
S1-234496835	
S1-320925655	S2-870963310
S1-81604461	S2-396601800,S2-183990320,S3-623750751,S3-107670339
S1-986414977	S2-510349301
S1-685095028	S2-955194084,S2-442000424,S3-850420510
S1-340380905	
S1-538197345	S2-576015089,S2-866510554,S2-358334073
S1-496404957	S2-50620641,S2-26705740,S2-667639545,S3-294219520,S3-386507165
S1-295878272	S2-284844649,S2-28814628,S3-481637349
S1-907553730	S2-813588229,S2-161077029,S2-707792550,S3-242183118,S3-15575692,S3-606226483
S1-323491438	S2-184567407,S2-429190957,S3-716187951,S3-355574022
S1-534715135	S2-555245115,S3-219919955,S3-978345366
S1-722025822	S2-353074563,S3-82567677,S3-795519438,S3-931974778
S1-490372842	S2-774512583,S3-365385967,S3-292754865,S3-33485222
S1-580102536	S3-579966411,S3-490575909,S3-183835167
S1-463257976	S2-670329366,S2-678934892,S2-732237174,S3-551402577,S3-896493681,S3-738583244
S1-939256086	S2-484631081,S2-889401184,S3-740641815,S3-612946076
S1-616204137	S2-717788807,S2-681121574,S2-402580807,S3-2449058,S3-434478782
S1-431795211	S2-492112983,S3-528351062,S3-41862132,S3-488720107
S1-563321742	S2-283921051,S3-12900504
S1-19082136	S3-95823295,S3-249476597
S1-972150659	S2-254493956,S2-280781825,S2-698053961,S3-243552176
S1-266915010	S2-58142389,S3-999559043,S3-770926116
S1-397427685	S2-387786042,S3-398843342
S1-19333681	S2-808051429,S3-501394085,S3-620728078
S1-333197153	S2-840702589,S3-355195745,S3-282954322
S1-911466358	S2-221669172,S2-527043966,S2-293737127,S3-414840349
S1-260969714	S3-426502438
S1-632265262	S2-941287343,S2-450678191,S2-424941212,S2-379934742,S3-229537117
S1-499709068	S2-468060172,S3-396036864
S1-979504798	S2-162514311,S3-323153954,S3-870973153
S1-702646732	S2-92474657,S2-910778185,S3-596916334
S1-998852346	S2-755653607,S3-460524360,S3-816335024
S1-190941677	S2-441958415,S2-170049056,S2-481372376,S3-855660375
S1-327804795	S2-493559490,S2-678186030,S2-771966746,S3-419298136,S3-836465899,S3-103717866
S1-526994697	S2-482596262,S3-22888520,S3-31537060
S1-362453370	S2-981050444,S2-282401555,S3-599301293
S1-840168502	
S1-100435874	S2-549987988,S2-968284439,S2-296929337,S3-11698664
S1-347983357	S2-556487753,S3-739419713
S1-601216880	S2-875817551,S2-29567102,S3-480384444,S3-788995272,S3-979331318
S1-200244116	S2-409944984,S3-205680705
S1-629424568	S2-625957024,S2-166711048,S3-773795060,S3-882228578
S1-970368826	S2-80594177
S1-82555969	S2-69853777,S2-324819925,S2-214469026,S3-492023278,S3-404336040,S3-728020700,S3-957637960
S1-659561054	S3-634343666,S3-266898052,S3-748653938
S1-185103270	S2-61995289,S2-929660238,S3-696420429,S3-416864114
S1-928412953	S2-157557028,S2-574183114,S2-775511888,S3-870527398,S3-989015878
S1-705525324	S2-838504365,S3-271035358,S3-632600724
S1-470014470	S2-248964590,S2-326349956,S2-75724158,S3-666042041,S3-593206303
S1-861667938	S2-241528425,S2-513668482,S2-935755998,S2-769572188,S2-404064384,S3-112981675
S1-335500164	S2-705590363,S2-980267458,S3-801928717,S3-960176261
S1-411807455	S2-502626198,S3-359616357,S3-15569040
S1-746372199	S3-627882432,S3-286825203
S1-637872165	S3-774890252,S3-226497953,S3-446697895,S3-958748038
S1-101600459	S2-141941838,S2-640299814
S1-635343813	S2-6748964,S2-93854125
S1-183966410	S2-888487723,S3-406605946,S3-1912331
S1-671006742	S2-730529305,S3-543789245,S3-436848619,S3-582990591
S1-835908410	S3-530806677,S3-474839660,S3-916664479
S1-139922907	S2-97573234,S2-764333577,S2-268652103,S2-263823792,S2-215590224,S3-227473623,S3-910337938
S1-24830339	S2-179377918,S2-905868389,S2-704827625,S3-218012958,S3-579632029
S1-757724109	S2-539942617,S2-597857710,S3-955075928,S3-931996272,S3-140433585,S3-356556655
S1-652634785	S2-15356529,S2-156365780,S2-284852614,S3-330999015
S1-348059257	S2-97518761,S3-282798516,S3-68572708,S3-904019084
S1-845159413	S2-292770080,S3-242604428
S1-632481143	S2-566335701,S3-14926072
S1-298371744	S2-335101704,S2-81894707,S2-502426341,S3-140879538
S1-159951883	S2-406945354,S2-831323446,S3-814888495,S3-196193290
S1-716830359	S2-795817041,S2-306163710,S3-762649005,S3-737589534
S1-526762509	
S1-576496637	S2-759236253,S3-850207408
S1-574218245	S2-68639184,S3-153544726,S3-116158717
S1-721911045	S2-490587824
S1-962317574	S2-657888531,S2-889617729,S2-640358428,S3-536993638,S3-981004877
S1-848202175	S2-86529924,S2-739863328,S3-487999908,S3-514433041
S1-545946302	S2-460136490,S2-653851340,S2-196701374,S2-598443398,S3-634002678,S3-336045709,S3-188402953
S1-846574110	S2-219205789,S2-35869050,S2-974966449
S1-531191907	S2-878161980,S2-552159062,S3-36080389,S3-579684056,S3-326960591,S3-979488453,S3-329089902
S1-259886598	S2-241692910,S2-958080077,S3-154679265
S1-302336782	S2-891713032,S2-180407638,S3-234107334,S3-302517578,S3-419997704
S1-70446231	S2-163745768,S2-952686908,S3-863201138
S1-359694049	S2-569799498,S3-848208073,S3-56019973,S3-564723361,S3-272234102,S3-630594320
S1-527489699	S2-448263591,S3-160908827,S3-162975777,S3-492580601
S1-688253956	S2-298755393,S2-308860945,S3-390286010,S3-164014538
S1-766097167	S2-148659005,S2-507107044,S3-658057883
S1-691806118	S2-708457005,S2-802444266,S3-920414119,S3-132585579,S3-93658850
S1-117022003	S2-873726894,S2-69024638,S2-154128314,S3-935652040,S3-398388697,S3-381651665
S1-613162935	S2-78754231,S2-10353130,S3-394530034
S1-66645690	S2-913604865,S2-513268507,S3-108342955,S3-753519206,S3-233985497,S3-569531124
S1-180269792	S2-521119697,S2-595423389,S3-619030731
S1-10222665	S2-494483805,S2-358886055,S2-464688602,S3-435742722,S3-599611593,S3-759580237
S1-147296014	S3-158602031,S3-279551486,S3-905988569,S3-29869365
S1-470047952	S2-276065115
S1-379443057	S2-223472446,S2-857137996,S2-861811551,S3-536729265,S3-607995997
S1-361577594	S2-338742859,S2-566324992,S3-108723757
S1-60996509	S2-851498372,S2-783110346,S3-28735712
S1-739129616	S2-645233952,S2-128042662,S3-208542679,S3-987990761,S3-342489548
S1-618610915	S2-554057854,S2-585844822,S3-469929228,S3-283252002,S3-689183567,S3-147522977
S1-628152085	S2-686852580,S2-5057633,S2-815370923,S2-607011078,S3-344501020,S3-950852269,S3-431936246
S1-326503462	S2-369301285,S2-542161463,S3-613695736,S3-591784703,S3-820579230
S1-839661205	S3-532540055,S3-200853205,S3-309891655,S3-382067340
S1-274115163	
S1-170922609	S2-30323534,S2-377880538,S2-126431344,S3-48894859
S1-66222580	S2-293488622,S3-774901361,S3-456047717,S3-937818645,S3-600441546
S1-315356120	S2-703898335,S2-779125768,S2-33497495,S2-340179731,S2-760866012,S3-786778534,S3-842643087,S3-435884783
S1-911423430	S2-25848132,S2-844152001,S2-517457087,S3-485689074,S3-4236747
S1-701324010	S2-675926597,S3-651955337,S3-62706451
S1-738693243	S2-165151602,S2-171020914,S3-490315823,S3-480955339
S1-871170634	S2-126438440,S2-368302501
S1-630422386	S3-136184348,S3-568305051
S1-567646611	S2-650112509,S3-336147145
S1-59400420	S2-131759909,S3-506035776,S3-288603151
S1-159244193	S2-89766210,S3-928399955,S3-811628566
S1-83175335	S2-358011228,S2-456179166,S3-197819419
S1-918868247	
S1-601964813	S2-318081072,S2-754475709,S2-379021395,S2-597440071,S3-533341528,S3-619087485
S1-605334018	S2-343364600,S2-459446221,S3-988767294,S3-257861664,S3-92440994
S1-53064564	S3-157576986,S3-924313736
S1-300289723	S2-775973920,S2-511478461,S3-918851466,S3-110082597,S3-393899216
S1-618980917	S2-850014355,S2-53549553,S3-960495195
S1-538937261	S2-887264343,S3-262946612
S1-62135230	S2-65225897,S2-478618542,S3-610302955
S1-194342714	S2-867202068,S2-486951321,S3-246897647,S3-149982256
S1-120761878	S2-182140812,S2-787062733,S3-380137640,S3-320173521,S3-158362294
S1-686254337	
S1-425371264	S2-141268210,S2-602764339,S3-809109031,S3-652147890
S1-978635177	S2-876465630,S3-981024688,S3-856957244,S3-22176430
S1-11613169	S2-550441254,S3-694354284,S3-190781848
S1-894107060	S2-87150096,S2-135986845,S2-386420519,S3-628171482
S1-972928064	S2-153404729,S3-848221265,S3-793628788,S3-515296015
S1-196935438	S3-629460525,S3-79337982
S1-957782740	S2-616495682,S3-499852081,S3-353828820
S1-953545521	S2-491312605,S2-480409113,S2-178012926,S3-451217093
S1-833391908	S2-495340863,S3-136432537
S1-794390130	S2-950264267,S2-10712655,S3-950926863,S3-400671472
S1-347825718	S2-491500280,S2-398512842,S3-550999520
S1-662166269	S2-936770341,S2-468409428
S1-400465176	S2-368532205,S2-993497404,S3-15163201,S3-871477485
S1-575426738	S2-865884503,S2-704497129,S3-805397667,S3-232020626
S1-758391186	S2-36287475,S2-890471377,S3-492023313,S3-882957674,S3-756219369,S3-289709110,S3-730252044
S1-222067339	S2-275032426,S2-25373708,S2-761224400,S3-552235350
S1-964610916	S2-481476074,S3-32516337,S3-843743799
S1-218861069	S2-298507312,S2-851316528,S2-867368761,S2-899594989,S2-399075342,S3-600813695,S3-244247174
S1-713405718	S2-979692389,S2-496110983,S3-108395188
S1-764841010	S2-140384695,S2-816643563
S1-706626109	S2-675626969,S2-83684607,S2-104536229,S3-702628271,S3-207352670,S3-737091559
S1-191912983	S2-255221524,S3-910150137
S1-958101110	S2-424044629,S3-630613642,S3-350691734
S1-742698020	S2-37817886,S2-156343480,S3-438411861,S3-802376144,S3-273892489
S1-56735529	S2-43666839,S2-78391410,S2-826301918,S2-329263365,S2-840824262,S3-911015570,S3-849996571,S3-453570944,S3-41151611
S1-646423328	S2-981186279,S2-211414877,S3-219447913,S3-169401038,S3-84732027
S1-732554135	S2-259406263,S2-758061583,S2-695365363,S3-322982800,S3-354884840
S1-752146223	S2-966593953,S2-710985571,S3-143186976,S3-501148604
S1-524423134	S2-768525936,S2-195954440,S3-196642637
S1-311470256	S2-44225039,S3-79511769,S3-939238548
S1-988131510	S2-317701142,S3-773448579
S1-57714624	S2-229315248,S2-817680963,S2-332155353,S3-481567589,S3-90094050,S3-171101124
S1-968599654	S2-308636331,S3-413476035,S3-363754411,S3-867868464
S1-466946916	S2-195860143,S3-363654973,S3-207663255,S3-196203427,S3-572646134
S1-941786684	S3-988977282,S3-377211461
S1-445781061	S2-760368297,S3-242868157
S1-754201992	S3-562945328,S3-307771908,S3-507824513,S3-978615013,S3-835305931
S1-999727381	S2-587282380,S2-428088630,S3-114291004,S3-727441379,S3-704708018
S1-805495186	S2-756829895,S3-847095616,S3-724027537
S1-517951979	S2-974345181,S3-668913289
S1-879877635	S2-585791900,S2-794448353,S3-710198434
S1-193616975	S2-790988267,S3-680533986
S1-534329905	S2-665427984,S2-915479416,S3-835781194,S3-27718561
S1-175107669	S3-398190267,S3-782806304
S1-349849273	S2-272999161,S2-657468955,S2-947199280,S2-164297098,S3-253961631,S3-140354156
S1-9095876	S2-572789911,S2-617842496,S2-504227714,S3-451616196,S3-558130484,S3-162496
S1-745362992	S2-253989982,S2-253261515,S2-273229139,S3-84438846,S3-149014041,S3-964920674
S1-486691681	S2-295385905,S2-392069015,S3-634522055
S1-659169271	S2-773586635,S2-8687647,S3-49229800,S3-213622647
S1-999104734	S2-852757806,S3-332258316
S1-677577431	S2-974181350,S2-734471678,S3-703348450,S3-491929753,S3-302208337
S1-73302833	S2-106407695,S3-114580836,S3-55960630
S1-217654601	S2-340874994,S2-908257933,S3-644256772
S1-829717901	S2-695410257,S2-615727718,S3-95564658,S3-119617103,S3-664346858
S1-710226045	S2-264950793,S2-636556548,S3-914912847,S3-15119012
S1-513111924	S2-179907528
S1-171563258	S2-6534624,S2-125381550,S3-638186255
S1-785847106	S2-870329083,S3-450453776
S1-880481915	S2-178524001,S3-35517149,S3-523551054
S1-52492661	S2-31495493,S3-829584217
S1-941785626	S2-897432639,S2-367664209,S2-500931426,S2-36613397,S3-935886167,S3-819459908,S3-398017181
S1-746431699	S2-796827721,S2-223366006,S2-514659945
S1-848733132	S2-172078571,S3-939501842
S1-189357115	S3-769847752,S3-199528786
S1-120617741	S2-846265472,S3-807519706
S1-68338967	S2-570031212,S2-727252488,S3-573435026,S3-940996862
S1-336009083	S2-857379212,S3-596536013
S1-391748024	S2-981502170,S3-931979924,S3-939973399
S1-83813770	
S1-943288218	S2-333573122,S2-882098944,S3-679435099,S3-732345636,S3-668335366,S3-644942374
S1-241930922	S2-354364438,S2-590459236,S3-390042545
S1-175412549	S3-960625785,S3-237059590
S1-437773929	S2-617362893,S2-743963884,S2-383414600,S2-289628853
S1-679639491	S2-667878231,S3-650529792,S3-172911416,S3-623908486
S1-939281901	S2-378890560,S2-407041470,S3-373174224
S1-566265142	S2-714678884,S3-498027490
S1-679591102	S2-888559862,S3-303647926
S1-635596322	S2-626539213,S3-924861216,S3-860841950
S1-61434219	S2-521757954,S2-760656425,S2-962293088,S3-634532546,S3-327843903
S1-142523012	S2-960740002,S2-801348645,S3-660567879,S3-731241695
S1-756695349	S2-509982372,S3-804068072,S3-511136319,S3-859468357
S1-314356755	S2-499124223,S2-260046754,S3-464357542
S1-283231167	S2-427018280,S2-48085722,S3-142224736,S3-806749540,S3-929508095
S1-288309120	S2-354069811,S2-381833281,S3-531282962,S3-873666689,S3-154349300
S1-8697128	S2-850239131,S3-921297772
S1-79744963	
S1-973717755	S2-940499387,S2-929626937,S3-143365683
S1-797119847	S3-475433608,S3-286396688
S1-798071102	S2-534031952,S2-461202461,S3-100334786,S3-23247872,S3-85201670,S3-187317992,S3-144804925
S1-891104891	S2-70664594,S3-563700590,S3-985936168
S1-580182294	S2-591627777,S2-264178850,S2-739396621,S2-472291503
S1-406536115	S2-256818119,S2-237573324,S2-612890232,S3-432578060,S3-939803101
S1-709219556	S2-618328166,S2-249846802,S3-751715287
S1-841341588	S2-684723010,S3-357945440
S1-732235636	S2-526938032,S2-826074362,S3-760522384,S3-883024975
S1-511978825	S2-708631181,S2-325051442,S2-268341642,S3-447940261,S3-720950939
S1-940084634	S2-67623965,S3-369580391
S1-178022840	S2-950851985,S3-755249439,S3-968500624,S3-533467663
S1-453313801	S2-522655618,S2-985471600,S3-200544971,S3-591257319
S1-994039051	S2-315653214,S3-333281482,S3-294322740,S3-8431405
S1-361085942	S2-721920607,S2-348789468,S3-268604879
S1-914459278	S2-319782753,S3-823575012
S1-870548412	S2-953485582,S3-749630201
S1-583703088	S2-797842707,S2-358100404,S3-69232777
S1-274316133	S2-187718680,S3-931037793,S3-803099487
S1-29547169	S2-575089556,S3-468090717,S3-800462422,S3-30650329,S3-800396544,S3-751486499
S1-560952743	S2-149268351,S2-396362929,S2-428665001,S3-435261219,S3-389392497
S1-369779168	S2-140948076,S2-134717137,S3-33693027,S3-951946118,S3-99716494,S3-358270111
S1-194830077	S2-303668407,S3-302146051,S3-423095477
S1-553350361	S2-271980322,S2-919462873,S3-616153055,S3-285423050,S3-897956488,S3-658261076
S1-377252843	S2-156843496,S3-643001634,S3-49965116
S1-906789520	S2-716843757,S2-38112311,S3-357004924
S1-455872239	S2-441041858,S2-176836093,S3-841930615,S3-955991873
S1-715217190	S2-898382609,S3-132093280
S1-474626038	S2-568523642,S2-918275371,S3-674962725,S3-182391927,S3-852787460
S1-610149670	S2-601177655,S2-809918482,S3-588852284,S3-339503285,S3-744911212
S1-76602165	S2-339281937,S2-991804428,S2-270150045,S3-721460028
S1-986669870	S2-726966483,S2-480672999,S3-933668196
S1-804634352	S2-710082259,S2-123907445,S3-989717999,S3-66780748,S3-813455390
S1-203861212	S2-432248548,S3-183439272,S3-544375735
S1-973533604	S2-229434487,S2-817468357,S3-506001026,S3-902050100,S3-84870616
S1-798604530	S2-414631356,S3-509940827
S1-494395836	S2-779201418,S3-335260407
S1-453593204	S2-366480050,S2-600433503,S3-999512002,S3-826131644
S1-18971888	S2-417768434,S3-67697924
S1-897055396	S2-742008124,S2-441800316,S3-182506884,S3-731535843
S1-601336919	S2-108814408,S2-45822293,S2-429146600,S2-132853642,S3-833396700
S1-411106161	S2-699547865,S3-30137551,S3-92525769
S1-492556063	S2-149998070,S3-267232859,S3-508446803
S1-141021770	S2-584188845,S3-914889007
S1-122060440	S2-436744512,S3-420518246,S3-768524310,S3-327002773
S1-912293369	S2-359813615,S2-559208649,S2-152813133,S3-296087081,S3-156062812
S1-851149103	S2-474000668,S3-106536945,S3-639757628
S1-58506724	S2-270737897,S3-871044143,S3-937822767
S1-408524771	S2-663515809,S3-105927172,S3-496916427
S1-357052363	S2-870138153,S3-116674359
S1-685556943	S2-705043101,S3-751911047,S3-834878565
S1-787655497	S2-177838488,S3-928195263,S3-252824672
S1-250284344	S3-801025607,S3-87081501
S1-837264242	S2-76961843,S2-288988475,S2-254503072,S3-936718471,S3-231894450
S1-340373484	
S1-433763435	S2-801896271,S2-878702003,S3-162375529,S3-536768540
S1-862176518	S2-565201713,S2-790474846,S3-21995160,S3-759897642
S1-399389273	S2-119531372,S3-394109257
S1-13723036	S3-542465868
S1-107874030	S2-72878853,S2-309680592,S2-294319913,S3-74303029,S3-844414405
S1-67875104	S2-230896970,S2-175295118,S3-273930130
S1-386984673	S2-58499622,S2-987599033,S3-271489206,S3-170824470
S1-431962796	S2-624690197,S3-707494753,S3-325898797
S1-908839362	S2-155798618,S3-657350219
S1-105149282	
S1-568345776	S2-194686710
S1-663580467	S2-962297781,S3-558308793
S1-974079392	S2-962086204,S3-289616704,S3-116170018,S3-860332033
S1-29750109	S2-333582922,S3-448131949
S1-545477423	S2-760239131,S3-723727639
S1-726175679	S2-636109237,S2-682080483
S1-424019450	S2-62228480,S2-667484024,S3-529567800
S1-76628511	S2-264482953,S3-485526850,S3-415957549
S1-32616262	
S1-389169117	S2-489333793,S2-534908467,S3-336995039
S1-220734585	S2-792858779,S3-101257463
S1-663819576	S2-610645786,S2-92209075
S1-489672036	S2-553123573,S2-326860504,S3-786114882
S1-932763767	S2-792293248,S3-124479077
S1-502645044	S2-266502013,S2-204635595,S2-745292311,S3-895144762,S3-244951176,S3-288809186
S1-17683652	S2-722328867,S2-353071292,S3-633550380,S3-505025450
S1-694901837	S2-286550495,S2-503426166,S3-322052338,S3-579886578
S1-712060319	S2-757646024,S3-981330311,S3-302591201
S1-702250751	S2-113916599,S3-188281988,S3-66481299
S1-432476479	S2-686669918,S3-784786990,S3-996735784
S1-418422898	S2-258856612,S2-312912208,S3-702926863,S3-484152295
S1-385021765	S2-274087751,S2-295105522,S2-962878052,S3-225049378,S3-906621291
S1-52561080	S2-731613639,S2-183480113,S3-224639238,S3-602585424
S1-445985594	S2-961077041,S3-121301441,S3-836163079
S1-137750545	S2-95830434,S2-500995216,S3-277411616,S3-943244761,S3-282619594,S3-786131703
S1-562201661	S2-624614681,S2-692542191,S2-114803651
S1-816099628	S2-551913215,S3-395951554
S1-98551801	S2-185074445,S3-826830974
S1-25801510	S2-675257135,S2-581258162,S2-394006831,S3-484758283,S3-861049851
S1-741677549	S3-628349494,S3-796140773
S1-704070992	S2-483893032,S2-18894308,S2-553777495,S3-629022248,S3-670016217,S3-674050325,S3-435938668
S1-713104855	S2-225890501,S2-387565236,S3-974667905,S3-995168006,S3-436893675
S1-223620731	S2-590226331,S2-938681600,S2-795263604
S1-221907886	S2-38688788,S3-449785099
S1-69427521	S2-590596212,S3-341689388,S3-422615615
S1-28154358	S2-664728816,S2-208132087,S2-707990084,S3-323166100,S3-41238621
S1-611365239	S2-717855416,S2-422695651,S2-721027414,S3-794017438,S3-465013588,S3-278434941,S3-229265699
S1-49436184	S3-189053366,S3-260019834,S3-9176755
S1-249500264	S2-584710226,S2-333993769,S2-899127254,S3-742910690
S1-897987810	S2-231916506,S2-963225537,S2-970558176,S2-890800626,S3-75652378,S3-126939583,S3-158141378
S1-930982377	S2-143599753,S3-269778843
S1-833740927	S2-437207676,S2-626562963,S3-120965772
S1-372172873	S2-818097853,S2-195753628,S3-805702580,S3-899812702,S3-566083295,S3-966325464
S1-72391394	S2-728596084,S2-82623949,S3-880465968,S3-707217981,S3-368844908
S1-209669739	S2-517008954,S2-510071279,S2-10419116,S3-63461182,S3-960291511,S3-893883761,S3-462315460
S1-645749442	S2-953054054,S2-389109329,S3-272533834
S1-561782996	S2-525084410,S2-318424404,S3-493973808,S3-652906569,S3-896690900
S1-284938229	S2-34169267,S3-949307490
S1-531427084	S2-745746990,S2-637943179,S3-277495535,S3-45492899
S1-165299545	S2-858914354,S2-80605195,S3-519408017,S3-583852979
S1-52408416	S2-25877014,S2-560983337,S2-906878816,S2-647908949
S1-742314572	S2-476766681,S3-136117045,S3-371937537
S1-275082729	S2-709229771,S3-94384565,S3-496062998,S3-210526658
S1-793898732	S2-432633902,S3-618160862
S1-870080491	S2-366783290,S2-873074982,S3-943308113,S3-129245292
S1-850327084	S2-232344097,S3-296935932,S3-423339537
S1-227142362	S2-699953766,S3-299405811
S1-230304885	S2-678257100,S3-803025017,S3-662694126
S1-619255846	S2-850163306
S1-675723075	S2-793400417,S2-206427695,S2-548828457,S2-347254835,S3-366008966,S3-620506383,S3-669717966,S3-248004130,S3-268128310
S1-509915091	S2-741073906,S2-206397183,S3-747218226,S3-406006403
S1-240811681	S2-496688276,S2-628827081,S3-899799208
S1-670633969	S2-283628629,S2-108667769,S2-97160356,S2-981694912,S3-941718437,S3-661700266,S3-905827796
S1-333473481	S2-600670425,S2-401746735,S2-867823269,S3-941114873
S1-347681347	S2-182442192,S2-55048694,S2-763529982,S3-233393721,S3-743676487,S3-857809131
S1-390027045	S2-529224257,S3-977515715,S3-683008637,S3-793315936
S1-899348117	S2-900544727
S1-805520274	S2-488228059,S2-716143977,S3-461274543,S3-536694349,S3-815975408,S3-968125369
S1-578232612	
S1-405073506	S2-257571964,S3-158967372
S1-840853418	S2-424653241,S2-723336783,S3-898812301
S1-446866664	S2-328550378,S2-769361973,S3-681456289,S3-458968879
S1-363314193	S2-34107264,S2-300856793,S3-343498582
S1-528855670	S2-570596765,S3-997201737,S3-121880924,S3-339819176
S1-635844422	S2-750963151,S3-578979828
S1-199481393	S3-38284685
S1-7725992	S2-673375384,S2-576043194,S3-299386793,S3-775159280
S1-730790537	S3-148936781,S3-887814001
S1-325203801	S2-180538042,S3-574528483,S3-949849619
S1-529581101	S2-576786123,S2-961992420,S3-520265095
S1-853458557	S2-483905304,S3-175700049
S1-915141559	S2-411750557,S3-142815286
S1-775694766	S2-933267880,S2-808498076,S2-781408168,S3-214073006,S3-80241325
S1-892560990	
S1-646695246	S2-757991848,S2-181199933,S3-39410856
S1-930484297	
S1-408159183	S3-151516767
S1-578420286	S2-953517273,S2-565656930,S2-471256842,S2-104999424,S3-752550033,S3-732186337,S3-549771130,S3-311272976
S1-20525067	S2-117928803
S1-148297070	S2-635164078,S2-667441102,S3-910971265,S3-961530273
S1-698332185	S2-368647577,S2-73716587,S3-731050347
S1-598852387	S2-394350671,S2-947962409,S3-46093263
S1-918648567	
S1-226964528	S2-188295837,S2-74003616,S2-625675086,S3-560636619,S3-709974281,S3-180885195
S1-202022419	S2-78561659,S2-585146793,S3-649008089
S1-238297171	S2-803000418,S3-461437029,S3-648817398
S1-88621243	S2-748630471,S2-430289783,S3-105526331,S3-493949262,S3-952850428
S1-271285544	
S1-21691801	S2-23273229,S3-581274155,S3-740439417,S3-742867732,S3-972241629
S1-250899588	S2-870322280,S3-539870164,S3-755224957
S1-816670244	S2-298615086,S3-965722166,S3-495858843,S3-140791845
S1-320200542	S2-130343102,S2-974154490,S2-681029364,S3-687264977,S3-474046935
S1-796110247	
S1-473219328	S2-483715290,S2-782334499,S2-82758885,S3-217805568,S3-355443810,S3-161906939,S3-677195410
S1-146845100	S2-341455263,S2-753806369,S3-313688012
S1-508366378	S2-390785658,S3-427949550,S3-32616034,S3-726332228
S1-558332287	S2-332044470,S3-612600212
S1-329211620	
S1-588423785	S2-185081294,S2-136337889,S3-697058666,S3-723781248
S1-780436723	S3-552403069,S3-316016655,S3-570276198
S1-599041433	S2-949313428,S2-990368206,S2-119042428,S3-294127173,S3-193752208
S1-736674898	
S1-350643100	S2-970464476,S3-796919240,S3-976572283,S3-130011921
S1-237850150	S2-884345692,S2-105005587,S2-489402473,S3-99526941
S1-822296117	S2-845727023,S2-104959839,S2-758079562,S2-908357728,S3-46835995,S3-873506813,S3-500266786
S1-987187835	S2-498417211,S3-712230345,S3-908427663
S1-154706683	S2-97952668,S3-956720600,S3-441166834
S1-496495965	S2-693394606,S3-153132570
S1-807519062	S2-619707851
S1-701273513	S2-800777375,S3-313596996,S3-309537130
S1-576045669	S2-927415812,S3-44892810
S1-959437645	
S1-750578680	S2-898766479,S2-622129340,S3-541152402,S3-4235402,S3-791450689,S3-539807283,S3-834727250
S1-598209863	S3-483544978,S3-756914817,S3-839415131,S3-602647728
S1-79508368	S2-383477253,S2-181737978,S2-610412410,S3-836363091,S3-270428969,S3-219349972,S3-402560707
S1-637478090	
S1-766890897	S2-33617065,S2-57753303,S2-644029227,S3-35962365,S3-885787619
S1-379957392	S2-742191837,S3-560662609
S1-183273459	S2-903275528,S2-428192409,S2-421779701,S3-172770504,S3-359723359
S1-5445099	S3-440751071
S1-55880119	S2-606258540,S2-460498193,S3-604001263
S1-341886281	S2-902333100,S2-241388357,S3-622694988
S1-290115538	S2-440465851,S3-764708025,S3-136820302
S1-535207976	S2-307585723,S2-389857306,S3-724111784,S3-452576524,S3-355504058
S1-11627159	S2-81915747,S3-280241076,S3-18304832
S1-214118007	S2-302439355,S2-255298605,S2-563734938,S2-644912732,S3-209932059,S3-255860495
S1-630924557	S2-362511176,S2-715124794,S3-501910454,S3-632033968,S3-399194379,S3-714469937
S1-833965887	S2-62676897,S2-854103400,S3-873737710,S3-973716231
S1-447909505	S2-559513310,S3-660561828,S3-168282683,S3-191301379
S1-993066335	S2-323364948,S3-258932040,S3-66614888,S3-282672163
S1-81232954	S2-233282085,S2-142985092,S3-706582447,S3-866744642,S3-3028754
S1-711391288	S2-134617427,S2-645160327,S3-918732906,S3-629815734
S1-873588939	S2-706634627,S3-214153458,S3-767505238
S1-575492986	S2-947197090,S2-947771878,S3-6773816,S3-756378905
S1-67933723	
S1-574938676	S3-262541518,S3-315901419
S1-975764194	S3-624258071,S3-73092007,S3-669563164
S1-968551303	
S1-862536717	S2-99674420,S2-962714223,S2-874872611,S2-951114418,S3-86524778,S3-102471781,S3-647227147
S1-193928185	S2-278233591,S2-380283155,S2-866687990,S2-819298917,S3-20160290,S3-180606404
S1-443453371	S2-866939007,S2-312955702,S3-121589951,S3-312793116
S1-337333581	S2-955600052,S3-586515511,S3-914926798
S1-341097282	S2-586058342,S3-88068506,S3-854238995
S1-206286193	S2-762179881,S3-963388262,S3-438668798,S3-654606133,S3-263209224
S1-740212604	S2-420998751,S3-726787553
S1-725624964	S2-870203725,S2-608777173
S1-858827076	S2-395612540,S2-220379526,S3-835268925,S3-256643598
S1-845942312	S2-134825219,S2-981905440,S3-809360202,S3-152120854
S1-160458458	S2-139197522,S3-766216425,S3-79919505,S3-995201363
S1-10092319	S2-304368900,S2-431537309,S2-626515634,S3-693934269,S3-246983425
S1-434518777	S2-984400939,S3-809753616
S1-429312208	S2-51571569,S3-902571451,S3-886369860
S1-768161501	S2-360632696,S2-573981337,S3-106780901
S1-345572634	S2-558088510,S2-248400933,S3-908933433,S3-399196593
S1-786422330	S2-273018349,S2-824950736,S3-67504906,S3-9971669
S1-147812030	S3-856308574,S3-979957280,S3-839474938
S1-908540335	S2-961059116,S2-914697691,S3-997591017,S3-568722701
S1-665534311	S2-94128188,S2-392710896,S3-383215255,S3-810735262,S3-212280743
S1-510104716	S2-859923729,S2-533280675,S3-441653673
S1-996966377	S2-641682102,S3-620558804,S3-639077389
S1-734491724	S2-663609490,S2-230186117,S2-821386903,S3-31606753,S3-67128727
S1-418041254	S2-978844901,S2-521213362,S3-749850265,S3-431950810
S1-234472071	S2-216446358,S2-558404608,S3-143928971
S1-87632283	S2-459154053,S3-52554613
S1-367231027	S2-672059801,S3-483774644,S3-31256465
S1-807846704	S2-680948357,S2-884570279,S2-308557227,S3-574022960,S3-447569907,S3-259942661
S1-390496883	S2-914777518,S3-948078530
S1-540270259	S2-952611042,S2-608109236,S3-872067574
S1-438417025	S2-384109249,S3-163197989,S3-890893554
S1-54918117	S2-179871223,S2-626967195,S3-458126061,S3-138257740,S3-254035959
S1-837437279	S2-190515359,S3-182531873,S3-645105583,S3-962734580
S1-962756518	S2-369793877,S3-266443005,S3-407430198,S3-780417104,S3-646446124
S1-447115949	S2-888289814,S2-514214943,S2-122612997,S3-433611173,S3-540145146,S3-85311066
S1-361130212	S2-309573501,S3-352671023,S3-778346067,S3-118900462
S1-405544735	S2-474064475,S2-259107219,S2-582371029,S2-495426490,S3-246480970
S1-218419423	S2-411124139,S2-345352427,S2-933314273,S3-797149487,S3-625791600
S1-141031026	S2-249176440,S3-578443771,S3-634661965,S3-193279748
S1-852775221	S2-289490782,S2-630518358,S2-435123543,S3-322974564
S1-950028092	S2-590745600,S2-982852990,S3-709647846,S3-188402099,S3-106559042
S1-575158793	S2-889279675,S3-900204886
S1-927467834	S2-644040359,S3-609886809,S3-665669309
S1-886467591	S2-495255333,S2-56559503,S3-677398233,S3-697840479
S1-996067774	S2-820726884,S3-434722760
S1-677375737	S2-11019801,S3-81320941,S3-509388758
S1-839147305	S2-887165055,S3-804091064,S3-34799181,S3-775700958
S1-261903409	S2-492589350,S3-344613341,S3-931877179
S1-765100468	S2-586903867,S3-173590020,S3-666069931
S1-87649479	S2-147441067,S2-477392674,S2-352158207,S3-613134917,S3-257873223,S3-168164699
S1-145730225	S2-754577419,S3-23927082,S3-807820335
S1-388086251	S2-348709202,S3-89179537,S3-299166362
S1-549733066	S2-364772715,S3-109694854
S1-180956762	S2-70563551,S2-112614659,S2-482548994,S3-861882523,S3-998572374,S3-360993193,S3-162342558,S3-899318682
S1-697097365	
S1-123886742	S2-811854308,S2-21458643,S2-540005643,S2-471540697,S3-203911406,S3-84389480,S3-93509158
S1-840215952	S2-863520246,S2-455917230,S3-994822320,S3-798702223
S1-996892533	S2-927673271,S2-100171087,S2-978317841,S3-253950029,S3-847844822
S1-184480100	S2-46633702,S2-946342497,S2-183459199,S2-760154152,S3-501432202
S1-321959386	S2-785327358,S2-168645266,S2-255746643,S3-170105031,S3-354557238,S3-694814916
S1-661293113	S2-549452883,S3-220185394
S1-196616325	S3-142013655,S3-432919001
S1-883039566	S2-768299397,S3-9767709,S3-234888038
S1-842713848	S2-572945289,S2-553426664,S3-960694980
S1-508688351	S2-302742914
S1-991226123	S2-234928803,S2-771943159,S2-105345061,S2-277874678,S3-952060287
S1-976833083	S2-972290940,S2-485650486,S2-615807232,S2-478551321,S3-754281403,S3-307044828,S3-442028647
S1-127575256	S2-357768067,S3-957699670,S3-56301013,S3-559434817,S3-478293486
S1-197043916	S2-589488299,S3-593898656
S1-755326947	S2-899854654,S2-399167041,S3-788271788,S3-893190803,S3-323550477
S1-548949826	S3-424792804,S3-789457400,S3-384858260,S3-440412143
S1-286461722	S2-493068616,S2-33579769
S1-845572771	S3-262342910
S1-594221098	S2-698097375,S3-158250471,S3-97786191
S1-888799356	S2-532756260,S3-474645905,S3-659126396,S3-242187551,S3-146718733
S1-635555544	S2-915857752,S3-237656454,S3-998628231,S3-263905404
S1-271675443	S2-796992574,S3-990640183,S3-586312431,S3-241326686,S3-529532694
S1-340160815	S2-624863102,S3-554186594
S1-276829138	S2-717357544,S3-567201866,S3-958680756
S1-189859324	S2-530218068,S3-403095224,S3-393546592
S1-567495216	S2-310224806,S2-459258703,S3-640838346,S3-823799724
S1-75530363	S2-246269272,S2-58692481,S2-404278881,S2-121022075,S3-422170930,S3-794488019,S3-576028320,S3-164059533,S3-229576564,S3-164841418
S1-806815016	S2-865865518,S2-858456580,S2-484012650,S3-948994860,S3-366228834
S1-607552423	S3-145711845,S3-134887355,S3-672011612
S1-228837425	S2-823259364,S3-375863304,S3-332127298
S1-588807892	S2-396262660,S2-672098473,S3-11866638,S3-700943465,S3-477450348,S3-672857578
S1-447720575	S3-589326167
S1-203630413	S2-788795133,S3-733903477,S3-211385159,S3-303320006,S3-137174211
S1-924979846	S2-388168390,S2-264201301
S1-643886636	S2-489606015,S3-438010154,S3-761247472
S1-872827436	S3-917992797
S1-389472722	S2-201728117,S2-524577737,S3-610502798,S3-777858845,S3-176872341
S1-305839020	S2-451174013,S3-875651698
S1-149604234	S2-695286555,S2-751812319,S2-890606962,S2-954434103,S3-777215781,S3-131367350
S1-572982287	
S1-805070666	S2-282454868,S3-903151143,S3-172933032
S1-419725381	S2-428736038,S3-191013738
S1-903118861	S2-417313631,S3-465613400,S3-742465907
S1-734634783	S2-980651759,S2-501384396,S3-114698228,S3-986526946,S3-560405954,S3-998276041
S1-792973213	S3-877593497
S1-44932001	
S1-18276231	S2-109237386,S2-672529193,S3-942853474
S1-419447652	S2-196665073,S2-45426382,S3-462984596,S3-423651682,S3-743613948,S3-914989658
S1-218348141	S2-541343369,S2-153688631,S3-533944799,S3-740702791
S1-706708685	S2-541619282
S1-697302545	S2-597136350,S2-325969572,S3-690526042,S3-949184545,S3-913220157
S1-82820917	S2-52115458,S2-301790605,S3-854555958
S1-142832040	S2-154782356,S2-833795478,S2-716794091,S3-845174745,S3-593700131
S1-229102605	S2-792126269,S2-476503147,S3-899440088
S1-383449539	S2-30487996,S2-533539868,S3-947760259,S3-85542089
S1-285278154	S2-734978259,S3-237400015,S3-730775138
S1-297494205	S2-930926987,S3-66834296,S3-277158755
S1-638599801	
S1-443684341	S2-53245717,S2-680209744,S2-64925672,S3-197986329,S3-694606583
S1-101364006	S2-190939420,S3-423557351,S3-83821874,S3-240365314,S3-548836402
S1-511793537	S2-618166011,S3-132387524,S3-464168374,S3-49257609
S1-163255188	S2-257882811,S2-776962496,S3-142248351
S1-6034061	S2-875808887,S3-237030121
S1-885742978	S2-420476298,S3-101405370,S3-949325070,S3-975806917
S1-944445121	S2-894686069,S3-596259758,S3-240664021,S3-516310432,S3-127657435
S1-481281376	S2-53725717,S2-785119733,S2-395208292,S2-475059977,S3-969351732,S3-691181296
S1-204835412	S2-443765893
S1-363999259	S2-34479751,S3-779762275,S3-988753194,S3-919915381
S1-613531436	
S1-295539809	S3-870878300,S3-906504735
S1-418033957	S2-265574064,S3-553369530
S1-181786498	S2-986799548,S3-653040877,S3-672241600,S3-459162102
S1-210849781	S2-562117280,S2-845708664,S2-820221567,S3-649907207,S3-895784814,S3-210870050,S3-240268161
S1-674726407	S3-933740979,S3-890244770,S3-825675510
S1-440522027	S2-501509999,S2-102637868,S2-426319104,S3-558593104,S3-268053777,S3-692361163
S1-216641290	S2-548360714,S2-335549531,S2-149602738,S3-765807910
S1-654341375	S2-283658925,S3-440643413,S3-293489176,S3-891337544,S3-946374401
S1-296672331	S2-492688125,S3-595387092,S3-351017910
S1-456503698	S2-490506079,S2-897378699,S2-767322313,S3-902397557,S3-466665214,S3-611985006
S1-364084739	S2-142856811,S3-835546497,S3-91447278
S1-279723180	S2-511295695,S3-572676414,S3-125761711,S3-501856374
S1-997248343	S2-817148911,S3-368367114,S3-984462654
S1-812302708	S2-164047080,S3-117391635
S1-17148778	S2-841383785,S2-786952906,S2-232575239,S3-873274627,S3-664763541,S3-843603802
S1-313861075	S2-913293698,S2-812437011,S3-163956438,S3-962570033
S1-260786295	S2-148507622,S2-263623499,S2-308771257,S3-126821570,S3-460934251,S3-499502191,S3-584785197
S1-726454300	S2-452398756,S2-586392578,S3-430221088,S3-410074860
S1-174971429	S2-951665374,S2-744557298,S2-228797659,S3-532637110,S3-285983876
S1-110799801	S2-704248746,S2-605579926,S3-826212487,S3-652940997,S3-67625058,S3-660999644
S1-627864980	S2-591386223,S2-645351123,S3-556428932
S1-937665695	S2-325177361,S2-969898980,S2-214755547,S3-935183445,S3-462660679,S3-151130234
S1-755012374	S2-991378225,S2-596816537,S2-352641607,S3-558743972,S3-432986964
S1-197205293	S2-175963404,S2-95770729,S3-721677516,S3-951077340,S3-34743900,S3-140032490
S1-632465343	S2-471008179,S3-264050182,S3-971733612,S3-521472289,S3-531875237
S1-552925165	S2-763387255,S2-428439868,S3-171181187,S3-536425351
S1-988816252	S2-877875891,S2-129661142,S3-168287570
S1-683445650	S2-355213503,S2-979287754,S2-344760135,S3-682844274,S3-857416287,S3-686540984
S1-986953974	S2-680677312,S2-838378248,S3-12048174,S3-840371375
S1-30544668	S2-641070239,S2-536915243,S3-736884660
S1-359566165	S2-741060453,S2-846535978,S3-441658376
S1-106326930	S2-766998880,S2-518892482,S3-83453994,S3-205393192
S1-838701663	S2-554582487,S2-581021904,S3-340159230
S1-823349040	S2-756763349,S3-914027398,S3-326270100,S3-340963302
S1-862882702	S2-527775130,S3-775812412,S3-103791636
S1-3884076	S2-907342282,S2-802775845,S2-542789124,S2-388799217,S3-508081329
S1-449512950	S2-199153673,S3-293950764,S3-478595671,S3-271233499,S3-262759409,S3-366011730
S1-743851752	S2-883201361,S3-115263858
S1-655243944	S2-881386306,S2-639668840,S3-70783129,S3-289893897,S3-455912056
S1-185551815	S2-946710970,S2-978066138,S3-561229924,S3-324612419,S3-316763075
S1-364398767	S2-84047380,S3-37727120
S1-683788263	S2-779063504,S3-501078612
S1-869162161	S2-614588466,S2-833859053,S3-798980766,S3-792944836
S1-253390548	S2-545238670,S2-474130449,S3-282119271
S1-150681360	S2-820677859,S3-560930929
S1-558402641	S2-231169879,S2-761035582,S2-100811277,S2-727830050,S2-181042089,S3-303016749,S3-190885301,S3-60231321
S1-847214446	
S1-953282797	S3-886569652,S3-606374443,S3-684911733
S1-660188596	S2-444477063,S2-318995185,S3-244521491,S3-880156806,S3-301183152
S1-859429554	S2-785652957,S2-699504354,S3-392287026,S3-448489694
S1-38151369	S2-592231891,S2-454075545,S2-598818764,S3-246188883
S1-361309015	S2-960271974,S3-483911284,S3-680686585,S3-654847738
S1-405141919	S2-155071678,S2-892052286,S2-316585256,S2-469207582,S2-754856819,S3-711334462
S1-314155272	S2-511832664,S3-698373689,S3-119231992
S1-271250984	S2-6200882,S2-856908584,S2-783104453,S3-66691507,S3-255483430
S1-239617846	S2-967603377,S2-334369893,S2-899881269,S2-852091300,S3-219076952
S1-591117448	S2-319537803,S2-748343967,S3-989334473,S3-494923863,S3-424918050,S3-639941129
S1-991594397	S2-108478159,S2-806682727,S2-411718047,S3-855730393,S3-638629281,S3-929786408
S1-438022215	S2-527915576,S3-731632399,S3-545473447,S3-942333032
S1-657625699	S2-257177811,S3-149947395,S3-537345031
S1-888749298	S2-156573872,S2-20605961,S2-904176125,S3-837063223,S3-474721351,S3-177804936,S3-409605253
S1-198252993	S2-755395223,S2-391372948,S3-765092692,S3-974574002
S1-303755060	S2-387384986,S2-839533786,S3-263539658,S3-45167101,S3-390866058,S3-683755169,S3-592595813
S1-23738024	S2-808000911,S3-515656304
S1-844896591	S2-362218588,S3-11966366
S1-64313862	S2-153266455,S2-528336433,S3-890176700,S3-404117574,S3-417944728,S3-371690697
S1-256318607	S2-49740667,S2-453324003,S3-43830153,S3-370873067
S1-249541059	S2-414293572,S2-325320003
S1-185426989	S2-793011878
S1-277568549	S2-611615974,S2-636577186,S3-463158707
S1-512420483	S2-813933994,S2-419872865,S2-948188985,S3-746342714
S1-933243929	S2-944067695,S3-702610584,S3-676958804,S3-376176676
S1-989924267	S2-941206792,S2-973482655,S3-262595741
S1-260697425	S2-517613867,S2-539276252,S2-212680983,S3-296178566
S1-539096570	S2-94231703,S3-307476331,S3-890640332
S1-720744509	
S1-239315048	S3-580377379
S1-895547640	
S1-900348060	S2-717137506,S3-917254103
S1-143612983	S2-155659208,S3-339207403
S1-877425879	S2-287158980,S3-560847801
S1-955130834	S2-242505530,S3-842677909,S3-503994357,S3-934891659,S3-292752341
S1-56115126	S2-221974061,S3-123283768,S3-350017164,S3-681485906
S1-362756764	S2-191718962,S2-175422550,S3-445799227,S3-65379571,S3-117595477,S3-931325695
S1-621690113	S2-21068434,S3-5616089,S3-190819231
S1-215130873	S2-928069250,S3-255655577,S3-459429657,S3-503642904,S3-407438629,S3-220445233
S1-382285965	S2-627813753,S3-810042714,S3-510168555,S3-570561291
S1-532573978	S2-278953837,S3-571994922
S1-2871277	S2-331665362,S3-485579613,S3-150112268
S1-689556484	S2-20053923,S3-966645637,S3-200115173
S1-299157870	S2-301202228,S2-129726428,S3-877623355
S1-309592095	S2-622473644,S3-340434939,S3-29402375
S1-586648451	S2-736227598,S3-833874215
S1-606109978	S2-850087112,S2-814891313,S3-960645266,S3-175823786,S3-558509835
S1-660243284	S2-735779782,S2-372731556,S3-954191794
S1-211942360	S2-155715739
S1-288398730	S2-473253338,S2-468826467,S2-268918749,S3-506651055,S3-480630754
S1-350702402	S2-510790074,S3-697102575
S1-261726983	S3-6712284,S3-517852687
S1-244344237	S2-366737140,S2-461222022,S2-915452866
S1-953056518	S2-952103719,S2-807081094,S2-905408840,S3-774739645,S3-550422314
S1-451799300	S2-368872775,S2-999620810,S2-960775935,S3-608612753,S3-775963577
S1-688023713	S2-243195651,S3-344687879
S1-995567337	S2-503324206,S2-901114014,S2-458359635,S3-170999506,S3-479229877,S3-825340470,S3-340550769
S1-275306807	S2-224977782,S2-836548500,S3-128140288,S3-54841345,S3-491987278
S1-937356823	S2-333278601,S2-59753567,S3-41801400
S1-271750591	S2-311406898,S2-219142757,S2-449215695,S3-689310784,S3-525702632
S1-631398737	S2-138503514,S2-292073075,S3-204787938,S3-108578381,S3-70489303
S1-60238486	S2-254185550,S3-825828743,S3-437412670,S3-801491022
S1-456706799	S2-567268382,S3-65937531,S3-623506473
S1-714258980	S2-870741576,S2-873162942,S2-604734765,S3-799756486,S3-701519948,S3-903740309
S1-711051679	S2-729269227,S3-754499092
S1-337261548	S2-5927771,S2-328974840,S2-994988897,S2-708215676,S3-909912637
S1-764746653	S3-803270467,S3-390989711
S1-385380749	S2-553955627,S3-684473632,S3-676660654
S1-491798927	S2-327325549
S1-704919417	S2-213498782,S2-47908472,S3-399003251,S3-366776196,S3-184554630
S1-414814376	S3-964612349,S3-875401182
S1-646841494	S2-527759308,S3-375050071,S3-852542824,S3-899227168
S1-815825222	S2-143130262,S2-780196044,S3-376718227
S1-19402182	S2-654781658,S3-209538657,S3-137262896,S3-932558598
S1-422760145	S2-346821440,S2-5091094,S2-445229762
S1-958475533	S2-896056665,S2-275468072,S3-583057994
S1-107384007	S2-618593764,S3-401087545,S3-731434111
S1-289063504	S2-561852107,S2-573315978,S3-530380574
S1-513910451	S2-662695411,S2-347431129,S3-40019438,S3-668598076,S3-787360935
S1-288359061	S2-865685728,S3-522915055,S3-876007532,S3-247437316
S1-663859385	S2-824915561,S2-257470549,S3-225239949,S3-279730346
S1-550605615	S2-256901057,S3-997897080,S3-199795606
S1-914995687	S2-263672282,S2-476254969,S3-524918348
S1-813704961	S2-623318081,S3-937622638,S3-147071369,S3-783237326,S3-569946471
S1-76992312	S2-486100035,S3-41215078,S3-58059265
S1-829826991	S2-124499933,S2-936272125
S1-171004818	S2-638246233,S3-501819545,S3-781921669
S1-420593966	S2-518162869,S2-118455,S2-610502640,S3-785011566
S1-632256194	S2-914055714,S2-36918650,S3-466033546,S3-528266727
S1-118170039	S2-707314550,S2-892114297,S2-143890308,S3-495353752,S3-646688361,S3-256563506
S1-332792664	S2-822562373
S1-545563302	S2-285248484,S3-607824449,S3-961183327
S1-221790674	
S1-480591442	S2-432313044,S3-758280839,S3-42372857,S3-346071531,S3-810940843,S3-829119803
S1-587701026	
S1-382674282	
S1-715167399	S2-914065316,S2-993232634,S2-21125523,S2-711893864,S3-588094386
S1-438811218	S2-57664490,S2-837535475,S2-525313782,S2-647143947,S3-436985986,S3-717653834,S3-161601431,S3-291285469
S1-969298915	S2-143010982,S2-656092082,S2-714017267,S3-468624678,S3-547481334,S3-524131862,S3-264959823
S1-594056803	S2-17186006,S2-96233253,S2-193721867,S3-349647936,S3-348113766,S3-573142048
S1-52223771	S2-257847617
S1-289148559	S2-625374950,S2-645073511,S2-587353255,S3-974358206,S3-866289633
S1-414888397	S2-705169915
S1-474687990	S2-578461425,S3-673404083,S3-69317766
S1-23704128	S2-506467091,S3-3713015
S1-347219845	S2-369921699,S2-643005961,S2-752659485,S3-557707413
S1-316755315	S2-467580943,S2-930854295,S3-582211728
S1-798238581	
S1-590581569	S3-166520602
S1-270210707	S2-446586519,S2-254123178,S3-141962130,S3-533159643
S1-393400566	S2-682543348,S3-749207358,S3-281547142
S1-972363721	S2-332656881,S3-429708803,S3-135640692,S3-596525583,S3-120561476,S3-743592424
S1-795206279	S2-859156493,S3-302584736,S3-644733968
S1-965125191	S2-154283555,S2-42901373,S3-407154943
S1-686465524	S2-611559625,S2-397148750,S3-295269979,S3-745131039,S3-190427174
S1-835190617	S2-693975570,S3-116126302,S3-214893101
S1-28326227	S2-637375307,S2-911641427,S3-899710946
S1-730029142	S2-94210128,S3-146395993,S3-204119410,S3-105907186
S1-23121390	S2-370446482,S2-308999312,S2-768917392,S3-10354140,S3-923546424
S1-550003654	S2-89430782,S2-264228518,S3-573619551,S3-402205899
S1-269658432	S2-438785898,S3-433584153
S1-371874635	S2-311808,S2-137073961,S3-684456756
S1-21526648	S2-884716368,S2-721222230,S2-2303053,S3-321432576,S3-162829800
S1-296806571	S2-665828584,S2-421551407,S3-906475287,S3-237799760
S1-296030195	S2-560718770,S2-788237473
S1-744783712	S2-69809314,S3-539643887,S3-650359512,S3-812581265,S3-71317695
S1-860358582	S2-122178984,S3-630743152
S1-327425253	S2-419383065,S2-668893486,S3-223481552,S3-535780115
S1-435517917	S2-547669744,S2-911184923,S3-186963329,S3-477441433,S3-928181781
S1-583880304	S2-329486779,S3-163327193,S3-180585258
S1-796712254	S2-459307402,S2-335244971,S3-795267102,S3-326915441
S1-518796759	S2-821014349,S2-848239347,S3-743961223,S3-43718616
S1-598280837	S2-603783354,S2-997788747,S2-363582508,S3-691363960
S1-785537161	S2-25673892,S2-186529334,S3-420224008,S3-512273446,S3-556156225
S1-388041707	S2-420068334,S2-925973259,S2-897500272,S3-336889640,S3-967466322,S3-381452167,S3-858977968,S3-335870065
S1-323893092	S2-215447588,S2-659857101,S2-54336273,S3-623130641,S3-917842642
S1-551659339	S2-877811901,S3-342963691,S3-362903786
S1-283218479	S2-856017692,S2-19262137,S2-257866123,S2-236544027,S3-442202413
S1-230674983	S2-609696853,S3-5705304,S3-814188931,S3-354388939
S1-166872806	S2-846670553,S2-464251966,S2-440440387,S3-235590378
S1-4974978	S2-811415282,S3-703137889,S3-947193982
S1-470667990	S2-797403279,S3-664975636,S3-501559207
S1-177470509	S2-434303601,S3-210978167,S3-967319236
S1-399887735	S2-923220785,S2-828069829,S2-109086635,S3-941357643,S3-948271193
S1-561159498	S2-867570877,S2-227425363,S3-126343886
S1-41090804	S2-606670367,S2-589615634,S3-929273485,S3-951554137
S1-329998550	S2-578461984,S3-290431952,S3-887779434,S3-301456917,S3-751678364
S1-687946604	S2-95561702,S2-935053742,S2-75866380,S2-318811089,S2-495193460,S3-570782386,S3-796356744
S1-644810595	S2-731797821,S2-335966608,S2-463738423,S3-710201923,S3-424259975
S1-632138364	S2-914186327,S2-950271964,S3-195699284
S1-910787107	S3-758042154,S3-430878442,S3-675108511
S1-309685378	S2-187098723,S2-915935929,S2-523989567,S3-804793368
S1-485642352	S2-147852121,S3-319078308
S1-794894976	S3-964543982,S3-101305304
S1-954241367	S2-203046583,S2-24186152,S3-576720659,S3-268950997,S3-585055380
S1-79877232	S2-487564314,S3-889256189
S1-808238383	S2-708123082,S2-782487083,S3-146937828
S1-705083256	S3-189320525,S3-441844060
S1-914281895	S2-713475210,S3-4436052,S3-324001964,S3-884542532
S1-775692598	S2-745930641,S3-260308941,S3-336628784,S3-681105799
S1-109593962	S2-199917158,S3-118565228,S3-523567654
S1-604590062	S2-332413621,S2-929098440,S3-709460752,S3-541767936,S3-637767074,S3-234199367
S1-896179442	S2-927828064,S3-277152022,S3-765321409,S3-117507735
S1-170538959	S3-821601911,S3-337845390,S3-374174773,S3-513145262
S1-971293452	S2-120183362,S2-150396530,S2-230029641,S3-968522510,S3-514953309,S3-99497076
S1-183290515	S2-319387779,S2-128403509,S2-972691228,S2-640793308,S3-852024502,S3-979898428
S1-567125574	S2-150838296
S1-831953030	S3-751033856,S3-163673487,S3-140145316
S1-890139006	S2-489534737,S3-405481204
S1-748107569	S2-367005874,S2-785304586,S3-397665878,S3-275446284,S3-974622214
S1-164446591	S2-118448580,S2-605028266,S3-28812685,S3-616736405,S3-837822725
S1-397122489	S2-223923735,S3-708508423
S1-18922388	S2-858071683,S2-851208599,S3-568220636,S3-728999429
S1-734993216	S2-227773482,S3-475290153
S1-151727373	S2-916425328,S3-375029478,S3-628820040
S1-430336728	
S1-208097391	
S1-995897123	S2-776738316,S2-617424918,S2-586169786,S3-436781388,S3-994760261
S1-194652691	S2-295222153,S2-823066630,S2-4768472,S3-846185905
S1-975479429	S2-207141909,S2-772066403,S3-289579400
S1-500023233	S2-732649321,S3-372603125
S1-402241052	S2-144951700,S2-907297271,S3-247153679
S1-669733316	S2-656627616,S3-186173791,S3-778227148,S3-530466133
S1-763486690	S2-824362337,S3-681053352,S3-462180193
S1-400650322	S2-84228308,S2-362764851,S3-641745839,S3-122677436
S1-333734493	S2-165390446,S2-44858199,S3-408343510,S3-799140083,S3-99254349,S3-391793511
S1-13459471	
S1-881426134	S2-611577665,S3-752608566,S3-120532975
S1-654486026	S2-407376794,S2-273385574,S3-497843871,S3-27219952,S3-18233005
S1-644319783	S2-658391185,S2-652669800,S3-678832069
S1-758949647	S2-319135557,S2-411058561,S2-753472575,S3-19464306,S3-186646694
S1-359309953	S2-945631907,S3-904247464,S3-226658528,S3-863989577,S3-203863134
S1-300598855	S2-65111536,S3-471125389,S3-94498484
S1-287227864	S2-81349741,S2-965188650,S3-530185172
S1-734821261	S2-618942370,S2-387449332
S1-210403116	S2-868339761,S3-888368892,S3-665216275,S3-905989859,S3-790627623
S1-990354457	S2-355057676,S2-978556719,S3-636105112
S1-353656325	S2-100083276,S2-680584679,S3-257070939,S3-909062859,S3-798785554,S3-303057445
S1-746083627	S3-727097419
S1-794501274	
S1-180407398	S2-321662087,S2-90986584,S3-735360999,S3-80542553
S1-286680045	S2-717823377,S3-476888842,S3-43980577
S1-931473811	S2-486109226,S2-428942233,S2-160842684,S3-754797224,S3-196196445,S3-354348131,S3-467883790
S1-17199832	S2-245401721,S2-343187904,S3-525553958,S3-493298354
S1-203260456	S2-733640695,S2-214427379,S2-822585016,S3-984842983,S3-653214758,S3-204537761
S1-410577550	S2-469412047,S2-988228571,S3-916484684
S1-332182002	S2-19936046,S3-37990194
S1-196576160	S2-708684745,S2-797498751,S2-159002314,S3-676392304,S3-593183433,S3-180926047,S3-598799455
S1-326577657	S2-88471049,S2-193041163,S2-765028847,S2-746019177,S3-793740032,S3-769947589
S1-420925507	S2-203160203,S3-18388563,S3-38088350,S3-75671102
S1-100109534	S2-456305658,S3-173726535,S3-834817305
S1-668968195	S2-846483605,S3-566780260,S3-397506284,S3-591859354
S1-670965363	S2-708332504,S3-26861465
S1-617436415	S2-930061810,S2-907281612,S3-835885556
S1-289542061	S2-785819524,S3-438438825
S1-75051784	S2-270311859,S2-202455727,S2-821910792,S2-21368578,S2-150691203,S3-406664734
S1-246360451	S2-388684631,S3-263347582,S3-622374923,S3-505157875
S1-760667963	S2-262221319,S3-989118574,S3-802167044,S3-863665592
S1-554498365	S2-325413796,S2-94625584,S2-367939947,S3-831567377,S3-982680419
S1-864404672	S2-704688975,S2-100301277,S3-748146965,S3-117182313
S1-606008468	S3-190212614,S3-322554909
S1-503559143	
S1-224916084	S2-47006306,S2-74541854,S2-963477625,S3-656753442
S1-325654285	S2-862023482,S2-55851558,S3-449024377
S1-569530967	S2-129089216,S3-258623917,S3-612664776,S3-235054036
S1-295307019	S2-292042144,S2-44975623,S3-562777362
S1-660076156	S2-586585325,S2-361562650,S2-963169406,S3-851382760,S3-914714358
S1-136179667	S2-311156638,S3-655028378,S3-896508433
S1-779071666	S2-894447711,S3-99240562,S3-254099983
S1-892768886	S2-868688772,S2-182206960
S1-61487633	S2-614148899,S3-985424324,S3-918534022
S1-223236467	S2-974172228,S2-332689889,S3-686921043,S3-316383902,S3-834644032
S1-11302207	S2-462497845,S2-885753406,S2-317371776,S3-757395085,S3-494568989,S3-547274579
S1-529016248	S2-839563753,S3-131782931
S1-958358002	S2-413978746,S2-352616267,S2-404279811,S2-191236765,S3-969092823,S3-406420449,S3-129906398
S1-920128741	S2-987982086,S2-144132128,S3-550998505,S3-344389255,S3-553920357
S1-468092067	S2-17443562,S3-598808382,S3-156749086
S1-575212832	S2-474635774,S2-391296287,S3-90202042
S1-808056305	
S1-432454578	S2-879366632,S2-920111289,S3-889762752
S1-374373873	S3-402781263,S3-771698089
S1-946866802	S2-613083960,S3-829632435
S1-132150599	
S1-372785677	S2-572372835,S2-876953964,S2-680222924,S3-16280215
S1-366921483	S2-837651273,S2-177731812,S2-28792662,S2-695405112,S3-673386629,S3-454215634,S3-944723161
S1-212316920	S2-661901231,S2-242916019,S3-868285804,S3-43016311,S3-131254209
S1-261082046	S3-648050238
S1-680439252	S2-153174604,S3-518345768,S3-947707900
S1-43044582	S2-933142582,S2-85124305,S2-400667124,S2-956915023,S3-108366387
S1-192757112	S2-29099690,S2-97554123,S2-344356876,S3-850800659,S3-362275708
S1-522799506	S2-700249706,S3-956044844,S3-425048411
S1-562736157	S2-135659916
S1-123985580	S2-376776736,S2-751835408,S3-793727438,S3-684229745
S1-294514712	S2-523234440
S1-96886690	S2-386674236
S1-600604729	S2-142974942,S2-456742792,S2-659111294,S2-666899392,S3-571032681
S1-343612376	S3-919573636
S1-153938300	S3-501648829
S1-124298898	
S1-921642430	S2-875992988,S2-893139347,S2-814125378,S3-962492340,S3-4568126,S3-859469570
S1-523182155	S2-762265123,S2-737977439,S3-738526276
S1-661098344	S2-515979427,S3-182260348,S3-618252646
S1-404998558	S2-861488294,S2-389422952,S3-885764812,S3-512682692
S1-852030997	S2-841621186,S2-907480604,S2-359549629,S2-227019177,S3-830838530,S3-499497315
S1-115683921	S2-301482093,S2-65501746,S3-961668196,S3-553245897
S1-3892247	S2-169252352,S3-343324038
S1-987375275	S2-328532430,S2-401313862,S2-494775875,S3-275798620,S3-459105416,S3-107882656
S1-659175866	S2-405356055,S2-677006055,S3-235520529,S3-52430000,S3-387776647
S1-30217767	S2-774649998,S2-840565535,S2-661475178,S2-374959935,S3-610052988,S3-846370131
S1-35757603	S2-551453076,S2-836589646,S3-435254251,S3-690859996
S1-176194512	S2-126037988,S2-753330615,S3-540862469,S3-735674792,S3-475071565
S1-245985596	S2-404428651,S2-149727998,S2-912804964,S3-110660731,S3-746175571,S3-379939148
S1-100365400	S2-282273778,S3-169471428
S1-416305841	S2-613147012,S2-450039518,S2-388168609,S2-637797628,S2-387985230,S3-480206960,S3-573150853
S1-703735371	S2-782475326,S2-519149050,S3-12136301
S1-131190690	S3-80911626,S3-988033921
S1-743789700	S2-920534670,S2-426964356,S3-867273669,S3-855056798
S1-11448513	S2-273809839,S2-827354151,S2-492161984,S3-680882349
S1-756955445	S2-384142265,S3-397915695,S3-962839753
S1-788294122	S3-738448705,S3-867884532
S1-667909168	S2-749762842,S3-482054757,S3-629796468,S3-488874514
S1-244608607	
S1-318977844	S2-180948207,S2-406376135,S2-465455755,S3-891911954,S3-661599918
S1-554140203	S2-79905752,S2-749350291,S2-552422813,S2-755137461,S3-242802389
S1-129416502	S2-378289511,S2-618660779,S3-121505041
S1-278943754	S2-176034363,S3-608619498,S3-23940923
S1-926707859	S2-969988349,S3-824205685,S3-459385899
S1-708508898	
S1-364429122	S2-593322453,S3-197477088
S1-428981437	S2-268697328,S2-853967561,S2-884366351,S3-168564211,S3-148406273
S1-388446115	S2-274401413,S3-949603456
S1-994203877	S3-699869973,S3-484374385,S3-269171353
S1-716451136	S2-31343065,S2-749779212,S2-487852953,S2-62477417,S3-642244334,S3-601709706,S3-167001092,S3-915954872,S3-596772585
S1-132767242	S2-236578462,S2-275696593,S2-580427846,S2-33211040,S3-180224560
S1-982984603	S2-707166657,S3-562632671,S3-956618327
S1-264679680	S2-48546260,S3-854421430
S1-562986502	S2-305435436,S2-282163876,S3-98698640,S3-732972839,S3-46019063
S1-638016430	S2-907130522,S2-942607725,S3-626807772,S3-692188678,S3-229554313,S3-288696915,S3-555575622
S1-773387688	S2-248366814,S2-796632929,S3-577325097
S1-575674667	S2-627011482,S2-996681108,S3-458357878,S3-445544579,S3-546086368,S3-726748119
S1-783518091	
S1-672951415	S3-70625626,S3-753197196,S3-130668390,S3-349392161
S1-222734131	S2-487025480,S3-914897360,S3-656229637
S1-120396535	S3-342122461,S3-879206063,S3-8617717
S1-648376479	S2-229623554,S3-87215067
S1-177241641	S2-701819480,S2-172475646,S2-505086652,S2-149766288,S3-22324102
S1-790965203	S2-52191434,S3-232387152
S1-719255010	
S1-149092361	S2-168909057,S2-709740064,S3-584248867,S3-49879895,S3-210358031
S1-545210421	S3-704566174,S3-379172679
S1-125935238	S2-494484844,S2-372633350,S2-514851211,S3-303186082,S3-824212237,S3-293639214
S1-681160793	S2-891856879,S2-395532965,S3-987734207,S3-515561648,S3-558764097
S1-849233313	S2-162837948,S2-890140326,S3-887028740
S1-598228526	S3-53928330,S3-806965338,S3-307896404
S1-720511261	S2-230935368,S2-888152272,S3-810965798,S3-264208857
S1-364861670	S2-672665299,S2-461855967,S3-700153581
S1-661690541	S2-457149368,S2-956512250,S2-197434960,S2-284721663,S3-139680162,S3-441705552,S3-749773417
S1-535178949	S3-32235811,S3-140017259
S1-407704425	S2-681006858,S2-310565366,S2-249523036,S2-641001986,S3-275258640
S1-283013172	S2-1975467,S3-485104561,S3-204998929
S1-62178354	S2-596137442,S2-956848973,S3-205228257,S3-737837764
S1-178903663	S2-282581671,S2-871758223
S1-940680747	
S1-641639353	
S1-779425860	
S1-997650748	S2-679944918,S2-944663459,S3-555745179,S3-404228470,S3-369069793
S1-315682359	S2-260280311
S1-256116349	S2-88675908,S3-337636728,S3-781959126
S1-214959549	S2-135033678,S3-55367576
S1-500395708	S3-663116419,S3-37518225
S1-378749556	
S1-14448673	
S1-738071841	S2-216003245,S3-656325628
S1-539655547	S2-109390476,S3-839254878
S1-904641792	S2-243764861,S2-810813977,S2-414256753,S2-30198793,S3-173746424
S1-86254898	S2-869427180,S3-333452624
S1-633829247	S2-265281205,S3-68802328
S1-338644069	S2-653614735,S3-187791369
S1-741128363	S2-484303030
S1-958543863	S2-886947928
S1-952244178	S2-914560498,S3-340597601,S3-630331250
S1-723078987	S2-340236468,S3-249522768,S3-844089007,S3-650471645
S1-28453582	S2-72442936,S2-146579726,S2-273367337,S3-979369233,S3-638530782
S1-868945111	S2-576523285,S2-429309696,S3-803740106,S3-936148707,S3-765863355
S1-507732665	S2-71746113,S3-858617832,S3-709740534,S3-358977768,S3-178624588
S1-476874826	S2-91880900,S2-783289295,S2-931392519,S3-911018340,S3-378539016
S1-819347180	S2-251794267,S3-611073721,S3-218350669
S1-335994787	S2-946964997,S3-863775920,S3-164758676
S1-194550645	S2-839447794,S2-439314898,S2-52502518,S3-22196773
S1-293275428	S2-31153959,S2-432053598,S2-397252955,S3-347499556
S1-343690942	S2-102246008,S2-318066962,S3-593190209
S1-384090359	S2-361578186,S2-856379117,S3-837915003
S1-381900880	S2-295737112,S3-211394937,S3-957028842
S1-915642112	S2-402715888,S2-91009340,S3-403169986
S1-109932442	S2-792984398,S2-478270527
S1-443022811	S2-331707463,S2-808156553,S2-763847715,S3-342201717
S1-782585260	S2-217960968,S2-597840910,S3-81522073,S3-301222761,S3-973843500,S3-718485781
S1-261704835	S2-712978464
S1-742696221	S2-875998753,S2-21704936,S2-457495721,S2-126247024,S3-609776940,S3-232874027,S3-417138619
S1-696908232	S2-254201282,S3-811836089
S1-287772185	S2-487481698,S3-362886446
S1-625874531	S2-769217657,S2-279286807,S2-781836094,S3-62560436,S3-182890574
S1-650390016	S2-422716036,S2-230318262,S3-320715619,S3-866311700,S3-878079181,S3-922077992
S1-727381193	S2-724149294,S3-163987059,S3-295270051
S1-727686013	S2-244152687,S2-389881714,S2-986940248,S3-232519749,S3-343979962,S3-391121684,S3-562383456
S1-926626262	S3-36044583
S1-674046857	S2-666516126,S2-91923098,S2-302038434,S2-344455692
S1-86766910	S2-531908062,S3-638759317
S1-900353897	S2-830060932,S2-278013484,S2-379199913,S3-425631105
S1-13355188	S3-410923822,S3-943452243,S3-384571781,S3-802702369
S1-267071757	S2-72196607,S2-367237866,S2-167880419,S3-304299787
S1-493243219	S3-824823298,S3-735348122,S3-137892345
S1-59474645	S3-617276276,S3-180857360
S1-174171861	S3-227575059,S3-494163345
S1-92068166	S2-493242665,S2-788076584,S3-630972075,S3-606189543,S3-705419214
S1-33745503	S2-220028154,S3-774556416
S1-544153034	S2-13235949,S2-918884783,S3-641597990
S1-165937999	S3-87467790,S3-766423819,S3-716931273
S1-576056148	S2-426683016,S2-244199728,S2-557031545,S3-334379933,S3-501425410,S3-587086752,S3-662003974,S3-606497358,S3-633717330
S1-102500336	S2-836664456,S2-37718357,S2-597516267,S2-16417764,S2-539821042,S3-239861443,S3-86548047
S1-613595380	S3-862471137
S1-919094063	S2-396879800,S3-774430010
S1-458279858	S2-313022838,S3-861212698,S3-206182753
S1-841376780	S2-485960600,S2-902955597,S2-193715408,S3-285613238
S1-129783257	S3-683078820,S3-31969399
S1-198786916	S2-460906835,S2-228950353,S3-174982925
S1-310160836	
S1-846416101	S2-609727102,S2-571902529,S3-6510857,S3-397161331,S3-956458727,S3-560424886,S3-798919448
S1-101933359	S2-610676249,S2-883646361,S3-550755616,S3-489839174,S3-574743686,S3-193783608,S3-688495250
S1-701363835	S2-360078924,S2-377233912,S3-863667215,S3-674473693,S3-683899870
S1-176307346	S2-742970538,S3-2106122
S1-575272596	S2-23844841,S2-871842149,S2-273284707,S2-644236550,S2-142047567,S3-812895334,S3-870664415
S1-178252371	
S1-180440335	S2-701972268,S3-278161857
S1-729777698	S3-981590643,S3-96877441
S1-973613897	S2-702038236,S2-18824946,S3-376512712,S3-875866915,S3-430225486
S1-482767162	S2-953458366,S2-868551337,S3-543737975
S1-525076766	S2-416349575,S2-955764413,S3-57576202,S3-882464297,S3-168360862,S3-441397123
S1-159265354	S2-327393683,S2-685302821,S2-792721992,S3-794453469,S3-945212187
S1-66670978	S2-110025488,S3-714699451
S1-476229978	S2-777355389,S2-769476897
S1-321648485	S2-276463791,S3-264604047,S3-932082996,S3-772750581
S1-595584379	S2-90794520,S3-623406014,S3-73875129
S1-185491325	S2-563314886,S2-65755767,S2-775062568,S2-277316319,S3-661297563,S3-946165958
S1-220467518	S2-634226364,S3-564067092,S3-869469862
S1-813196491	S2-563177618,S2-886127710,S3-964463197,S3-943512242
S1-331782121	S2-162959227,S3-477032572
S1-117568069	S2-795255485,S3-774478709
S1-867636377	S2-739033454,S2-492007733
S1-489879219	S3-695864518
S1-985760905	S2-319316823,S2-693241474,S2-186919003,S2-115062951,S3-405354702,S3-439554105,S3-200963631
S1-367981822	
S1-396880873	S2-589481940,S2-474381391,S2-826731871,S3-956492835
S1-434099993	S2-950450589,S2-999431918,S2-349198774,S3-880074882
S1-221671666	
S1-855854352	S2-144852028,S3-677980514,S3-681336942
S1-729963974	
S1-959134934	S2-94442442,S2-22391750,S3-165309032
S1-147061516	S2-992724373,S2-889970085,S3-532384147,S3-377394682
S1-812323348	S2-425669908,S2-908228412,S3-439462603
S1-630488273	S2-429732333,S3-732719184,S3-902040254,S3-383447201
S1-931070977	S2-610846413,S2-782436948,S2-185075524,S2-276568653,S3-996138535,S3-44931684,S3-119547665
S1-8369493	S2-716108154,S3-877173482,S3-97991495
S1-71236461	S2-913718589,S2-228522832,S3-664584782,S3-891775601
S1-386805796	S2-782252993,S2-873615384,S3-383563605,S3-998103985
S1-414566417	S2-82785475,S3-926073794
S1-500971244	S2-195867308
S1-64970768	S2-656021890,S3-840286757,S3-1273534
S1-603849401	S2-442447011,S3-136081082,S3-907775422
S1-132277685	S2-493319953,S3-249790459,S3-323908394
S1-994437498	S2-421613665,S3-498056371
S1-205642784	
S1-494744463	S2-139298231,S3-160794523,S3-266332355
S1-723690266	
S1-396992341	S2-521178663,S3-735302856
S1-320676568	S2-43587955
S1-741048456	S2-60922642,S3-36964922,S3-214413605
S1-496258616	S2-672308533,S2-73315583,S3-518640125
S1-722885349	S2-983677642,S2-708154736,S3-858620682
S1-728759210	S2-911286375,S2-648596577,S2-133200793,S2-122003248,S3-712870504,S3-704512634
S1-827122880	S2-660515300,S2-96288944,S3-233305147,S3-377823013
S1-117525650	S3-230664101
S1-219765772	S2-73475891,S2-359968183,S3-363685397,S3-985947781
S1-415164434	S2-572185194,S2-586847051,S2-732748707,S3-847760454,S3-675749624
S1-119709427	S2-475237686,S3-603491072
S1-204552244	S2-489125381,S2-593117235,S2-202813015,S3-379025755
S1-298888351	S2-671785527,S2-171053933,S3-393779577
S1-217486040	S2-875781575,S3-681823866,S3-333899249,S3-367346935
S1-619804628	S2-530209279,S2-748833051,S3-643385836
S1-105764764	S2-267872800,S2-913937007,S3-738731348,S3-984259538,S3-859771044
S1-251291044	
S1-781972397	S2-543739668,S3-700726232
S1-521027263	S2-373305722,S2-787197096,S3-237293493,S3-647253067
S1-852064180	S2-312573764,S3-508824062
S1-632569241	S2-942349288,S3-118192964
S1-869086057	S2-63952229,S3-301678304,S3-844054592
S1-704247768	S2-401909745,S2-761174695,S3-934085598
S1-264081337	S2-842619117,S3-933367133,S3-471202233
S1-978845068	
S1-302592333	S2-783696437,S3-679165376
S1-21753446	S2-296172929,S2-184847379,S3-313085386,S3-496744851
S1-243476946	S2-361636702,S2-847251746,S3-767477894,S3-530233750
S1-852715012	
S1-569837313	S2-498393002,S2-500733349,S2-661035493,S3-802017525
S1-1417216	S2-29318389,S2-830253339,S2-654270066,S3-978856236,S3-129693697
S1-431175894	S2-52014716,S3-378746918
S1-106966123	S2-236522713,S2-224711873,S2-278888692,S2-619602212,S3-560100668
S1-696168332	S2-35700569,S2-139056641,S2-332084372,S3-958295378
S1-814793410	S2-873556187,S2-392145339,S2-17194923,S3-534253649,S3-656312289
S1-107975488	S2-35385665,S2-364021667,S3-976838152,S3-402873903
S1-399298487	S2-18002875
S1-606820035	S2-643038520,S3-398602633
S1-916718480	S3-160258651,S3-90646248
S1-576321397	S2-868127388,S3-225003722,S3-728037600
S1-11723896	S2-852857124,S3-964203738
S1-805566443	S2-523509616,S2-1951465,S3-332170817,S3-185064247
S1-31959681	S2-663329794,S3-981871469
S1-273093097	S2-278023340,S2-382715444,S3-450130062,S3-479239684,S3-510122982,S3-465706051,S3-125201939
S1-69873923	
S1-378524485	S2-475161347,S2-285260766,S2-252623679,S3-801884419,S3-375696821,S3-405535028
S1-729213488	S2-566099391,S3-610231308
S1-452328758	S2-294426720
S1-350094757	S2-196038492,S2-728849723,S3-591562825,S3-350132199
S1-390838754	S2-287660910,S3-43104736
S1-175077420	S2-21068811,S3-893727119,S3-450601273
S1-695942298	S2-671903958,S2-846121989,S3-541247257
S1-859171839	S2-734885736,S3-494516830
S1-349490818	S2-77700517,S3-236141340
S1-47912482	S2-536237085,S2-916564250,S3-393651638,S3-963789716
S1-760571322	S2-353092135,S2-536558272,S3-541467279
S1-641196862	S2-873614553
S1-313700530	S2-381851696,S2-593024747
S1-620129069	S3-632093625,S3-637235644
S1-443084206	S2-573483308,S3-914728336,S3-329144357,S3-84617890,S3-539485699
S1-563272438	S2-708413362,S3-342273571,S3-793024718
S1-132096549	S2-349478062,S3-752796495
S1-93364669	S2-818354061,S2-997142043,S2-10529349,S3-179199829,S3-894339631,S3-931161797,S3-737529592
S1-100324612	
S1-832050262	S2-856926544,S3-673592452
S1-350799036	S2-660791587,S2-504124615
S1-562175396	S2-884638973,S3-586454408,S3-563393560,S3-196413883
S1-175961840	S2-778846012,S2-32892146,S2-196840499,S2-132710191,S2-98426633,S3-344479834
S1-769132981	S2-228603660,S2-50503000,S2-138669293
S1-202756080	
S1-226268723	S2-310298765,S2-145877571,S2-777481159,S3-416110899
S1-636957501	S2-688848091,S2-916695069,S3-449603725,S3-304851288,S3-871549310
S1-141017168	S3-177986687,S3-233035925,S3-837067038
S1-818138854	S2-176420298,S3-977017584,S3-162382514
S1-650871450	S2-94421348,S3-81804477,S3-960717783,S3-242913124,S3-379209441
S1-220123647	S2-266437162,S2-767535321,S2-504612567
S1-713777959	S2-509488005,S3-280354428,S3-478897442
S1-831090227	S2-297054511,S3-9648333,S3-261533299,S3-830970141
S1-565373599	S2-94388063,S2-563691319,S2-187309079,S3-412182189
S1-805559134	S3-992482227,S3-865686833
S1-954451343	S3-164877461
S1-902422050	S2-715707300,S2-830791024,S2-469944644,S3-502045988
S1-401673985	S2-688413823,S2-179691566,S2-587535977,S2-957452972,S2-268182758,S3-504321699,S3-630421669
S1-836117858	S2-622161281,S3-424713380
S1-971401943	S2-367259550,S2-385360519,S3-33840993,S3-342416705,S3-133067760
S1-320563578	S2-737562930,S2-330209305,S2-301224351,S3-128292067
S1-926777120	S2-914514330,S3-640440086,S3-201486043
S1-204791742	S2-289010987,S2-717582147,S2-101004099,S3-797040409,S3-684974903,S3-971484155,S3-181744081
S1-568735313	S2-223965575,S2-796657884,S2-440253638
S1-473112445	S2-539749938,S3-84017453,S3-756068109
S1-275239484	S2-961403572,S2-810206705,S2-570931402,S3-339316236,S3-578716006
S1-659332378	
S1-993896174	S2-926616562,S3-51509016
S1-248333413	S2-209299113,S2-908575164
S1-469424334	S2-852619238,S2-886774968
S1-316106555	S2-989860697,S2-791564793,S3-676048929,S3-812740888
S1-666374733	S3-847484231
S1-606804763	S2-199887157,S3-184947134,S3-669278669
S1-658885004	S2-941044225,S2-747831792,S2-61592759,S2-77747369,S3-391261306,S3-943938430,S3-849187368
S1-206849540	S2-958517432,S3-661210870
S1-180206717	S2-984091186,S2-73706324,S3-809337662,S3-479389074
S1-589372424	S2-213646588,S3-460072749
S1-381813432	S2-455505337
S1-579433542	S2-465989096,S3-686983112
S1-811121697	S2-180545749,S3-846152971,S3-29902361
S1-498966014	S2-126306852,S2-80522620,S2-131741448,S3-176062886
S1-714992493	S2-584234198,S3-591915115
S1-823532500	S2-220475937,S2-135935174
S1-98441852	S3-453715759
S1-493138996	S2-437688723,S3-74170819,S3-555204476
S1-387650052	S2-240501546,S3-373777380,S3-662773831,S3-824921372
S1-848721241	S2-64387501,S2-401290539,S2-716741637,S3-592056148,S3-710279508
S1-877394249	
S1-305730898	S2-748776564,S3-894888087,S3-314933954,S3-190037912
S1-136001689	S2-212792653,S3-271777941,S3-758390309,S3-825594402,S3-316312767
S1-437921408	S2-16548012,S3-947666185,S3-7132224
S1-596612689	S2-240200643,S3-246232168,S3-34190575,S3-853594839
S1-710149190	S2-60796846,S3-868919904
S1-70043295	S2-561874334,S2-444059466,S2-587062138,S3-755461019,S3-467746072
S1-431556347	S2-647344027,S2-491567454,S3-632515875,S3-340324162
S1-416613506	S2-566513991,S2-584328428,S2-857323110,S3-47965311
S1-143510112	S2-790943015,S2-906075995,S2-820850032,S3-973711701,S3-170636886
S1-265169103	S2-200722899,S3-600114866,S3-585501543
S1-879564913	S2-949842822,S3-269317300
S1-214119211	S2-528473005,S2-170100406,S3-991936179,S3-828723558,S3-250069925
S1-163869375	S2-196132237,S2-32145026,S3-512007172
S1-576995684	S2-171162744,S3-481979745
S1-373651039	S2-733487275,S3-770012109,S3-6170524
S1-480158538	S2-146953775,S2-497910085,S2-121226226,S2-16480423,S3-660484580,S3-107836483,S3-520873660
S1-911672680	S2-21210516,S2-21686764,S2-488041389,S3-786005686,S3-289353728,S3-646768022
S1-891275716	S2-123544206,S3-634767346
S1-248463846	S2-471425283,S2-563109118,S2-181016662,S2-39205723,S3-716419381
S1-353886587	S3-699593858
S1-682523825	S2-245614499,S3-116499830,S3-119279436,S3-770248457
S1-65565586	S2-292335754,S3-378298943
S1-471450906	
S1-579807935	S2-418325426,S2-152587575,S2-558130562,S3-393843374
S1-688123789	S2-705086978,S2-136255079,S3-637617497,S3-673494256
S1-23856434	S2-779619606
S1-76468161	S2-49077923,S2-784343391,S2-496121180,S3-644849657,S3-214537213,S3-318885431
S1-463879518	S2-663087238,S2-702119559,S3-463930276,S3-589421387,S3-215405289
S1-70372721	S2-88000814,S2-826586318,S3-354783202
S1-13081301	S2-581195112,S2-167816813,S3-507108482,S3-30937553
S1-479832626	S2-202628267,S2-599419816,S3-507463477,S3-747016064,S3-120203723
S1-298123204	S3-882638615
S1-64423771	S2-311522067,S3-417573672,S3-346285454,S3-508261785,S3-906325759
S1-576615436	S2-770551476,S2-991339277,S2-162844502,S3-511970870,S3-90151132
S1-33679216	S3-603605205,S3-341514770,S3-980203975
S1-956902396	S2-627122143,S2-538287040,S2-215715773,S2-992350163
S1-581867733	S2-108968176,S3-403135036,S3-959132349,S3-506683334
S1-465930062	S2-81873953,S2-932694216,S2-799108105,S3-973889303,S3-812119910
S1-566009366	S2-209081816,S2-840990980,S3-58878467
S1-348865280	S2-61184877,S2-492314370,S3-904264803
S1-527664763	S2-581346778,S2-344968856,S2-579829375,S3-207113343
S1-813444083	S2-188794062,S2-39999297,S3-961847038,S3-712664261,S3-628270451,S3-287780537
S1-298182947	S2-74020850,S3-382178342,S3-639808276
S1-137375780	S2-116206447,S2-972140571
S1-647303857	S2-175362050,S2-508111862,S3-711838591
S1-993636915	S2-803657153,S3-72189219,S3-551555433,S3-754539339
S1-237177847	S2-619979022,S2-665077604,S3-538637647
S1-702804238	S3-189869077,S3-619363866,S3-299553089
S1-527791341	S2-262598821,S3-720573436,S3-167667711
S1-888475509	S2-138492196,S3-196044535,S3-538579749
S1-781005250	S2-948258039,S2-201612636,S3-392411120,S3-117307154
S1-801055021	S2-311942190,S3-175162804,S3-697844198
S1-18789095	S2-180986210,S2-920664858,S3-395103707,S3-439411737,S3-719562587
S1-234129982	S2-785572148,S2-902016558,S2-498532183,S3-569877066,S3-135298867,S3-367346325
S1-801894442	S2-431077642,S3-905129283,S3-362205013,S3-573715420,S3-41558583
S1-440366196	S2-107024797,S3-243030748
S1-235455145	S2-202473952,S2-970858301
S1-601655225	S2-107802615,S2-339078765
S1-915765272	S2-532804173,S2-547014881,S3-115923063,S3-641997798,S3-151930111
S1-347639856	S2-549696851,S3-74869075,S3-355445032
S1-966822462	S2-712962694,S3-238816271,S3-665328612,S3-162645049
S1-905269811	S2-872846190,S3-69492250,S3-739345030,S3-274149100
S1-556484436	S2-425630714,S3-172831454,S3-208073447
S1-334980441	S2-758852089,S2-968605696,S2-412064355,S3-208714416
S1-104486190	S2-381380141,S2-205947852,S2-575226821,S2-931939814,S3-32748707
S1-945473328	S2-202218021,S2-908692025,S2-533632907,S3-594460851,S3-422233654
S1-757132829	S2-232759658
S1-472004421	
S1-532220334	S2-778745347,S3-345612812
S1-747676958	S2-622640221,S3-299061703,S3-133214974,S3-802064274,S3-527574696,S3-759740808
S1-974262486	S3-439274906
S1-394509887	S2-207899676,S2-254869670,S2-686931655
S1-174513984	S2-147852145,S2-198118654,S2-586294286,S3-647367408,S3-335074611,S3-37760584
S1-511599958	S3-106289459
S1-496893663	S2-249110872,S2-185895975,S3-978093617
S1-843651840	S2-158799464,S3-569967564,S3-872206053
S1-842983493	S2-859918264,S2-149280986,S2-878151338,S3-503637833
S1-581802697	S2-973135818,S2-185305938,S3-940671059,S3-707710690,S3-636448374
S1-523271818	S2-163556599,S3-74888273
S1-662264524	S2-947598134,S3-723471386
S1-690367576	S2-717603217,S3-714435563
S1-665710461	S2-787616883,S3-737853821
S1-978097437	S2-766916642,S2-767769254,S3-337612926
S1-614222428	S2-358995715,S2-237538068,S3-413862879
S1-598548390	S2-766597833,S3-468334870,S3-259631390,S3-20049063
S1-950473771	S2-47199545,S2-568664164,S3-888313475
S1-530500005	S2-458603365,S2-137188804,S2-529051857,S2-565031183,S3-68505008,S3-673332972
S1-885325753	S2-862529360,S2-820279250,S3-367808282,S3-988493975,S3-779474405,S3-966459797
S1-902708255	S2-297260264,S2-963130023,S2-600238415,S3-555103400
S1-74742448	
S1-954611473	S2-532397913,S3-176892573,S3-713297392
S1-695566958	S3-658465955
S1-501181840	S2-460607254,S3-170063188
S1-835682577	S2-69145459,S2-428654181,S2-223129090,S3-41824266,S3-731792989,S3-285418917
S1-352848280	S3-262172210,S3-279686791
S1-298441391	S2-931477478,S3-863782298,S3-797442876
S1-208047438	S2-173147740,S2-317500096,S3-734357656,S3-458035620
S1-820876279	S2-295162549,S3-20180609
S1-375311170	S2-976425057,S3-179894156,S3-599281267,S3-772578569,S3-716978285
S1-117328785	S2-822679099,S2-525489560,S3-404008912,S3-716614363,S3-833300471,S3-474064493,S3-58825519
S1-792681001	S2-350421241,S3-826592553,S3-912565906,S3-736959169,S3-348550473
S1-157633405	S2-875700797,S3-399344484,S3-151632575
S1-412935387	S2-813546452,S2-584256168,S2-975980104,S3-284369258,S3-973162007,S3-504702911
S1-627921015	S2-110754687,S3-28369726
S1-101298543	S2-565666769,S3-670708501,S3-31854475
S1-466051402	S3-471067734,S3-472949110,S3-587774101
S1-28542682	S2-129210428,S2-938206107
S1-201953835	S2-884418256,S2-807723118,S3-557707615
S1-529098208	S2-793101818,S3-714524753
S1-404204072	S2-680891733,S2-43818188
S1-982823520	S2-173156791,S3-741161558
S1-332709346	S2-828652360,S3-424003356,S3-900969148,S3-377712774,S3-15823747
S1-836404791	S2-893553107,S3-235930540,S3-416615631,S3-259593105
S1-366543540	S2-967088358,S2-114703422,S3-209530583,S3-543815490,S3-342385349
S1-927439441	
S1-606490135	S2-113725807,S2-830535902,S3-48912264,S3-194051544,S3-922279479
S1-312136906	S3-696927801
S1-785727849	S3-814603321,S3-835066339
S1-773140953	S2-885672178,S2-483237483,S3-319996523
S1-153229012	S2-638623146,S3-41529237
S1-479756373	S2-118602294,S3-801617101,S3-40858779,S3-236962953
S1-96500646	S2-753839215,S2-881421594,S2-896306915,S3-217623115
S1-374447696	S2-654135426,S3-309165181,S3-624426398,S3-302565185
S1-383391664	S2-353019495,S3-592225176,S3-881923966
S1-939215291	S2-283005186,S2-781490289,S2-323159300,S2-77173862,S3-788944164,S3-337912937
S1-38607383	S2-861311017,S2-396636251,S3-829545996,S3-962035502
S1-41872427	S2-112188199,S2-32895558,S3-832114393
S1-38401919	S2-174426494,S3-446331963,S3-947969237
S1-24909078	S2-206003725,S2-653590801,S2-645534252,S2-708992431,S3-827056677
S1-653436323	S2-243364070,S2-400776766,S3-635706570
S1-31839210	S2-643031882,S3-884030278,S3-263642356
S1-746550858	S2-58614475,S3-660154408,S3-482260743
S1-314440550	S3-147266876,S3-711610537
S1-738727483	
S1-979104856	S2-317852063,S2-867322406
S1-276415360	S2-167330871,S3-132205778
S1-635448401	S2-223142163,S3-784528363
S1-956213693	S3-71079214,S3-54081551
S1-278550044	S2-778600991,S3-152578668,S3-844838199,S3-416330454
S1-441609621	S2-484830115,S2-277282216,S2-755852221,S3-555113951,S3-562907988
S1-37759110	S2-253862202,S3-943488904
S1-791350673	S2-835790118,S2-688732792,S3-323586841,S3-693312308
S1-171232743	S2-586300855,S3-520844780,S3-636690699,S3-590337572
S1-171124248	S2-558889270,S2-822505182,S2-599261076,S3-474566894,S3-237463750,S3-87928683
S1-185568304	S2-968692387,S2-898712204,S3-611477223,S3-473016328
S1-440953421	S2-736311502,S2-21778740,S2-7690725,S3-342506729
S1-618045630	S2-312736790,S3-439602396,S3-400112629,S3-200436913,S3-185601874
S1-870041797	S2-698850882,S3-40782240
S1-788518299	S3-550080604
S1-739355864	S2-618690812,S3-967061473,S3-921574871
S1-526816916	S3-234902120,S3-759034853,S3-83138401,S3-883121692,S3-772328280
S1-565276433	S2-627056836,S3-160274744
S1-840961764	S2-308741469,S2-618341747,S2-613080913,S2-326313763,S2-86221723,S3-697564549,S3-440321527,S3-519933551,S3-192731870
S1-57830465	S2-952544530,S2-567265094,S2-846162940,S3-746180025
S1-975800177	S2-577214220,S3-516539832,S3-884767275
S1-668474448	S2-149980945,S3-183642705,S3-343898068
S1-547434022	S2-669829953,S3-82812772
S1-956803340	S2-643594148,S2-213597678,S2-191046860,S3-961837168,S3-369221262,S3-996259644
S1-153715376	S2-696002686,S3-231732826,S3-897303834
S1-537495518	
S1-952932719	S2-648932766,S2-203041918,S3-796418865
S1-688389912	S2-370470598,S3-386681119
S1-40048409	S2-262380805,S3-371647352
S1-582403027	S2-350423426,S3-50281450
S1-520442821	S2-27792003,S2-665432609,S3-384831933
S1-755216136	S2-513066988,S3-112877390,S3-112285144
S1-239188103	S2-554042438,S2-745661355,S3-69434462
S1-348413877	S2-463767135,S3-231584653,S3-788984089
S1-490378752	S2-586956481,S3-82006428
S1-763112366	S2-789030883,S2-567505912,S2-109166365,S3-529383130
S1-936164337	S2-641813636,S2-879538738,S3-406434366,S3-365793934
S1-864038052	S2-525893677,S3-566812966
S1-52566267	S2-933109582,S2-889337118,S3-647090227
S1-476032232	
S1-487911894	S2-217745088,S3-470579133,S3-911748221,S3-51840177
S1-991109664	S2-27154574,S3-878978637,S3-564435196
S1-468559725	S2-320247123,S2-373105906,S3-231046856,S3-753450015,S3-150245187
S1-176022234	S2-995825940,S3-995159937
S1-413151292	S2-237730241,S2-328038184,S2-804798394,S3-949589123
S1-353994754	S2-306335530,S2-234363804,S2-174900579,S3-657086920
S1-429417491	S3-840558966,S3-395700654,S3-849769935
S1-845507859	S2-24496898,S2-680902222,S3-105925672,S3-600133640,S3-201026405
S1-941653043	S2-647445724,S2-352266554,S3-828009897
S1-613517393	S2-649519831,S2-664447396,S2-593664813,S3-655306599,S3-945806165
S1-915961918	
S1-882186266	S2-722091186,S2-638116913,S3-621655725,S3-156608689,S3-883982333,S3-863007883
S1-57998859	S3-398609186,S3-338141668,S3-33140885
S1-312171728	S2-141073438,S3-975372012
S1-317354694	S2-558622992,S2-694047574,S2-401787251,S3-582266581,S3-470943744
S1-664789697	S2-240372768,S3-89941603,S3-863092726,S3-204778581
S1-969584345	S3-925620213
S1-222955052	S2-334018836,S2-11361412,S3-410982794,S3-289135034,S3-579604979
S1-906604225	S2-395187585,S3-496674117,S3-470369544
S1-150132393	
S1-313139340	S2-323000513,S3-960084769,S3-734974195,S3-130029428,S3-922759700
S1-993210803	
S1-910913872	S2-926866471,S3-536028452,S3-465429773,S3-613726370,S3-73108411,S3-333704415
S1-330794274	S2-926804713,S3-205672754
S1-874715867	
S1-232040435	S2-811469771,S2-422633167,S3-738266354,S3-476544451,S3-289243835
S1-76884022	
S1-844636298	S2-375565708,S2-277199763,S3-229755628,S3-835763713,S3-881180939
S1-327223430	S2-164945569,S2-643237198,S3-140729962
S1-345973888	S3-259486894,S3-138572269
S1-969359084	S3-785521957,S3-117429563
S1-270346740	S3-109023350,S3-582652910
S1-409065768	S2-593764079,S2-444567548,S3-588030447,S3-988342119,S3-429443907
S1-338263105	S2-246961560,S2-641884413,S3-244439668
S1-865509540	S2-52957374,S2-652967093,S3-569119983,S3-778502678,S3-415148073,S3-839768578
S1-951159035	S2-417819840,S2-875950440,S3-723985585,S3-836271457
S1-155277378	
S1-872171138	
S1-875123974	S3-3022854
S1-947134124	S2-285479972,S2-515430954,S2-507682207,S3-467610013
S1-332633797	S3-971354514,S3-679742767,S3-120094780
S1-650989164	S3-899739007,S3-129744782
S1-968743706	S2-323668979,S2-510293145,S3-313950358
S1-11235970	S2-436126168,S3-98487193,S3-543738124
S1-556351196	S2-911810263,S3-268177805,S3-877177434,S3-249567259
S1-276765548	S2-987292664
S1-80657975	S2-112314486,S2-280302100,S3-495220504,S3-100554983
S1-258952627	S2-586915875,S2-66281652,S2-642325710,S2-859048902,S3-748955969
S1-840069842	S2-214108604,S3-451720811
S1-268584924	S2-887072677,S2-744988206,S2-216027519,S3-961840895,S3-132198530
S1-151997193	S2-161214099,S2-670665108,S2-413813783,S2-709840313,S3-817619426
S1-928804494	S2-409402615,S3-417833700
S1-554906929	S2-671757029,S2-721854500,S3-937165299
S1-206569853	S2-246893714,S2-650042785,S2-298174647,S3-902889499,S3-384745949
S1-893695207	S2-522964122,S2-721917107,S2-814421229,S3-832843490,S3-639631814
S1-367678985	S2-842042266,S2-45739229,S3-296592595,S3-80643363,S3-424887909,S3-320283778
S1-717956928	S2-374710414,S2-124432095,S3-450434727,S3-371718109,S3-844321658
S1-440998037	S2-338402503,S2-160738909,S2-431055358,S2-624488252,S3-89209299,S3-210955274
S1-379149603	S2-891580821,S3-449251224,S3-348455254
S1-960449899	S2-943749349,S3-697231331,S3-467985871,S3-925889676
S1-761661692	S2-802765784,S3-491843054
S1-667439846	S2-501387381,S2-8949728,S3-791690064,S3-355463754
S1-34188140	S2-890472559,S2-973234692,S3-957989589,S3-557832594,S3-157465541
S1-22904457	S2-458831613,S3-806995747
S1-688983753	S2-545675957,S2-884291634,S2-595565148,S3-775205573,S3-13387829
S1-741895099	S2-415273143,S3-685158959
S1-16253430	S2-509770246,S3-431862884
S1-267682501	S2-102234956,S2-6065943,S3-515933286,S3-474020962
S1-121956177	S2-557735871,S3-672710118,S3-88490459
S1-736788724	S2-923629757,S3-248716346
S1-693256026	S2-530134764,S2-879721226,S2-906826507,S3-788157737,S3-471536556
S1-780227346	
S1-38241942	S2-568676161,S3-262913036,S3-10104411
S1-199554784	S2-605498104,S2-916911106,S2-425339415,S3-870311893,S3-785387667
S1-289962618	S2-718193362,S3-919438962
S1-920620020	S2-646895637,S2-103716158,S2-847764795,S3-251558527
S1-987094042	S2-616365780,S3-518879286
S1-973304639	S2-178208297,S3-911270872
S1-995858858	S2-486001660,S3-460259281
S1-679028455	S2-719110768,S2-295086067
S1-269190111	S2-796754110,S2-84228909,S3-579069621,S3-783909124,S3-659590613,S3-242935744
S1-73544343	S2-217009442,S2-990352886,S2-207245469,S2-117683236,S3-260045209
S1-618098148	S2-362055922
S1-297991452	S2-170871388,S2-94455164,S3-934773930
S1-34940329	S2-835449021,S2-903023022,S3-338926309,S3-951652837
S1-856111350	S2-75148785,S3-856986375,S3-359679199
S1-939343016	S2-521624902,S3-752265087,S3-744619276
S1-590392911	S2-923345876,S2-959597922,S2-943166437,S3-850711887,S3-734816586
S1-872354662	S2-288645216,S2-76049916,S2-363218449,S3-64718385,S3-375804730
S1-456900390	S2-245917164,S3-337696255,S3-547897382,S3-127674718
S1-928756142	S2-468838308,S2-800707841
S1-182010095	S2-313251099,S2-607519508,S3-173949390,S3-81129918
S1-147531129	S2-25871513,S3-963793298,S3-106797188,S3-647867088
S1-956726685	S2-612026656,S2-405900046,S3-479204903,S3-481162373,S3-79811407
S1-102206723	S2-580299414,S2-932550817,S3-848461213
S1-162920360	S2-797895855,S2-712456328,S3-692622379,S3-438326057
S1-34844029	S2-873326689,S3-21672920
S1-901640603	S2-133479863,S2-843136718,S2-500773865,S3-363664033
S1-80158072	S2-844052040,S3-925106995,S3-155578350,S3-331948925
S1-393540392	S2-26932880,S2-314399871,S3-734354535,S3-856478591
S1-249653998	S2-430985420,S2-48987082,S2-450781943,S3-336394108,S3-946399748
S1-858025906	S2-435744016,S2-660584710,S3-115667289,S3-708717083,S3-832738864
S1-251080561	S3-475161094,S3-81126200
S1-942252068	S2-685895475,S3-162084580,S3-25868056,S3-730397995
S1-466963472	S2-883537549,S2-534444137,S2-24944329,S3-960798549,S3-205046672
S1-312141786	S2-252241563,S2-632535685,S2-265917620,S2-336403390,S3-758348908,S3-147758634,S3-877384461
S1-467172907	S2-144130825,S3-557552533
S1-126664737	S2-158040977,S2-326284857,S3-629198262,S3-175650281,S3-254714941
S1-245218012	S2-93963979,S2-242862215,S2-705511620,S3-698274146
S1-912645081	S2-571419532,S3-820970537,S3-7897903
S1-710309449	S2-987415196,S3-523486542
S1-684738092	S2-826899308,S3-96975774
S1-845829210	S2-933843292,S2-236474599,S3-135843918,S3-842729013
S1-449777693	S2-549458386,S3-681395695,S3-852550870,S3-659688504,S3-740201362
S1-958297307	S2-753140238,S2-180499790,S3-103154542,S3-278439020
S1-661100755	S2-706073190,S2-87633679,S2-385913611,S3-905747755,S3-870434389
S1-510640586	S2-431727928,S2-754450081,S3-243061544,S3-45739167
S1-66750495	S3-922974947,S3-753311946,S3-215888527,S3-183793805
S1-16669725	S2-146482866,S2-646878957,S2-296025218,S2-982333667,S3-557455730,S3-88052787
S1-763368386	S2-709985464,S2-888478173,S2-722357104,S3-186288637,S3-417087034,S3-882659726,S3-981129593
S1-137019696	S2-939910395,S3-217918032,S3-407818176
S1-791263821	S2-22658616,S3-195093056,S3-834523308
S1-820183068	S2-886059595,S3-996455401,S3-668780965
S1-958725920	S2-400224703,S2-365579790,S3-57203445
S1-875282110	S2-499157661,S2-156558238,S3-84938772,S3-503725867,S3-798131388
S1-907412145	S2-740142356,S2-75362421,S2-466038137,S3-156461474,S3-897110563
S1-847307458	S2-803648232,S3-509854488,S3-954442288,S3-592781193
S1-958383057	S2-212095185,S2-111571581,S2-241119354,S3-75736684,S3-264224599
S1-517767364	S2-350873171,S2-47455501,S3-456940507
S1-34698027	S2-783389260,S3-16939046,S3-623971926,S3-975650664
S1-774021325	S2-302419065,S2-15792908,S2-15255056
S1-383410847	S2-602452572,S2-646252185,S2-213160343,S2-89565742,S3-775861858,S3-660283156
S1-962469068	S2-758458061,S2-308997749,S2-453145966,S3-410228161
S1-488343063	S2-863923611,S2-576134614,S3-562039598,S3-183405618,S3-730555480
S1-786154505	S2-765132294,S2-378000587,S2-266047688,S3-982624068
S1-32048079	S2-881452813,S3-134350666
S1-297037917	S2-272937180,S2-170522322,S3-485771535
S1-85129189	S2-135197506,S3-879251388
S1-611095267	
S1-681058092	S2-855825608,S2-764234996,S3-79016449
S1-173690404	S2-334416395,S3-232264120,S3-404927684
S1-986516034	S2-853483077,S2-759812507,S2-952118763,S2-825092928,S3-5379716,S3-588063432,S3-577172914
S1-609879461	S3-993693216,S3-857167994,S3-551793521,S3-552791999
S1-283762760	S2-868414988,S3-195020413
S1-969243928	S2-40451082,S2-369647429,S3-29610628,S3-641917269,S3-792459302,S3-412676114
S1-426174033	S2-948096957,S3-219832061
S1-523632949	S2-658153348,S2-858637848,S3-465784216,S3-847906297,S3-847443790
S1-64183137	
S1-952116333	S2-111083927,S2-157593681,S3-634091821
S1-330996341	S2-155175654,S3-12434441
S1-107452900	S2-703456589,S3-559088411,S3-177747919,S3-86525443,S3-96949810
S1-797372029	S2-772203835,S2-5690433,S2-845746087,S3-615250048
S1-723604233	S3-212043753,S3-531856045
S1-783786202	S2-909464994,S2-229177568,S3-642583889
S1-370447359	S2-365692796,S2-642686964,S3-698074344,S3-592689178
S1-384495382	S2-224782387,S2-442716998,S2-103927734,S3-267287394,S3-31415032,S3-769607337
S1-781760071	S2-253667490,S2-281854101,S2-627854841,S3-417128360,S3-194211483,S3-383057808
S1-681598856	S2-948662239
S1-549136348	S2-436118035,S2-606861999,S3-845557579
S1-177182415	S2-559311001,S3-737356733
S1-317914331	
S1-468108859	S2-232011077,S2-609803413,S2-717855349,S3-545783894,S3-882765892
S1-49997314	S2-883449415,S3-565006230,S3-534903702,S3-324993052,S3-314346773,S3-828812504
S1-870502378	S2-906145096,S3-793689583,S3-90426399
S1-475561146	S2-140452114,S3-843015808
S1-28076299	S2-374002259,S3-738541795
S1-683366305	S3-421364462,S3-782424200,S3-386543376,S3-291914263
S1-362114529	S2-802393665,S2-299860691,S3-992039774,S3-334028237
S1-102206737	S2-977766064,S2-457147999,S3-363240648
S1-34763037	S2-996036447,S2-490957355,S2-865772337,S3-451455184,S3-704438857,S3-355522854
S1-633912801	S2-144668767,S2-932927575,S2-253829421,S2-855448309,S2-751301430,S3-524351885,S3-41032396
S1-992926925	S2-574062507,S3-421721689,S3-447280367
S1-574873538	S2-670489422,S3-263141318
S1-650333786	S2-531956182,S2-87794293,S2-827267259
S1-62507795	S2-168515639,S2-898031752,S3-364218342
S1-844947042	S2-995768599
S1-279269272	S2-609651674,S2-617470054,S3-295083651
S1-735611791	S2-788264251,S2-621614129,S2-552147199,S2-247630151,S3-337654425,S3-85765139
S1-332389192	S2-833378080,S2-513794392,S2-667206235,S3-348612440
S1-256361953	S2-856310930,S3-380315751
S1-737093634	S2-759907112,S3-307090935,S3-993035924,S3-241142938,S3-855784899,S3-11333743
S1-525115854	S2-187325103,S2-711069517,S3-725474686
S1-765188725	S2-232090117,S3-983992584,S3-494552743
S1-220448941	
S1-739035466	S2-292722313,S2-661604845,S3-250624358,S3-278760307,S3-768720619,S3-821209762
S1-870589169	S2-536049718,S3-251527334,S3-923735541
S1-697332200	S2-522628160,S2-913383201,S2-616790882,S3-832599561,S3-42117384,S3-999714226
S1-133990000	S3-83196601,S3-59985449
S1-902801260	
S1-368607084	S2-490796738,S3-726417667
S1-986263644	S2-904702809
S1-203757633	S2-564058539,S3-902112308,S3-315574887,S3-673780219
S1-403726853	S2-56217942,S2-611732521,S2-67044718,S2-724916285,S3-736607435
S1-191211002	S2-254812068,S3-13786758,S3-819171567,S3-365792894
S1-218380071	S2-255280346,S3-29568732,S3-766605261
S1-810819030	S2-102642396,S3-5124189
S1-480754757	S2-667921032,S3-357691624
S1-887756512	
S1-667136487	S2-658686991,S3-132310925
S1-793433762	S3-759716392,S3-756744260
S1-280992258	
S1-638354776	S2-551919037,S2-508748892,S2-509152186,S3-731105086
S1-946213326	S2-878615521,S3-300666895,S3-940767405
S1-462399576	S2-30071921,S3-916994876
S1-674129778	S2-980466322,S3-287669350,S3-992516640,S3-711405847
S1-572269236	S3-2408739
S1-591670838	S2-587500587,S2-592573251,S2-763126096,S2-846506168,S3-921541399
S1-170934192	S2-276426159,S2-485736078,S2-122586858,S3-364542093
S1-57721335	S2-170325318,S2-677001430,S2-34331932,S3-736603428,S3-786306972,S3-390828068
S1-18704024	S2-322846951,S2-762311834,S2-499706056,S3-284194238
S1-126664459	S2-694510725
S1-515775719	S2-685981766,S2-700479514,S3-811069660
S1-962816231	S2-760635829,S2-666855424,S3-470975290,S3-529747288
S1-770588946	S2-537566302,S3-291695606,S3-772381784,S3-186238506
S1-95742235	S2-488299702,S2-170421979,S3-956631186,S3-231579128
S1-354233325	S2-718463259,S2-547665000,S3-349708637,S3-691220181
S1-975588880	S2-695716096,S3-871697729,S3-477353991,S3-639477433
S1-705118055	S2-323971504,S2-574977697,S3-377565070
S1-153963222	S2-371904789,S3-467494806,S3-379303393
S1-495351615	S2-317737472,S3-210077064,S3-667556917
S1-749766134	S2-163878429,S3-329070717
S1-170236326	S2-625359420,S3-434409361
S1-523391648	S2-809621154,S2-118256318,S2-717944182,S2-109779486,S2-452120619,S3-530961449,S3-937048292,S3-271459764,S3-716830513
S1-887188549	S2-228630363,S3-487883522,S3-298635381
S1-826041251	S2-25103987,S2-461694512,S3-770523908,S3-839137667,S3-663561537
S1-984940763	S2-613234078,S2-537176720,S3-348230198,S3-482974611,S3-47835534
S1-223970197	S2-146853834,S3-235155653
S1-640822834	S2-449223285,S2-817255797,S2-589078783,S3-485494494
S1-23198605	S3-836888004,S3-882303040,S3-105476906
S1-805248801	S2-97179264,S2-898352135,S2-128689654,S2-384313220,S3-824997676,S3-433548279,S3-351319781,S3-642637225
S1-13788702	S2-109813376,S2-81616916,S2-847158846,S3-411353420,S3-355961728
S1-64263582	S2-152626112,S2-886741749,S3-316748177,S3-683333941
S1-897532620	S3-747965821,S3-93573097,S3-935202836
S1-760945453	S2-701539138,S2-297847752,S3-202730898,S3-767838416,S3-938225134
S1-661314115	S2-336319513,S2-308099560,S3-82967360
S1-719550572	S2-327176933,S3-315102553,S3-940734871
S1-674328781	
S1-689077166	S2-226177388,S2-794432828
S1-501423706	S2-657228827,S3-740687990,S3-811487914
S1-778921081	S2-525693276,S3-621931650,S3-233242606
S1-914285806	S3-95028819
S1-576552505	S2-185102239,S3-383407611,S3-401725695
S1-668414344	S2-810973634,S3-26877854,S3-668162875
S1-653384835	S2-410039171,S2-972542531,S2-333206762
S1-894251996	S2-776720587,S3-598336352,S3-2716340,S3-814079814
S1-970834030	S2-59317744,S3-307257420,S3-452238496
S1-980527692	S2-768499411,S2-381460360,S3-90342542
S1-736503914	S2-89274312,S3-875756022
S1-923089955	S2-671328376,S3-177304049,S3-362818379
S1-92152516	S2-397206236,S3-693167340,S3-741425334
S1-340896926	S3-145899694,S3-172496828
S1-461231695	S2-353764431,S3-900754811
S1-504616419	S2-680032466,S3-969106468
S1-713870051	S3-335315012
S1-713597587	S2-839108246,S3-781270898
S1-579478756	S2-738640685,S2-755447775,S2-67680553,S3-901585640
S1-648454424	S2-627529205,S3-435667789
S1-517755890	S2-114696300,S3-623771496,S3-859512390,S3-130994861,S3-743501011,S3-197026,S3-904410462
S1-8890689	S2-272882224,S3-852229284,S3-994068317
S1-995230954	S2-634246326,S2-265142147,S2-976289410
S1-894079582	S2-354657932,S3-88145680,S3-120170769,S3-816988928
S1-373563969	S3-883559049
S1-888132442	S2-639813423,S2-944973466,S2-807273173,S3-381900593,S3-784786412
S1-342466559	S2-80327137,S2-863657536,S2-83217519,S2-874173213,S3-742978802,S3-674366317
S1-200592763	S2-196504480,S2-678147413,S3-333877287
S1-140600400	S2-866816492,S2-263041330,S2-527447402
S1-930233312	S2-935444259,S2-748070756,S2-980904625
S1-877296256	S2-326944790,S3-8471245
S1-941562865	S2-652811690,S2-381779421,S3-949546046,S3-883944438
S1-266544063	S2-133460267,S2-628958120,S2-986624207,S3-458138552
S1-498250167	S2-729796580,S2-200030965,S2-157602926,S2-606311522,S3-723359518,S3-956925574,S3-106524062
S1-997004125	
S1-654038920	S2-971408868,S2-35262231,S3-738467723,S3-482673477,S3-5621742,S3-793502293
S1-788734312	S2-757451850,S3-281613786
S1-449213930	S2-649435026,S3-545700405,S3-481794118,S3-316167056
S1-653213566	S2-155027038,S2-976932037,S3-729222071,S3-916705903
S1-913057731	S3-422099591
S1-907810840	S2-969202077,S2-939495417,S2-282885409,S2-213677366,S3-368657100,S3-81426099,S3-973390471
S1-697873818	S3-532882681
S1-800657767	S2-943934239,S2-781662233,S3-366622255,S3-929578500,S3-543969777,S3-931986291
S1-38082080	S2-818711277,S2-175854369,S3-106464915
S1-303179863	S2-130681730,S3-128497226
S1-21999003	S2-167376141,S3-174563442
S1-630213803	S2-471866356,S3-7747861,S3-612886910,S3-634568836
S1-809308505	S2-70877263,S2-180921938,S2-612255268,S2-768432694
S1-96592923	S2-114016596,S2-635220790,S3-58680413
S1-636119444	S2-510914444,S3-837497590,S3-510058015,S3-229279511
S1-487411959	
S1-357337914	S2-261441543,S3-39478458
S1-764234045	S2-379381424,S3-953682583
S1-601665899	S2-287816509,S2-932901656,S2-298773840,S2-111466932,S3-637878052,S3-329087345
S1-33869471	S2-973387005,S3-926267330,S3-904053169,S3-450913063
S1-431903166	S2-617293944,S2-570756418,S3-495678548,S3-849762532
S1-349526089	S3-748379148,S3-989930071
S1-826197758	S2-347564938,S3-107185104
S1-927267654	S2-209337849,S3-12867678
S1-112308458	S2-537740526,S2-361766161,S2-511329117,S2-808492411,S3-101887219,S3-912982146
S1-620955468	S2-485392931,S3-382297694,S3-382736650
S1-526485332	S2-230606353,S3-712605297,S3-23929867
S1-134370187	S2-938297699,S2-402662379,S3-636907439
S1-540848947	S2-661994330,S2-964030335,S3-746137018,S3-129294098
S1-32927252	S2-596397653,S3-536083860,S3-534801460
S1-246638277	S2-412641732,S3-295074036,S3-916949503,S3-46315974
S1-717909294	S2-275514699,S3-296422022
S1-899841766	S2-281904583,S2-604507323,S2-952287937,S3-741287570,S3-187783333,S3-45045059
S1-859319473	S2-854222119,S2-936164338,S3-619726456
S1-125687146	S2-320293896,S2-200462116,S3-958282983,S3-432172629,S3-649844502,S3-699430219,S3-976447994
S1-815411125	S2-119173280,S3-650405741
S1-904923867	S2-676690799,S2-282652034,S3-894098792,S3-180702558,S3-988025752
S1-447519365	S2-957806006,S3-515489286
S1-166423595	S2-897068526,S2-673646589,S2-393638505,S3-803072265
S1-166329389	S2-993648048,S3-915881220,S3-620149046,S3-808776362
S1-914887627	S2-144439239,S3-978122150,S3-245279781,S3-203950488,S3-50470952,S3-186027808
S1-340628171	S2-69104866,S3-208779725,S3-657207094
S1-767138355	S2-427952917,S2-533822367,S3-544194078
S1-245699717	S2-672697911,S2-41061862,S2-492705598,S3-629875531,S3-145458646
S1-386646475	S2-571965308,S2-674425953,S3-288195458,S3-717199106
S1-855289123	S2-971632485,S3-696896338,S3-922912178
S1-570400975	S2-16974563
S1-872387681	S2-838860653,S2-857815608,S2-269693633,S3-374236400,S3-735953865,S3-233122899
S1-569229689	S2-281389910,S3-668762517,S3-25969254,S3-225523150
S1-665075703	S2-913270919,S3-278213476
S1-586956467	S2-947953872,S2-29834311,S3-617857077,S3-757505675,S3-939495638,S3-916396829,S3-376601471
S1-773037667	S2-315867208,S3-702518116,S3-131851194
S1-533767137	S2-350973312,S3-359508490
S1-920436723	S2-806805363,S2-596191587,S2-82040810,S3-449087549
S1-490725588	S2-800792433,S2-695180837,S2-658157669,S3-568452335,S3-687481435,S3-706835965
S1-808636359	S2-414644502,S3-818314345,S3-58382068
S1-87961827	S2-198743740,S3-645110536,S3-79995897
S1-789759210	S2-962396946,S2-663458560,S3-573468067,S3-234621464
S1-90460202	
S1-910159796	
S1-812823372	S2-55874468,S2-186086055,S2-690224531,S3-340787802,S3-536889705,S3-387257712,S3-118046313
S1-767945510	S2-309842817,S2-532399173,S2-52097450,S3-913309806
S1-497864956	S2-623385677,S3-344383247,S3-22533648,S3-68275427
S1-217209152	S2-444243399,S2-367542873,S3-781158880,S3-331980060
S1-70461488	S2-665109385,S2-947679696,S3-240154789
S1-135621193	S2-513678484,S2-720863132,S2-653655357,S3-308548281
S1-759928343	S2-140530881,S2-59785624,S3-662179122,S3-640312725
S1-945707273	S2-38650944,S2-553334665,S3-294738398,S3-251035496,S3-821852027,S3-14484978,S3-735397982
S1-133224266	S2-970648696,S2-302588519,S3-153210058,S3-83082824
S1-815519296	S2-820137977,S2-580429103,S3-181975883
S1-730428166	S2-683573110,S3-300514980,S3-710611862
S1-950091772	S2-805055515,S2-326856568
S1-554408912	S3-950402212,S3-307309730
S1-908945602	S2-277818167,S3-422956231,S3-185550632,S3-336537327
S1-565310502	S2-421345514,S2-880782073,S2-309798260,S3-158286952,S3-494175352
S1-221079756	S2-521917409,S2-536995055,S3-922390432,S3-457304815,S3-393936822,S3-611563359
S1-183603578	S2-901301970,S2-301867879,S3-274258569,S3-785120219
S1-899650223	S2-584669918,S2-888740161,S2-7578411,S3-778750160
S1-678605455	S2-296987484,S2-871359300,S3-441951257,S3-117467139,S3-887920599
S1-601132167	S2-903814434,S2-653225509,S3-642322363,S3-453154695
S1-913420023	S2-754119090,S2-920428754,S2-414095109,S3-410871949,S3-616849225
S1-728209765	S2-59170453,S2-163070148,S3-877140483,S3-164605937,S3-844327313
S1-692385574	S2-404327808,S3-422279809,S3-583158247,S3-432257436
S1-657339664	S2-841248389,S3-70284611,S3-659778484
S1-912127840	S2-283630130,S2-922692808,S2-862903672,S3-688600184,S3-825323825
S1-440773087	S2-877575096,S3-975756508
S1-297380975	S2-52852038,S2-975723017,S3-384926633,S3-735381233
S1-474893789	S2-454707668,S2-202108224
S1-177441097	S2-20169549,S3-953611326
S1-216840230	S2-577959665,S3-947183470,S3-881236419,S3-219314274
S1-269927630	S2-359604527,S3-39737905,S3-761737723,S3-266621282,S3-746477445
S1-665957316	S2-231611785,S3-760141622,S3-44833912
S1-416448116	S3-189108743,S3-373197165,S3-594026568,S3-800693363,S3-812103625
S1-688159230	S2-549486080,S2-237584743,S2-962549426,S3-516038041,S3-771620131
S1-5603041	S2-714987348,S2-65081449,S2-452736519,S2-852342206,S3-877064148,S3-12250530
S1-957728623	S2-20492343,S2-67878194,S3-659592376
S1-728501133	S3-184294900,S3-10638121,S3-832109352
S1-706871402	S2-710081318,S2-354637291,S3-706598586,S3-339963821
S1-321419943	S2-443510707,S2-485423414,S3-589206539
S1-758665544	S2-207020396,S2-964912662,S3-508492923,S3-89279672
S1-897903318	S2-601841038,S2-984289151,S3-524852000
S1-971358378	S2-49079456,S3-762280349,S3-517526244,S3-386541850
S1-897114947	S2-623486745
S1-223777531	S2-873702725,S3-837292550,S3-969651622,S3-796748040
S1-597677293	S2-134716065,S2-868437431,S3-41652674
S1-942409187	S2-114412253,S2-218722385,S2-605201959,S3-531408691,S3-710066283
S1-504881467	S3-972932050
S1-452412573	S2-27185860,S3-939433736,S3-503686923
S1-281782003	S2-449378610,S2-977223500,S3-356518464
S1-942731197	S2-77064245,S2-302662598,S3-279611988,S3-650254090
S1-876540003	S2-965693147,S2-922149362,S3-911921665
S1-845546791	S2-741960199
S1-137252060	S2-931103059,S2-799568875,S3-284717173
S1-816490429	S2-497494238,S3-473747741
S1-781324018	S2-667191157,S2-945362153,S2-123025336,S3-648591253,S3-741388833
S1-925439166	S2-170517809,S3-214637161,S3-337965652
S1-722018025	S2-605834913,S3-888466611,S3-448292090
S1-60951741	S2-996130339,S3-87758686
S1-91303667	S2-574397147,S3-575585769
S1-90286632	S2-625882148
S1-383740360	S2-51353988,S3-556185124,S3-384790716,S3-352935363,S3-991970187,S3-155947953
S1-134552087	S2-586865298,S2-117041113,S3-397200573,S3-773373150
S1-563645879	
S1-614100151	
S1-792291004	S2-66679437,S2-950780682,S3-266212428,S3-864684876,S3-108999919
S1-595258747	S2-538535226,S3-387446046,S3-824596072,S3-952220462,S3-978214241
S1-782320784	S2-558160939,S2-389425796,S2-523475631,S2-403505720,S3-530019919,S3-348503943
S1-375464245	S3-836220787,S3-826049714
S1-790027274	S2-5771192,S3-536264724,S3-934365215,S3-197967831
S1-582613007	S2-322965997,S3-774981419
S1-880643397	S2-567672051,S2-108785866,S2-834352829,S3-34957973,S3-93777671,S3-251597334
S1-265413641	S2-431204037,S3-960412164,S3-612430024,S3-136002655
S1-558784443	S2-101317698,S2-83125388,S3-47688033,S3-931029041
S1-692983986	
S1-891697553	S2-72396943,S2-516565257,S3-562670976,S3-910169908
S1-258105939	S2-351312688,S2-16775350,S3-840310892
S1-622957148	S2-285490993,S3-834136289,S3-786450578
S1-717397629	S2-228896092,S3-482543480,S3-893694983
S1-145259625	S2-620419239,S3-924378615,S3-243430349,S3-989921891,S3-878303120
S1-538808124	S2-842661245,S2-690740250,S2-959493821,S3-423955336,S3-386996260
S1-769968859	S2-616006383,S3-221032157
S1-141941253	S2-6063085,S2-102406964,S2-234736362,S3-123274062,S3-65237004,S3-159484018
S1-428751350	S2-210729931,S2-77998972,S3-355075516,S3-73467861,S3-408647061
S1-494538745	S2-166193536,S2-397765784,S3-313187887
S1-986753230	
S1-704568959	S2-24065445,S2-8811913,S2-917016946,S3-217435873,S3-964402027,S3-392762078,S3-163490659
S1-866223929	S2-672659742,S2-804569943,S2-273600194,S3-384998647,S3-156971054,S3-257068163
S1-496065441	S2-786620996,S3-569831576,S3-40248844,S3-832178933
S1-784947579	S2-956782726,S2-365596063,S2-335164834,S3-701558078,S3-213941661,S3-548836950
S1-414944930	S3-265549608,S3-245915031,S3-495872481,S3-118757142
S1-387997909	S2-19065105,S3-611565511,S3-290432487
S1-424737074	S2-477815095,S2-332893330,S2-78288144,S2-604788841,S3-118499210
S1-201337664	S2-4951025,S3-44087406
S1-474985507	S2-986998468,S2-406395748,S2-574642869,S3-167537749
S1-433682896	S2-510893016,S2-384638128,S2-393970011,S2-409307241,S2-168498729,S3-763414007,S3-246372608,S3-694429306
S1-432777941	S2-206328821
S1-5295461	S2-820426270,S2-784640513,S2-649549065,S2-326822767,S3-366166705,S3-755406062
S1-585655121	S2-32729427,S3-477044718,S3-692623701
S1-484929991	S2-895336353,S2-410125114,S3-370405074,S3-468915757,S3-280819041,S3-12884538
S1-736635628	S2-368251827,S2-633045211,S3-44169698,S3-565513621
S1-235793269	S2-136504638,S3-340498468,S3-974360010,S3-276819155,S3-877704593
S1-345506917	S2-923454380,S2-470052444,S3-633982800,S3-764394757
S1-334820820	S2-187260143,S2-764055461,S2-574575372,S3-210818363,S3-888291552,S3-600880273
S1-315851491	S2-47064098,S2-584018428,S2-703380467,S3-905287940
S1-498218866	S2-217071321,S3-564791383
S1-61829415	
S1-539762538	S2-367348873,S2-297783049,S2-230214346,S3-911420992,S3-823394312,S3-156071169,S3-179724784
S1-296523023	S2-737680281,S2-534628163,S2-198259970,S3-505288414,S3-742290560
S1-755110822	S2-477326782,S2-311110186,S2-784398561
S1-646743715	S3-750959494
S1-823507871	S3-4238940
S1-260215069	S2-724561849,S2-454770529,S3-730459189,S3-91802082,S3-717198296,S3-888465689,S3-699646301
S1-961045042	S2-573489578,S2-18002053,S3-126829388,S3-728010352,S3-632712677,S3-842853439
S1-897495228	
S1-881702132	S2-327484558,S2-336063046,S3-379070450,S3-102716157,S3-233284131,S3-524444248
S1-950712151	S2-148332904,S3-48749729
S1-984476715	S2-375428561,S3-326476730,S3-752283801
S1-204715597	S2-229102200,S3-708105664,S3-172622823
S1-599612665	S2-717038954,S2-367585458,S3-794378660,S3-157482707,S3-632691193
S1-118304579	S2-483609245,S2-617914709
S1-516877492	
S1-927634906	S2-64915368,S2-17753117,S3-918234119,S3-801887172,S3-358419221
S1-279534597	S2-11843593,S2-909501954,S3-894106835
S1-300782212	S2-775087169,S2-13698549,S3-796521350,S3-288896885
S1-903379045	S2-297092754,S3-919713316,S3-355485402
S1-609106688	
S1-455390061	S2-611414797,S2-470667108,S3-828037992,S3-785447201,S3-604531614
S1-562717328	S2-242438933,S3-84379429
S1-279637722	S2-757761156,S2-843826495,S2-233627884,S2-743228187,S3-316571593,S3-45581880,S3-817298474
S1-943981127	S2-508556946,S3-966189665
S1-938708347	S2-659265739,S3-80654410,S3-840182079
S1-358359507	S2-30388750
S1-718618083	S2-952448192,S3-612773013,S3-326034544
S1-278523742	S2-210416257,S2-128469755,S3-810288401,S3-943228767
S1-934076354	S2-553006048,S2-42503510,S3-991187075
S1-689324166	S2-460854139,S2-833110212,S2-446013599,S2-148868514,S3-672199517,S3-166344450
S1-162464449	S2-167594633,S3-434125222
S1-774519782	
S1-584820969	
S1-876550742	S2-37231322,S3-269969406
S1-136050903	S2-733527803,S2-250860267,S3-409488992,S3-177766184
S1-355646715	S2-807869092,S2-904459028,S3-225598093
S1-647737596	S2-341106636,S3-340642867
S1-15061391	S2-534318399,S2-867231731,S3-941079486,S3-287594118,S3-414250563
S1-12309098	S2-453787309,S2-275996878,S2-804816552,S2-496116259,S3-376821146
S1-54541655	S2-534281121,S2-128579603,S3-678891439
S1-342612208	S2-723852858,S3-492502301,S3-213142973
S1-651276763	S2-939696371,S3-389992457,S3-251712731
S1-704726507	S2-259674721,S2-400041177,S2-17406950,S3-66906229,S3-725765981
S1-733316718	S2-16004047,S2-304804389,S2-399447379,S3-142954921,S3-318407323
S1-137389819	S2-300918320,S2-387839722,S3-774841390,S3-317148853
S1-35316102	S2-787034529,S3-285540959,S3-928331739
S1-207205752	S2-431860000,S3-666259573
S1-383993818	S2-531664693,S3-86931268,S3-315009573
S1-833827485	S2-777786370,S3-84787821,S3-198507244
S1-106786002	S3-260182442,S3-659223881
S1-143629604	S2-626499823,S2-726020020,S3-433702717,S3-523448992,S3-606210960,S3-973410744,S3-966884170
S1-911254186	S2-30886091,S3-858283504,S3-91759966
S1-703767121	S2-621779787,S3-475109578,S3-73916526,S3-11181705,S3-518874466
S1-315618381	S2-547262443,S2-306931127,S3-822190436,S3-697608673
S1-480229353	S2-590888484,S2-594326109,S3-287295049,S3-112977107,S3-952131610,S3-141793401,S3-43289411
S1-199424053	S2-423729854,S2-729353364,S3-405271592,S3-527428180,S3-55047317,S3-329759936,S3-650215014
S1-182877858	S2-523758666,S2-626955371,S3-409715974
S1-288666702	S2-907637660,S3-628358383,S3-177848237,S3-917130156,S3-519622989
S1-322278645	S2-843869139,S2-123295283,S3-554656762,S3-495891878,S3-359588675,S3-776968619,S3-133372091
S1-197025412	S2-666892279,S3-364898751,S3-656841989,S3-417223343
S1-842494421	S2-976617112,S3-781841774
S1-173444224	S2-204421197,S2-315743501,S2-897653507,S3-41117674,S3-631115593,S3-2714410,S3-985666466
S1-684553276	S2-840441966,S2-390443981,S2-849426005,S3-488480338,S3-411041408
S1-587221175	S2-860072088,S2-872780584,S2-368912531
S1-45766539	S2-982838825,S2-947481206,S2-753506985,S3-765572080,S3-667064683,S3-265970343
S1-743565110	S2-97624547,S2-843414885,S2-276161432,S3-136278282
S1-309928886	S2-882016569,S2-593096338,S3-929729763,S3-25415927
S1-567073072	S2-697714452,S2-920077971,S2-712944432,S2-85535052,S3-735052085,S3-785850283
S1-385054358	S3-724274486
S1-598570539	S2-786284926,S3-289095996,S3-759165760
S1-113290812	S2-417175142,S2-267892089,S2-79775360,S3-2810711,S3-289497545,S3-371964112,S3-977515038
S1-851071526	S2-404060364,S2-852359191,S3-524572658,S3-681910345
S1-302789684	S2-272999236,S2-649808180,S3-129177983
S1-445656247	S3-179430032,S3-401481081,S3-680963186
S1-951412330	S2-828224194,S2-923678096,S2-240503636,S3-991190051,S3-528943150,S3-897094000
S1-550182872	S2-150975970,S3-732416508
S1-459469949	S2-905319906,S2-306806941,S2-800078545,S3-442139410,S3-993590751
S1-167776569	S2-28567375,S3-480402155,S3-610675754,S3-505710447,S3-445697950,S3-758629250
S1-760850538	S2-676816330,S2-758906589,S2-82868449,S2-643522922,S3-908995312,S3-864638712,S3-807052069
S1-772907843	S3-916063399,S3-786746062
S1-629534409	S2-358884959,S2-655829095,S2-872612564,S3-924151513
S1-773460033	S2-114071018,S2-644362907,S3-216582663,S3-696806165,S3-558955596
S1-256107076	S3-551060973,S3-168496801
S1-739488516	S2-112685857,S2-229653914,S2-786241797,S3-714535426,S3-373428649,S3-545152693,S3-103804185
S1-55989676	S2-559920431,S2-187654002,S3-934991661,S3-814153687
S1-848176157	S2-766121177,S2-688662122,S2-682274848,S3-829744656,S3-793887983,S3-322918954
S1-840631083	S2-320901173
S1-769722635	S2-68958368,S2-117743517,S2-858659521,S3-36543618,S3-228674767,S3-294055515,S3-864046667
S1-859261995	S2-190670604,S2-382281514,S3-574380621
S1-905769449	S2-624690156,S2-300240751,S3-620826096,S3-904062850,S3-532955201
S1-88752690	S2-500673379,S2-518790401,S3-455165103
S1-691905185	S2-376112786,S2-875175107,S3-184036043,S3-379167066,S3-412200993,S3-544442854
S1-141771983	S2-3515132,S2-362068654,S3-29506416
S1-147889099	S2-681926204,S3-851405395
S1-954690995	S2-41718113,S3-215338838,S3-231701540
S1-905466466	S3-471749124,S3-684990258,S3-473625068
S1-942375964	S2-582932406,S2-121661765,S3-962216303
S1-12066379	S2-713507540,S2-320081180,S2-526370516,S3-894620187,S3-506979130
S1-888306619	S2-418730533,S3-630457504
S1-500042788	S3-787076934
S1-644995328	S2-751587342,S2-301678342,S3-76109831
S1-953170086	S2-692855171,S2-844302389
S1-36002367	S2-946017211,S2-241340700,S2-114979032,S2-272219346,S2-552729067,S3-142748779
S1-303483661	S2-81247587,S2-660851001,S3-414692533,S3-414076899
S1-749145371	S2-32270037,S3-258943265,S3-60067860,S3-59961499,S3-113588745
S1-550072846	
S1-265986133	S2-471187174,S2-306421751,S3-850189745,S3-262201920
S1-668382007	S2-262923349,S2-740691421,S3-288104846,S3-127615015,S3-59217025
S1-978069776	S2-475419440,S2-659211668,S3-715082203,S3-897056037,S3-564749224,S3-789972302
S1-167691210	
S1-796797006	S2-479589668,S2-102644244,S2-179387049,S3-627041804,S3-540673355,S3-163877680,S3-862001321
S1-595993633	S2-128936775,S3-199806053,S3-262165348
S1-856138680	S2-481639342,S2-429878196,S3-990741863,S3-257537089,S3-533134580
S1-876182108	S3-30294751
S1-327141190	
S1-378720156	S2-785757512,S2-767796850,S2-407255828,S3-172574009,S3-867604660,S3-668396654
S1-726451355	S2-581983637,S3-371412161
S1-176316468	S2-943682294,S3-699793662,S3-20190011,S3-361192138
S1-625701810	S2-306916397,S3-94291811,S3-588575740
S1-770249099	S2-821660673,S3-736483463
S1-942704353	
S1-663940241	S2-467085290,S3-640063633
S1-574188882	S2-549128560,S3-535094138,S3-407993141
S1-883085658	S2-420296579,S2-446649046
S1-424774284	S2-4973835,S2-237416502,S3-420615529,S3-386253153,S3-642791629,S3-459038484
S1-251386342	S2-646784560,S3-786139738
S1-65021651	S2-115296517,S3-936278687
S1-255257169	S2-653470080,S3-937881672,S3-858053828
S1-232493107	S3-563784030,S3-371361251,S3-228777194
S1-422518267	S2-523682975,S3-91979419,S3-463527045,S3-932098317
S1-308782883	S2-986487414,S3-103528225,S3-150873391,S3-871531513
S1-272847149	S2-553379579,S3-45195288,S3-892888056,S3-404974092
S1-633978398	S2-602694405,S3-808980888,S3-240526522,S3-736713366
S1-237528893	S2-987969411,S2-540653029,S3-710143372,S3-915788761,S3-241337912,S3-556521592
S1-885485250	S2-144030669,S3-604415917
S1-895192284	S2-319117619,S3-769361076
S1-221500207	
S1-241692676	S2-353485238,S3-132906182,S3-207661406,S3-115985951,S3-545039943,S3-882389823
S1-936157856	S2-302609562
S1-450086555	S2-360722024,S2-859958537,S2-639852098,S3-375541148
S1-307099704	S2-375274957,S2-851351603,S3-487459907
S1-530526337	S2-748526944,S3-40131318,S3-441236050,S3-553576705,S3-988949920,S3-258566822
S1-331109597	S2-348611003,S2-523101352,S3-643046484,S3-905136946
S1-855840309	S2-320295079,S3-435306562,S3-447673856
S1-479288769	S2-444447732,S2-337227639,S2-34123906,S2-875252284,S3-444055834,S3-292008319
S1-324486647	S2-103736484,S3-430684574,S3-114899684
S1-38073003	S2-390390952,S3-705817263
S1-101352059	S2-418604050,S2-619887817,S3-228555521,S3-924426571,S3-21925395
S1-407689539	S2-631259327,S2-124117872,S3-458216641,S3-485022577
S1-777065916	S2-846873569,S2-766332772,S3-374088941
S1-160687829	S2-993930316,S2-532713586,S3-196092140,S3-876445834,S3-159242430
S1-869490222	S2-235140647,S3-840795317
S1-688258410	S2-366236338,S2-829905371,S3-481400240
S1-531727382	S2-979737109,S2-837706048,S2-712603265,S2-517879192,S3-796856032,S3-48233537
S1-528540834	S2-893747365,S2-763584404,S2-939056753,S3-874871678
S1-290992731	S2-755711372,S2-779704810
S1-410588754	S2-343734979,S3-585849539,S3-968256261
S1-511201550	S2-987863134,S3-297631540,S3-856690745
S1-624061781	S3-55941776
S1-388364080	S2-281306972,S3-455984551,S3-905406843,S3-983680235,S3-709003248
S1-785251106	S2-319002673,S2-555732231,S2-837032328,S3-947278583
S1-138949136	S2-874225180,S2-883122621,S2-248693385,S3-333171459
S1-951647852	S2-369149002,S2-459617179,S3-860818120
S1-103076340	S2-120814380,S3-147646397,S3-613242405
S1-342284736	
S1-939928083	S2-410315523,S2-684375872,S2-442075452,S3-729539162,S3-808187491,S3-859215246
S1-897382511	S2-872438836,S2-516325580,S2-738918100,S2-460400190,S3-413782369,S3-464629100
S1-392009011	S2-913964875,S2-574731157,S3-836619159,S3-232553701,S3-573306228,S3-829652053
S1-669769290	S2-424435809,S3-804570414,S3-793433200,S3-231090728,S3-853274299
S1-182724633	S2-796432920,S2-356641841,S2-532948034,S3-596123480,S3-918812395
S1-635244275	S2-877476325,S2-483563067,S3-430581644,S3-189515052
S1-565043932	S2-821411433,S3-598346589,S3-257030906
S1-120462872	S2-533597665,S3-907973018,S3-636247259
S1-159212979	S2-593196534,S2-840451578,S3-334249128,S3-614636864
S1-426267364	S2-380593256,S3-338454829,S3-360060474,S3-25696406
S1-593017751	S2-5604414,S2-758220477,S2-860116011,S3-898380804,S3-19048639,S3-259390809
S1-762909028	S2-653449954,S2-831973467,S2-327146321,S3-853348709,S3-800270543,S3-743905977
S1-84359213	S2-483722993,S2-227054806,S2-46085334,S3-922524493
S1-244875564	S2-232870952,S2-772519164,S3-322692909,S3-355681854,S3-495944977
S1-861032717	S3-15869263,S3-549678242
S1-660211810	S2-43320853,S3-550703914,S3-576914025
S1-437883821	S2-110055257,S2-675195730,S3-538995310
S1-69689471	S2-561666873,S3-546334783
S1-461358819	S2-326739763,S2-59629065,S3-636262584,S3-529366111,S3-253796874
S1-137848547	S2-389885181,S3-687137463
S1-321299992	S2-627809004,S2-961121629,S2-272332695,S3-165669537,S3-600006668
S1-825009734	S2-200459703,S3-231926475
S1-765817446	S2-836256015,S3-308322048,S3-108824120
S1-115182842	S2-464452285,S2-440934584,S3-176968062
S1-169343524	S3-815740726,S3-890209178,S3-950448699
S1-497753770	S2-138125972,S2-50115855,S2-812888918,S3-66140603,S3-798501941,S3-245370943
S1-405942277	S2-488626260,S2-3463906,S3-179111119
S1-47245988	S2-132154342,S3-166907161,S3-29817339
S1-344306955	S2-417182048,S2-118582720
S1-998633222	S2-10377882,S3-564769879
S1-200970642	S2-630646377,S2-282606392,S3-246353782,S3-302543513
S1-962080760	S2-814452593,S2-926531107,S3-3227413
S1-705845296	S2-808435989,S3-71655164
S1-367177891	S2-616383381,S2-247548739,S3-827216439,S3-415751489
S1-292388864	
S1-157963229	S2-541395709,S2-932840572,S3-32006999
S1-771028448	S2-540240777,S3-168021544
S1-242553532	S2-958652499,S2-964764725,S3-321196847
S1-494734968	S2-56828630,S2-489485187,S2-477040693
S1-185341517	S2-100529377,S3-581597437,S3-288373813,S3-207885645,S3-487047312,S3-673446404
S1-307013074	S2-534418356,S3-314352714,S3-947496562,S3-803061605
S1-901518517	S2-545029550,S2-302834761,S2-342748826,S3-541224229
S1-908758233	S2-902347171,S3-582555375,S3-517274368
S1-485677069	S2-107221211,S2-863904537,S3-24277781
S1-69291028	S2-679991737,S2-857257221,S3-316160823,S3-624373432,S3-721391183,S3-128866211
S1-22174908	S2-265821302,S2-779930101,S2-855262101,S3-770834779,S3-890819864,S3-934244951,S3-952360054
S1-336396762	S2-711139117,S3-740315708
S1-979442215	S3-223894503,S3-100921715,S3-110583624
S1-96232842	S2-868840047,S2-921905106,S2-950743380,S2-448789869,S3-240197198,S3-869755429
S1-720156356	
S1-615099116	
S1-914412701	S2-436436500,S2-61190606,S2-589533573,S2-123581757,S3-55164072,S3-511346076
S1-885262609	S3-727325714
S1-127940110	S2-882170407,S2-480059264,S3-443863298,S3-337414993,S3-391548869,S3-130251706
S1-377518497	S2-968049176,S3-949341366
S1-728034475	S2-681873209,S2-468445979,S2-880021580,S3-700949673
S1-277255445	S2-499022746,S3-425949096,S3-191694201
S1-152544990	S2-881155937
S1-983946909	S2-812623421
S1-608118219	S2-411715258,S3-932998026,S3-783893023
S1-259255930	S2-503748085,S2-848655909,S2-123600553,S3-838606316,S3-165168999,S3-496113285,S3-828283147
S1-153500031	S2-370765639,S3-973065130
S1-246960331	S2-18190093,S3-808690195,S3-151541545,S3-70394754,S3-92337190
S1-803032500	S2-437568298,S2-54121187,S3-143665321
S1-839762335	S2-467010709,S2-697180351,S3-939151616
S1-356847602	S2-573840403,S2-965624719,S3-825103653
S1-400221022	
S1-523961377	S2-457084457,S2-118780608
S1-948190006	S2-264466991,S2-479989070,S2-927517619,S2-337090143,S2-907855984,S3-88444450
S1-66196333	S2-629835222,S2-184936697,S3-447084421
S1-779003818	S2-397658060,S2-211523043,S2-651221144
S1-984507050	S2-329828284,S2-896427693,S2-250256780,S3-22582522,S3-692783299,S3-671606501,S3-535971945
S1-329253583	S3-233525186,S3-170628236,S3-764704621,S3-329755813,S3-85132065
S1-907689588	S2-660145651,S2-639997397,S2-119731835
S1-196451018	S2-729819582,S2-679489604,S3-351629543,S3-978495014,S3-934503518
S1-968115178	S2-331259618,S2-829035052,S3-631409134
S1-5547940	S2-949002390,S2-5971176,S3-732518279
S1-452061250	S3-144818959
S1-777644830	S2-921547775,S2-295915768,S2-588902864,S3-470523748
S1-612685455	S2-326518048,S2-990647384,S2-866668041,S3-792760517
S1-7134901	S2-624428997,S3-876196075,S3-44708291,S3-970268271
S1-519272985	S2-430878992,S3-702266248,S3-368781642
S1-923492674	S2-68745769,S2-346425263,S3-408429357
S1-614258941	S2-400177695,S2-465418003,S3-908439192
S1-242951025	S2-119629475,S2-322307164,S3-62845183,S3-366180818
S1-802247394	S2-123506050,S2-331090041,S3-334172911,S3-630659673
S1-443027563	S2-646317516,S2-297661737,S3-382508231,S3-166002018
S1-754317576	S3-264754839,S3-794894326
S1-115205290	S2-602559833,S2-963259344,S2-8773579,S3-850417142,S3-815223301,S3-541914819,S3-199895008,S3-730228728
S1-151112571	S2-671249614,S2-88068823,S3-272928365
S1-372303053	S2-661718861,S3-82366518
S1-284730091	S2-549718824,S2-327716992,S3-430232240
S1-844719712	S2-872554122,S3-516593254
S1-551684185	S2-170627104,S2-500620492,S3-512260544,S3-781770569
S1-627601397	S3-642208437
S1-461212050	S2-270401942,S2-460118448,S3-341174779
S1-363891914	S2-788492160,S2-769794401,S2-483123802,S3-729087503,S3-547959497
S1-478358467	S2-860666814,S3-335546250
S1-881424956	S2-648385622,S2-804792082,S3-186672034
S1-381646932	S2-245781074,S3-299008472
S1-921157108	S2-265908376,S2-732042362,S2-44001241,S3-92054568,S3-108458225
S1-546695531	S2-771746663,S2-788354095,S3-838708572
S1-983205165	S2-324757265,S3-35155708
S1-120864979	S2-712058268,S2-347897338,S3-704199951,S3-651386
S1-36713743	S2-383715704,S2-816411639,S3-88890013
S1-571375750	S2-541183741,S3-319617359,S3-992012849,S3-325662009
S1-529387997	S2-790038143,S3-260816969
S1-856390551	S2-514920890
S1-313894714	
S1-371260111	S3-740363922
S1-783255946	S2-907329795,S2-475489667,S2-27579198,S3-526834430,S3-218989093
S1-463587803	S2-593167967,S3-186766166
S1-163239249	S2-681805440,S3-487706279,S3-150160007,S3-208442699
S1-733655541	
S1-230376371	S2-468408750,S2-622864695,S3-310415103,S3-36704068,S3-935763113
S1-225893224	S3-550370878,S3-4302754
S1-168546474	
S1-671439641	
S1-565859467	S3-360448682,S3-504915344,S3-234239402
S1-464983747	S2-995835117,S2-769167036,S2-338074040,S3-581379754
S1-671772786	S2-842195063,S2-43780607,S3-899654218,S3-872985235
S1-141024010	S2-372655033,S2-161517791,S3-230116201,S3-265026534,S3-359316973
S1-538382462	S2-810494019,S3-89803804,S3-269588607,S3-732326827
S1-483125372	S2-280842081,S2-872800380,S3-718009522
S1-890829541	S3-61180441,S3-158938087,S3-734537723
S1-139191417	S2-525577050,S2-547411296
S1-763178627	S2-299094849,S2-705463212,S2-980890728,S3-613822701,S3-317473635,S3-872340088
S1-784019541	S2-149520139,S3-245930573,S3-378503950,S3-137553894
S1-110297858	S2-337413844,S3-850178712,S3-487895873,S3-182371301
S1-92662579	S2-154543767,S2-33387024,S3-88691288,S3-208991400,S3-453949146
S1-951137132	S2-823708680,S2-766832695,S3-438535310,S3-835429510,S3-693864079
S1-147353082	S2-635583647,S2-132894095,S3-696530561,S3-813587576
S1-901222364	S2-666906790,S3-48485567
S1-835657772	S2-997863662
S1-190340180	S2-202289447,S2-40984985,S2-142441302,S3-851326248
S1-350946067	S2-495085318,S2-554869459,S2-120708137
S1-285255158	S2-614921805,S2-595382897,S2-274307950,S3-892663884,S3-538806823
S1-206114848	
S1-146502675	S3-464012860,S3-712998937
S1-548174730	S3-690654500,S3-834212636
S1-305709023	S2-961735337,S3-162366300,S3-471571973,S3-967118669
S1-217016822	S2-388385458,S2-886948714,S2-696624011,S2-730092150
S1-565307982	S2-396134451,S3-212566997
S1-295298897	S2-94333181,S3-461891290,S3-583066213
S1-522029771	S2-758823930,S2-477393755,S2-72800139,S3-39737877
S1-846902018	S2-757658368,S3-882278727,S3-794080148,S3-828906168
S1-32558883	S2-980316804,S3-576876434
S1-820083605	S2-822227992,S2-263578768,S2-685927302,S3-690394975
S1-402105714	S2-417274837,S3-478978210,S3-634290508,S3-287914170
S1-404079969	S2-672526973,S3-209918859
S1-438774184	S2-966166677,S2-598177945,S2-632280462,S3-550750583
S1-64834	S2-820626521,S3-544625682,S3-601485717,S3-839140021,S3-852200096
S1-579713403	S2-256163468,S2-886137495,S3-336920832,S3-394045682
S1-120216304	S3-328889197,S3-762119795,S3-237519192,S3-419320782
S1-576230945	S3-740181573,S3-785623492
S1-710081136	S2-428248221,S2-808169713,S3-577239155,S3-448617077
S1-846115345	S2-998321303,S2-334927034,S3-712489935,S3-109384287,S3-190784086
S1-979232639	S2-192227062,S3-419785626,S3-478676800
S1-117189625	S2-716171226,S2-971836366,S2-309905398,S3-441413733,S3-252979260
S1-416624771	S2-118461121,S2-640030921,S2-311109691,S2-589956035,S3-211702607,S3-441102455
S1-699953312	S2-271533070,S3-295740768,S3-583037060
S1-91134377	S2-587732158,S3-948697643,S3-565979654,S3-839165218
S1-906347480	S2-345245122,S3-982561638,S3-542511418
S1-610905075	
S1-105397585	S2-461513115,S3-297617221,S3-211744715,S3-760576373
S1-987804994	S2-84686241,S2-758660417,S3-455510813,S3-377713129,S3-389794534
S1-506566257	S2-12367941
S1-158662956	S2-647221583,S2-14290577,S3-958405901,S3-70661220,S3-530171816
S1-358797130	S2-679070237,S2-464216112,S3-955494185,S3-530239431,S3-668811306,S3-748456094
S1-456253258	S2-198385955,S3-547736790
S1-873388573	S2-408184391,S2-879325097,S3-536514546
S1-520168849	S2-197432155,S3-211303300
S1-898413991	S2-211293160,S2-222100370,S3-772193576
S1-250157667	S2-889744472,S2-914734397,S3-13085487,S3-176811170,S3-875453325
S1-544170333	S2-926817850,S3-660505848,S3-674196223,S3-117068096,S3-98354274
S1-453766911	S2-549387268,S2-559036681,S3-767163724
S1-307432736	S2-957097337,S3-859811906,S3-24516190
S1-545910471	S2-635594234,S3-227743595,S3-20397833
S1-404358466	S2-56197932,S3-945355642
S1-935188744	S2-911373640,S2-88842633,S2-822359390,S2-991958859,S3-63803820
S1-896781473	S2-315635364,S2-463745444,S2-12820797,S3-628294008,S3-26970885,S3-431128398
S1-592624645	S2-102275356
S1-465823544	S2-336564744,S2-436569241,S2-444535079,S3-897157406
S1-315428768	S2-98499459,S2-931930117,S2-518398079,S3-619687724
S1-415506837	S2-388083391,S3-676690415,S3-35716831
S1-845509844	S2-89839460
S1-643557877	S2-760889113,S3-682617971,S3-48817380
S1-222348540	S2-381118179,S2-338614517
S1-806800997	S2-987317944,S2-116108861,S3-226873059
S1-987058045	S2-809525464,S3-688884624,S3-789755172,S3-297829519
S1-781880414	
S1-891131519	S2-399390968,S2-6383904,S3-134911430
S1-447587874	S2-218954905,S2-614641365,S3-212297108
S1-77028595	S2-316403767,S2-809637396,S3-953770902
S1-268843163	S2-614668638,S2-726085391,S3-791766115,S3-202883929
S1-717917055	S2-152334263,S2-482419618,S3-393616546,S3-253768507,S3-832003248,S3-319773426
S1-718006993	S2-782244770,S2-761549733,S3-867434086
S1-179094227	S2-182044482,S2-259974873,S2-371444602,S2-61488220,S2-710383069,S3-223237814,S3-38886575,S3-813713415
S1-274334419	S2-154940208,S3-752149854
S1-556931972	S2-162012421,S3-33279901
S1-307010547	S2-547877011,S2-402586461,S3-514356568,S3-855164281
S1-369312486	S2-309191600,S2-99166653,S3-905642433,S3-269177584
S1-837704863	S3-386638522,S3-340412608
S1-453178370	S2-823428981,S3-234168722
S1-73913318	S2-864417672,S2-41327198,S2-873972303,S3-496474795,S3-788551571
S1-900831254	S3-406340823,S3-410710723,S3-995009055
S1-163556256	S2-839642042,S3-90637502,S3-495190949,S3-261433142,S3-844382543
S1-660841326	S2-286493469,S3-239603461
S1-693986340	S2-67023339,S2-392454021,S2-717930126,S3-223357687,S3-235719824,S3-995224000,S3-932020515
S1-461413258	S2-510395971,S3-100257676
S1-494517670	S2-707863826,S3-300093652
S1-184255511	S2-377207508,S3-753193860,S3-770276473
S1-55807821	S2-85332989,S2-812038734
S1-706930694	S2-936082130,S2-372689362,S3-156847513,S3-653313277,S3-692084758,S3-461361668
S1-669018608	S2-640765606,S2-348978993,S3-910073594,S3-712704736
S1-384316495	S2-656997024,S3-250023713
S1-896220613	S2-258243420,S3-645710067
S1-721365498	S2-903437754,S2-783147100,S2-126202533,S2-934403263
S1-434378322	S2-931389423,S2-975592703,S2-602914091,S3-8839817,S3-300266843,S3-653381985
S1-92942604	S2-158392564,S2-915795612,S3-915345355,S3-599348858
S1-988097644	S2-783734902,S2-252070123,S3-517337880,S3-650749694
S1-286493651	
S1-331980075	S2-444642204,S2-593649617,S2-396321116,S3-701574510,S3-949785465,S3-11731436
S1-543392285	
S1-799415899	S2-842510340,S2-870368344,S2-357191228,S3-792597270,S3-701059873
S1-356833714	S2-103339453,S2-621113695,S2-954399186,S3-788956372
S1-884740207	S2-589233241,S3-785540218
S1-622666081	S2-228845150,S3-748307660,S3-736771587
S1-937800027	S2-48989887,S3-251492095,S3-835355036
S1-777501835	S2-46068596,S3-307614721
S1-995996643	S2-326559345
S1-98989002	S2-48203499,S3-782402486,S3-446358527,S3-38230283
S1-783781980	S2-298112696
S1-172261288	S2-260844786,S2-232069143,S2-568980858,S2-788604626,S3-248674477
S1-341108128	S2-432896593,S3-542250969,S3-543517404
S1-5297540	S2-549880510,S3-414492627,S3-157596892
S1-300484538	S2-755388476,S2-809184972,S2-380253303,S3-798942440,S3-543032099,S3-173160647
S1-170993723	S2-733024927,S2-692255336,S2-963271355,S2-14364000,S3-832878786,S3-757426809
S1-78530283	S2-514991136,S3-105374353,S3-893669512
S1-548116192	
S1-921795519	S2-242903627,S3-311331587,S3-538365546
S1-465844393	S2-955138728,S2-531462891,S3-707166595,S3-539707241
S1-573137025	S2-98496858,S2-392223811,S3-393953881,S3-43489942,S3-139173684
S1-422259259	S2-412379296,S2-550511412,S2-360189561,S3-4309526
S1-220791793	S2-81489464,S3-126366101
S1-729284220	S2-133271104,S3-268168375,S3-382185873
S1-183057091	S2-875973818,S2-995577413
S1-664633620	
S1-141303445	S2-773478876,S3-430286372,S3-640249616
S1-244643323	S2-104793636,S2-293378483,S2-688909187,S3-585776368,S3-67426086,S3-421311396
S1-131746315	S2-336652483,S2-210672418,S3-216740341,S3-581204361,S3-309042895
S1-412668983	S2-910432453,S3-593816510,S3-563308068
S1-882532074	S2-844301441,S2-841036185,S2-153492838,S2-348348054,S3-680343193
S1-807715507	S2-887721642,S3-746307974,S3-687248593,S3-618920271
S1-66721445	S2-762956648,S2-95339371,S3-139061677,S3-151756048
S1-563130072	S2-155075088,S3-813025840,S3-399565109
S1-998925197	S3-398139737
S1-313625615	
S1-96408151	S2-532699478,S3-6491056
S1-139648025	S2-37503336,S3-745539136
S1-414990330	S2-989948517,S2-866619534,S2-560582087,S3-618799117,S3-442813600,S3-515758435
S1-122275934	S2-915208355,S2-726831325,S2-304450780,S3-8663672,S3-509113222,S3-679641850
S1-617583032	S2-681026062,S2-510881175,S2-320457768,S3-282491907,S3-367712632
S1-579728529	S2-621107908,S3-522396905,S3-783115461
S1-520689368	S2-69484134,S2-581605505,S3-649911033
S1-487643378	S2-291523938,S2-153793983,S3-136377767
S1-923836709	S2-48113294,S2-909024870,S3-800595517
S1-562968980	
S1-855035648	S2-591361,S3-553845044
S1-786130365	S2-951927496,S2-270342611,S2-454479276,S2-357191401,S2-150730249,S3-704786987,S3-289355501
S1-870832985	S2-639920736,S2-788771132,S2-543550909,S2-411519966,S3-45458505,S3-475312903,S3-252308146
S1-547730565	S2-7812946,S2-728539702,S3-527889773
S1-991945738	S2-376807136,S2-744431584,S3-530041253,S3-87520633
S1-299280622	S2-549341028,S2-225656731,S2-329401703,S3-558313087,S3-432410383,S3-140195994
S1-554954784	S2-345109926,S3-695472053,S3-14895289,S3-470020144
S1-837698046	S2-125730783,S2-674321727,S2-768887126,S2-592800556,S3-211696101,S3-189979293
S1-616790832	S2-624762214,S3-467906646,S3-347275605
S1-255643554	S2-505985290,S3-336927608,S3-481245344
S1-685115910	S2-362913085,S2-453217574,S2-55787162,S2-1097274,S3-524284427
S1-233264418	S2-202247819,S3-889536053,S3-812000046
S1-635498924	S2-380394346,S2-426600135,S2-299790237,S3-312005286
S1-327108924	S2-993995941,S3-34626556
S1-998996872	S3-377809472,S3-194959047,S3-616448772
S1-952801744	S2-841567476
S1-434184278	S2-987008951,S2-714211827,S2-133208860,S2-546920514,S3-296191419
S1-129024118	S2-380676896,S2-473028795,S3-419268073
S1-27188964	S2-22164316,S3-479633092,S3-482451136,S3-339853582,S3-566465523
S1-161840339	
S1-4097981	S2-396969628,S2-352687827,S2-6307462,S3-909448239
S1-614289236	S2-747931504,S2-675839135,S3-367699005,S3-18625595,S3-775386311
S1-798239792	S2-744984662,S3-86491835,S3-229803907,S3-120681410,S3-469489076
S1-527499514	S2-563976372,S3-72514793
S1-81247490	S2-320419946,S3-627137079,S3-820967923
S1-739083536	S3-469056629,S3-864440403,S3-26351029
S1-819139027	S2-37508026,S2-995995173,S2-751986532,S2-539457674,S3-263850974,S3-590022361,S3-534898831
S1-152401330	S2-19542879,S3-942360485
S1-914077101	S2-362423286
S1-375514866	S2-668742649,S2-472274236,S2-215350570,S3-49445441,S3-821017992,S3-129670266,S3-131856995
S1-859440847	S2-325695668,S3-371794557
S1-372916651	S2-944324248,S2-296401825,S3-941957432,S3-900619726
S1-243964430	S2-352204337
S1-580970774	S2-996500653,S3-773729522,S3-901760866,S3-206377846
S1-511120022	S2-931695512,S2-527791698,S2-843604420,S3-405626387,S3-903990403,S3-219444701
S1-198974746	S2-600394525,S3-551087044
S1-788183827	S2-489650235,S2-5872170,S2-897549375,S3-595773664
S1-575231919	S2-310430279,S2-901307968,S3-425872
S1-538171615	S3-728519698,S3-822711562
S1-432079398	S2-594555493,S2-477415937,S3-554491349
S1-382105762	S2-148038646
S1-144954005	S2-695055236,S3-614820148,S3-101844953
S1-856254311	S2-657870119,S2-434856596
S1-765688494	S2-111080213,S3-918827740
S1-429293866	S2-948224847,S3-279215405,S3-191986471,S3-461181935
S1-615903919	S2-547427973,S3-972283804,S3-150523864
S1-258835301	S2-702963999,S2-78475866,S3-899858529,S3-153396701,S3-452606137,S3-42648015
S1-60356357	S2-809642840,S2-94706953,S2-375959472,S3-903506948,S3-451353754,S3-713525736
S1-920119138	S2-285755639,S2-218326446,S3-933740186,S3-697688329,S3-545121530
S1-796469414	S2-352411064,S3-737893034,S3-375077656
S1-644972484	S2-462066888,S2-192012788
S1-296992009	S2-952814128,S2-611570114,S3-197554113,S3-706832519
S1-456183719	S2-48071965,S2-458789872,S3-571517030,S3-568176942,S3-519727306,S3-105509027
S1-386471049	S2-134916976,S2-440563155,S3-931165139,S3-556952663,S3-725442509
S1-449861100	S2-415141905,S2-618606038,S2-516481816,S3-366412094
S1-788091987	S2-737285512,S2-459507758,S2-452003721,S3-90166022,S3-436235914
S1-231660566	S2-32727600,S2-178907167,S2-24467146,S2-393969385,S2-841934232,S3-599839769,S3-531024966
S1-385892098	S2-845015997,S2-175051849,S2-384938078,S3-941857799,S3-64489790
S1-510297867	S3-6724844
S1-265588493	S2-869178560,S2-75775052,S3-53822362,S3-280775679
S1-295400413	S2-986420375,S2-510927453,S2-828399264,S3-647177136
S1-646738934	S2-424427358,S3-939169585,S3-746984082
S1-447656699	S2-348156373,S3-217931395
S1-429134233	S2-799352180,S2-814295239,S3-854887385,S3-937196718,S3-246282290,S3-371311439,S3-901667372
S1-287460341	S2-465207903,S2-496798182,S2-173650296,S3-712103022
S1-783010228	S2-173168426,S2-951004004,S3-127203914,S3-134550436,S3-69639737,S3-564518854
S1-381596328	S3-634885319,S3-151484250
S1-423040294	S2-334272576,S3-478960489
S1-749879091	S2-69245191,S2-427062954,S3-964678437,S3-136025145
S1-570477188	
S1-569596189	S2-249973265,S2-219899220,S3-874200812
S1-609824922	S2-486678631,S3-935788585
S1-149712262	S2-872080228,S2-162882388,S2-924583967,S3-187184583,S3-329658661,S3-254586598,S3-449698071
S1-267234247	S2-38108211,S3-205351946
S1-990705732	S2-853257713,S2-247857291,S2-303014792,S3-605749607,S3-222661517
S1-600789176	S2-485391145,S2-201346585,S2-649828688,S2-668483031
S1-837740183	S2-708597860,S3-747113353
S1-27221437	S3-76628408
S1-254935831	S2-625938303,S3-755946281
S1-111799381	S2-790832152,S2-112627677,S2-831448785,S3-256905403
S1-678193285	S2-621046227,S3-512257710,S3-69819855
S1-54730566	S2-160205562,S3-109999750,S3-327950529
S1-336017308	S2-999420166,S2-794841974,S2-244058830,S3-404910812,S3-153299623,S3-414748261
S1-718452381	S2-274404679,S2-711259770,S2-408103079,S3-328601325,S3-205871917,S3-847270484
S1-6146797	S2-763641821,S3-913060681
S1-688059583	S2-947946934,S2-852673366,S2-453234684,S3-870100977,S3-782332586,S3-971310802,S3-691727492
S1-326677026	S3-594558414,S3-134101783,S3-577671019,S3-754942694
S1-868099809	S2-577347490,S2-638943979,S3-645067352
S1-23685990	S3-761067679
S1-222115348	S2-10956131,S3-120573308,S3-842385755,S3-345877468
S1-446087456	S2-242475762,S2-259616295,S2-538910121,S3-789933480
S1-939908777	S2-905527601,S2-652240140,S2-272850219
S1-118687984	S2-219743109,S2-673477668,S2-191245306,S3-469530929,S3-152136158
S1-184544965	S2-462964400,S3-456837653,S3-438071306,S3-549958026
S1-307329974	S2-679266521,S2-618220578,S3-719768858,S3-549698217,S3-631423126
S1-967156561	S2-115507319,S3-991367711
S1-696660542	S2-238065510,S3-733883263,S3-478575792,S3-986551817
S1-787080745	S2-610524177,S3-691037007,S3-758547719,S3-655168100,S3-385703356
S1-641436989	S2-709638500,S2-92430590,S2-336208223,S3-377319836,S3-212491064,S3-606148197,S3-87850564,S3-440330939
S1-963588162	
S1-538163501	S2-832458802,S2-544924280,S3-188794201,S3-167038607,S3-774715777
S1-626801323	S2-864909876,S3-774718988,S3-451833741,S3-600666989
S1-773087906	S2-840921655,S2-924989138,S3-996973330
S1-426878241	S3-341445403
S1-601675219	S2-392762434,S2-866666804,S3-712070606,S3-847895136,S3-420291050
S1-451490777	S2-495417316,S2-255248871,S2-41930991,S3-69590260,S3-740065661,S3-211914691,S3-262811361,S3-987846216
S1-411716507	S2-532046880
S1-647946220	S2-325010057,S3-651054143,S3-632565214,S3-741562582
S1-960667125	
S1-204812685	S2-640867781,S2-528072142,S2-832795869,S2-421259523,S3-669437807
S1-672435460	S2-140948510,S2-703515912,S2-99728673,S3-775622703,S3-156376054,S3-129439799,S3-810114740,S3-64973474
S1-62223852	S2-536968551,S3-302596859,S3-890900688
S1-595417866	S2-934688272,S2-190132952,S2-644131510
S1-314795590	S2-278615644,S3-146377612,S3-14606986,S3-45573383
S1-250404567	S2-32283955
S1-51852812	S2-840783131,S2-518296444,S2-863207395,S3-389576650
S1-801068269	S2-562173752
S1-889051088	S2-131633361,S2-528412742,S3-111283972,S3-561618255
S1-768342196	S2-480346373,S2-338578589,S3-928132521,S3-189893840
S1-534890945	S2-890795457
S1-387635984	S2-145355448,S3-349019095
S1-79411468	S3-303489416,S3-410108515,S3-655238015
S1-421719190	S2-997616648,S3-606362112,S3-354127588
S1-966154514	S2-732309156,S3-3951582,S3-565540122,S3-601727768
S1-793930167	S2-350072723,S3-571235065
S1-11879552	S2-332133764,S3-154976194
S1-29437240	S2-353742334,S3-495363250,S3-978184984
S1-247483556	S2-37272621,S2-725277276,S2-859458159,S2-851375702,S3-873531909,S3-319640393,S3-522767794
S1-177395648	S2-417309211
S1-858726052	S2-567894978,S3-130334287,S3-743049694
S1-280144008	S3-248209516
S1-704471296	S2-62105331,S2-8181879,S2-97768342,S3-733950130,S3-126073694
S1-137029397	S2-329290784,S3-152283124,S3-117241306
S1-986905372	S2-375211114,S2-272227881,S2-865817706,S2-226527432,S3-213812789,S3-864681754,S3-132415720
S1-443472231	S2-337267876,S3-418048526
S1-992948371	S3-123298216,S3-104584922,S3-951786404
S1-369518961	
S1-952564053	S2-366607120,S2-181023344,S2-383796201,S2-955148962,S3-605071681
S1-438349475	S2-292024710,S2-814059283,S2-142914946,S3-149467645
S1-558156533	S2-981276938,S2-769828781,S2-170205869,S2-225939529,S3-199778702,S3-87343585,S3-445623775
S1-321834010	S2-530426582,S3-181673841,S3-369253363
S1-829743661	S2-413541912,S2-512312721,S2-686499638,S3-326111194,S3-834625388
S1-410903781	S2-894750227,S3-781242430
S1-106581142	S2-450022231,S2-231304326,S3-582965463,S3-51885886
S1-489165953	S2-283629490,S2-950656040
S1-99545264	S2-747316437,S3-758264499
S1-822729140	S2-722412952,S3-985910483
S1-269671198	S2-365472477,S2-263822088,S2-324251131,S2-125810850,S3-631324654,S3-324176712,S3-680720065,S3-769028685
S1-681282760	S3-528783405,S3-552756781
S1-36286348	S2-9307442,S3-671134411,S3-522768932,S3-946302379
S1-827490221	S2-760430248,S2-763434297,S2-546257840,S3-448049689
S1-270152595	S2-652151185,S2-136662998,S2-440506806,S2-230117284,S3-931890196
S1-254770034	S2-928996464,S2-917774561,S2-244382937,S3-228403566
S1-842248062	S2-928255082,S3-660587394,S3-833455432
S1-841730979	S2-767852892,S2-577214909,S3-762539852,S3-505968839
S1-719078259	S2-391162288,S3-435326572,S3-112799533,S3-576323753
S1-936378461	S2-88303612,S2-390373474,S3-297302749
S1-233238213	S2-142073682,S3-174754099,S3-327409204
S1-575308093	S2-663314474,S3-434765630,S3-433532761
S1-324585018	S2-497990819,S2-74412792,S3-228866680,S3-373956498,S3-740156387
S1-300220335	S2-314741517,S2-377505328,S2-348909051,S2-900495493,S3-550428375,S3-12383810
S1-255639999	S3-538155458
S1-5284182	S2-231135346,S2-373061517
S1-541158286	S2-360023070,S2-373839503,S2-860758359
S1-760340940	S2-203907968,S3-868021288,S3-950819895,S3-884184739,S3-610222101
S1-499250636	S2-806179349,S2-775176963,S3-780698235
S1-642254390	
S1-533233593	S2-442878082,S3-362117116
S1-254937641	
S1-222737969	S2-660539541,S2-156111351,S3-162659316,S3-7330628,S3-803680879,S3-718309684
S1-368755733	S2-465342110,S3-995471609,S3-783397195,S3-889469319
S1-841179841	S2-902130171,S3-222961787,S3-753823242
S1-743818029	S2-854406829,S2-498164228,S3-225110611,S3-277541054
S1-351961485	S2-86133459,S2-521480213,S3-205311812,S3-783457347,S3-22610069
S1-846707301	S2-769759279,S2-294277994,S2-126400502,S3-4013082,S3-123052323
S1-206499422	S2-919450561,S3-594204196
S1-21121625	S2-722639161,S2-713726498,S2-938473764,S2-480575837,S3-58670788
S1-678996676	S2-766298935,S3-389122182,S3-524711720
S1-580220633	S2-410543484,S2-342570230
S1-502145428	S2-187784729,S2-440731637,S2-207727511,S3-982507124,S3-426683603
S1-203447337	S2-89902199,S3-885451014,S3-573320855,S3-106177189
S1-493411314	S2-139617524,S3-971391130
S1-535211071	S2-59915065,S3-846045965,S3-588293127,S3-592540238,S3-356603030
S1-524834983	S2-435722897,S2-352000199,S2-977126918,S2-716408768,S3-531773466,S3-836600401
S1-972740501	S2-625779564,S2-149551036,S3-564094781
S1-886387672	S2-994449608,S3-866878366,S3-19952809,S3-896036869,S3-172356397
S1-999562392	S2-211786225,S2-703276752,S3-383312884,S3-207825158
S1-724409352	S2-426039805,S2-624202203,S2-642539106,S2-158873634,S3-616590495
S1-357566103	
S1-372819478	
S1-664446927	S3-302181867,S3-16236254
S1-336856977	S2-179426810,S2-934303732,S3-6252398,S3-969438764
S1-960214248	S2-736303496,S2-29453417,S2-250273080,S3-797265923
S1-890744498	S2-413339912,S2-170436872,S3-314743240,S3-428117401
S1-277466107	S2-354413048,S3-900246106
S1-825774567	S2-184942238,S3-962279543
S1-153270930	S2-368607391,S3-20883238,S3-945354053,S3-806428741,S3-367819370,S3-587153628
S1-252832589	S2-64798642,S2-582590562,S2-492686052,S2-934201160,S3-994244246
S1-954928413	S2-413044152,S2-937506600,S2-259549417,S3-957211825,S3-403121393,S3-737504056
S1-88033652	S2-873236120,S3-524849033,S3-53494941
S1-570354983	S2-464339080,S3-869333551
S1-760230753	S2-441138330,S3-882750732
S1-421597533	S2-322707527,S2-548904273,S3-123006873,S3-938304297,S3-26389169
S1-633320314	S2-544784753,S3-963044610,S3-920816304
S1-618872988	S2-850049864,S2-608424527,S3-260937611,S3-322895974
S1-785816725	S2-207485095,S2-455055134,S3-752488116,S3-740607847
S1-460719022	S2-221510261,S3-514581778,S3-602049586,S3-216381692,S3-559357908,S3-743980699
S1-426004727	S2-823472798,S2-187342096,S3-943545594,S3-550227127,S3-727664609
S1-981342329	S2-15377776,S2-843338450,S3-876134347,S3-801086877
S1-671649103	S2-644884437,S3-249529866
S1-715686994	S2-18779132,S3-22005501
S1-512261431	S2-871696711,S3-572191792,S3-320968973,S3-530778978
S1-749692252	S2-656492795,S2-218715830,S2-309370141,S3-538434595,S3-509333551
S1-182298055	S2-625045406,S2-114366036,S3-359623545,S3-403301238,S3-465281387
S1-909154891	S2-192405014,S3-854625384,S3-454961814,S3-284150477
S1-54837888	S2-93514306,S2-551398865,S3-357123577,S3-565718736,S3-449810375,S3-281428881
S1-836530327	S2-106048006,S2-199559971,S2-100085632
S1-957070732	S2-899178557,S2-464211743,S3-107747562
S1-517036175	S2-520024719,S3-817366043,S3-917709570,S3-209265199
S1-247777402	S2-438820031,S2-149126284,S3-129814908
S1-768873530	S2-372144451,S3-861781709,S3-304244963
S1-336413360	S2-391428689,S2-399592946,S3-72385606,S3-514507108
S1-364353446	S2-460263831,S2-3346715,S2-709025947,S3-183399916
S1-410313393	S2-471413839,S2-244510763
S1-70534658	S2-413480174,S2-602751926,S2-780180418,S3-738887275
S1-255610553	S2-469525225,S3-542443939
S1-506467002	S2-827113032,S2-158759175,S2-280257187,S3-545749770,S3-108370813
S1-424359495	
S1-400628679	S2-841827798,S3-847538277,S3-653823723,S3-557015940,S3-111640680
S1-960007747	S2-494862771,S2-411338412,S3-527112422,S3-963209449
S1-846863243	S2-427997281,S3-312954832,S3-89748306
S1-628245556	S2-786549,S2-597911667,S3-624145242
S1-35463446	S2-158531603,S2-648645312,S2-678418414,S3-429867137
S1-588118478	S3-21066872,S3-468775048
S1-797093146	S2-529246526,S2-298720579,S2-2140731,S2-200020942,S3-381678912,S3-474909939
S1-486162913	S2-761370785
S1-598396929	S2-462409058,S2-507037118,S3-808096111
S1-673422095	S3-244712613
S1-548318748	S2-513537252,S2-862481927,S3-858003362,S3-476878958,S3-299882032
S1-397122669	S3-175524840
S1-864869960	S2-135798133,S2-97633982,S3-568729819
S1-775846076	S2-541664823,S2-718639701,S3-666815811
S1-135982718	S2-101746956,S3-278084347
S1-501147825	S2-155851895,S2-427542111,S2-145352834,S3-686512377
S1-317318785	S2-109911970,S2-566858283,S3-895217438,S3-335878105
S1-963030799	S2-580310057,S2-611887822,S2-605036128,S3-440429591,S3-34565987
S1-219414496	S2-635373583,S2-316172769,S3-168533705,S3-954638203
S1-993609628	S2-543100500,S3-391802865,S3-106162052
S1-557536631	S2-790788043,S3-725242621,S3-611509501,S3-748475266
S1-682013149	S2-517663349,S3-242094552
S1-263818576	S2-170694207,S2-991598869,S2-383146257,S3-680445389
S1-250703624	S2-144364980,S2-249529752,S2-698358405,S2-214630612,S3-550268931,S3-898725232
S1-901471357	S3-997842728,S3-200203721
S1-23907680	
S1-816341434	S2-681394177,S2-944569367,S3-770636060,S3-46245544,S3-900463102
S1-11943632	S3-650791697,S3-937804117,S3-818018336,S3-352805540
S1-438294852	S2-825557935,S3-107495212,S3-221906106,S3-887874347,S3-218221309
S1-314561800	S2-314517314,S2-437974166,S2-710940398,S3-73779053,S3-908144349
S1-473031279	S2-772531554,S2-879542896,S2-57715850,S3-419948774
S1-481561290	S2-600007111,S3-744226154,S3-836529323,S3-506066418
S1-330742697	S2-776169932,S2-330220788,S2-308366908,S3-187230239
S1-711578477	S2-614314679,S2-905123184,S2-373132972,S3-777440068
S1-61843567	S2-670289434,S3-711494697
S1-607884731	S2-234058812,S3-706402127,S3-939516170
S1-137820433	S2-773336903,S3-840048580,S3-728339431,S3-716515986
S1-656907129	S2-326331079,S2-810171121,S2-885530442,S3-866035631,S3-644074141
S1-776407684	S2-58237767,S2-464467681,S2-333935922,S2-351084089,S3-791098734,S3-90746236
S1-62013228	S2-362803451,S2-984665660,S2-228901599,S2-164846220,S3-963695385,S3-308721892,S3-111344775,S3-267413582,S3-245938099
S1-795289436	S2-417934096,S3-987500779,S3-539388910
S1-189728794	S2-303293993,S2-17649275,S2-853676532
S1-943438421	S2-61460877,S3-252305931,S3-517129775,S3-747467798,S3-693326283
S1-602338402	S2-109947876,S2-66565500,S3-185736461,S3-459144191,S3-381699862,S3-185406374
S1-287788134	S2-413196336,S3-415829564,S3-461604903
S1-211017191	S2-307032576,S3-534436607
S1-735635211	S2-792576296,S2-586737979,S3-85507396
S1-761317727	S2-823081199,S3-607593946,S3-7123398
S1-71142843	S2-964683665,S3-665555605
S1-398068472	S2-616897459,S3-419551549,S3-497760647
S1-700789055	S2-163992673,S2-354559016,S2-859839012
S1-887592240	S2-148855959,S2-982078245,S3-490943410
S1-942487731	S2-573854400,S2-747684749,S3-623799963
S1-876713446	S2-278503106,S2-159979785,S3-884175196,S3-900248647,S3-850100059
S1-451531471	S2-667054571,S2-55130305,S2-259624832
S1-586935241	S3-761846595,S3-972454326,S3-785460031
S1-730445935	S2-925907959,S3-270958378,S3-798131931
S1-443716831	S2-969560163,S2-932402449,S2-694613127,S3-197075339
S1-24776474	S2-195446349,S2-979987671,S3-925702852
S1-230384258	S2-275504602,S3-864247258
S1-157644420	S2-783773658,S2-667306607
S1-657738895	S2-981318822,S2-297504916,S2-707950106,S3-221190280,S3-922712640
S1-618622261	
S1-760888492	S2-153950520,S3-268745505
S1-282978369	S2-109972513,S2-850142693
S1-731354767	S3-299319298,S3-453896187
S1-17255841	S2-143083155,S2-601604285,S3-847592182,S3-730814130
S1-472680414	S2-690053472,S2-131787259,S2-142065637,S2-54895870,S3-710986710,S3-117192087
S1-216538762	S2-283928185,S2-912510492,S3-267292275
S1-815344106	S2-711954365,S3-937847518
S1-757896798	S2-157178063,S2-562656790,S2-340735117,S3-903631032,S3-150414041,S3-524590178,S3-340044857
S1-927783044	S2-262316268,S2-334501552,S2-754559035,S2-847756036,S2-437957365,S3-885152988
S1-608688661	S2-476789903,S2-463447267,S3-69983136
S1-77121285	S2-534076453,S2-225881744,S3-73691263
S1-631761609	S2-890113107,S2-927282966,S2-581694497,S3-298983523
S1-680814118	S2-390351824,S3-489653441,S3-372160014,S3-550573672
S1-660874497	S2-179888322,S2-904116641,S2-252781492,S2-900909086
S1-536639980	S2-249580828
S1-2158903	S2-316845871,S3-871266009,S3-525247636,S3-539499988
S1-43734104	S2-656630702,S3-924236966,S3-742829991
S1-482583139	S2-800051132,S2-117784709,S3-861211148
S1-111417923	S2-470989357,S2-826990285,S3-164363519,S3-864231642
S1-960591109	S2-295067619,S2-398740404,S3-325139235
S1-604751109	S2-800443843,S3-340428380,S3-114286463,S3-42769127
S1-182981265	S2-936567318,S2-244466111,S3-375928459,S3-480656128
S1-491499290	S2-4615798,S2-975047855,S2-989609939,S3-116031048
S1-345507998	S2-346240731,S3-157683422
S1-683886830	S2-78921823,S2-31724892,S3-851103142,S3-656427480,S3-172899164,S3-371224750
S1-632224828	S2-490775549,S2-471629746,S2-94535297,S3-516731919
S1-263740039	S2-290292373,S3-242881121,S3-917801371,S3-795696960
S1-904567149	S2-804059864,S3-48193939,S3-538235860,S3-222351933,S3-505611395,S3-5499800
S1-283065445	S2-409569710,S3-783605026
S1-522792425	S2-898022179,S2-965129533,S2-956774631,S2-188652578,S3-848224126,S3-410487821,S3-388545866
S1-815229553	S2-152187354,S2-129439360,S3-444524850
S1-312624254	S2-227267659,S2-15637712,S3-150125822
S1-604127396	
S1-20231440	S2-161289651,S2-723804312,S3-35453899,S3-203690758,S3-931288127
S1-12524487	S2-450214223,S2-287102657,S3-589676576
S1-137015119	
S1-515711455	S2-64814376,S2-539410260,S3-928658558
S1-140303327	S2-925891556,S2-407809301,S3-766648058,S3-705268518
S1-878019594	S2-179981399,S2-410697780,S3-142223656,S3-877645604
S1-501011594	
S1-915827362	S2-448449696,S2-839175629,S3-608855487,S3-51034114,S3-916509242
S1-810248831	S2-654324586,S2-62441904,S3-71331662,S3-904405601
S1-912952966	S2-872464756,S2-652873977,S2-919876484,S3-521449417,S3-703044513
S1-894762145	S2-774063311,S2-422019691,S3-191252874,S3-362876942
S1-101190186	S2-344947353,S2-463300327,S3-317949715,S3-172087573,S3-892881983
S1-275842129	S2-327821347,S2-300453399,S3-410695522,S3-388850472,S3-626118548
S1-556801159	S2-964481916,S2-908092890,S3-442976345,S3-563982072,S3-113082198
S1-569409474	S2-301096220,S2-446724027,S2-942271309,S2-40409621,S2-903005954,S3-699693541,S3-62952699,S3-848184422
S1-62554041	S2-211026302,S3-224234978,S3-764704315,S3-829382424
S1-299037571	S2-160144700,S3-580150565,S3-201065515
S1-791891306	S2-884298756,S2-649486176,S2-372363817,S2-358578576,S2-189078366,S3-126438450
S1-36503088	S2-433557914,S2-29324575,S2-387686909,S3-957466890
S1-542451068	S2-704299794,S2-502963865
S1-716988964	S2-427705137,S3-94023856,S3-145243870,S3-600336989,S3-342335609
S1-216630681	S2-282220533,S2-549240994,S2-598366679,S3-441313900,S3-273742749
S1-719791247	S2-343541953,S2-878882431,S2-975597937,S3-200413190,S3-84414487
S1-40515540	S2-374031003,S2-975098070,S2-751087885,S3-102122794,S3-204638909
S1-99952228	S2-563041321,S2-589439159,S2-471552469,S2-849711525,S3-719822502,S3-635008066
S1-135974824	S2-859035662,S2-802404459,S3-434239879,S3-475038520,S3-41634808,S3-159446464
S1-334276378	
S1-296553770	S2-460643103,S3-663125991,S3-737092861,S3-526464567
S1-104046335	S2-658575163,S2-882654105,S3-667573097,S3-689925370,S3-572910724,S3-425732334
S1-288112872	S2-482385097,S3-848064785
S1-945077204	
S1-946217772	S2-476506866,S2-39162194,S2-666787805,S3-266382561,S3-771435594,S3-363195895
S1-711909979	S2-383593026,S3-8413903,S3-182577927,S3-316144848
S1-35316768	S3-417603880,S3-588782207
S1-593702237	S2-76800721,S2-654062059,S3-224075241
S1-536963902	S2-917013017,S3-441442388,S3-9581618,S3-547683295,S3-755583451
S1-798033550	S2-289200041,S2-971940646,S3-35462918
S1-858562422	S2-807454926,S3-435787762,S3-733624896,S3-683009405
S1-523975207	S2-455251438,S2-826640676,S2-417175434,S3-804250913,S3-740409399,S3-973476117,S3-844348284,S3-747919927,S3-365358223
S1-801317869	
S1-468076456	S2-694674468,S3-650444710,S3-700594421
S1-600935743	S2-795834443,S2-890987089,S2-347005800,S2-849837958
S1-267780177	S3-142857990,S3-958802606
S1-946885324	S2-301515756,S2-308803171,S3-219791093
S1-236054226	S3-135844407,S3-429804215,S3-393641546
S1-475333560	S2-334857079,S3-168459609,S3-648595262,S3-263677344
S1-7228712	S2-500387981,S3-581507627,S3-680526686,S3-452857642
S1-507505852	S2-66936882,S2-503964053,S2-960574881,S3-770529235,S3-958679664
S1-885885129	S2-550602368,S2-374264366,S3-864455025
S1-172906122	S3-958945677
S1-594497707	S2-751955281,S2-231058057,S2-339336192,S3-969676756,S3-862056216,S3-48627366,S3-251048207
S1-810221031	S2-733986531,S3-945721961
S1-492525937	S2-682444988,S2-7404622,S2-503855807,S2-779250987
S1-422148603	S2-455456848,S2-634827026,S3-667816027
S1-886495519	S2-679223983,S2-377072401,S3-715035481,S3-290539846
S1-30253641	S2-544824708,S3-644510876
S1-73907692	S2-747871044,S3-707962965
S1-749762657	S2-704892868,S3-141332977,S3-139700138,S3-49046052,S3-955194621,S3-168699222
S1-776453630	S2-116320083,S2-169264029,S2-757081968,S3-463743983,S3-971110676
S1-366410077	S2-403487094,S2-499840996,S3-911946070
S1-605666486	S2-758581252,S2-48524688,S2-865779185,S2-861791210,S3-586380751
S1-457231828	S2-432797857,S3-919696137,S3-689397283
S1-145787684	S2-75251440,S2-747316658,S3-58378395
S1-778442477	S2-28045503,S2-955692773,S2-914271325,S2-261796240,S3-285840637
S1-624947324	S2-161229410,S3-883327566,S3-33765755
S1-665879349	S2-745485358,S3-685075906
S1-102115055	S2-548032253,S2-462136835
S1-813672224	S2-39067476,S2-538231265,S2-713240496,S3-887188405,S3-301413605,S3-962351191
S1-597171149	S2-284557126,S2-633722036,S2-467495154,S2-745479132,S3-777109630
S1-471106357	S2-402059695,S3-521342445
S1-749342848	S2-181355122,S2-511196623,S3-57054393
S1-818748406	S2-289160183,S3-693966564,S3-568002973
S1-253960987	S2-717519883,S2-634518520,S3-289247393
S1-338184926	S2-71100160,S2-220805813,S3-143869582
S1-920406397	S2-212458378
S1-30973270	S2-243278243,S2-901170759,S2-950030383,S3-367775600
S1-96335666	S2-7863797,S2-513032445,S3-572644791,S3-456922527,S3-394091292,S3-761029389,S3-371046641
S1-231175517	S2-944976190,S2-485947205,S3-294214185
S1-737084148	S2-513650266,S2-62602590,S2-709152813,S3-221839615,S3-768789512,S3-660616233
S1-849049594	S2-543237042,S2-507648852,S2-706145368,S3-216835525,S3-205370920
S1-771363458	S2-321399091,S2-812860210,S3-434071651,S3-924998011,S3-475317776
S1-885291518	S2-955711664,S3-343311030,S3-56999910,S3-829305150
S1-598873521	S2-602950879,S2-512588041,S3-133145293,S3-399468452
S1-108799197	S2-210975279,S3-543028683,S3-836979437
S1-393792836	S2-937691884,S2-300610593,S2-312190218,S3-567944130
S1-489514280	S2-554858352,S2-472181324,S3-850946620,S3-791082911,S3-733674252
S1-380597422	S2-609646960,S3-982649920,S3-728355093
S1-771752500	S2-362336098,S2-612020645,S2-142970839,S3-38326380,S3-913346266
S1-371230038	S2-606494399,S2-552147368,S3-581603067,S3-714831948
S1-504459020	S2-658131759,S2-915301122,S3-215310960,S3-965088610
S1-892358282	S2-14775152,S2-793906129,S3-378667723,S3-9664853
S1-266346840	S2-808107052,S3-873039350,S3-442186720
S1-68263380	S2-218442484,S3-26699930,S3-2863887
S1-323903677	S2-327168733,S3-938846077
S1-619213736	S2-526375871,S3-948202323,S3-938242932,S3-950737624,S3-217264917
S1-899423246	S2-373545445,S3-447972010,S3-385418114,S3-103954492
S1-635434077	S2-199999260,S2-85943458,S2-907414721,S3-228826342,S3-110582138,S3-333982950
S1-646823348	S2-90319751,S2-280582836,S3-507149524
S1-604946414	S2-145052781,S3-781656331
S1-377090770	S2-307432760,S3-317705473,S3-618956609
S1-945935897	S2-96447167,S2-546336700,S3-31774916,S3-199208317,S3-435348572,S3-743328111
S1-32877681	S3-758288682,S3-343023256
S1-300162028	S2-95609507,S2-792438262,S3-941796179,S3-139079263
S1-12697723	S2-329074854,S2-283089675,S2-34732952
S1-643626669	S2-724567842,S2-746533656,S2-262572824,S2-304172102,S3-296907773
S1-524887677	S2-484644152,S3-602519546,S3-661838419
S1-593131633	S2-252286028,S3-82579274,S3-304695497
S1-660597197	S2-904801588,S2-565158731,S3-885416992
S1-360971576	S2-805636783,S2-178544570,S2-777574386,S2-91033355,S3-519545417,S3-848726241
S1-694061848	S2-275480627,S3-998228101,S3-51525407
S1-184322207	S2-207129224,S2-146182742,S3-868456199
S1-810146178	S2-530816700,S3-568545099
S1-79710065	S2-237537582,S2-977179168,S2-38283071,S3-47132946
S1-966390262	S2-948120168,S2-386268013,S3-279142489
S1-475877424	S2-777378991,S3-199552014
S1-195159514	S2-916940197,S2-841219512,S3-832308107,S3-893223255,S3-999954641
S1-52650835	S2-736341984,S2-55039199,S3-841943991
S1-461800271	
S1-567326505	S2-328396290,S2-649484437,S3-793907710
S1-589715405	S2-130643575,S3-337994223
S1-145038432	S2-779044019,S2-288114339,S3-768198241,S3-474325397,S3-995710507
S1-201369883	S2-971138294,S2-36275433,S3-926694501
S1-885238756	S2-717405499,S2-671727266,S2-581197239,S3-421248873
S1-656226670	S2-254675553,S2-417606312,S2-371522469,S2-865660699,S3-432263597,S3-767874925,S3-547543119
S1-568428500	S2-116962823,S2-202684274,S3-677752526
S1-484028412	S2-107712684,S3-363716243,S3-261431285,S3-117641167,S3-962913049
S1-574811005	S2-528666257,S3-413573280
S1-712117017	S2-358004599,S2-372350290,S2-729922419,S2-860678840,S3-480646105
S1-115674524	S2-844738308,S2-396810360,S3-438195934
S1-726890269	
S1-981403476	S2-605548227,S2-489123910,S3-461212265,S3-419110025,S3-104919915
S1-565854717	S3-556636804
S1-707366381	S2-823438492,S3-355915634,S3-769886197
S1-183137601	S2-991974797,S3-175648688
S1-698024187	S2-893795119,S3-777264815,S3-737321605,S3-773833951
S1-787552144	S2-778167728,S3-974896760,S3-415501603,S3-962287951
S1-781585592	S2-369763068,S3-526525804
S1-202685702	S2-820295221,S2-647180826,S3-332795785,S3-955547491
S1-851389726	S2-87613140,S2-945580095,S3-802220206,S3-251723031
S1-15599861	S2-93021624,S2-699549892,S2-335804131,S2-145687213,S3-93677150,S3-258230737,S3-860269498
S1-197502667	S2-698458738,S2-806819193,S2-334869461,S2-815152034,S2-631035436,S3-924898767
S1-822901179	S2-424642141,S3-770052,S3-872950161,S3-513722370
S1-664125348	S2-276151053,S2-591860215,S3-656884382,S3-358747048,S3-284808813
S1-466868735	S2-148772059,S2-17125074,S3-895312373,S3-860077187
S1-889698574	S2-833216785,S2-187361526,S3-404786118
S1-44112672	S2-97630761,S3-584390398,S3-534100132,S3-744083556,S3-994798177
S1-73157343	S3-464290035
S1-892554997	S2-724252541,S2-514939837,S3-732074496,S3-946222175
S1-202630717	S2-407004953,S2-362289573,S3-793706026
S1-679721683	S2-721035882,S2-279117258,S3-546328844
S1-254870751	S2-518886283
S1-909693459	S2-824036490,S2-937712059,S3-396807861,S3-369337505,S3-17830257
S1-178588267	S2-220040916,S3-256138856,S3-937970224
S1-337803252	S2-635938192,S2-663871560,S3-155489734,S3-935587989,S3-568034921
S1-104626778	S2-600929688,S2-473383711,S3-764423828,S3-333471509
S1-117315529	S2-692324089,S2-517535273,S2-635629061,S3-584048903,S3-898977051
S1-134160826	S2-641147638,S2-101370900,S3-200573060,S3-88769867
S1-14159018	S2-619274513,S3-291671758,S3-797086351,S3-985411986
S1-336436959	S2-820320849,S3-418123730,S3-243888103,S3-287263871,S3-124659398
S1-281201952	S2-102458203,S3-401971484,S3-502116592
S1-199472642	S2-919127376,S2-502261049,S2-100285644,S2-177088090,S3-547902356
S1-931982364	S2-250175385,S2-815325301,S2-192449207,S2-589698244
S1-521128933	S3-60446057,S3-907777631,S3-393683677
S1-303933654	S2-44878386,S2-442563117,S2-5463004,S3-163272834,S3-109796891
S1-766377417	S2-838937031,S2-231395728,S3-539279884,S3-972700971,S3-369911798,S3-493888498
S1-380423366	S2-40267920,S2-200402785,S2-904395241,S2-434121598,S3-783010420,S3-848733037,S3-352019878
S1-552406625	S2-765959253,S3-646547910,S3-263029909
S1-965475150	S2-568786658,S2-668458291,S3-710806525
S1-464013763	S2-432782092,S3-695016187,S3-175035303
S1-943552839	S2-495273380,S2-602283621,S2-768864480,S3-805438663
S1-304505066	S2-338082035,S2-877466310,S2-661654435,S2-437896107
S1-120339770	S2-845663919,S2-484060643,S2-645750611,S3-898241992,S3-440535164,S3-602431087,S3-247268738,S3-502273261,S3-709636476
S1-589815236	S2-599290644,S2-397672345,S3-542179877
S1-380525357	S2-280390559,S2-88241745,S3-987554834,S3-935033983,S3-756380900
S1-772302718	S2-998303826,S3-455116471
S1-697052512	S2-189519568,S3-486135417,S3-105206286
S1-204356966	S2-85113931,S2-301054734,S3-954410685,S3-438893772
S1-354790697	S2-81217555,S3-831253263
S1-547217095	S2-884045346,S3-419669664
S1-861056584	S3-490617
S1-171129315	S2-473230277,S2-867329621,S2-668712336,S3-385969678
S1-557465800	S2-163443289,S3-999131471
S1-594568023	S2-291805304,S2-785743496,S3-183178858,S3-995407621
S1-486124637	S2-828434032,S3-128913359
S1-673090809	S2-828098284,S3-622199760,S3-86412960,S3-61173525
S1-960361259	S3-739388989,S3-76796663,S3-975153576,S3-926341248,S3-834930984
S1-526520368	S2-820200167,S2-793231452,S3-405472529
S1-176956232	S3-558196244,S3-882655398
S1-803176114	S2-890103676,S2-225358009,S3-802244087,S3-42025141
S1-998429241	S2-80848803,S3-727913967,S3-599979167
S1-107931048	S2-826327018
S1-679133509	S2-575734000,S2-334470670,S3-402456147,S3-711170554
S1-990201852	S3-702344158
S1-394419281	S2-430436628,S3-686320796,S3-872271623
S1-743864993	S2-707208692,S3-356916938
S1-620524862	S2-240410779,S2-717243563,S2-6118759,S3-439989194,S3-230103078
S1-302588323	S2-248587570,S2-211136636,S3-674920447
S1-612826949	S2-381281396,S3-649523577
S1-677371743	S2-620119034,S2-268973809,S3-429957807
S1-132345444	S2-402903483
S1-39305329	S2-891238283,S2-560745429,S2-863502251,S3-764383027,S3-760399253,S3-815174461
S1-611068885	S2-931530051,S2-797944798,S3-557067261
S1-368519484	S2-940188295,S2-726966009
S1-161325793	S3-718421447,S3-643547970
S1-673052042	S2-458670134,S2-358289321,S3-602691672
S1-948657063	S2-977258790,S2-376369506,S3-885224415
S1-687044089	S2-283586212,S3-383631050,S3-975659278,S3-567717241
S1-216460485	S2-481493390,S2-491240710,S2-983557880,S3-372390374,S3-551085679,S3-772219167
S1-768650330	S2-98000320,S2-23797761,S2-826792118,S2-234350891,S3-988843217,S3-33127082,S3-861296437,S3-347581132,S3-826370254
S1-657225634	S2-594470714,S3-287161514
S1-626975851	
S1-407069437	S2-788525371,S2-890964119,S3-444257439
S1-96581423	S2-569812875,S3-27085432,S3-47181689
S1-101541682	S2-563576948,S2-83892837,S2-21164599,S2-799037044,S3-556497682,S3-447683324
S1-731479471	S2-286024714,S3-592168075,S3-400251757,S3-530384982
S1-832587885	S2-545155683,S2-291136146,S3-857748965,S3-141187876,S3-719224844,S3-221285187
S1-38652085	S3-616448994,S3-364356043
S1-966331650	S2-702714762,S2-836457347
S1-975310221	S2-141092550,S3-417669528,S3-263790058,S3-648655893
S1-141066855	S2-524003,S2-662250925,S3-852603978,S3-284079733
S1-979036764	S2-248958443,S3-487343313
S1-140269631	S2-898592422,S2-211596680,S3-643878740,S3-225558114,S3-127978162
S1-822511374	S3-671499531,S3-320288796,S3-146391775
S1-218392965	S2-428162477,S3-978075830,S3-731586224
S1-586209876	S2-606596519,S3-366581732,S3-301115377
S1-970705416	S2-483436095,S2-363580903,S3-706695759,S3-9566848
S1-809167102	S2-795300051,S2-908828573,S3-106373883,S3-952197590
S1-614403089	S2-483680234,S3-465882353,S3-558158929
S1-518259409	S2-489369957,S2-359701563,S3-303808647,S3-594118838
S1-342749034	S2-751848585,S3-144522004
S1-401515681	
S1-834025647	S2-613107777,S2-278724498,S3-417041808,S3-482859366
S1-262812715	S2-201572415,S3-731760415,S3-582487050
S1-655089723	S2-232749315,S2-291156575,S2-988233935,S3-62391260,S3-62869025
S1-401146757	S2-554861376,S3-931523721
S1-184105088	S2-613526570,S3-25657097,S3-679832117
S1-15895121	S2-591646703,S2-326757298,S2-112323699,S3-694891104,S3-465377309,S3-576032024
S1-585157908	S2-427446381,S3-258396273
S1-466109066	S2-595831990,S3-101374910,S3-71307849,S3-784633715
S1-528961394	S2-30878265,S2-794730061,S3-817505121,S3-215124606
S1-142541829	S2-104890422,S3-184919901,S3-887686019
S1-213254550	S2-347177489,S3-886967435
S1-219258412	S2-372932993,S2-449012915,S3-997849356
S1-184546496	S2-887108081,S2-644797046,S2-188995249,S3-81291492,S3-14315389
S1-411874020	S2-578549018,S3-891719341
S1-993841612	S2-423554722,S2-199919986,S2-269277729,S3-177381288
S1-391885486	S2-139175706,S2-5041588,S3-376607732,S3-825091224,S3-851242664
S1-885067039	S2-741368687,S3-541538495,S3-856439070,S3-269050716
S1-756366896	S2-238182547,S2-630782762,S3-601728434
S1-156379625	S3-502763566
S1-546970546	S2-128003249,S2-995718657,S3-510706384,S3-122213974
S1-219769434	S2-479280069,S3-671195792,S3-804060697
S1-855171608	
S1-506591206	S2-983578,S3-435989980
S1-636220578	S2-236703823,S3-535694224,S3-681005545
S1-979106918	S3-855642190
S1-839244643	S2-268181358,S2-948667755,S2-417110974,S3-570621837
S1-706510565	S2-741968728,S2-381519026,S3-801566651,S3-792126398,S3-290090802
S1-93763115	S2-568710118,S2-81951488,S3-400110131,S3-189707927
S1-767460754	S2-91786406,S3-442193587
S1-694431464	S2-315942713,S2-822652222,S3-498962852,S3-409789878,S3-434100034
S1-805742318	S2-854343841,S3-518699556,S3-801675941,S3-181744190,S3-572546572
S1-658992096	S2-536831719,S2-34368909,S2-623836155,S3-453722964
S1-463741499	S2-258991701,S2-70477053,S2-249415633,S3-269290863
S1-317686554	S2-356190559,S3-238873988,S3-154182171,S3-270715301
S1-202779514	S2-832220731,S2-89282378,S2-594299310,S3-741190367
S1-941937998	S2-717195461,S2-517487515,S2-710058941,S2-338928155,S3-980857952
S1-335395300	S2-176891647,S2-935297559,S2-701782971,S3-492486680,S3-160101568,S3-943833061,S3-626503304
S1-973615824	
S1-237500728	S3-851601628,S3-880124463
S1-255491640	S2-870006097,S2-198055302,S3-95993111,S3-653177531
S1-992567403	S2-756949980,S2-819828251,S3-784617338
S1-976011608	S2-384735216,S2-453475485,S2-559896003
S1-355774668	S2-322804386,S2-69336214,S2-721244863,S3-810831252,S3-562587250
S1-740411586	S2-180818868,S2-362513433,S3-200818915,S3-625439360
S1-367418995	S3-455975989,S3-190289866,S3-508828106
S1-660872300	
S1-830735093	S2-476937321,S2-577949373,S3-450361964,S3-754204717,S3-661670773,S3-465398394
S1-322813591	S3-530253824,S3-773171859,S3-420494237
S1-282368271	S2-38610782,S3-870854074
S1-173163993	S2-730102078,S3-828158874
S1-171618206	S2-598598077,S2-704415180,S3-357285713
S1-507450705	S2-597189151,S2-646337355,S3-759494046,S3-816397184,S3-876424685,S3-596087873
S1-359849957	S3-880093289
S1-876416168	S2-760614031,S2-182782571,S3-552721400,S3-263385963
S1-780284250	S2-970734199,S2-760046074,S2-415265974
S1-498057897	S2-296669183,S2-625128499,S3-425661512,S3-966125587
S1-64027159	S2-716939363,S3-313183422,S3-782817794
S1-614857843	
S1-661971979	
S1-356399911	S2-596603925,S2-334516627,S3-156818178,S3-795533143
S1-223818707	S3-367425593,S3-375025626
S1-434695777	S2-360250320,S2-527272672,S2-265326345
S1-547459151	
S1-974255945	S2-516791632,S3-577254497,S3-715107349
S1-587822608	
S1-32953607	S2-183276314,S2-719731419,S2-306802424,S3-930248537
S1-243440338	S2-922298744,S2-216285429,S2-247672752,S2-712337957,S3-74261022,S3-141118617
S1-886442250	
S1-752936924	S2-36366520
S1-476060655	S2-190930926,S3-762347106,S3-575713249,S3-461391899,S3-184758524
S1-288982338	S2-784932553,S2-614865751,S3-963178838,S3-792365958,S3-80630857,S3-82203838
S1-201673109	S2-627968409,S2-873338767,S3-120954123,S3-63503057
S1-595115219	S2-907206111,S3-416638561
S1-31289852	S2-56210028,S2-503701962,S2-56173286,S3-240770006,S3-343497155
S1-598208046	S2-45163565,S3-355538688,S3-728869956
S1-858430922	S2-543498975,S2-137033520,S2-885244523,S3-309704084,S3-283275191,S3-904858248
S1-510885178	S2-389357493,S3-707204993,S3-592556611,S3-359111096,S3-864316129
S1-225012748	S2-146954949,S3-843699839,S3-967092360
S1-526970396	S2-598447812,S2-909290458,S3-331134376
S1-491783768	S2-93149008,S2-296148716,S3-872352979,S3-883412926,S3-915196696,S3-665751798,S3-222729868
S1-317338289	
S1-228404555	S2-644419804,S2-620828478,S2-659266514,S3-730062360,S3-318083996
S1-37533698	S2-248393724,S2-43058926,S2-86882746,S3-825222852,S3-150736095,S3-185015817
S1-454405054	S2-926601671,S2-195164138,S2-382783021,S2-673892673,S3-998222823,S3-510492728
S1-750239667	S2-74290399,S3-615748549,S3-144509963,S3-122543352,S3-145891472
S1-144014386	S3-614453607
S1-157743625	S2-475004728,S3-889886995,S3-626521576
S1-966140752	S2-373137100,S2-206782156,S3-565244161,S3-693841226
S1-283995187	S2-609263907,S3-108063169
S1-643256675	S2-631463695
S1-273846317	S2-826709499,S2-734279166,S2-27437350,S3-43311570,S3-732563881,S3-733337333
S1-727168138	S2-551255692,S2-334278771,S2-675387778,S3-913570926,S3-901268833,S3-444433626,S3-485059739
S1-22530245	S2-223711075,S2-771394740,S3-134087016,S3-645164323,S3-761108189
S1-926267485	S2-301704960,S3-495205030,S3-160573095
S1-814059510	S2-227793206,S2-224509910,S2-791039454,S3-400062360,S3-78618963
S1-392026190	S2-959535138,S2-421503869,S2-949565613,S2-516109655,S2-336810579,S3-165074349,S3-899364884,S3-864572907
S1-900935470	S2-739570395,S3-483232226,S3-275894389,S3-411443180,S3-391689486
S1-959618538	S2-781412497,S3-334836382
S1-953554313	S2-398338560,S2-202490829,S3-33660986
S1-692080262	S2-228759297,S2-871546920,S3-852527292,S3-453006848,S3-648220827,S3-207662862
S1-516587903	S3-662019447
S1-871058137	S2-541592224,S3-304673439,S3-919980786
S1-686327056	S2-442878036,S2-461187760,S3-716618406,S3-142075382
S1-568402382	S2-429136430,S3-324293175,S3-837525550
S1-484105409	S2-56076972,S2-903874435,S3-631485005,S3-515224360
S1-388044650	S2-968573602,S3-247171911
S1-894762071	S2-220102712
S1-18526471	S2-614628564,S3-665674137,S3-373727412
S1-628836990	S2-608701103,S2-519889360,S2-972040088,S2-843226063,S3-174384803,S3-870930432
S1-706266849	S2-13598650,S3-308819739,S3-252837938,S3-774741479
S1-890009542	S2-932187797,S2-461344955,S2-84178757,S3-203500929
S1-964899782	S2-182086385,S2-832061154,S3-573139865
S1-905066995	S2-969521907,S3-711866513,S3-425754329,S3-414123317,S3-565354764
S1-377279366	S2-300883999,S2-309046974,S3-724291993,S3-391867604
S1-913761779	S2-618573080,S3-863035702,S3-689079906
S1-846442990	S2-559542261,S3-618995768,S3-728997334,S3-524925495,S3-737906949
S1-386945311	S2-241841653,S3-771103650
S1-987797878	S2-159224321,S2-665050779,S3-486174,S3-724622631,S3-817447531,S3-534234050
S1-17022084	S2-139253903,S3-485020201,S3-708290570
S1-311028490	S2-356686898,S3-274943848
S1-389051499	S2-653175783,S3-256393130,S3-963076459
S1-995753842	S2-634707860,S3-227081385,S3-609982235
S1-974730558	
S1-226099106	S3-457727738,S3-389570748,S3-761338497
S1-534668252	S2-557404557,S3-176807401,S3-148060934
S1-904198988	S2-525763853,S2-190122367,S2-874769385,S3-503575418,S3-207177370,S3-66366828
S1-950197290	S2-138346709,S3-780534808,S3-159001332
S1-449997515	S2-185820806,S3-905448221,S3-900904493,S3-44980885,S3-45315687,S3-927000915
S1-302226464	S2-405720169,S2-530682240,S2-409319179,S3-624377635,S3-67226151,S3-6851424
S1-832909571	S2-913276150,S2-761969536,S2-265878751,S3-689002686,S3-266502157
S1-10028299	S2-491642179,S3-50398053,S3-126355568,S3-290628736
S1-261227617	S2-828195405,S2-982627900,S2-735856247,S2-366434495,S2-910045309,S3-262489416,S3-618826380
S1-957218587	S2-256407454,S2-209578663,S3-157201780
S1-444098192	S2-30575255
S1-327941173	S2-231630439,S3-81456805
S1-510483262	
S1-616026342	S2-287642826,S2-69360072,S2-967224746,S3-11558817
S1-301928342	S2-430630824,S2-821345059,S3-395035855,S3-953793804
S1-169334578	
S1-754267097	S2-266272010,S2-848596446,S2-681702181,S3-139243353
S1-614438428	S2-954001628,S3-804297125,S3-215763800
S1-884129848	S2-793112787,S3-329522690
S1-81942887	S2-941501751,S2-726023875,S3-158891562,S3-74996270
S1-48806549	S2-64186888,S2-657158866,S3-942771404,S3-270208257
S1-81978858	S2-745532274,S2-234432003,S2-231270656,S3-736135313,S3-279111653
S1-461012885	S2-568160074,S2-793348581,S2-561174988,S3-138322980,S3-307266885,S3-539297257,S3-266757077
S1-222078192	S2-826855249,S2-817997991,S2-93007007
S1-657785708	S2-103246744,S3-385980300,S3-190625979,S3-217744551
S1-363507898	S2-104204154,S3-835259680,S3-974213462,S3-53707747
S1-568507847	S2-125709988,S3-64364635,S3-609278130
S1-625184406	S2-497678588,S2-676913094,S2-250562706,S3-236847023
S1-707471734	S2-295229348,S2-879720898,S2-990075414,S3-462894505,S3-259531581,S3-770182722,S3-319928278
S1-601282529	S2-511630099,S2-140124073,S3-496610616,S3-116341347
S1-678634870	S2-676769307,S2-623499773,S3-224828036,S3-978080320
S1-180567735	S2-147474147,S2-607257302,S3-151657747,S3-46467937,S3-790682960
S1-271389334	S2-823925515,S2-870786706,S2-965730431
S1-9357952	
S1-931115357	S2-270616591,S2-348765305,S2-219474709,S3-466280272,S3-663434758,S3-689208307
S1-636219545	S2-482747542,S3-51258920
S1-160541194	S3-634418851,S3-415840834
S1-486233538	S2-175150717,S3-341921684
S1-234958095	S2-282804959,S3-584754301,S3-506376420
S1-422570610	S2-338858168,S2-192671184,S3-854411560,S3-106818654,S3-139422889
S1-793779272	S2-27338244,S2-190340031,S2-538429113,S3-643763240
S1-139672110	S2-609557578,S2-743719302,S3-715092954,S3-771731070
S1-928584878	S2-185735427,S3-20727238,S3-935370916,S3-839020948,S3-212514545,S3-696813732
S1-556681933	S2-969771178,S2-653868114,S2-537844975
S1-784753227	S2-403687527,S3-154697167,S3-483566381
S1-134757293	S2-473843905,S3-957753779,S3-256755139
S1-972503359	S3-918066053,S3-991591248
S1-419903891	S2-846509346,S2-812218783,S3-851898597,S3-846127907
S1-625416714	
S1-614664205	
S1-732445076	S2-705601416,S2-145039938,S2-313357552,S3-982545136
S1-238009545	S3-704207116,S3-40710030
S1-793349082	S2-258310201,S3-917407427,S3-866509235
S1-363533279	S2-465725763,S2-709543769,S3-84329722,S3-480639459,S3-17304887,S3-287163782
S1-878174391	S2-146495006,S3-720889967
S1-195834336	S2-739381059,S3-136240252,S3-15509962,S3-918623495
S1-197712484	S2-782710009,S2-319471737,S3-687889485,S3-387183021
S1-934783872	S2-289656209,S3-867475256
S1-19300943	S2-515586594,S2-445613695,S2-988110063,S3-179097485
S1-768077954	S2-689500948,S3-167069960,S3-746078631
S1-506367214	S2-769176616,S3-538681579
S1-652027601	S2-820663634,S2-401021675,S2-884788741,S3-915137042,S3-595665999,S3-224086478,S3-991688186
S1-692278191	S2-559187304,S3-404768249
S1-259636579	S2-493408875,S3-978202889
S1-508052111	S2-341233412,S2-418546968,S2-154169856,S3-521550883
S1-523438714	S2-435582396,S3-643366261
S1-500543081	S2-975435053,S2-908357731,S3-523044584
S1-508267230	S2-326736314,S2-592278532,S3-127026895
S1-721038421	S2-979850736
S1-899080240	S2-610124469,S2-668424463,S3-830530038,S3-605846132,S3-384971975
S1-264889084	S2-619262928,S2-214460726,S3-324406017
S1-861620410	S2-509546243,S2-348051170,S3-207655326,S3-73126485
S1-544379692	S2-868596316,S3-126184942,S3-393819191,S3-500719776
S1-774848541	S2-197269906,S2-35747313,S2-880969832,S3-399788940,S3-873534933,S3-36254598
S1-409817554	S2-606160947,S2-714242260,S3-767990479,S3-423684262
S1-440203228	S2-213903030,S3-55656528
S1-150122397	S3-529919625,S3-812759299
S1-47994415	S2-289172733,S2-889097327,S2-722897272,S3-547305780,S3-638588718,S3-560118095,S3-582685771
S1-93990641	S2-849526842,S2-60034755,S3-205971755,S3-918235209,S3-693336769
S1-53189919	S2-732671485,S2-851028275,S2-34118468,S2-788660149,S3-1835238,S3-534998147,S3-504735101
S1-226368891	S2-419234185,S2-279383068,S2-55666386,S3-839327165
S1-374835139	S2-541222936,S2-648638881,S2-555798955,S3-775092774
S1-825190489	S2-499996460,S3-311462786
S1-308257020	S2-21075060,S2-110456431,S3-882776692,S3-934145747,S3-711097829
S1-69142996	S2-948726536,S2-884035607,S3-986945315
S1-378634966	S2-400030808,S2-72868280,S3-496434093,S3-758957392
S1-735266801	S2-655257134
S1-92616530	S2-304056798,S2-980170074,S2-155703871,S3-57248817,S3-105140017
S1-208683239	S2-690127271,S2-136439253,S2-723514776,S3-673860444
S1-680008372	S2-474048096,S3-306689701,S3-319382210
S1-14437240	S2-308042753,S3-505715031,S3-653258161,S3-98327432
S1-225001136	S2-668887330,S3-781386700,S3-41448195
S1-490961175	S2-977966417,S3-895666997,S3-539347028,S3-261987727
S1-22342832	S2-170531490,S2-238333400,S3-311676359,S3-53652269,S3-452834252
S1-827547918	S2-529947824,S2-618463545,S2-973023568,S2-129222908,S3-841494526
S1-179789463	S2-337214601,S2-479458347,S3-33947925
S1-131324902	
S1-133191172	S2-331429252,S2-298233881,S2-374029445,S3-929291896
S1-666013261	S2-870741525,S3-371966780
S1-747438578	S2-276518996,S2-2939845,S2-177005932,S2-800415584,S2-227868470,S3-217729413
S1-760146130	S2-393895078,S3-780962591,S3-624021269
S1-261199516	S2-439860291,S2-45143898,S2-577363811,S3-646113547
S1-130981760	S2-365871200,S2-293749115,S2-531295054,S3-427921013,S3-668716200
S1-366747273	S2-123439141,S3-335488954
S1-360911062	S2-246631938,S2-870570819,S2-178336004,S2-147560937,S3-684345680,S3-317319441
S1-249723003	S2-860625465,S3-918942551,S3-426225296
S1-962138329	S2-788094872,S3-266764789,S3-216353340
S1-638856744	S2-996607427,S2-417517754,S2-399610828,S3-640377811,S3-893813781,S3-251698357,S3-706738500
S1-592683321	S2-682111028,S2-678688904,S3-638760587
S1-207671854	S2-725153260,S3-269865072
S1-324719761	S2-968046309,S2-25164126,S2-909036549,S3-55115819,S3-1812487,S3-559457866
S1-687535406	S2-290014113,S3-418858432
S1-853988517	S2-373617389,S2-139904053,S3-376283073
S1-616232777	S2-254255107,S2-358187946,S3-956980917,S3-913510209
S1-781641970	S2-567211190,S2-193315890,S3-846081823
S1-388049779	S2-278548650,S2-218552157,S2-593836013,S2-304389251,S2-627213719,S3-967697107,S3-547059186,S3-476480805
S1-437657592	S2-980722925,S2-454094918,S3-341484053,S3-867365275
S1-239320834	S2-361818108,S2-887934690,S3-600818240,S3-441621096,S3-51362987
S1-909369452	S2-384245244,S2-73702791,S2-799694101,S3-194711548
S1-565478800	S2-216401660,S2-665168294,S3-319014213,S3-185935565,S3-885210659
S1-878690383	S2-679009655,S2-536470970,S2-420718315
S1-205814890	S2-644671288,S2-588843734,S3-933775165,S3-871093,S3-760051254
S1-898409585	S2-908443719,S2-415717965,S3-785748577,S3-339239494,S3-147876615
S1-4344548	S3-861052416,S3-890811806,S3-778950899
S1-901444621	S2-511697377,S3-262477760,S3-437943880,S3-91180595
S1-559322374	S2-104824710,S2-673801383,S3-289474982,S3-860372427
S1-729807109	S2-32476447,S3-203364619,S3-220171837
S1-711931055	S2-801637493,S3-84131570
S1-620702588	S2-344317079,S3-757560566
S1-695910970	S2-235879870,S3-234432919,S3-22784445
S1-784478529	S2-608219810,S3-599955356,S3-956267414,S3-159144159,S3-692552512
S1-548505424	S2-752062080,S3-97611630,S3-12437735,S3-336677692
S1-578433980	S2-727445321,S3-869648587
S1-931827058	S2-321597168,S2-41501168,S3-388438327,S3-276647736,S3-891428899
S1-354920261	S2-933457704,S2-820750112,S2-580237893,S2-851454400
S1-99962943	S2-308825502,S2-918209420,S2-659184353,S3-432399992
S1-572144442	S2-462354890,S2-788215236,S3-972092684,S3-829844948,S3-177620436
S1-34644459	S2-668420856,S2-328283875
S1-844085842	S2-20569518,S2-158087913,S2-849929015,S3-884731979
S1-192018238	S2-542851507,S3-435311219,S3-16548592,S3-481995519
S1-810546634	S2-111817299,S3-11410380,S3-569972943
S1-394121317	S2-348344890,S3-342859666
S1-101629104	S2-187260474,S3-632700877,S3-866784611
S1-387757698	S2-577010064,S2-963034098,S3-385707248
S1-838300057	S2-980776434,S2-925527248,S2-34450272
S1-564500809	S2-397443460,S2-797218263,S2-521950888,S2-190634137,S3-695006829,S3-105357911
S1-463577535	S2-815100111,S2-231023315,S3-946857967,S3-358311367,S3-600583014,S3-423189377
S1-846163628	S2-724782380,S2-688500914,S3-421136769,S3-215177930,S3-230854181
S1-386525421	S2-798796367,S3-576124636
S1-804742650	S2-450085495,S2-762324410,S3-356798718
S1-806019560	S2-934842948,S2-199710168,S2-623461576,S3-157729624,S3-650785909
S1-435765746	S2-879091252,S2-842201823,S2-106083268,S3-227209431,S3-197095575
S1-85520731	S2-824610445,S2-942676869,S2-244789530,S3-539748690,S3-487300727
S1-976383283	S2-621554117,S2-961317062,S2-983792793,S2-654333621,S3-210139553
S1-401039435	S2-126757222
S1-815151995	S2-911233367,S3-987802407
S1-845770501	S2-794660259,S3-239917489
S1-587032690	S2-893065168,S3-381402645
S1-220619089	S2-287533677,S3-765402955,S3-129669925
S1-940155031	S2-533775119,S2-412806387,S3-480949403,S3-953286881,S3-541375287
S1-139036583	S2-257080543,S2-584553259,S3-143601825
S1-287435872	S2-164947429,S3-312319074
S1-942610429	S2-36868726,S3-919047877
S1-439499349	S2-132745499,S3-523495730,S3-425260148,S3-107857514
S1-733785158	S2-439114509,S3-867706435,S3-110846612
S1-422217931	S2-704489936,S2-587074460,S3-857082875
S1-38219134	S2-811013703
S1-951809304	S2-136907933,S2-602044148,S3-784097084,S3-489660738,S3-178921494,S3-894194324
S1-619407649	S2-95309093,S2-889135452,S3-875322696,S3-779087623
S1-775127908	S2-710291803,S2-782399741,S3-38174994
S1-830891960	S2-739601922,S2-621629850,S2-322666686,S2-636128548,S3-577507465,S3-461435535
S1-979707775	S2-788998969,S3-939568666,S3-459503477,S3-126920005,S3-286190934,S3-401995355
S1-827003387	S2-764546784,S3-787714352,S3-750295065
S1-517639480	S2-285509101,S3-726669793
S1-877826023	S2-896148661,S2-112493429,S2-427580965,S3-436283341
S1-480824644	S2-721192508,S2-559253096,S2-114902798
S1-130658635	S2-656356323
S1-950659197	S2-621825343,S2-124674636,S2-159870504,S3-132493833,S3-385970024
S1-775746787	S2-874026038,S2-896082099,S3-772474363,S3-222312256
S1-933616291	S2-492934093,S2-668471983,S2-468004486,S3-885636549
S1-412903137	S2-900843405,S2-821691462,S2-229809302,S3-31868459
S1-50986997	S2-113031324,S2-742206821,S2-553590471,S3-933982467
S1-319286035	S2-691578727,S2-586748005,S3-804306744,S3-286306718,S3-364529979
S1-501889863	S2-521816472,S2-885588543,S3-317282313
S1-776994594	S2-883418707,S2-74141587,S2-603234401,S2-769062096,S3-300746566
S1-668526761	S2-51623269,S3-8002550,S3-83940767,S3-448044730
S1-540917784	S2-27897071,S2-917456761,S2-258753075,S3-134954806,S3-681070803
S1-778483496	S2-321613939,S2-686174040
S1-255195649	S2-830995190,S3-511505058,S3-882579712,S3-421849649
S1-255014304	S3-331985553
S1-494907350	S2-775606308,S3-482864598
S1-809355907	S2-827651498,S2-531100132,S2-643626562,S3-303141060,S3-152312105
S1-168744742	S3-289926179
S1-649245275	S2-614542037,S2-370270480,S3-550207963,S3-599524285,S3-241851395,S3-805550834,S3-657400127
S1-797604163	S3-588214427,S3-278672198
S1-606315174	S2-517372451,S3-177532636
S1-369433612	S2-201211091,S3-737752434,S3-651048534
S1-339253042	S2-794534627,S3-962470310,S3-550532461
S1-77789359	S3-608045072
S1-62429382	S2-375224021,S3-455817674,S3-11259712
S1-55649452	S2-379764996,S3-976526092,S3-225460320
S1-54166355	S2-409177487,S2-669766052,S3-446530770,S3-764602662,S3-345107191
S1-399433959	S2-473110779,S3-609410320
S1-291498189	
S1-237855350	S2-524535066,S3-331028058,S3-56153217
S1-475265768	S2-343145885,S3-354376024,S3-636968410
S1-652238226	S2-118055572,S3-553404835,S3-536001604
S1-728781453	S2-66276050,S2-594728439,S3-195639093
S1-103079635	S2-204391476,S2-6041538,S2-385245212,S3-898103246
S1-79269528	S2-737231796,S3-235496942,S3-757673356,S3-11818598
S1-572343716	S2-145136014,S3-970482838,S3-46495808
S1-470670887	S2-359234286,S2-218995258,S2-581970926,S2-219446202,S3-437397137,S3-148740607,S3-561584118
S1-328289660	S2-644491350,S2-314020861,S2-370550660,S3-36471866,S3-647763559
S1-540857690	S2-29080517,S3-617768710,S3-206228717
S1-957798530	S2-704237808,S2-466040596,S2-908648456,S2-324456572,S3-280629355
S1-409328987	S2-95097644,S2-392838403,S3-880171946,S3-359371095
S1-221343091	S2-205461872,S3-802925732,S3-179744250
S1-624693230	S2-976889941,S2-287471274,S2-229114852,S3-607997203
S1-783063218	S2-146745757,S2-634728065,S3-632287613,S3-161056156
S1-764057145	S2-347922690,S3-276328730
S1-739576263	S2-449049482,S2-999050005,S2-605082717,S3-762687811,S3-469274307
S1-100545494	S2-858881266,S2-552918384,S2-653176941,S2-156521042,S2-144732000,S3-477540961,S3-239274229,S3-619241638
S1-526539553	S2-473888328,S2-729290363,S3-705514283
S1-903599788	
S1-539499396	S2-612233207,S2-29481789,S2-647973851,S2-684321834,S3-959788625,S3-480965082,S3-110442219,S3-692077076
S1-230957344	S2-58643919,S3-534756117,S3-419520694
S1-35831332	S2-620040847,S2-221469323,S2-892569876,S3-839194887,S3-96580453,S3-617217160,S3-539693479,S3-927248000
S1-190258216	S2-78541475,S3-217133684
S1-238632406	S2-189241761,S2-312763134,S3-819126474,S3-854394156
S1-259304209	S2-408759950,S2-61496555,S3-534442931
S1-941762720	S2-98527663,S3-101065628,S3-468818176,S3-982984214
S1-418045177	
S1-727344998	S2-193651435,S2-806004493,S2-170699777,S2-720807675,S3-496231027
S1-432591164	S2-886814309,S3-53056591
S1-949948557	S2-731450644,S2-476241234,S2-245172620
S1-93857692	S2-99830085,S3-809805333,S3-37207452,S3-434122239,S3-36950330
S1-635744935	S2-217310911,S2-202900116,S3-84133589,S3-531246880
S1-585590153	S2-890596352,S2-205625645,S2-308659221,S2-235401555,S2-644005270,S3-30496275,S3-970413075,S3-195551751
S1-942930832	S2-244243744,S3-212398377,S3-339216822
S1-100873232	S2-914900115,S3-473094714
S1-252121861	S3-666101983
S1-568468756	S2-110776648,S2-227161520,S2-754115546,S2-183382668,S3-688774048,S3-169549314
S1-870104915	
S1-57447012	S2-858606143,S3-523165122,S3-654020794,S3-126849814
S1-719223964	S2-828287211,S2-290995112,S2-730692950,S2-359374047,S3-287035173,S3-860054551,S3-111834048
S1-254375039	S2-368967955,S2-395407164,S3-841629336,S3-404811081
S1-855091766	S2-372241413,S2-569266468,S2-930023335,S2-401817418,S3-845408597
S1-753410777	S2-166423924,S3-876701370
S1-860048161	S3-973866522,S3-246164701
S1-352062821	S2-326614646,S2-910731012,S3-646580665,S3-611737010
S1-319477544	S2-818625162,S3-263787788,S3-744115010
S1-851921239	S3-676854389
S1-874412035	S2-408925723,S2-746201223,S2-192981675,S3-582793841
S1-645295790	S2-419522364,S3-282059670
S1-234806124	S2-703411772,S2-848324787,S3-808325073
S1-497739351	S2-727774886,S2-67059783,S3-14268261
S1-376586218	S2-782206568,S3-326675063,S3-646436088
S1-160025716	S3-136121668,S3-775232883
S1-250043798	S2-398702176,S2-770559659,S2-375693653,S3-698906491,S3-33094553
S1-999689898	S2-303524799,S3-353694692,S3-941971264,S3-508769116
S1-250004952	S2-81696564,S3-99653750,S3-687708220
S1-590623950	S2-65927316,S3-538437199,S3-373709629,S3-384557085
S1-409649946	S2-809238489,S2-660462518,S3-600155680,S3-648044264,S3-913905317
S1-468739824	S3-754134508,S3-360739148,S3-53710979,S3-456829291
S1-333878383	S3-698988464,S3-490763189,S3-371965333
S1-495177163	S2-982912460,S3-257624172,S3-490715898,S3-134917510
S1-412293602	S2-374113697,S3-652138845
S1-939789935	S2-137838920,S2-125229494,S2-965531438,S3-416719414
S1-61722432	S2-362171221,S2-376338445,S3-498771456,S3-710651960,S3-562683261
S1-650695468	
S1-235270051	S2-797116011,S2-783827072,S2-536687736
S1-626913313	S3-676065906
S1-622858045	S2-661074585,S3-329371605,S3-229882639
S1-360026263	S2-78385488,S2-123685759,S3-592773736,S3-539957781,S3-122323585
S1-871147773	S2-455393616,S2-237390110,S2-117503291,S2-432550025,S3-395155478,S3-630870542,S3-314206775,S3-204258791
S1-978447691	S2-456697926,S3-74288957
S1-287405017	S2-807592277,S2-754940013,S2-505178137,S3-335832018
S1-769244228	S2-395304061,S2-520378216
S1-62145151	S2-743564724,S2-509237345,S3-758698108
S1-431008094	S3-116546167,S3-947272927
S1-56504458	S2-721614504,S3-153535248,S3-685037608,S3-477060117
S1-75945755	S2-275733953,S3-968933420,S3-964519152
S1-588890526	S2-278573170,S3-995703208,S3-724894667
S1-175572608	S2-366713859,S3-48910564
S1-374889891	S2-512458311,S2-715843535,S3-497911470
S1-751602365	S3-168504997,S3-584468018,S3-63506644
S1-875466687	S2-367853028,S3-249879071,S3-169448070,S3-421913653,S3-528745570,S3-991437001
S1-826437322	S2-91750947,S3-116015712,S3-571852860
S1-797822407	S2-80488819,S2-409674624,S2-186290065,S3-376824976,S3-297802539
S1-8612167	S2-968241707,S2-483684222,S3-335601989,S3-682601833,S3-949105357
S1-512833733	S2-928731041,S2-383495754,S3-592660405,S3-907217269
S1-735379127	S2-990288343,S2-814680133,S3-80485593
S1-259283860	S2-377910973,S2-923353090,S2-584747847,S2-523533101,S3-551547605,S3-529389595
S1-212413211	S2-65104953,S2-146338336,S2-327770703,S3-667265217,S3-523172660
S1-98887447	S2-356981611,S3-996102692
S1-494376926	S2-531605938,S3-856521476,S3-207526362,S3-935965612
S1-643250297	S2-973797140,S2-972270791,S2-593422000,S3-131310939,S3-190727236,S3-301440839
S1-409084958	
S1-930967181	S2-145011908,S3-890644741,S3-476949138,S3-100718221
S1-938091741	S2-330141263,S2-850386596,S3-224222983,S3-285946609
S1-722212513	S2-579667806,S3-747588419,S3-223417921
S1-438310105	S2-430450258,S2-366903408,S3-800590234,S3-415649115,S3-764914195
S1-601796901	S3-215453576,S3-302883708
S1-934933129	S2-383343902,S2-894321442,S3-653599672,S3-785541050
S1-756744315	
S1-965505670	S3-248248422
S1-554577358	S2-657581959,S2-905949571,S3-669677675,S3-489996132
S1-653540347	S2-102395073,S3-240048661
S1-186076527	S2-34611303,S3-737333333
S1-618175123	S2-814386849,S3-917884672,S3-851379516
S1-127537041	S2-179094294,S3-184920411,S3-671395767
S1-540154224	S2-369792831,S3-237672151,S3-414007290
S1-527097215	S2-970693431,S2-478195453,S3-328847048,S3-315323674
S1-951544375	S2-260279885,S3-35341058,S3-98216420
S1-305564538	S2-655060469,S3-403211523
S1-533650484	S2-73983722,S2-895585465,S3-20408762,S3-928127681,S3-864656774,S3-407319938
S1-188502603	S2-961500635,S2-917073950,S2-660530712,S3-114780468,S3-16727118
S1-233989283	S2-727276170,S3-269717122,S3-310087750
S1-3671445	S2-380327778,S3-362480253,S3-336196579,S3-224848473
S1-998129023	S3-14173199,S3-128410161
S1-625531823	S2-841219028,S3-698544339,S3-385239349
S1-738341861	S2-995757793,S3-873887639,S3-103968230
S1-681456559	S2-451770841,S2-983385531,S2-163513159,S3-224853488
S1-338822885	S2-384428569,S3-750883596,S3-577529007,S3-163647738
S1-78495523	S2-221386954
S1-825343929	S2-422449661,S2-798887336,S3-299048310
S1-390303204	S2-563204082,S3-40311873
S1-376050166	S2-644672185,S3-20207991
S1-872389535	
S1-249124616	S2-978200217,S3-662506400,S3-9585535
S1-575085576	S2-480362547,S3-601851028,S3-599119834
S1-796557061	S2-200999655,S3-136513559
S1-704621482	S2-104397760,S2-890415215,S3-511921238,S3-242941362,S3-396068937
S1-621700009	S2-451349609,S2-264926550,S3-835600472
S1-305672143	S2-750581142,S3-331641046,S3-959569017,S3-169815949,S3-614819063
S1-947889589	S2-35861646,S3-736915527,S3-371299671
S1-123121467	S2-439543058,S3-601910045
S1-476146328	S2-280868454,S3-571654416,S3-893514823
S1-437253658	S2-134952464,S2-437763946,S2-248846520,S3-825245736,S3-285576403,S3-448782065
S1-4510501	S2-137247927,S3-789498681
S1-616695195	S2-155911999,S2-845603216,S2-174706548,S3-552925086,S3-165749931
S1-780744365	S2-997443612,S2-772414753,S3-797155805,S3-578133857
S1-287666061	S2-712532990,S2-765295647,S3-607539404,S3-755228029
S1-999043072	S2-708479023,S2-688155022,S3-37330996,S3-541708100
S1-818510567	S2-693626975,S3-116273185
S1-88960091	S2-327947440,S3-439717524
S1-782175877	S2-933898303,S2-432421307,S2-314498082,S2-946999401
S1-804081433	S3-851867314,S3-4419553
S1-294187845	S2-706405983,S3-134885899,S3-404192792,S3-716037969
S1-929222121	S3-337043960
S1-305547695	S2-485232777,S3-250645309,S3-222851035,S3-115830189,S3-336582917,S3-430024997
S1-827434499	S2-84544335,S2-466452071,S2-677793929,S3-555625495,S3-56278974,S3-567626142,S3-588112562
S1-891352885	S2-18119355
S1-991038747	S2-391525018,S2-17825500,S2-344466722,S2-635696876,S3-920197055,S3-619974091
S1-525970796	S2-415476574,S2-318943995,S2-656982759,S2-608080708,S3-350962027,S3-148850107,S3-687778264
S1-478355938	S2-469225716,S2-371492273,S3-35593731,S3-91706927
S1-697063565	S2-629799564,S3-737833758
S1-570010595	
S1-933881932	S2-268285100,S2-722946750,S2-915569116,S2-36391375,S3-204836470
S1-132582171	S2-344839206,S2-479478799,S3-500125097,S3-929968123,S3-219646818
S1-481131713	S2-666642059,S2-845972643,S3-639904070
S1-861067626	S2-617009801,S2-733699215,S3-71964647
S1-56740024	S2-615625593,S3-57507221
S1-714483064	S2-591611691,S3-256010044,S3-262035127
S1-760441816	S2-738301476,S3-572300778
S1-243499626	S2-133292373,S2-909578318,S3-626268944
S1-158539970	S2-894293939,S3-163676639
S1-865976670	S2-907148038,S2-359347830,S2-372367318,S3-178096218,S3-718550744,S3-249846853
S1-77909359	S2-395090982,S3-27106889,S3-480557832,S3-453853465,S3-756073815
S1-407496290	S2-836227299,S2-570923788,S3-864032922
S1-787166646	S2-791843623,S3-982506845
S1-517896731	S2-737172419,S3-364432248,S3-866835027
S1-974748718	S2-568178364,S3-236496187
S1-19302667	S2-752165491,S2-925690008,S2-452112134,S3-516937527
S1-375445832	S2-963564545,S3-635499548
S1-646489418	S2-826056879,S3-420184828,S3-500193364
S1-443666662	S2-357306659
S1-66198309	
S1-83323678	S2-618351240,S2-607936399,S3-506984823,S3-394064366,S3-624760238
S1-499035988	S2-564824577,S2-648650933,S2-644705796,S3-161759423
S1-857215039	
S1-429229282	S2-82893499,S3-521425087,S3-627078756
S1-590327358	S2-659349655,S2-384730417,S3-379026739,S3-811710048
S1-433290697	S2-994472257,S2-452890597,S3-370568187,S3-177200185
S1-702127037	S3-871383075,S3-675232194,S3-735490860
S1-623955230	S2-633071443
S1-340358179	
S1-239137736	S2-613941197,S3-426239615,S3-327032560,S3-691086031,S3-893075004
S1-205731493	S3-81669980,S3-167546834
S1-675195461	S2-306906180,S2-641192336,S2-90975874,S2-910116866,S3-376515449
S1-585406673	S2-432786691,S2-370681820,S3-989579818,S3-778604991,S3-85599126,S3-396439607
S1-413189008	S2-508285279,S2-663687323,S2-169558900,S3-817485969,S3-816536883
S1-111306630	S2-361282828,S3-14045346,S3-761396558,S3-398534193
S1-260885367	S2-526885345,S2-114322971,S2-612903028,S3-783872737
S1-237768267	S3-849476778,S3-299041136
S1-903662945	S2-977055158,S2-131989771,S3-511095369
S1-689589386	S2-266031212,S2-551907040
S1-800516098	S3-798374248
S1-794866152	S2-707891015,S2-627851755,S2-249721833,S2-405302467,S3-416261162,S3-425311992,S3-640617796
S1-155006704	S2-771345792,S2-266019509,S3-982366062,S3-866975769,S3-167760885
S1-664125642	S2-646855664,S3-605358446,S3-876615147
S1-873455232	S2-275511990,S3-868220766,S3-135822307,S3-100568553,S3-462941369
S1-16456176	S2-630746357,S3-155096634,S3-203031595
S1-445313633	S2-516799189,S2-478231240,S2-443667759
S1-262357559	S2-414556856,S3-146329359,S3-789837580
S1-182760450	S2-792414240,S2-665232649,S3-829060995
S1-373669986	S2-899686961,S3-862879984,S3-975058730
S1-649106463	S2-207675146,S2-931141536,S3-54254398,S3-573032809
S1-378748289	S2-821598055,S3-516409494,S3-603856090,S3-347864654,S3-712322900,S3-764831996
S1-700480899	S2-229175637,S2-103827386,S3-986309125,S3-909855891
S1-691111913	
S1-615573312	S2-54275067,S2-75087641,S2-137052482,S3-473997348
S1-575400112	S2-568767802,S2-404893836,S2-123756586,S2-769269849
S1-8100524	S2-119032194,S2-103714484,S3-362436535,S3-315601564,S3-984326339,S3-675968934
S1-840021930	S2-67483862,S2-218534753,S3-291315698,S3-386767048,S3-52051168
S1-836918934	
S1-935404721	S2-608801370,S2-158612321,S3-32393214,S3-656638983
S1-243461645	S2-108871171,S3-940416079
S1-149284906	S2-874748632,S3-556642196
S1-237489259	S2-833917549,S3-187208533
S1-621735101	S2-900874404,S2-657498146,S2-519495629,S3-15010369,S3-89690569
S1-620395561	S2-674518126,S2-45229891,S3-364245650,S3-814010830
S1-270678559	S2-729954523,S2-196110339,S2-95143612,S3-498039428,S3-174937778
S1-912527664	S2-862257663,S2-445262438
S1-293396267	S2-920578426,S2-905728037,S2-694691522,S2-542612099,S2-978752552,S3-239946546
S1-237397905	S2-436272880,S3-839518985
S1-157771447	S2-167761583,S3-877390017
S1-111354102	S2-72226494,S2-864873532,S3-477736049,S3-174186773,S3-26296929,S3-440159459
S1-185966775	S2-607473930,S2-227513489,S3-997621905,S3-531381363
S1-884109234	S3-929783382,S3-166992370
S1-226386039	S2-376635658,S2-10133804,S3-99731074,S3-69268885
S1-409558945	S2-633995493,S2-66103881,S2-175677097,S3-401250676,S3-73451495
S1-312708836	S2-534941235,S3-57489461
S1-27533892	S2-98061783,S3-454205420,S3-433878669
S1-670183914	S2-181918374,S2-600164897,S3-513609721
S1-966027321	S2-4379937,S2-180000980,S3-472664232,S3-843993154,S3-363342458
S1-305725420	S2-431233508,S3-359125517,S3-745683699,S3-622243136
S1-36227425	S2-923087799,S2-393081591,S3-90431403
S1-180094507	S2-576284098,S3-703995643
S1-591082186	S2-829341087,S2-111496486,S3-241565192
S1-216931030	S2-953618448,S2-144030565,S2-213004624,S3-124537234,S3-107363232
S1-408353201	S2-979550833,S3-796777861,S3-477675331
S1-688071085	S3-623750674,S3-568924731,S3-617099032,S3-681303979
S1-756886721	S2-212726025,S3-392595195,S3-452811748
S1-382865445	
S1-732819608	S2-332641074,S3-922679784,S3-769155944
S1-530080354	S2-945341649,S2-665692461,S2-569252405,S3-565622642
S1-482634502	S2-477567380,S3-207257543
S1-484904202	S2-68193087,S2-171813264,S2-375380466,S2-699339386,S3-314571399,S3-179915730,S3-128919757
S1-963906747	S2-855081236,S2-147243092,S3-460175937
S1-722875435	S2-891271006,S3-567015533,S3-639741855
S1-653080523	S2-539454193,S3-822771473,S3-328992821
S1-590903721	S2-446205318,S3-458612308,S3-227185274
S1-984973250	S3-571507155
S1-466654408	S2-159757135,S3-452506247
S1-842571971	S2-461300702,S2-994796075,S2-147430675,S3-272355324,S3-775510259,S3-552834227
S1-5305095	S2-402435459,S3-877792138
S1-963073218	S2-634307315
S1-140920552	S2-362760511,S2-609200377,S3-184422490,S3-184796599
S1-491357227	S2-176229980,S2-33843346,S3-834029097,S3-210936367
S1-506051086	S2-255284863,S2-851729280,S3-956897181,S3-810950056,S3-630818547,S3-974368536
S1-325411627	S2-972028112,S3-333691674
S1-253795343	S2-700230053,S2-132471039,S3-516352875
S1-578509483	S2-238409603,S3-86851475,S3-549798308,S3-527842763
S1-626555345	S2-607776364,S2-10895626,S3-659316839,S3-719415775
S1-374985517	S2-698255339,S2-846919278,S3-167950437
S1-789405085	S2-375357055,S3-458352578,S3-123516354,S3-998573293
S1-598330896	S3-383918052,S3-37710649,S3-32231515
S1-292905369	S2-820800343,S2-88613668,S3-756934241,S3-138818566
S1-392070758	S2-227464548,S3-811100007,S3-414555388,S3-27413479,S3-496763561
S1-982751783	
S1-211499274	S3-594615332,S3-735371246,S3-133596186
S1-714670319	S3-651053824,S3-734291276
S1-728953505	S2-493513986,S3-568668731,S3-264046999
S1-540762559	S2-157240375,S2-69827243,S3-472299215
S1-46793500	S2-729128355,S3-903826492
S1-651158793	S2-508879589,S2-533761278,S2-273594837,S3-780413175
S1-821579094	S2-358806790,S2-415264317,S3-255010890,S3-368485037,S3-595060759,S3-428119600
S1-882726340	S2-553646965,S2-720137125,S2-556959767,S3-830220342,S3-234128584
S1-300957970	S2-211859963,S2-349028486,S3-250496758,S3-859013442,S3-280630569,S3-403880797
S1-166784897	S2-697184274,S3-730838660,S3-779847781,S3-650124938
S1-915448969	S2-524948009,S3-269293162,S3-507508486
S1-174261615	S2-721791414,S2-195711748,S3-758693658,S3-105690054,S3-140722291,S3-373850247
S1-369563475	S2-784800654,S3-700903792,S3-62273674,S3-738497948
S1-544682121	S2-301672756,S2-347454751,S3-243039341,S3-123095217,S3-313625671
S1-896554096	S2-153501960,S3-248704416
S1-309551425	S2-459840756,S3-473191465
S1-992971862	S2-679591038,S3-276975750,S3-200446418
S1-430453500	S2-411832283,S2-307362152
S1-24054990	S2-868431385,S3-226268560
S1-310827696	S2-797776312,S2-651384741,S3-623107384
S1-550416035	S2-864336117,S2-890298469,S3-313900192
S1-92386691	S2-953969454,S2-234807613,S2-560928093,S3-124349789
S1-939460188	S2-536625542,S3-652142539
S1-946312713	
S1-242819014	S2-400427911,S2-948494490,S3-135549877,S3-797886036,S3-5196964,S3-903427516
S1-159303490	S2-253862632,S3-110193122
S1-413648762	S2-6297121,S2-971176262,S2-216924488,S3-647875073
S1-917191374	S2-605938888,S3-618645675,S3-563195617
S1-589629914	S2-368943645,S3-983894828,S3-696231200,S3-861135208,S3-702869501,S3-201521127
S1-27764573	S2-311685608,S2-257643943,S3-163993836,S3-198672960,S3-900556928,S3-54047000
S1-578052598	S2-169315614,S2-577005006,S3-912589951
S1-742247854	S2-261616389,S2-19596617
S1-408417846	S2-556040518,S3-294631379,S3-300188718,S3-568316389
S1-554453312	S2-276763411,S2-858248117,S2-614550614,S2-75664586,S3-947625833,S3-135201140
S1-941749783	S2-348347027,S3-312778506,S3-145303466
S1-596946418	S2-675989169,S2-666772132,S3-616214517,S3-827923545,S3-839413983,S3-711417078
S1-451621137	S2-893964134,S2-890917696,S2-395354176,S2-660832293,S3-896128627
S1-508618791	S2-554362362,S3-513512114,S3-359263579,S3-857738019,S3-656018103
S1-282449106	S2-824388925,S2-878738240,S2-693016497,S3-892466364,S3-471950137,S3-387730653,S3-15592512
S1-390562953	S2-507963873,S2-587408810,S3-29255657
S1-78587798	S2-125976247,S2-233271296,S3-115466555,S3-557585800
S1-716304556	S2-184608351,S2-431444566,S3-257912611,S3-526636672
S1-392653656	S2-826779946,S3-695253343,S3-485049385,S3-692072447
S1-534551515	S2-945413854,S2-735074302
S1-946133584	S2-90122867,S2-118894072,S3-810392085
S1-699808262	S2-927350791,S3-959533367
S1-766765174	S2-515967352,S3-759695295,S3-568301843,S3-540024598
S1-510378781	S2-581508267,S3-277464775
S1-379080162	S2-787793702,S3-176305847,S3-118007169,S3-586549163
S1-481550631	S2-73751420,S3-614130226,S3-393336835
S1-504200637	S2-732889000,S2-673124672,S2-2591401,S3-200578310
S1-864176503	S2-251711307,S3-614210396,S3-549260605
S1-733927722	S2-785396961,S2-153817941,S3-162495462,S3-526119242
S1-425360105	S3-346639323,S3-624580004
S1-570942286	S2-297073279,S2-571843159,S3-565386777,S3-599112359
S1-43716243	S2-79985512,S3-939500774,S3-813770733,S3-101761834
S1-312278800	S2-78506130,S3-575766258,S3-143303095
S1-72372050	S2-567911693,S2-610417075,S2-146427971,S3-679513338,S3-288159232,S3-689123417,S3-824170805
S1-124565085	S2-998964026,S2-475500566,S2-860727218,S3-269789575,S3-274409765
S1-183354061	S2-892795806,S2-414459629,S2-571916130,S3-157120766
S1-206694337	
S1-915931045	S2-527036259,S2-115917611,S3-121896077,S3-707264156
S1-317371624	S2-218120502,S2-794099290,S3-655960694,S3-772832495
S1-957471043	S3-525228735,S3-530519206,S3-841651443,S3-136005224
S1-769824847	S2-397323273,S3-421454746,S3-472324222
S1-642107589	S2-333174568,S2-592573238,S2-477266867,S2-115243037,S3-668047985
S1-471469102	S2-252520764,S3-968202752
S1-788822834	S2-110593433,S2-884586613,S2-219640250,S3-168601812,S3-516519931
S1-661562266	S2-668973197,S2-695620141,S2-872860298,S2-330526450,S3-244472360,S3-437837287
S1-555072354	S3-533635806,S3-91746490,S3-355007962
S1-660155116	S2-200368787,S2-450503447,S3-11799662
S1-676235874	S2-820463158,S3-561008344,S3-412347009,S3-689740374
S1-131739612	S2-399086836,S2-224013323,S2-580185277,S3-350253851
S1-828597152	S2-447023575,S3-781742102,S3-826027674,S3-220456649,S3-963417875
S1-682004661	S2-902775147,S2-943554102,S3-613352485
S1-591044977	S2-548675069,S3-756351275
S1-637651221	S2-633156003,S3-520799632,S3-829355621
S1-502385737	S2-747224749,S2-867932680,S3-790073948,S3-869299635
S1-938515130	S2-161228222,S3-935787721
S1-710757752	S2-130050547,S3-792817605
S1-822780661	S2-486433708,S2-347438165,S2-372115144,S2-601336237,S3-110266579
S1-628837898	S2-367900362,S2-875827809,S2-945636659,S2-915118562
S1-263027135	S2-665225359,S2-750991020,S2-468504790
S1-99821	S2-598212988,S2-571543715,S2-327669411,S3-692815971,S3-589999431
S1-25337105	S2-982321784,S3-644434815,S3-548602828
S1-27468292	S2-703574890,S2-475793345,S3-968291949,S3-195285600,S3-932711269
S1-778717451	
S1-865999567	
S1-935721255	S2-73111989,S2-826799313
S1-512141176	S2-132098494,S2-899400107,S3-113794080,S3-739668352
S1-192096426	S2-681563518,S3-733305200,S3-144981722,S3-460919907
S1-865233353	S2-241606588,S2-603984750,S3-291913114
S1-388532999	S2-302887270,S3-59526833,S3-969187526
S1-330851545	S3-962941796,S3-416310655,S3-769034171,S3-665095851
S1-218456231	S2-299565664,S2-707105340,S3-532254372,S3-913280995
S1-323017930	S2-422277571,S2-168074938,S3-546412543
S1-469630587	S2-190590198,S2-963530685,S2-191978743,S3-285735907,S3-87135107
S1-122651891	S2-136827595,S2-665835412,S2-591213862,S2-171708330,S3-355237757
S1-484394919	S2-759316882,S3-867667936,S3-961390691,S3-572950432
S1-78175495	S2-411363196,S3-633862461
S1-68411138	S2-152073650,S2-156235791,S2-637944944,S3-418787481,S3-53538590
S1-421720665	S3-888242067,S3-291827286
S1-619790759	S2-929906383,S3-45270024,S3-714992488,S3-536790798
S1-744710348	S2-571370741,S3-626536979
S1-22040427	S2-330363155,S2-524972238,S3-779180947
S1-580570855	S3-909695694,S3-532178522,S3-145032593,S3-581669710
S1-118566854	S2-500085806,S3-713021077,S3-416390551
S1-133029916	S2-46513058,S3-592437609,S3-737638759
S1-849948929	S2-944314234,S2-271946953,S3-919566356,S3-131762671
S1-382790049	S2-171329508,S2-547473330,S2-143422881,S2-507808487,S3-980780747,S3-82426171
S1-620158180	S2-743243006,S2-656166363
S1-847035703	S3-532169647,S3-284245957,S3-599099335
S1-178371607	S2-365143782,S3-359989272,S3-259544729
S1-493801671	S2-81468224,S3-658622203
S1-584533912	S2-483891840,S3-107232680
S1-207022230	S2-975085602,S2-246385449,S2-493773965,S3-494046718
S1-138591188	S2-894324486,S2-93408984,S2-483539351,S3-614658661
S1-284111531	S2-40067775,S3-39853204,S3-430815110,S3-807199653,S3-277432389
S1-891549319	S2-446755984,S2-929861852,S2-149666786,S3-49211960,S3-78312835,S3-494951556
S1-874313570	S2-743683872,S2-322804681,S2-389608056,S3-180544584,S3-966186320
S1-35436745	S2-144121548,S2-800100690,S2-769708226
S1-239688983	S3-509853946,S3-804474762
S1-192820351	S2-312645095,S2-89701948,S2-824848529,S3-72020062,S3-476043488,S3-684096357
S1-907153833	S2-184950256,S2-198732190,S3-970052471,S3-849838882,S3-161125512
S1-775316424	S2-323794898,S3-83551799
S1-921027555	
S1-802472092	S2-696434541,S2-130468262,S2-892552008,S3-198434878
S1-442624189	S2-993200485,S2-807151004,S2-974021897,S3-43486791
S1-423566267	S2-436236456,S3-477904510,S3-541638916
S1-776710551	S2-895358989,S2-413919605,S3-686559509,S3-837136233,S3-56089362
S1-713791704	S2-4859134,S2-988697157,S2-344461216,S3-83502122,S3-167448632,S3-160474536
S1-313494929	S2-3118705,S3-326923510,S3-260359340
S1-655327798	S2-103038625,S2-81944434,S3-901895155
S1-864917565	S2-171588881,S2-468591987,S3-654440068
S1-130456192	S2-620329811,S3-950208625,S3-886963335
S1-805416046	S2-442014224,S2-784152278,S2-39330641,S3-679505348
S1-418292699	S2-512797502,S3-464484692,S3-517327886,S3-144159129
S1-123264192	S2-72498405,S2-284415356,S2-719337525,S2-908501716,S2-221606223,S3-460154004
S1-161339091	S2-77018244,S2-351138505,S2-172712450,S2-742567493,S3-852293087,S3-198607554
S1-445549867	S2-432767188,S2-942415562,S3-403379113
S1-378731227	S2-290115439,S2-758751711,S2-53345568,S3-567693435
S1-100687016	S2-63400284,S3-830306274,S3-240507717
S1-837399164	S2-916988987,S2-526855459,S3-229511072
S1-666781458	S2-473178740,S2-499304722,S2-761848712,S3-900747625
S1-688053718	
S1-808360189	S2-621670567,S3-940563774
S1-82798076	S2-908894711,S3-422955057
S1-915680741	S2-856336759,S3-274229947,S3-422800574,S3-26308416
S1-753528150	S2-175708984,S3-455746448,S3-868289720
S1-785227684	S2-973217060,S3-790008341,S3-542127458
S1-868805480	S2-176420003,S2-843372865,S2-449706677,S3-565681355,S3-881062711,S3-299295929
S1-708363662	S2-165008063,S2-201325399,S3-662425772,S3-425516217
S1-689462468	S3-340047303,S3-771517424,S3-477598186
S1-971636809	S2-959057441,S3-788144385,S3-420206582
S1-391664892	S2-229774155,S2-710677380,S3-260917600,S3-346551715,S3-841672111
S1-999950864	S2-149413108,S2-912969278,S2-636485737,S3-773649906,S3-330974282
S1-968802604	S2-945724599,S2-400275389,S2-820319217,S3-637842781
S1-737085485	S2-831193516,S3-421890999,S3-795176944,S3-976069267,S3-954437769
S1-844024478	S2-479907313,S2-240486324,S2-995210620,S3-432086158
S1-680724776	S3-531482902
S1-564953750	S2-651784084,S2-867221748,S3-149681809
S1-711703824	
S1-802484162	S2-221290591,S2-250395584,S3-890026193
S1-976158513	S2-578236338,S3-195387648,S3-23967162,S3-100355540
S1-638739020	S2-708989343,S3-245214977,S3-858901010
S1-608374986	S2-461525158,S2-729643629,S2-122779693,S2-431270020,S3-935023171,S3-427227517,S3-856084974,S3-404778874
S1-83479691	S2-502415418,S2-676451151,S3-876971543,S3-517652020
S1-919327680	S2-97234288,S3-891359699
S1-115251266	S2-162506576,S3-182750248,S3-870684653,S3-44267140,S3-941000186
S1-851255925	S2-43135112
S1-339216348	S2-631171541,S3-542889231
S1-801867049	S2-339079362,S3-158646860,S3-308178777
S1-749055841	S2-102274928,S2-821634745,S2-48602217,S2-126106029,S3-624938018,S3-667321354
S1-761411416	S2-925497386,S2-48521179,S3-36057434,S3-453723305,S3-693194302
S1-366645906	S2-797621432,S2-75507451,S2-158646302,S3-239807140,S3-84976127
S1-201576549	S2-706817206,S2-954601282,S2-793748437,S3-949751937,S3-182624873,S3-95555685
S1-156011256	S2-139194535,S2-529776482,S2-676659168
S1-327037016	S2-533786500,S3-661621525
S1-264257243	S2-111394679,S2-113752673,S2-722524162,S2-207298708,S3-940154779
S1-108337300	S2-208795734,S3-29883433
S1-797919808	S3-185709772,S3-921390269,S3-763766482
S1-990315875	S2-494160625,S2-215810792,S3-903577141,S3-548903170
S1-532725075	S2-999664717,S3-363504046,S3-315457287
S1-391683728	S2-945665184,S3-817539768
S1-156911933	S2-229079386
S1-938202345	S2-681824856,S3-274602605
S1-713931553	
S1-298422690	S2-77431169,S2-679030943,S3-414142145
S1-589201161	S2-496699317,S2-732638071,S3-340577897
S1-860204584	S2-670337715,S2-979680303,S2-373713892,S2-668733357,S3-30776166
S1-56081376	S2-246011145,S2-487911817,S2-441479010,S3-467072274,S3-336988901
S1-643531007	S3-824330470,S3-453815201
S1-446771297	S2-469247228,S3-323933346,S3-470778682,S3-737017743
S1-651025108	S2-998141047,S2-496736390,S2-801182268,S3-660627159
S1-287037500	S2-49878400,S3-153312320,S3-663763856,S3-568348863
S1-624821654	S2-356368886,S2-196244192,S2-905574441,S2-461604064,S3-527078440,S3-852542808
S1-884074187	S2-393006321,S2-991827756,S3-655760994,S3-363338802,S3-260712781,S3-59739612
S1-418742452	S2-475198446,S3-514597371,S3-719058458
S1-594197811	
S1-170839111	S2-48410270,S2-725855188,S3-42156820
S1-489000992	S2-739463935,S2-239915534,S3-328021898
S1-678584089	S2-684993619,S2-854753679,S3-194729062,S3-22882557
S1-57235044	S2-353671245,S2-378241139,S3-2021399
S1-992970893	S2-323554859,S2-823023380,S2-827917931,S3-602137662,S3-771159262
S1-903017911	S2-544596835,S2-222454235,S2-81738468,S2-143029239,S2-870381079,S3-476976305,S3-563806287
S1-452448319	S2-128953114,S2-772772676,S2-134813334,S3-350561066
S1-437770461	S2-659575223,S2-861192415,S2-800749075,S2-106776842,S3-216053895
S1-377079529	S2-199387852,S2-384349912,S3-596843533
S1-523834944	S2-735039859,S3-583138101,S3-874195487
S1-704696407	S2-68557777,S3-894590703,S3-987156496
S1-26698113	S2-918850841,S3-504568348
S1-431237992	S2-614138836,S3-536342942,S3-914630895,S3-266090622
S1-801063719	S2-684133471,S3-737198846
S1-719869905	S2-94524556,S3-762056650,S3-508428226
S1-267974855	S2-726288718,S2-487851320,S3-856426503
S1-143919660	S2-572155260,S3-895108808
S1-56714475	S2-469766296,S3-362238402,S3-488441223,S3-161546567,S3-449960835
S1-862630766	S2-214116978,S3-95715367,S3-780411981,S3-486227182
S1-742691374	S2-112262836,S2-948541260,S3-287101874
S1-320123642	S2-80314658,S3-700456828,S3-663920348
S1-806757865	S2-331558938,S3-893114369,S3-813110325,S3-395740612
S1-248169473	S2-693329013,S3-649641262,S3-754675502
S1-499856309	S2-182346899,S3-628844003,S3-217514523,S3-248428840
S1-938953482	S2-850689139,S2-305686807,S3-179500318
S1-82139393	S2-373016630,S3-842058287,S3-847980289,S3-626800988,S3-877430455
S1-292083731	S2-7463971,S3-892620620,S3-424108017
S1-646551200	S2-194565789,S2-507887173,S3-716409744,S3-788625800
S1-723751752	
S1-266688368	S2-130291874,S3-10667895
S1-868074583	S2-901070769,S3-133141122,S3-655437159
S1-873514354	S2-673162360,S2-3691584,S3-963021281,S3-409239855
S1-629328226	S2-29520678,S2-959051028,S3-994384355
S1-396556632	S2-932044460,S2-899063290,S2-474648628,S2-796860908,S3-96735037,S3-538734368
S1-714549706	S2-51307161,S2-26008499,S2-385258009,S3-521693368,S3-163191747
S1-40202504	S2-816743158,S2-183135533,S3-32886377,S3-80811881
S1-767346210	S2-217329147,S2-989094361,S3-506483912,S3-11968071
S1-201142969	S2-561956739,S2-888785632,S3-543861559,S3-916733654
S1-587674410	S2-13583846,S3-433253017
S1-914875802	S2-727242442,S2-905885124,S3-518478054,S3-19965912,S3-722628272
S1-518930337	S2-796959643
S1-248948381	S2-390456057,S3-472973476,S3-888918094
S1-517873481	S3-734729784
S1-656006458	S3-933842723,S3-193861365,S3-757400412,S3-899317201
S1-280289141	S2-124806768,S3-202789589
S1-815366071	S2-844179350,S3-580926290
S1-926353677	S2-667610764,S3-236959322
S1-591847195	S2-240339419,S2-424686198,S2-180368317,S2-316507033,S3-659519980,S3-875431861,S3-941268956
S1-128229303	S2-61942551,S2-390827481,S3-360573909,S3-766647784
S1-946505145	S2-301440257,S2-99113677,S3-169177470
S1-471100859	S2-724272887,S2-349640806,S3-572181949,S3-888679069,S3-844365392,S3-949726378
S1-165422067	S2-595759579,S3-815943358,S3-924603579,S3-517616540
S1-468690639	
S1-675698833	S2-214064419,S3-11760266
S1-27899183	S2-567065454,S2-974153071
S1-93988423	S2-275196166,S2-194451174,S3-393646273,S3-609377880,S3-81054143
S1-995945998	S2-917910600,S2-664141915,S3-907569444,S3-745989815
S1-627390267	S2-778303983,S3-933380702,S3-576906726,S3-754146896,S3-123382490
S1-675065181	S2-799561,S3-673673463,S3-50174912,S3-884621418
S1-186971947	S2-759537510,S2-83170393,S2-851223321,S3-843879789
S1-732730477	
S1-138421405	S2-310393985,S2-564537926,S3-458371473
S1-794363527	S2-82055850,S2-325562495,S3-974349078,S3-391019806
S1-589097396	S2-546624060,S3-646247330,S3-442944391,S3-513081652
S1-942355854	S2-592841671,S2-181812960,S3-205639881,S3-127654078,S3-599699469
S1-640780708	S2-199898535
S1-554537015	S2-117103592,S3-339306802,S3-449659950,S3-819327230,S3-27524610,S3-749084205
S1-647534789	S2-843762569,S2-659231665,S2-252042675,S3-565455533
S1-501516412	S2-616276392,S3-590096442,S3-165930903
S1-190904170	S2-935389797,S3-283336316,S3-762811033,S3-155649350,S3-991823595,S3-278333382
S1-326456971	S2-295225394,S3-378168864
S1-336453496	S3-670223301,S3-94461253
S1-807338723	S3-290390379,S3-602376114
S1-415582934	
S1-264081693	S2-505341102,S2-276749578,S3-395240347,S3-944226718
S1-595689139	S2-5270812,S2-136607900,S3-2031405,S3-204259164
S1-746553233	S2-732070061,S3-254707461,S3-794182216
S1-99574491	S2-949992979,S2-257793426,S3-771302375,S3-107844003,S3-372081522
S1-603309609	S3-610466733,S3-70702432
S1-803643432	S2-390617077,S3-676877878
S1-293566101	S3-736676293
S1-882220396	S3-877684754,S3-481601934,S3-826553556
S1-605459832	S2-482377916,S3-350870315
S1-348128308	S2-830962638,S2-689101624,S2-990625174,S2-387866357,S2-776722434,S3-103729535,S3-233425165,S3-523888043
S1-91591303	S2-451461868,S2-240360706,S3-615993387
S1-253464227	S2-727215526,S2-76608335,S2-351453223,S3-186234247,S3-988933510,S3-976026616
S1-230252069	S2-319266244,S2-357353261,S3-679306451
S1-123939646	
S1-949441487	S2-277964764,S3-232496081,S3-327018322
S1-514166392	
S1-531865329	S2-949054424,S2-23356270,S3-689430468
S1-719506631	S2-733067994,S2-511054937,S2-836444455,S3-345028717,S3-178421962
S1-443057900	S2-1700942,S3-41522911,S3-421267605,S3-80466589,S3-379425794
S1-295179788	S2-271041642,S2-717880896
S1-854397539	S2-491809628,S3-785711972
S1-888913228	S2-432158450,S3-704105800
S1-214230169	S2-825778514,S3-997613222
S1-982317156	S2-971071321,S2-826168201,S3-673179592,S3-474985958
S1-545594796	S2-2118826,S3-695941589
S1-108121679	S2-152468196,S2-628745901,S2-663439689,S3-43218889,S3-560251650,S3-582549414,S3-422940856
S1-608702338	S3-189988896,S3-29200353
S1-843863243	S2-751625112,S3-168170327,S3-357228165,S3-288425576
S1-337556084	S2-40022427,S2-587027861,S2-421183144,S3-413437435,S3-653582300,S3-136504933
S1-237825265	S2-65780415,S2-260716083,S3-747539208,S3-297705744,S3-186036453
S1-657676451	S2-368470049,S2-992451386,S2-74790471,S3-790853364,S3-395302684,S3-789952134
S1-664510228	S2-96840154,S3-530577947
S1-260952314	S2-599878814,S3-730651487,S3-304882055
S1-273875378	S2-279584966,S3-609068758
S1-924020849	S2-504362063,S2-192075797,S3-792645063,S3-562470293
S1-451731570	S2-294221614,S3-896641674,S3-330201065,S3-212661279,S3-527158478,S3-882069510
S1-355982879	S2-525498217,S3-655374183
S1-176101700	S2-800744232,S3-67307557
S1-44757147	S2-969209395,S2-546367816,S2-569942762,S2-153120349,S3-620543402,S3-791475772,S3-204557887,S3-850178666
S1-992097734	S2-540784468,S3-192815887,S3-139150312,S3-629935123
S1-341296633	S2-491020188
S1-972455899	S2-533862920,S3-630301106
S1-111046510	S2-674392056,S3-813764968,S3-81246386
S1-915421780	S2-196494685,S3-467616437
S1-548998341	S2-70121932,S3-93350417,S3-440795805
S1-768204789	S2-511297579,S3-5343995,S3-524058771,S3-71193833,S3-413600763
S1-428466667	S3-236962268,S3-476191703
S1-397020689	S2-193662772,S2-27566110,S3-757693349
S1-307698757	S2-438001266,S2-55443886,S3-311714098,S3-156167226
S1-406824157	S2-91637156,S2-8363778,S2-613977856,S3-414297167,S3-176587852
S1-245142964	S2-180699546,S2-183929715,S2-497272452,S3-312104467,S3-760173504
S1-990202816	S3-514149776,S3-211717464
S1-407022144	S2-789495467,S3-83380087,S3-22023521,S3-92771559,S3-918704734
S1-36093778	S2-824360188,S2-740254100,S3-268937682
S1-887874643	S2-754223495,S3-345749408,S3-914602070
S1-20981376	S2-917695098,S2-660665956,S2-372009024,S3-344114580
S1-141903080	S2-521973149
S1-751531108	S2-317821294,S2-370874858,S3-537675180
S1-429133197	S2-942246572,S2-79755009,S2-533910473
S1-284810944	S2-483236955,S3-134588767
S1-945151453	S2-416011639,S3-462784878
S1-524814073	S2-228889466,S3-380529699,S3-835795628
S1-865832245	S2-537132434,S2-405975150,S2-989998539,S3-792692872
S1-451543250	S2-238197181,S2-506820224,S3-618733127,S3-636206439,S3-682578311
S1-321417019	S2-770143265,S2-725144159,S3-994504369
S1-794847790	S2-426327811,S2-963093285,S3-615098432,S3-601082140
S1-95569319	S2-588481454,S2-495508709,S3-705561739,S3-182927619,S3-355287875
S1-312741181	S2-305598130,S2-544402166,S2-895078965,S3-361855784
S1-452094061	S2-973362707,S3-251218130,S3-669782300
S1-230081931	
S1-587947356	S2-351088839,S2-801569347,S3-442014212,S3-210134031,S3-461824053,S3-842737675
S1-116627641	S2-197221621,S3-230522098,S3-446020100,S3-757871519,S3-266469461
S1-31195783	S2-375017820,S2-688148116,S2-96293849,S3-137664705,S3-166777349
S1-624215923	S2-982924942,S2-888734442,S3-539789737,S3-272345069,S3-97923005
S1-234855406	S2-994646691,S2-842287692,S2-381774603
S1-873202240	S2-333324635,S3-152789836,S3-857059757,S3-972421870
S1-663502219	S2-104260039,S2-932682331,S2-346823435
S1-929052040	S2-350451982,S3-37325041
S1-84543037	S2-455157699,S2-396934404,S3-113520182
S1-180831995	S2-867579665,S2-763525683,S3-77167707
S1-269808871	S2-198112303,S3-128149059,S3-97954266
S1-102996824	S2-974045501,S2-90679126,S3-4445406
S1-552051009	S2-934642893,S3-531067844
S1-989120762	
S1-219091780	S2-339037302,S2-974557514,S3-153018487,S3-656693696
S1-515514369	S2-519156826,S2-817636131,S3-343316316,S3-1996359
S1-21103830	S2-679528893,S3-921036
S1-109957372	S2-822658002,S2-73999194,S2-792241636,S2-926901224
S1-86387436	S2-354130386,S3-801751153,S3-609075958,S3-235914450
S1-721484551	
S1-880201597	S2-113694947
S1-409071379	S2-549833619,S2-21400692,S3-888501930,S3-38086954,S3-69184060,S3-771414774
S1-737665494	S2-818732240
S1-307233021	S2-662083505,S3-910351084,S3-322098254
S1-866162018	S2-719304975,S3-414792865
S1-581889111	S2-774670143,S2-743691113,S3-179783202,S3-209238430
S1-732082144	S2-965904955
S1-9545171	S2-483583299,S2-338822212,S3-336010888
S1-19029866	S2-962056723,S3-483323364,S3-995962103
S1-68096405	S2-462299686,S3-242694021,S3-709903025,S3-99428129
S1-130053733	S2-116289086,S3-374888700,S3-745881305
S1-632116524	S2-783561246,S2-210433030,S2-392434360,S3-142429735,S3-659992047,S3-34054875
S1-99112718	S2-57437434,S2-805156703,S3-508995979,S3-705431967
S1-477054669	S2-398889152,S2-395442609,S2-588772524,S3-475877513,S3-862957848,S3-772828340
S1-362359079	S2-162827633,S2-961597823,S3-280422934
S1-590542187	S2-362025744,S3-911577173,S3-590669295,S3-770153545
S1-540791296	S2-802556347,S2-277901111
S1-635072462	S2-482506194,S3-524239064,S3-1962920
S1-848642666	S2-785204544,S3-339301670
S1-239816658	S2-497133641,S3-199501692
S1-255981237	
S1-63507969	S2-383170583,S2-785456932,S2-4028031,S3-322956593,S3-728359594
S1-252756706	S2-774210421,S2-131595029,S2-32539591,S2-872741534,S3-88939607,S3-963778753
S1-466085529	
S1-220368192	S2-623585843
S1-931126388	S2-746659034,S2-933905629,S2-885056328,S3-680144431,S3-731455011
S1-365143263	S2-265362621,S3-27493688,S3-564625090
S1-412301104	S2-737276084,S3-386504835
S1-766730652	S2-634282794,S2-761430173,S2-131013103,S3-426550252,S3-573097123
S1-391493550	S2-582481721,S2-968392154,S3-725469954,S3-612229348
S1-44375951	S2-145751566,S3-925821803
S1-492409246	S2-712429824,S3-670638261
S1-365513366	S2-439204351,S3-28183266
S1-520560165	S2-635497661,S3-665711525,S3-903308931,S3-653062391
S1-714260082	S2-479660261,S2-972200607,S3-558643316,S3-161489318,S3-676036081
S1-76266773	S2-670007920
S1-316480766	S2-610255023,S3-153042846
S1-707630386	S2-277562165,S3-753573051,S3-625621934
S1-892201706	S2-453160065,S2-184340127
S1-220638044	S2-712731849,S3-581567830,S3-84780898,S3-4327433
S1-916531841	S2-645434049,S3-618982502
S1-953462367	S2-998438701,S3-832354295
S1-873599144	S3-426543490
S1-494690189	S2-807974957,S3-504532326
S1-899724369	S2-620361194,S3-785591161,S3-987185493
S1-395619089	S2-137990609,S2-747805413,S2-357203103,S2-515998033,S3-961801216
S1-780487368	S2-355471820,S2-572629778,S3-871523189,S3-458964510
S1-49007127	S2-935362481,S3-625328685,S3-967798901,S3-661885405
S1-138782299	S2-738241681,S3-698438289,S3-535664688
S1-502212007	S2-426018413,S2-531298745,S2-227820037,S3-445810680,S3-77335090
S1-669893640	S2-191421245,S2-604842869,S2-909478918,S3-340662079,S3-197596631
S1-692685078	S2-600120323,S2-866165930,S2-111632300,S2-597976237,S3-555662776
S1-859350246	S2-433296406,S2-616789374,S3-568097938,S3-830873916,S3-939796253
S1-202072705	S2-154048464,S2-290275542,S3-144836368,S3-396102739
S1-20948977	S2-788799289,S2-156268656,S2-217483793,S3-332066871,S3-522195469
S1-104808931	S2-167891721,S2-280061215,S3-808086483,S3-231069088,S3-218560630,S3-641854510
S1-763631864	S2-325289354,S2-359215532
S1-937162812	S2-125839845,S2-747234278,S3-926689884,S3-67565302,S3-414695853
S1-536659110	S2-509930489,S3-783087238,S3-214809447,S3-646499757,S3-132889486
S1-532860548	S2-630893554,S2-102492385,S3-591634203
S1-562623708	S2-472664237,S2-711783175,S2-675177342,S2-463615981,S3-253287647,S3-210617440,S3-922052443
S1-209955612	
S1-667322131	S2-820115741,S3-132140778,S3-316303311
S1-45166110	S2-508750844,S2-603777395,S2-529673735,S3-466112306,S3-705906382,S3-945496048
S1-666189259	S2-345444974,S3-289471783
S1-930034422	S2-709172007,S2-150404552,S3-167496461,S3-831492454
S1-604054176	S2-668688387,S2-53747556,S3-115554437,S3-622945945,S3-993695303
S1-868702713	S2-856474618,S2-682496750,S3-428856659
S1-284782321	S3-807636458
S1-125308073	S2-252400135,S2-66695826,S3-695996305,S3-469641225
S1-952898857	S2-132949056,S3-182839725,S3-569310887
S1-242533264	S2-148185690,S3-639731431,S3-689470465,S3-826178210
S1-326412688	
S1-498843136	S2-667461187,S2-952906822,S2-380803110,S2-96161659,S3-513407796
S1-462963374	S2-146245985
S1-56456898	S3-837708208,S3-525520945
S1-8967073	S2-855998863
S1-621238853	S2-607527878,S2-827106712,S3-519167675,S3-76398661
S1-43566134	S2-364082163,S3-607356407,S3-777163664
S1-866688834	S3-124551138
S1-360420318	S2-497340827,S2-654420557,S3-821160812,S3-602689166
S1-704886105	S2-62755657,S2-388864223,S3-653158856
S1-285743200	
S1-820756065	S2-290032070,S2-157057747,S3-320331615,S3-893575509,S3-367004313,S3-299361861
S1-675972201	S2-461304703,S2-682298260,S3-959041333,S3-189629879
S1-612614709	S2-675529965,S3-147089797,S3-540924099
S1-909821213	S2-527257771,S3-464575180,S3-648171460
S1-507200630	S2-9443302,S2-312109161,S3-834389389
S1-693647606	S2-466223409
S1-920307521	
S1-239296169	S2-176415569,S3-508396372
S1-746781693	S2-403628944,S2-733494722,S2-840535055,S3-834952964
S1-790965571	S3-482064333,S3-686812669
S1-330095046	S2-938367814,S3-258613402
S1-745427042	S2-463657834,S2-214403704,S3-862253101,S3-455267638
S1-991656545	S2-734271697,S3-694062761
S1-931710700	S2-31083899,S3-866098042,S3-16238440
S1-174446494	S2-287038150,S2-690235550
S1-478387545	S2-365029542,S2-643124518,S2-181289634,S2-527475003,S3-360364349
S1-239202876	S2-907766414,S3-656388754,S3-601036876
S1-704617575	S2-583256632,S2-383013979,S3-525207512,S3-43115055
S1-788339543	S2-222052419,S2-769391689,S3-839055761,S3-848878605
S1-775139743	S2-470201998,S3-473437840,S3-354318638,S3-245130442
S1-235275858	S2-401295224,S3-170866585,S3-76919329,S3-297917792
S1-611563193	S2-874428221,S2-534761820,S3-864206860
S1-409250569	S2-585447510,S2-390885818,S2-500568172,S3-16302819
S1-69554239	S2-760742667,S2-760461629,S3-344102740,S3-357034610
S1-727357837	
S1-347673275	S3-501574417,S3-199670757,S3-670924793,S3-644229333,S3-985043409
S1-63789288	S2-865279764,S3-243743247
S1-803992048	
S1-265121583	S2-640478899,S2-74504974,S2-216803449,S3-339542744
S1-202198792	S2-687474253,S3-334492241,S3-970451278,S3-959097640
S1-459023339	S2-994095041,S2-501944429,S3-12794154
S1-591758686	S2-718152245,S2-511559417,S2-394117399,S3-874925963
S1-987269818	S2-501573564,S2-512094322,S3-481807690
S1-349943591	S2-564410591,S2-635832148,S3-814086248
S1-19017338	S2-156715459,S2-495330860,S2-482785363,S3-269835583
S1-127926594	S2-746399445,S2-806112485,S2-715675197,S3-775126998,S3-627358001
S1-446178146	S2-445870557,S3-303818230
S1-816685191	S2-86231082,S2-180411023,S2-455451039
S1-475972747	S2-620567901,S3-276663208,S3-622212062,S3-621648765,S3-727630901
S1-638418288	S2-75873298,S3-64999890,S3-418667132,S3-382011698
S1-798417864	S2-186073777,S2-316826957,S2-514625723,S3-321578275,S3-564060360,S3-224945978
S1-281664297	S3-471276130,S3-726846509
S1-230816496	S2-765441290,S2-633933286,S2-782656563,S3-352527508
S1-183999293	S2-885064645
S1-616356553	S2-545265870,S3-307294967,S3-489642751
S1-58645740	S2-279020019,S3-613450967,S3-205997441
S1-477854773	S2-484247225
S1-519724075	S2-880990006,S3-357433449
S1-601299528	S2-508195935,S2-801076368,S2-630514454,S2-509495931,S3-506723192
S1-284190942	S2-779489001,S3-142725071
S1-797021439	S2-581769449,S3-346872432,S3-451825526
S1-8811279	S2-11316443,S2-899899974,S2-704452687,S3-35093926
S1-247453277	S3-139450337,S3-631098067,S3-468342782
S1-902181206	S2-371425416,S2-591125955,S2-328014530,S3-75467692
S1-138445748	S2-465273086,S3-6144610
S1-437367655	S2-352398339
S1-175126693	S2-208619058,S3-401374045
S1-737342258	S2-17509012,S2-990932170,S3-158666616,S3-471141511
S1-527378878	S3-164534059,S3-568741660
S1-306169915	S3-445015082,S3-766912105
S1-957266041	
S1-516843244	S2-96685976,S3-623942786,S3-775017703
S1-903670278	S2-370383306,S2-243135316,S2-408888897,S3-984691701,S3-234134079
S1-638557606	S2-285798805,S2-905221352,S3-513194760,S3-31257643,S3-866321342
S1-558830851	S2-855713599,S3-630511519,S3-192462814
S1-974702198	S2-77635052,S3-919397905,S3-218635591,S3-794051467
S1-639629096	S2-658744822,S2-708908776,S2-171558296,S2-347657505,S3-746603158,S3-215501946,S3-468574802,S3-842055851
S1-870270273	S2-453355896,S3-565561736,S3-318911453
S1-834176194	S2-717967391,S2-66544814
S1-152149858	S2-696336248,S3-776707528
S1-517206556	
S1-538366440	S2-772554654,S2-961247350,S3-359130156,S3-388092792
S1-279517787	S2-752000506,S3-205357553,S3-554378450
S1-850214905	S2-40059826,S3-508473123,S3-669309417,S3-812485327,S3-189153940
S1-141137370	S2-72742819,S2-828783143,S2-553339500,S3-17821895,S3-806483823,S3-397760357,S3-141792469,S3-337687420
S1-33657000	S2-326226210,S3-394300669,S3-105536115
S1-524283690	S2-38575968,S3-469391586,S3-817316267,S3-873150773
S1-874980402	S2-869196445,S2-450297515,S2-584902834,S3-70620962
S1-425677254	S2-551825085,S2-811849183,S2-558371828
S1-842499440	S2-59347754,S2-506438049,S2-632522993,S2-641218694,S3-961599325
S1-862163956	
S1-202780028	S2-479369684,S2-785195194,S3-559445656
S1-670030836	S2-101693928,S2-567831469,S2-113369951,S2-678069254,S3-884631866,S3-994055226,S3-434205696,S3-748004098
S1-464812938	S2-286403885,S3-128952759,S3-66772306,S3-944401110,S3-813233212
S1-487467299	
S1-429935006	S2-664828528,S2-506819121,S3-780030203,S3-47486917
S1-313072221	
S1-140306959	S2-954060601,S2-291432456,S3-34591425
S1-729608838	S2-440595942,S2-113603473,S2-866947178,S2-589146664,S3-901299709,S3-213094542
S1-748847699	S2-995691158,S3-109882591,S3-951166017
S1-424206726	S2-369548542,S2-325821652
S1-686666368	S3-669278421,S3-154988636
S1-601212223	S3-969464817,S3-749048210
S1-703678069	S2-153611565,S2-746704896,S2-196519335,S2-215612690,S3-383520424,S3-683889318
S1-777643207	S2-493807750,S3-323027796,S3-387209738
S1-750129456	S2-359227226,S2-714012685,S3-214697466,S3-155970
S1-54369027	S3-599658991,S3-618123253,S3-960260294
S1-737250181	S2-304461331,S3-957525101,S3-375158886
S1-417894341	S2-103504592,S2-353275710,S3-702012574,S3-228839578
S1-798335032	
S1-833819910	S2-689833072,S2-388123869,S2-795637035,S2-520693136,S3-242446070
S1-565177053	S2-503696651,S2-824772532,S3-968032003
S1-88817160	S3-487916872,S3-566739305
S1-214288155	S2-188398893,S2-959419015,S2-96668317,S3-858477566,S3-710478737,S3-973725255,S3-144415837
S1-700317756	S2-727925466,S3-263407122
S1-469262153	S2-385767817,S3-279054627,S3-7508127,S3-370441792,S3-698722912,S3-552014575,S3-589095129
S1-682917304	S2-510674824,S2-514341493,S3-517633508
S1-235895084	S2-781399470,S3-436459537,S3-876075061
S1-417967521	S2-588407742,S3-498577949,S3-278714769
S1-931508385	S2-703632553,S2-751643148,S3-476068351,S3-103174032
S1-937959003	S2-26898444
S1-35830140	S3-604113054,S3-479354275
S1-868062967	S2-94796553,S3-464383713,S3-171329656
S1-207222009	S2-854316922,S3-651264370
S1-576870453	S2-807293102,S2-915668359,S2-935767241,S3-350769201,S3-21822846
S1-764427992	S2-629775202,S3-92767178,S3-381679474,S3-107977419,S3-712098179
S1-583180330	S2-197031142,S3-825596346
S1-367609410	S2-425018900,S2-460880996,S3-711871918
S1-921688362	S2-321720740,S2-980006578,S3-442007156,S3-427856148
S1-489858625	S3-919013080,S3-408383726
S1-603925072	S3-490761254
S1-194528638	S2-976913054,S2-232418580
S1-385631947	S2-72648771,S3-709698340,S3-631952206,S3-641597404
S1-627921423	S3-778717544,S3-770692568,S3-907654990,S3-491595955
S1-59581901	S2-180762672,S3-307709340,S3-235239093,S3-952461458,S3-683386720
S1-913931707	S2-120266008,S2-417483850,S3-841533912,S3-385413438,S3-114238654
S1-66716567	S2-360932424,S2-561389281,S3-16702027,S3-357722030,S3-972876355
S1-97939142	S2-51669091,S2-683078176,S3-589979990
S1-526293740	S2-948311852,S2-798202716,S2-635592704,S3-963673663,S3-174409518
S1-719126337	S2-397296497,S3-933136028
S1-999617853	S2-56703038,S2-136048771,S3-592310914
S1-371517810	S2-840466872
S1-770088422	S2-892823801,S3-196693082,S3-720928993,S3-459790542
S1-437308842	S2-634646802,S2-530805893,S2-97098560,S3-453243868
S1-860236768	S2-823545857,S3-279603243,S3-303402950,S3-100495989
S1-204447414	S2-91607565,S3-507092876
S1-173647974	S2-877988213,S2-443484692,S3-999902277,S3-785246211,S3-548291126
S1-150375140	S2-384771691,S3-7450484,S3-995375047,S3-382534317
S1-76241898	S2-563917641,S3-785865959,S3-284276742
S1-398160262	S2-718962104,S3-266809767,S3-494060510
S1-744728610	S2-387317706,S2-891418896,S2-150515418,S3-715784174,S3-921911340
S1-995362642	S2-609763445,S2-510199232,S3-853919650,S3-521343195
S1-75809023	S2-442570781,S3-335580357,S3-738505994,S3-662415635
S1-921480863	S2-250948295,S3-340897065,S3-387133718
S1-827807877	S2-495901583,S3-462711873,S3-68589246
S1-909005675	S2-389834198,S2-524221246,S2-459304851,S2-857045764,S3-617662327,S3-556833035
S1-471936025	S2-144242603,S2-823363455,S3-931580743
S1-576717591	S2-814740972,S2-626179735,S3-555935662
S1-118198262	S2-615813343,S3-625338547,S3-135631644
S1-849024661	S2-684420908,S2-975251812
S1-621058253	S2-282901706,S2-93492796,S2-249491565,S3-448417706
S1-728420258	S2-118931801,S2-558519063,S2-682086451,S2-113531949,S3-572371871,S3-389527079,S3-539552067,S3-828047065
S1-239715970	S2-4160668,S3-818636467,S3-182828277,S3-880589530
S1-907413636	S2-94081474,S2-628148458,S3-453968933,S3-84645065,S3-444613781,S3-193199078
S1-652087131	S2-331724180,S2-86672675,S2-769309654
S1-124987634	S2-487102931,S3-56585757,S3-468813596,S3-985261783,S3-7520603
S1-348144132	S2-680319385,S3-701215387
S1-760515109	S2-191592477,S2-465431082,S3-940040526
S1-170758767	S2-13111610,S2-396105383,S2-39808990,S2-163612231,S3-970117897,S3-194361512,S3-547601025,S3-346080653
S1-850344657	S2-782851206,S3-389769258
S1-707099609	S2-452472029,S2-298054915,S3-426574450
S1-967975743	S3-885082819
S1-544214792	S3-251659133
S1-715967443	S2-980142958,S3-835371209,S3-245493154
S1-363595395	S2-966249874,S2-644716074,S3-614324192,S3-365225470
S1-464494315	S2-714543856,S3-589506213,S3-3774352,S3-142629404,S3-888664157,S3-642183945
S1-302364466	S2-707322333,S3-6620513,S3-811240667,S3-764571072
S1-306335907	S2-751727393,S3-847588232,S3-651231779
S1-419175751	S2-263581712,S3-315909134,S3-988710232
S1-982474181	S2-580672937,S2-250244392,S3-614567225
S1-434417223	S2-92015009,S2-972478200,S2-354715017,S3-921426871
S1-430290873	S2-500727018,S2-400031461,S3-572719879
S1-537798230	S3-154771774,S3-766289427
S1-452996320	S2-156841921,S3-772115758
S1-262875473	S2-45071486,S2-448394469,S2-386877654,S3-159551037,S3-662128758,S3-340133984
S1-32931506	S2-224082656,S2-830310350
S1-613349394	S2-194477930,S2-261873404,S2-324072363,S2-909948740,S3-286990112,S3-803301102,S3-847810365,S3-553316175
S1-990433106	S2-704168572,S2-444646621,S2-239189762,S3-823878280
S1-137456967	S2-79247374,S2-817771577,S2-232688636
S1-748790903	S2-676967387,S3-148241548,S3-454579695,S3-416767634,S3-252060024
S1-54218952	S2-994266951,S3-415211745,S3-729869544,S3-213622312,S3-56049508
S1-209373501	S2-550530246,S2-382987958,S2-283322285,S3-471067352,S3-935207059,S3-539020608
S1-605463758	
S1-235219989	S2-883341979,S2-975195,S3-122798604,S3-40452444,S3-543716397,S3-198235110
S1-325158799	S2-97371486,S2-305453577,S3-484444808,S3-214433038,S3-329448261,S3-793457655,S3-474019378,S3-318279783
S1-265364803	S2-470128532
S1-367508421	S2-620771592,S2-569638598,S3-964005525
S1-399942607	S2-279426705,S3-70614137,S3-490024128
S1-378733399	
S1-499004170	S2-571505407,S2-77430249,S2-603623372,S3-15203436,S3-922266986,S3-103383674
S1-413863961	S2-926332498,S3-306545614,S3-93877192,S3-63221944,S3-589062160
S1-743030178	S2-376234399,S3-925535014
S1-894328332	S2-688627620,S2-312111175,S3-901358537,S3-280765622,S3-548409498
S1-445396622	S2-113559656,S2-559815442,S2-772274185,S3-396626188,S3-180024296,S3-387455031,S3-239985232
S1-235979196	S2-690575852,S2-539506562,S2-421430080,S2-633046925,S3-694255200,S3-434915096,S3-294993317,S3-842129664
S1-893127932	
S1-131372291	S2-780749101,S3-241122994
S1-884642317	S2-392741345,S2-180231684,S3-868453138,S3-851132234,S3-405082607,S3-666547767
S1-958314896	S2-343771214,S2-755296932,S2-912998256,S3-622467613
S1-385468358	S2-410755528,S2-357389762,S2-86030491,S2-297798516,S3-385741601,S3-983626021
S1-169636086	S2-637560742,S2-159662661,S2-136229126,S2-701413931,S3-645191855
S1-602648919	S2-520016990,S3-489843360,S3-775246433
S1-372523469	S2-803144367,S3-574784244
S1-75001001	S2-525105261,S2-514780422,S3-266720888
S1-723149744	S2-510926680,S3-809835344,S3-579419345,S3-334950311,S3-714169500
S1-47850050	S2-869367807,S2-333218169,S3-856652953,S3-617785548
S1-915475076	S2-113135292,S2-255262799,S3-964783521,S3-13978286
S1-720606535	
S1-320558990	S2-573414392,S2-537144567
S1-38141873	S2-731270477,S3-849833960,S3-817257141,S3-600421466
S1-760200351	S2-555636706,S2-844023898,S2-685203548,S3-157488345
S1-624650936	S2-377323803,S2-856413877,S3-884246825,S3-396952084
S1-590321576	S2-270613574,S3-661574062,S3-483239231,S3-355897303,S3-880600661
S1-810313198	S2-151202453,S3-652776476
S1-412142393	S2-399341873,S2-844793686,S2-570236898,S3-193711695
S1-213234186	S3-231423249,S3-923389982,S3-450786447,S3-602663977
S1-854025441	S2-852239317,S2-221327973,S3-112954419,S3-502304968
S1-651063147	S2-575457275,S2-124583371,S2-748059646
S1-424137909	S2-967116857,S3-634062856,S3-725469570
S1-697584021	S2-632125297
S1-929001625	S2-762072356,S2-232674068
S1-512893342	
S1-232818274	S2-622989958,S2-356455196,S2-201953980,S2-846751044,S3-648033779
S1-240103424	S2-370538161,S2-356915400,S3-786766927,S3-696742264,S3-524637054
S1-748067967	S2-541458752,S3-448377098,S3-13874327
S1-95008059	S2-131565226,S3-118640887,S3-857296935
S1-41369509	S2-31936374,S2-499246395,S3-816076121,S3-146216501
S1-543581148	S3-365171991,S3-465355642,S3-811163455
S1-120596731	S2-599178131,S2-450957300,S3-47469234,S3-60607103,S3-431636650
S1-582452447	S2-141175220,S2-247798262,S3-396306324,S3-341125960,S3-555831766
S1-647397407	S2-622899007,S3-391451854,S3-202281316,S3-421698485,S3-210841154
S1-771425737	S3-343334228,S3-52974988,S3-304097352,S3-597827447
S1-364278044	S2-403451677,S2-148447319,S3-613258232,S3-834837466
S1-917076136	S3-367853021,S3-732444810,S3-573034532
S1-202230061	S2-691482589,S2-415664035,S3-112150989,S3-411788841,S3-685313510
S1-369977694	S2-262477751,S2-713698711,S2-569856689,S2-47621805,S3-907386857,S3-435974549
S1-360475070	S2-69845513,S2-616664986,S2-147274573,S3-988474542
S1-552952774	S2-536019425,S3-94164515,S3-49090034,S3-296448943
S1-955073963	S2-499695114,S3-928990798
S1-266394603	S2-649251093,S3-252111597,S3-630591565,S3-427497459
S1-300087245	S2-635531762,S3-580232588,S3-271677332,S3-18403511,S3-907374780
S1-356948492	
S1-596730167	S2-608628306,S3-802323265
S1-159414225	S3-339987776,S3-128374885
S1-864861607	S2-755275021,S3-677324722
S1-682304780	S2-150379129,S2-52563181,S3-370660180
S1-820965874	S2-600346397,S3-436081639,S3-926848789,S3-128459613,S3-402032941
S1-11632084	S2-896623352,S2-239768366,S3-820539583,S3-889098444
S1-988349519	S2-878583386,S2-621370914,S2-372783108,S3-833105503,S3-657158676
S1-485537565	S2-249124327,S3-669546680
S1-819966462	S2-902931538,S3-40413512,S3-149143737,S3-305355095
S1-436108749	S2-551638498,S3-462879907,S3-128071742
S1-208172905	S2-797621915,S2-907614095,S3-10462883,S3-562386690
S1-922638659	S2-448856559,S3-94497047,S3-305449434,S3-271001085
S1-748748267	S2-151712913,S3-281006277,S3-489189710,S3-651722087
S1-107704460	S2-18262282,S2-173172020,S3-571936724
S1-927395432	S2-674371531,S2-374227187
S1-350682205	S2-77309017,S3-545964083,S3-716534785,S3-281641568
S1-842393757	S2-996515706
S1-636582688	
S1-332396561	S2-284605268
S1-813296641	S2-521855039,S3-284659630,S3-194057767,S3-949214494,S3-420047081
S1-997893849	S2-668146993,S2-904179243,S3-125977285,S3-540502200,S3-440969970,S3-312259243
S1-154162534	S2-625638064,S3-466400827
S1-690686517	S2-208999799,S3-270088910,S3-961900412
S1-486106344	S2-401489406,S3-222894143,S3-861374354,S3-427582449,S3-999387747
S1-859837268	S2-836564063,S2-770252334,S3-840602694
S1-818079935	S3-188938072
S1-145942069	S2-546384625,S2-301292717,S2-546938288,S3-172290651,S3-922450288
S1-488926539	S2-754831265,S2-881141780,S3-430563063,S3-861546247,S3-479639130
S1-568052938	S2-705905056,S2-504400166
S1-993089857	S2-133880447,S2-571468855,S2-13865067,S3-252846279,S3-702745076
S1-6783587	S2-77933717
S1-96135581	S2-372684908,S3-402564292,S3-287713987
S1-885430293	S2-334968119,S3-640057863,S3-665945335
S1-45969321	S2-280206767,S3-926658217,S3-445341403,S3-448064913
S1-235483578	S2-28678035,S3-41821191,S3-458629296
S1-359835317	S3-271194461
S1-799748525	S2-142040288,S2-833549406,S3-407459197
S1-68988905	S2-454075181,S3-706356728,S3-596264960,S3-707683239
S1-796884666	S2-340693302,S3-905693781,S3-175349055
S1-11132393	S2-784583921,S2-370362639,S3-781350919,S3-54247962,S3-508052980,S3-437039823,S3-515018370
S1-221841305	S2-325694887,S3-746290232,S3-661893166
S1-593181220	S2-203900874,S3-685394269
S1-825705647	S2-443155936,S2-28085366,S2-678360953,S3-18067761,S3-36186163,S3-809253051
S1-794268540	S2-517853559,S2-759678463,S2-970504220,S3-521378867,S3-777969591,S3-178837903
S1-699190099	S2-736043473,S2-193538118,S2-690867581,S3-99243634,S3-134231030,S3-881697778
S1-734490461	S2-487468347,S2-571976765,S3-505212117
S1-233284038	S2-779107002,S3-168143551,S3-920058316
S1-830838936	S2-889972363,S3-440384261,S3-535685473
S1-814449478	S2-226471943,S2-854610685,S2-632234023,S2-226107061,S3-292054219,S3-787484235,S3-648109197
S1-906485020	S2-203967954,S2-820526030,S2-887033106,S3-257024316,S3-167780680,S3-128699941
S1-734285713	S2-461369604,S2-293435921,S2-75151140
S1-40982538	S2-914551249,S3-576507172,S3-227238252,S3-864935842
S1-216567264	S2-29314031,S3-589009266
S1-732689177	S2-55193859,S2-54137948,S3-316372802
S1-138171385	S2-627645645,S3-323120448,S3-59155791
S1-702413212	S2-673990422,S2-819566432,S3-550827914,S3-256486958,S3-398493836,S3-2960274
S1-714884055	S2-679757858,S2-181043220,S3-507266029,S3-987604044,S3-260813980,S3-837211750,S3-163997392
S1-950184273	
S1-728309930	S2-24833792,S3-81474691
S1-503971021	S2-337300320
S1-427995039	S2-521152644,S3-688296069
S1-242562660	S2-415756060,S2-316664083,S3-61553619,S3-705068292,S3-492010161
S1-786762737	S2-339297159,S2-596022131,S2-553652526,S3-228074550,S3-650789607
S1-679154692	S2-718607965,S2-583105633,S3-403311739,S3-958913160
S1-817588191	S2-290761954,S3-453503851,S3-473782994,S3-612625068,S3-270059564
S1-513233359	
S1-473531106	S2-622605542,S2-551182677,S3-88323660,S3-157070404
S1-726579617	S2-35200360,S2-418186698,S3-553793728,S3-30454507
S1-447977778	S2-75235244,S2-362155348,S2-890380419,S3-911027815,S3-191822383
S1-227726038	S2-533389360,S2-837469194,S3-82856313,S3-382969868
S1-154509414	S2-874196773,S3-243100376
S1-274534899	S2-74145672,S3-77765313
S1-605807268	S2-246072187,S2-717994494,S3-284621036,S3-848690622,S3-246750527
S1-785935310	
S1-451044110	S2-960846600
S1-254228362	S2-485738854,S3-508778697
S1-222203294	S2-947631155,S3-615057213,S3-117346864
S1-342564739	
S1-85965426	S2-482015312,S2-649600223,S2-995692775,S2-562404912,S3-698885518,S3-908442241
S1-769739939	S2-454479989,S2-286935567,S2-63727098,S2-342784002,S3-49377431,S3-707743887
S1-519656611	S2-891374903,S3-976220230,S3-634585233
S1-742629142	S2-685057813
S1-639158873	S2-832420098,S2-687108915,S2-959135100,S2-561554363,S3-768140796
S1-680216072	S3-978518556,S3-880496184,S3-278494946
S1-372737	S2-210468006,S2-728703247,S3-6473734
S1-141265210	S2-661128680,S3-719335472,S3-586411589,S3-624349296
S1-565544874	S2-809481473,S2-395716601,S2-29149657,S3-643795699
S1-118767478	S2-770344471,S2-219664716,S2-962894619,S3-219087871,S3-795769874
S1-771791541	S2-299275143,S3-556411175,S3-791098523
S1-445941109	S2-452480917,S2-364329044,S2-937093924,S3-257163653,S3-672110074
S1-704089814	S2-128355110,S2-267394505,S3-98589622
S1-764841479	S2-576179790,S3-297941196,S3-129412513
S1-458432225	S2-566216775,S2-96985972,S3-936137675,S3-164498846,S3-732982191
S1-124037368	S2-503007051,S3-151530721,S3-40900073
S1-8068264	S2-754222017,S2-989507234,S3-26009326,S3-686309097,S3-159665542
S1-569789495	S3-901360976,S3-685063052
S1-458002560	
S1-745858308	S2-392159608,S2-864440108,S3-595886609,S3-924306249,S3-700166191
S1-897899818	S2-704247513,S2-75373983,S2-128849086,S3-309295176,S3-984792599,S3-733527785
S1-472382232	S2-368505524,S2-671720857,S3-401443288,S3-688959236
S1-78304820	S2-988183501,S2-309206752,S2-805770527,S3-271350554
S1-73932909	S2-996084280,S2-334505782,S3-42992421,S3-696488830
S1-892813706	S2-509600059,S3-511057051,S3-354206178
S1-152605010	S2-168934451,S3-731076910
S1-670284680	S2-975723898,S3-322083480
S1-915298960	S2-724094892,S3-791453600,S3-951980255,S3-49369536
S1-194173949	S2-518027773,S3-847222919,S3-336328071
S1-595046905	S2-156021506,S2-907171784,S3-601246197
S1-94411349	S2-231470413,S2-351025188,S3-618015360,S3-873957571,S3-469305796,S3-55937852
S1-677554161	S2-284276202,S3-504689498,S3-250742442
S1-173089268	S2-201754355,S2-203764257,S3-667714753
S1-298925720	S2-902325613,S3-309877049,S3-767087991
S1-28529944	S2-447378245,S3-642252953,S3-143804721,S3-814545685
S1-167644336	S2-466934250,S2-245982650,S2-763274961,S3-998615527,S3-628921426,S3-563804994
S1-861271386	S2-631842884,S2-466665851,S2-62646880,S2-641697413,S3-888244546,S3-936604092,S3-646790722,S3-375877393
S1-361295179	
S1-568176449	S2-541937030,S2-444934619,S3-2357671
S1-316580793	S2-487929595,S2-635405329,S3-780674944
S1-98996784	S2-876416194,S2-203367638,S3-434682538,S3-50231006,S3-270460534
S1-944030804	S2-371938201
S1-345464692	S2-91282272,S3-56482890
S1-18666291	S2-638418136
S1-826601121	S2-655717470,S2-456685361,S2-547631591,S2-744206858,S3-564685201,S3-313516766
S1-429016604	S2-409767678,S3-290779224
S1-501750960	S2-563306534,S3-326100275
S1-174741837	S2-541776016,S3-922244935,S3-41665352,S3-280785828
S1-273239207	S2-254145053,S2-188348600,S2-269739067,S2-687280986
S1-223479719	S2-323015893,S2-209013801,S3-406030457
S1-765692781	S2-767892261,S2-740479722,S3-795761670,S3-512657600
S1-8731441	S2-907869510,S2-973681365,S2-782393632,S2-261267322,S3-899423032,S3-903713980
S1-88136506	S2-791921510,S2-462782452,S2-685613664,S3-874347409,S3-613085607
S1-815768261	S2-137951707,S3-621033465,S3-581097034,S3-974510078
S1-122877827	S2-273839257,S3-705956297,S3-277944577,S3-253716699
S1-992584940	
S1-142293438	S2-562633334,S3-829601744
S1-392424392	S2-827892894,S2-862853961,S3-781260123,S3-342819614
S1-290900198	S2-413162276,S3-582871876,S3-184557446,S3-540848157
S1-489274202	
S1-199799418	S2-661473281,S2-989479207,S2-779956987,S3-970380473
S1-197300189	S2-822794172,S2-717789741,S3-695526493,S3-351897109
S1-766083195	
S1-867319598	S2-53732007,S3-540930622,S3-925250266
S1-906586605	S2-266923289,S3-327234092,S3-652877415,S3-203928647
S1-662480520	S2-146684872,S2-184643314,S3-164902383
S1-887114210	S2-486799995,S3-107081286,S3-739789743
S1-922435700	S2-847286337,S3-19039717
S1-578581390	S2-72374918,S3-144813109
S1-106773588	S2-438543373,S3-241955205,S3-430159712,S3-678662250
S1-576274947	S2-8048809,S2-578194421,S3-650404190,S3-245752208,S3-636375947
S1-334521834	S2-115654081,S2-893372748,S2-147525570,S3-117303969
S1-575675598	
S1-739295730	S2-539346910,S2-450293856,S3-442389091,S3-275366329
S1-990046472	S2-600985486,S3-844573426,S3-222398517
S1-653225604	S2-549206831,S2-386298813,S3-895867209,S3-901110914
S1-949966743	S2-201880024,S2-24832253,S3-423700024,S3-269983516,S3-359355132
S1-584629201	S2-495056494,S3-216122075,S3-696056838,S3-407911521
S1-908063079	S2-689931902,S3-89723256,S3-287070468,S3-246611007,S3-745554856
S1-798132216	S2-262585141,S2-320882023,S3-380223548,S3-324288101
S1-638252846	S2-171179881,S2-748021495,S3-285414139
S1-457548213	S2-814948178,S3-328658140
S1-897968423	S2-546992315,S2-891398841,S3-753258061,S3-336798889
S1-822112659	S2-462571361,S2-283599423,S3-505450973
S1-126147054	S2-494766685,S2-242801939,S3-537129827
S1-881623693	S2-326761870,S3-743698520
S1-623127360	S2-640469692,S2-586428596,S2-617997484,S3-540575978
S1-281221291	
S1-848337111	S2-838230810,S2-533593111,S3-772111286,S3-963548712
S1-792027083	S2-57673529,S3-228377976,S3-844512353,S3-862222188,S3-567420049
S1-794841509	
S1-884255542	S2-928027186,S3-625144199,S3-312065042
S1-865359652	S2-413710984,S2-955542197,S2-818416981,S3-686076680,S3-186628682
S1-165618811	S2-910229908,S3-722775823
S1-19014404	S2-260436994,S2-657195994
S1-271377293	S2-792771990,S2-771274128,S3-94832728,S3-145883913
S1-83682860	S2-3319138,S3-466398459,S3-301561697
S1-21693937	S2-893088861
S1-814995119	S2-832710776,S3-996442942,S3-567281127,S3-527265288,S3-459520311
S1-84487994	S2-134085209,S2-931473251,S3-890403078,S3-848688296
S1-166510323	S2-663097256,S2-527500690,S2-623938316,S3-442236150,S3-143366416
S1-66980183	S2-586734926,S2-554295964,S3-725452522,S3-860318373
S1-260688810	
S1-664638595	S2-283630255,S3-54409958,S3-574054726
S1-27534870	S2-455470543,S3-590301951,S3-435394351
S1-755152831	S2-549697297,S3-801808031,S3-670229445,S3-460450565
S1-848974405	S2-378151977,S2-367397057,S2-771981619,S3-839688488,S3-313052486
S1-145619099	S2-957793746,S2-111944280,S2-723327964,S3-38790738
S1-839300613	S2-751315288,S2-157143354,S3-540007557,S3-250964149,S3-564690058,S3-99633084
S1-64638510	S2-978935304,S2-71843918,S2-506494442,S3-553773888,S3-790008302,S3-612331597
S1-525512001	S2-231540983,S3-436592261,S3-865534105
S1-695962769	S2-386617652,S2-946492549,S3-668397372
S1-593651034	S2-820458930,S2-574678605,S3-602079141,S3-427800686
S1-425573756	S2-530315801,S2-467985924,S3-65200494,S3-231353554
S1-666598267	S2-816804112,S2-108502802,S2-539844486,S3-780496751
S1-966352755	S2-561454267,S2-483357858,S2-855786549,S3-45843057,S3-304238123,S3-342176255
S1-142912233	S2-775711368,S3-712912068
S1-573739083	S2-167133629,S3-84274951,S3-602223151
S1-742522589	S2-139553000,S3-363536901,S3-755570091,S3-73245151
S1-417160445	S2-599178397
S1-644042767	S2-528381232,S2-863103171,S3-192600505,S3-919474286,S3-81647492
S1-156155095	S2-417396740,S2-876168948,S3-248515818,S3-579218973
S1-122129571	S2-242415228,S2-149736632,S2-76877801,S2-105491843,S2-415764238,S3-377668099,S3-750150930,S3-729210254,S3-831671026
S1-945983033	S2-446711557,S3-402590046,S3-711759262,S3-733963050
S1-66841472	
S1-568379902	S2-441738114,S2-569265339,S2-553719858,S3-384874093
S1-229636920	S2-952935289,S3-617527661,S3-537555692
S1-20444920	S2-950876557,S2-377248492,S3-99924571
S1-481488227	S2-450434225,S2-454178842,S2-581783718,S2-30383180,S3-221695257,S3-466840897,S3-252859733,S3-943057755,S3-305100319
S1-376841393	S2-943469278,S2-92017112,S2-237482059,S2-480494361,S3-540482612,S3-77379165
S1-717209658	S2-378507043,S3-808724987,S3-478300648
S1-678573103	S2-667030227,S2-968151900
S1-929436188	S2-597692962,S3-601124866
S1-708341999	S2-860420694,S3-99225121,S3-826708885
S1-189487454	S2-424373321,S3-197036689
S1-31338710	S2-976171884,S2-862678920,S2-776368859,S3-926734729,S3-179164369
S1-606815002	S2-914929062,S3-686758781,S3-625955481
S1-868574189	S2-874973347,S2-411154199,S2-869526918,S3-81478105,S3-781650519,S3-984801729,S3-309463377,S3-440853024
S1-43416014	S2-818593351,S2-89829928,S3-711781684,S3-549455763
S1-218398519	S2-464444556,S3-870858730
S1-245544142	S2-161964275,S3-130542466
S1-729926555	S2-566609290,S3-592879177,S3-638617438
S1-436833324	S2-81849136,S3-97056794,S3-195961903
S1-284790344	S2-433979208,S2-727020454,S3-454651795
S1-582957691	S3-56277210
S1-361865144	
S1-170614263	S2-577178881,S3-777188944,S3-438573373
S1-68298109	S2-246159597,S2-295364104,S3-744796188,S3-913420926,S3-159755560
S1-820018846	S2-156263701,S3-221493000,S3-142084707,S3-404212362,S3-355219747
S1-77477412	S2-6277734,S3-64649436
S1-165291281	S2-566361687,S2-389980950,S3-796159923,S3-933045719
S1-535910144	S2-600454601,S2-850470546,S2-415790317,S2-706202138,S3-555201121,S3-468087901,S3-232285800
S1-85701111	S2-773178455,S2-749341799
S1-810156867	
S1-780381235	S2-316258659,S3-339108378,S3-209985412
S1-95035582	S2-526164191
S1-652566597	S2-881205934,S3-483653199,S3-934104904
S1-111442398	S2-595444729,S2-931981340,S2-895997100,S2-307348541
S1-379191085	S2-704711118,S3-326022219,S3-22810178,S3-790614096
S1-92301827	S2-686639745,S2-632873517,S3-81507523,S3-544401319
S1-622031745	S2-376062655
S1-286092822	S3-487437102,S3-700866944,S3-287747642
S1-171970067	S2-523589464,S2-358588516,S2-714008544,S3-555298153,S3-272857171
S1-89210487	S2-401211272,S3-293178642
S1-655119870	S2-824597376,S2-829820523,S3-529337806,S3-609807407
S1-977472271	S2-456726493,S2-484198482,S2-914182352,S3-850355610,S3-855990149,S3-769822730,S3-996282399,S3-453407448
S1-509237172	S2-731071905,S3-221685689,S3-828239007,S3-287645839
S1-394137	
S1-370167217	S2-394066113,S3-747977760,S3-36701326
S1-105025539	S2-229899128,S2-756657810,S3-613537264,S3-223236355
S1-785039248	S2-337519875,S2-728438694,S2-291492826,S3-789705544,S3-250360541
S1-385641981	S2-914704962,S3-380601802
S1-787376995	S2-810322288,S2-240911981,S2-500717435,S3-669422449,S3-14612707,S3-344807590
S1-679705210	S2-579842583,S2-480837288,S3-91264946,S3-597460282,S3-436151408
S1-829565132	S2-534043104,S2-488049041,S3-498877402
S1-138741291	S2-950493256,S2-921979551,S3-188039202,S3-750523762
S1-950485305	S2-472644381,S3-489226152,S3-758136616,S3-984060188,S3-630329665,S3-925728629
S1-82599645	S2-410733937,S3-440733306
S1-115775057	S2-995151548,S3-289235717,S3-800879409
S1-565665689	S2-565945117,S2-517497502,S3-127115796,S3-943986526,S3-574407507,S3-298879761
S1-461222117	S2-497549106,S2-224731399,S2-427370911
S1-632500007	S2-546345396,S3-479491821,S3-286135421
S1-526420060	S2-848875149,S2-394445572,S3-128504488,S3-487017792,S3-383696616,S3-354414582,S3-338633965,S3-460103311
S1-895441405	S2-64679094,S3-371188386,S3-210620528,S3-483044735
S1-668120828	
S1-906039676	S3-287899669,S3-112541749
S1-574114994	S2-312991564,S2-484473077
S1-142898221	S3-586761947,S3-400249199
S1-938222310	S2-408300665,S3-294128750,S3-811706621
S1-901768571	S2-951195256,S2-920963737,S2-34552645,S3-804026372
S1-245446183	S2-924739659,S3-339728355,S3-268282165,S3-940841174
S1-169237822	S2-31003708,S2-758723571,S3-85215217
S1-584318067	S2-956174754,S2-949836483,S3-998135689
S1-330668786	S2-869512672,S2-487033263,S3-358962322
S1-20448886	S2-74095130,S2-630815656,S3-448471366
S1-380690295	S2-879846104,S3-445395227,S3-686261566
S1-594053730	S2-476131766,S2-162476547,S3-522138437,S3-904479673
S1-238091381	S2-649746203,S2-751241845,S3-285779587
S1-843297565	S2-71958034,S2-582972507,S3-275200479
S1-523925528	S2-654163670,S3-723723650
S1-465622404	S2-169600960,S3-224851624,S3-350134052
S1-467982104	S2-448327381,S3-378748808,S3-577763194,S3-374408166
S1-610233045	S2-985081256,S2-270853985,S3-978403682,S3-363063082,S3-223390406
S1-993817490	S2-754923710,S3-921449661,S3-794241767,S3-168790346,S3-54209439
S1-674375749	
S1-265848037	S2-910681817,S2-659964630,S2-811577513,S3-253900818,S3-584474816
S1-501159987	S2-906518536,S2-228692348,S3-161566312,S3-26600429
S1-337559002	S2-790668813,S2-478562246,S3-187850793,S3-397298655,S3-650551178
S1-210537195	S3-286875652,S3-887491475
S1-583863308	S2-983887248,S2-999295030,S3-575562034,S3-267353338,S3-297336525
S1-14096491	S2-66605545,S2-498177844,S3-542022633
S1-216667596	S2-394495210,S3-98623481,S3-232648363,S3-33376944
S1-587448674	S2-228655086,S2-731630986,S2-130656815,S3-428366625,S3-460361959,S3-685629754,S3-338519762
S1-815610789	S2-378909636,S3-936630592,S3-390693190
S1-458447698	S2-680841037,S3-837221267
S1-551225152	S2-981602390,S2-412943106,S2-559180447,S3-466221300,S3-466315848
S1-997815306	S3-869777398,S3-982357112,S3-497114545,S3-216901710,S3-745561704
S1-891990458	S2-785577826,S2-492228560,S2-834069453,S3-22510221
S1-66627070	S2-704412193,S2-306128542,S2-742170803,S3-605218548
S1-433132389	S2-252920712,S3-271776745,S3-726835028
S1-371564705	S2-640624904,S2-135981108,S2-993859034,S3-49976945
S1-457143712	S2-435219108,S3-755471924,S3-127148283
S1-617916374	S2-956333523,S2-483199550,S3-152776466
S1-495293139	S2-775200960,S3-859709400
S1-136804424	S2-634757512,S3-274908923,S3-946194409
S1-558799294	S2-199730363,S2-595418235
S1-703390447	S2-152939437,S3-325088943
S1-376565249	S2-57368876,S2-64423197,S3-744828503
S1-164262919	S2-513197872,S3-387140387,S3-237966438
S1-703117185	S2-888293580,S3-66131432
S1-19843155	
S1-156401009	S2-685828981,S3-754001775,S3-603585958,S3-407572348,S3-16421385,S3-74296288,S3-671846823
S1-943574560	S2-278835080,S3-653767003,S3-843145868,S3-857570269
S1-16579382	S2-298234475,S3-154679035,S3-329862247,S3-239083001,S3-414179397,S3-555903294
S1-856887778	S2-865382572,S2-116171643,S2-533984978,S3-408269191
S1-582963333	S2-551459870,S2-849588954,S2-862019211,S2-859938125,S3-915793493,S3-662284553
S1-709642703	S2-120210724,S2-234110092,S3-445297938,S3-522923535,S3-731374806
S1-726176334	S2-105192542,S2-933098045,S2-961407661,S2-462354984,S3-218254117,S3-878449898
S1-727414426	S2-272162373,S3-501660835
S1-994472293	S2-526708158,S3-649535240,S3-138108174,S3-750620759
S1-268328102	S2-185515584,S2-457845473,S3-982300590,S3-866601228,S3-417277595
S1-879446420	S2-5543659,S3-577321321,S3-551366784
S1-453828109	S2-68627417,S2-795918723,S3-104361385,S3-123770672,S3-870495763
S1-610749071	S2-622490434,S2-192707993,S2-23757842,S3-158080168
S1-156012339	S2-850660083,S2-35108575,S2-17502432,S3-419191907,S3-568711992,S3-398120515
S1-81605598	
S1-991878061	S2-941303651,S3-121584814,S3-556312973,S3-647061102,S3-612821773,S3-871801609
S1-224539279	S2-534256325,S2-8080627,S2-504115670,S2-869895454,S3-617769951
S1-587818518	S2-461541043,S2-915609277,S2-503493295,S3-261869640
S1-124011915	S2-142915933,S2-545607428,S3-729580933,S3-806446347
S1-706512819	S2-347412418
S1-256413943	S2-177141330,S2-457620148,S2-276730677,S3-639668113,S3-312575867
S1-213780694	S2-277280128,S2-900302705,S2-495253032,S3-235919374,S3-489250335,S3-307969231,S3-240258018
S1-631998293	S3-294352110
S1-445160679	S2-431154477,S2-317219191,S3-249284984,S3-799783626,S3-164786301,S3-444704937,S3-888403751
S1-860707385	S2-352375698,S2-257790023,S2-531576066,S3-911403414
S1-542479949	S2-813601941,S3-921049340
S1-376635163	S2-97235217,S2-404832765,S3-246142932,S3-174052288
S1-163546776	S3-915143617,S3-674504235
S1-556632468	S3-820158978
S1-560914602	S2-614640726,S2-530937308,S3-576788662,S3-135325781
S1-51881274	S2-924583324,S2-869019876,S3-669435220,S3-276853235
S1-423209589	S2-317633279,S3-397816613
S1-634819723	S2-171924795,S3-716687854,S3-91524049
S1-326722113	
S1-988148781	
S1-294873982	S3-905096285,S3-725058621,S3-723953712,S3-597200090
S1-433797977	S2-117194637,S3-978193139
S1-654073982	S2-25446308,S3-316984588,S3-110018459,S3-737918205
S1-649279012	S2-936677327,S2-953610319,S2-343164000,S3-155728669,S3-331098848,S3-951442538
S1-847409991	S2-23275517,S3-484294896,S3-14058061
S1-256478097	S2-190711088,S3-684743216
S1-651066837	S2-892093567,S2-791044988,S2-337131589,S3-716493582,S3-336356035,S3-851375695,S3-532947357
S1-684799608	S2-143127179,S2-653791042,S2-674922294,S2-369742620,S3-470601685,S3-825865014
S1-329276806	S2-503933218,S2-98135850
S1-377207270	S2-24136560,S3-602997530,S3-361697205,S3-896256873
S1-386663637	S2-535299890,S2-180707166,S3-770903241,S3-842925560
S1-796931905	S2-557052324,S2-358322194,S3-932765420,S3-638905223
S1-572463135	
S1-711834968	S3-640410970
S1-529007577	S2-4945749
S1-670289577	
S1-268616028	S2-653942707,S3-896386109
S1-439998630	S2-875643856,S2-17599429,S3-527756999
S1-798367402	S2-466604262,S2-758093846,S3-643628699
S1-55924649	S2-942790375,S2-670099519,S2-232335753,S3-24401815,S3-840309525,S3-254295610
S1-363659590	S2-83758680,S3-7617092,S3-625303214
S1-96624232	S2-66838513,S2-906101393,S2-754827517,S2-809404203,S3-287692289,S3-420135723,S3-346337745
S1-226406358	S2-18571217,S3-781304133,S3-253213803
S1-69157165	S3-848569859,S3-401017059
S1-155641334	S2-48730386,S2-923312707,S3-806086721,S3-137047042
S1-727766400	S2-793228113,S2-558645609,S3-442138951,S3-52952785
S1-82992479	S2-325402666,S2-70451915,S3-573683779,S3-23432143
S1-335533861	S2-153197219,S2-554719127,S2-955198361,S3-160371938
S1-815276354	S2-79064283,S2-645060471,S3-462512707
S1-36574948	S2-205881758,S3-134635588
S1-800069802	S2-433933942,S3-694138090
S1-645125978	S2-686491632,S2-719932229,S3-708829006
S1-909373650	S2-721025320,S2-332546140,S3-849176877
S1-432752741	S2-672874713,S2-465985282
S1-777058956	S2-746769823,S2-703915961,S3-974580741,S3-262499822
S1-538811860	S2-296312824,S2-755711814,S3-87944042,S3-659879514
S1-374228375	S2-982919729,S2-807151317,S3-757046488,S3-320974821
S1-250731935	S2-636382740,S2-140164075,S3-106481590,S3-598290859,S3-543846903,S3-316788655
S1-596565335	
S1-802647589	S2-32863414,S2-325730125,S2-714460535,S2-740512209,S3-674458796,S3-707979848,S3-995085734,S3-706570524
S1-777808348	S2-681867350,S2-5797561,S3-890026642,S3-618173006
S1-329923701	S2-919858156,S2-697988092,S3-824808270,S3-700671423,S3-212595415
S1-76557820	
S1-189278697	S2-583998183,S2-822934977,S2-840716406,S3-417629312,S3-441969697,S3-669833720,S3-801090013
S1-902319808	S2-193802886,S2-624780708,S2-870439666,S3-345483970,S3-724080148
S1-53562951	S2-75079079,S3-910012670,S3-925874607
S1-781138900	S3-336261831,S3-567552793
S1-443686677	S2-907517636,S2-415377423,S2-308426330,S2-486183238,S3-779836062,S3-486432964,S3-733566890
S1-28856401	S2-568644218,S3-937486729,S3-260571242
S1-846933646	S2-443089279,S2-66574247,S3-526291966,S3-782423078
S1-581463809	S2-590731155,S3-535282260,S3-871567196
S1-524183673	S3-307855898,S3-704028572
S1-599798530	S2-750825711,S3-763919559,S3-288631454
S1-301339923	S2-48407697,S3-818910118
S1-654416833	S2-785742540,S2-893286392,S2-631682294,S3-682031020
S1-80468133	S2-414366764,S3-437986451,S3-832719407
S1-121463661	S2-264752671,S3-314868406,S3-124023718
S1-657330723	S2-134470393,S3-851796217
S1-7049898	S2-906168363,S2-925203575,S2-941648193,S2-277663938,S2-23662870,S3-654582211,S3-392161948
S1-77809911	
S1-615180691	S3-227849745
S1-360135794	S2-741131156,S2-788574716
S1-773666037	S2-84623491,S2-762622974,S3-181623080,S3-705127951
S1-111695581	S2-35065682,S2-691318578,S2-674583914,S3-670467382,S3-813022395,S3-742783665,S3-553656694
S1-993942589	S3-688887442
S1-113729290	S2-61906532,S3-158676126
S1-33154822	S2-345759617,S2-55928403,S3-864604838,S3-210490492
S1-748437969	S2-36933100,S3-484461169,S3-119617628
S1-926634136	S3-168252879
S1-77553869	
S1-344214634	S3-561527389
S1-580605364	
S1-736739118	S2-836744918,S3-161435576,S3-766700341
S1-60019158	S2-439212245,S2-636824163,S3-310602967,S3-141620280,S3-283737882
S1-529627336	S2-467318269,S2-456509042,S2-608743250,S2-851655909,S3-513159736,S3-628766781
S1-749410612	S2-43057511,S2-460775376,S3-264717775
S1-108727901	
S1-943292769	S2-829600379
S1-636506165	S2-710093681,S3-931326875,S3-691530908,S3-442113192
S1-592330645	S2-695956387,S2-78906258,S3-255909977,S3-632948531
S1-685995224	S2-932724835,S3-278191694,S3-482694682
S1-82088110	S2-476520242,S3-533330744,S3-443390644,S3-227521270
S1-65658762	S2-147334208,S2-514283338,S3-193842429
S1-321058661	S2-221358694,S2-39832911,S3-398025713,S3-569716010,S3-700082120,S3-906982824
S1-275135699	S2-48419810,S3-31900788,S3-590133599
S1-675957239	S2-962762955,S3-161777946,S3-966678001
S1-1126165	S2-205135101,S2-214850444,S2-109030016,S2-191183592,S3-701160802
S1-829211222	
S1-739062004	S2-181263230,S2-777305317,S2-388751721,S3-852278780
S1-572369330	S2-909756177,S3-656033276,S3-160698344
S1-799181370	S2-701345675,S3-993499700,S3-657283804
S1-959272732	S2-186101057,S3-478306989,S3-907590313
S1-694292164	S2-869717029,S3-226357049,S3-202754784,S3-70410758
S1-810116880	S2-864221155,S2-969797784,S3-535602111
S1-169860964	S2-882372591,S3-95788264,S3-658132957
S1-547141058	S2-48051423,S3-331218862,S3-491548919
S1-91416530	S3-856238143,S3-542237442,S3-809283061
S1-113968826	S2-99099897,S2-370721678,S2-801303006,S3-373631637,S3-286876911,S3-653146379,S3-768318480
S1-799752443	S2-992194567,S3-285768687,S3-766907188
S1-110658877	S2-785495046
S1-722091774	S2-349844732,S3-822071271,S3-893191170,S3-29075353
S1-959883662	S2-123292026,S2-198671352,S2-702578345,S2-71870480,S3-543529570
S1-191810050	S2-589143589,S2-196842541,S3-11077847,S3-934458874,S3-167082763
S1-518852321	S2-350789195,S3-173884597,S3-351248378,S3-76874252
S1-442530149	S2-313324360,S3-147494627
S1-222832877	S2-404336087,S3-809243427,S3-131145658
S1-254055664	S2-474265825,S2-522562069,S3-195304763,S3-983891047
S1-505802308	S2-675573829,S2-537783367,S2-40127442,S2-135872149,S2-83350457,S3-498003837,S3-388513387
S1-206439171	S2-263479860,S3-754954752,S3-297790567,S3-21549691
S1-162642904	S2-959241327,S3-170818272
S1-248192844	S2-383856048,S3-13998672
S1-453488843	S2-990296475,S2-173914169,S3-655636652,S3-746427638,S3-766612790,S3-897937002
S1-134760113	S2-853788366,S2-611858894,S3-412707388,S3-120560816
S1-272165680	S2-380459674,S3-895948804,S3-97946974
S1-360607329	S2-519825892,S2-402845306,S3-181337365,S3-727281824
S1-157769243	S2-935946948,S3-172733392,S3-300449248
S1-323901036	S2-855011320,S2-641573647,S3-401438440
S1-193172649	S3-505013741,S3-974295886,S3-514662764,S3-593636584,S3-604127640
S1-979238117	S2-739521401,S3-207122962
S1-848718542	S2-243923672,S2-532111548,S2-537720320
S1-387609182	S2-894390634,S3-464668619,S3-376586321
S1-479770995	S2-363999720,S2-184215367,S2-758112627,S3-215945496,S3-888936562
S1-57273240	S2-522275212,S2-501229667,S3-60724041
S1-571720591	S2-776454269,S3-341957822,S3-796432377
S1-944242810	S2-530820318,S3-757810812,S3-370766523
S1-996196567	S2-64489164,S2-877422389,S2-18555602,S2-144760741,S3-941021301
S1-76563058	S3-670650895
S1-396099074	S2-876472334,S2-812975424,S3-135267786,S3-626518322,S3-901969969
S1-593218630	S2-877429116,S3-759247550,S3-88993171
S1-559793883	S2-129067057,S3-385466931,S3-1394775,S3-187399399
S1-855145932	S2-109786675,S3-680570391
S1-905711625	S2-84383539,S3-907818599,S3-772581870
S1-329263753	S2-365211009,S3-368153478,S3-876017885,S3-182437792
S1-847608326	S2-275957952,S2-695793654,S3-291801983,S3-229573510,S3-139517213
S1-918763607	S2-377035406,S2-343920432,S3-450807946
S1-319730953	S2-873324194,S3-366062638,S3-668244162
S1-414259105	S2-135350474,S3-488715007,S3-150109745,S3-55661043
S1-497396964	S2-630135027,S2-330044089,S2-824183041
S1-321685335	S2-68001708,S2-179099217,S3-77024133,S3-297964216
S1-155885489	S2-19577739,S2-474347321,S3-546092850,S3-361875905
S1-405285630	S2-588617725,S3-555717659
S1-307907516	S2-170061693,S2-55107867,S3-742908979
S1-145484728	S2-345981520,S2-763049494,S3-748144656,S3-280688134
S1-328418884	S2-37361589,S3-65688275,S3-746661078
S1-786928440	S2-229767182,S3-375796608
S1-881107349	S3-38649818,S3-464150676,S3-258247296
S1-804123234	S2-809075845,S2-482032070,S3-102006273
S1-370371529	S2-112035230,S3-413941235,S3-123244074,S3-989340688
S1-751382227	S2-415574947,S2-821935735,S3-152684883,S3-967692551,S3-313594398,S3-406334715
S1-551515321	S3-871894935,S3-171854026,S3-629944703
S1-931592939	S2-359503575,S3-382959904
S1-742902547	S3-348571524
S1-685852691	S2-153931134,S2-309747422,S3-702266556,S3-569117445,S3-652334882
S1-732794023	S2-593825878,S3-537292782,S3-810201206,S3-883665005
S1-599236741	
S1-989810366	S2-210450738,S2-154550209,S2-421952882,S2-461005076,S2-395288783,S3-982720377,S3-895416875,S3-149808342
S1-917679431	S2-972841565,S3-151306421
S1-79856980	S3-744298257,S3-511888395
S1-767332886	S2-672506393,S2-902961523,S3-87789884,S3-958282244,S3-832864801,S3-382492184
S1-892429424	S2-69529487,S3-311667742,S3-593458133
S1-337736591	S2-921932231,S3-875401265,S3-144669678
S1-827476202	S2-687798576,S2-516395355,S2-260882881,S3-514793688
S1-349456940	S2-599326647,S2-647100305,S3-273026440,S3-103884903
S1-15875172	S2-118887794,S2-345092124,S3-131346796,S3-774938050
S1-943422442	S2-865402654,S2-456597440,S3-34301296,S3-760612691,S3-359119991
S1-4754203	S2-80566218,S3-850644883,S3-378686053
S1-645307597	S2-459936714,S2-587627147,S3-910549766
S1-901470399	S2-889247415,S3-482300069
S1-849726438	S2-594375317,S2-560980622,S2-713938730,S3-367807282,S3-506651462
S1-226096383	S2-313136625,S3-463066971
S1-649290826	S2-889590405,S3-901172189,S3-353843861
S1-291280879	S2-142477448,S3-890979959,S3-777038472,S3-435515690
S1-735415728	S2-409929288,S2-413861792,S2-299355064,S3-163668779,S3-182771684
S1-963096726	S2-941679283,S3-924702298,S3-957867193
S1-75170155	S2-508945110,S3-601098501,S3-282386501
S1-211929933	S2-838074588,S3-765631525,S3-737191390
S1-622313076	S2-169744837,S2-399178558
S1-748712182	S2-754078653,S2-367419010,S3-207010143,S3-828562202
S1-535546536	S2-415394529,S2-608234517,S3-123396862,S3-301270245
S1-391444087	S2-910511650,S3-22894696
S1-418710770	S3-607275213
S1-42731819	S2-685626820,S2-928795946,S3-764480862,S3-676028320,S3-90051459,S3-905943898
S1-155025322	S2-720124786,S2-550739373,S3-725722380,S3-433685986
S1-387790340	S2-959931367,S2-470167469
S1-917420056	S2-629255745,S3-66871542,S3-538273537,S3-695740222
S1-838840039	S2-549083149,S2-749017865,S2-904499170,S3-852944549,S3-406868221,S3-626180283
S1-606628744	S2-310907975,S2-986595928,S3-37660094,S3-686835528
S1-697437063	S2-761489524,S2-459114517,S2-544795492,S2-38101072,S2-397410965,S3-624402785,S3-499863054
S1-248285580	S2-456397028,S3-544562149,S3-696092420,S3-504116421
S1-913142615	S2-562360680,S2-134784500,S3-887658883,S3-727295585
S1-287921645	S2-27014745,S3-379893958,S3-114481874
S1-322571285	S2-927148075,S3-695487905,S3-304294964
S1-376799699	S2-504026195,S2-876191742,S2-531886560,S3-560097448
S1-72754502	S2-355785172,S3-384357036
S1-481833318	S2-951314277,S3-593078734
S1-406394082	S2-433001755,S2-810495246,S3-101653855,S3-817561731,S3-12712690,S3-758521284
S1-163627474	
S1-612395447	S2-136401010,S3-699268943,S3-17937915
S1-949385470	S2-944404918,S2-723471848,S3-548721680
S1-228184372	S2-216146787,S2-885392846,S3-901679659
S1-513160974	S2-198729874,S3-425174339,S3-789634223
S1-297623643	S2-302024335,S2-520774740
S1-68716390	S3-755541517
S1-462577649	S2-691734613,S2-952005521,S3-198511757,S3-416102272,S3-78259850,S3-633666781
S1-115670287	S2-367393883,S2-391847143,S3-999952247
S1-905704570	S2-206585075,S3-714214072,S3-920808703,S3-983530960
S1-782787975	S2-935187299,S3-361341888
S1-822968781	S2-467506855,S2-948959881,S2-972291784,S3-754013289
S1-984488098	S3-1981348,S3-586406109
S1-647740856	S2-924057177,S2-759723361,S2-513700745,S3-337092845,S3-881829136
S1-665801538	S2-453380822,S3-140030181
S1-409901584	S2-300058710,S2-72414921,S3-190150796,S3-346188173
S1-950521576	S2-863830252,S2-243286727,S3-384027285,S3-73978833,S3-594574240,S3-533607015
S1-986688783	S2-279684879,S3-905085566,S3-866405092
S1-805756498	S2-849834569,S2-230843398,S3-395019476,S3-558145212,S3-902058859
S1-899742231	S2-805966568,S2-422074650,S2-212693682,S3-725376906,S3-838756888,S3-968245749
S1-952506745	S2-830855788,S2-328063881,S3-999774797
S1-938475744	S2-67344394,S2-475504026,S3-666019653
S1-984157825	S2-144774081,S2-543720633,S3-244004093
S1-380006556	
S1-791451147	S2-841119001,S2-649384751,S2-397619252,S2-111672251,S2-806468917,S3-660450728
S1-654284847	S2-398264886,S2-688554862,S2-544678044
S1-873237234	S2-240056315,S2-676941299,S3-887285047,S3-338571639
S1-722920397	S2-782407522,S2-595927604,S3-530637347,S3-242838010
S1-436448287	S2-359400907,S3-830106421,S3-936346466,S3-719200719
S1-540493381	S2-964918520,S2-945402909,S3-464017271
S1-446650359	S2-323022635,S2-531831572,S3-716625278,S3-996739820,S3-100752202,S3-196657602
S1-375953557	S2-929304628,S2-366397474,S2-363554722,S3-176223309,S3-522140722
S1-892869955	S2-754170762,S2-960820940,S2-553483725,S3-272252524,S3-611068325,S3-709800305
S1-699463834	S2-269624307,S2-220422604,S3-32965057,S3-711244842
S1-151449172	S2-34047210,S2-539591202,S3-562448462,S3-267579744,S3-498756732
S1-402353170	
S1-647891068	S2-45112939,S3-857983021,S3-911364646,S3-416635367,S3-300585084
S1-455042975	S2-132237443,S3-992786939
S1-478584685	S2-104900156,S3-732409748
S1-100495818	S2-534767699,S3-333131341
S1-586278475	S2-761182311,S2-93769319,S2-507122982
S1-5667429	S2-93436715,S2-700252156,S2-213686018,S2-658986989,S3-327511839,S3-270917872
S1-551547655	S2-626992145,S3-661380222
S1-655913594	S3-559234410,S3-74666839,S3-408614459
S1-672740436	S2-298127464,S3-497094575
S1-851057321	S2-274839809,S3-140793292
S1-688972969	S2-831993179,S2-830005987,S3-350023976
S1-899518669	S2-368180359,S2-182654717,S2-645879022,S3-495870640,S3-667546793,S3-722126108,S3-958935645
S1-406756654	S2-486849950,S2-313016337,S2-276094332,S2-209439779,S3-774059672,S3-372530613
S1-540661299	S2-737086921,S3-861721271
S1-110324212	S2-581874587,S2-806949751,S2-242600808,S2-104352908,S2-897853991,S3-616825566
S1-885020661	S2-924713546,S3-300526127,S3-506130278,S3-423625490
S1-160486247	S2-502946548,S2-100881021,S3-114720812,S3-458952960
S1-533485725	S2-610526997,S2-774225967,S3-806628786,S3-192169815
S1-568482537	S2-149436210
S1-864917609	S2-487742598,S2-957132640,S3-971024714,S3-499807873
S1-925093704	S2-377939744,S2-902543410,S2-68689055,S3-640890149,S3-199457003,S3-960000123
S1-261964710	S3-201822663,S3-949242234,S3-534699236
S1-978324431	S2-834706020,S3-588436980,S3-189471915,S3-737288051
S1-995615951	S2-749970853,S2-296319036,S3-735098910,S3-357550506
S1-845548340	S2-67570281,S2-335674298,S3-378968188
S1-458135811	S2-108199452,S2-153123276,S3-182383327
S1-427446727	S2-102566065,S3-542684314
S1-346873620	S2-731399290,S3-957507610,S3-525785164,S3-972578342
S1-91759195	S2-648643930,S3-64439145,S3-763031413
S1-612213609	S2-132219995,S2-10137251,S2-281459530,S3-542348510,S3-498524626
S1-779834233	S2-105506387,S3-667789073,S3-98017277,S3-247107956
S1-798871093	S2-562560659,S3-401703013,S3-628847506,S3-177866776
S1-193591587	S2-387287577,S3-320456156
S1-478572633	S2-697276296,S2-416743484,S3-793146976,S3-907702702
S1-967774560	S2-887302822,S2-363242159,S3-177362321
S1-320182292	S2-630072645,S2-224833729,S3-678664304
S1-860199772	S2-612471147,S2-841550233,S3-183522008,S3-655520271,S3-73228311,S3-819907052
S1-440156234	S2-100816179,S3-724673999
S1-788368026	S2-166982602,S2-333393263,S2-27426709,S3-241414955,S3-341117291,S3-982970185
S1-419932068	S2-707919744,S2-863632350,S3-26168695,S3-288460812
S1-279340123	S2-632093522,S2-1466209,S3-623244446
S1-378978603	S2-319300693,S3-948532405,S3-921016187
S1-723820722	S2-483724315
S1-855006367	S2-517448330,S3-816804077
S1-924984184	S2-752181841,S2-789099520,S3-346466973
S1-165791673	S2-330493012,S3-465526347,S3-844995717,S3-949947406
S1-9281157	S2-930039126,S2-748696793,S3-607788125,S3-247587116
S1-946063720	S3-444414305,S3-807140218
S1-298717047	S2-28634341,S2-791397006,S3-119896426
S1-920569723	S2-506044392,S2-68790580,S3-840281286,S3-253825292,S3-88817890,S3-138811917
S1-50367102	S2-623636544,S2-753416471,S2-198598381,S3-421355936
S1-262310587	S2-815371176,S2-372488953,S3-398286107
S1-577033742	S2-127478807,S2-737691298,S2-382865104,S3-505216825,S3-964566505
S1-22975515	S2-539969346,S3-123501112,S3-706414061,S3-926761761,S3-762454632,S3-974023691
S1-174883408	S2-891254564,S2-920198142,S2-63335765
S1-303122905	S2-274843728,S3-248955607,S3-546690735,S3-994366238
S1-238318582	S2-53804006,S3-746374526,S3-549388990
S1-949717924	S2-867719144,S2-546481790,S3-803211572,S3-293641908,S3-92084957
S1-210660099	S2-37300021,S3-640296603,S3-640141680
S1-5638837	S2-348666064,S2-687218193,S3-843611674,S3-310416189
S1-839709439	S2-261981659
S1-181833358	S2-167775697,S2-835925671,S3-250260966,S3-495304006,S3-679861082
S1-492430109	S2-171332776,S2-386882743,S3-557319585,S3-686118696
S1-981870957	S2-197621359,S2-617042472,S2-635701516,S3-60640824
S1-648750253	S2-125167715,S3-716429426,S3-543607706
S1-714291838	S2-13091020,S2-396614303,S2-247879663,S3-729669833,S3-281487737
S1-665326577	S2-413386268,S2-879738141,S2-818754295,S2-427653644,S3-407806455,S3-952816442
S1-826266360	S2-345022443,S3-872697313,S3-867347533,S3-208082484
S1-271842017	S2-626639155,S2-755786243,S3-401742213,S3-929986613
S1-57305500	S2-131375118,S2-774292562,S2-836774475,S3-356123001,S3-708530936,S3-372910857,S3-753807950
S1-251987343	S2-342434734,S2-763715433,S3-489107246,S3-74420730
S1-397469663	S2-599425538,S2-41329682,S3-586990822,S3-396115973,S3-164849227,S3-241979555,S3-181379412
S1-167687929	S2-836537046
S1-689284365	S2-833441246,S2-189591183,S2-890078234,S3-612817197
S1-388882046	S2-203884089,S2-717017556
S1-716997835	S2-221395037,S3-53953456,S3-906383103,S3-456868153
S1-695834379	S2-126147233,S2-751927301,S3-155522745,S3-476205105
S1-828964496	S2-258747997,S2-916936507,S2-943678820,S2-637052468,S3-709653815
S1-128434434	S2-332582798,S2-172459877,S2-766286097,S3-264051270
S1-799159530	S2-994178470,S2-801154133,S3-90678064
S1-310661818	S2-54075739,S2-64854914,S3-551449829
S1-619390023	S2-444387832,S2-929027457
S1-371357595	S2-207210946,S2-932159313,S3-563231390,S3-817254967
S1-58978570	S2-845200030,S2-992307537,S3-204443836,S3-436171754
S1-61269133	S2-480138160,S2-801929639,S2-133664622,S3-317626676
S1-444452179	S2-579171614,S3-37157622
S1-960384533	S3-107306828
S1-766131267	S2-476733161,S2-894727037,S3-277568110,S3-43546662
S1-911343574	S2-169860451,S3-333516132,S3-158531686
S1-296024885	S2-813103076,S2-887569826,S2-915445880,S3-785708486
S1-919733927	S2-625311119,S3-836612652,S3-923466299
S1-121984879	S2-341662224,S3-807467718,S3-258647389
S1-539402741	S2-52258215,S2-908862319,S2-51037894,S3-772829547,S3-465838051,S3-622543084
S1-91569531	S2-664138371,S3-678395293,S3-642057359
S1-625885747	S2-821405807,S3-633366618
S1-560028216	S2-657417995,S2-387221165,S3-672371593
S1-239127771	S2-61946997,S2-34579963,S3-676483579,S3-502431606
S1-444327047	
S1-490077805	S2-833693114,S2-289138300,S2-407836655,S3-351611047,S3-867360654
S1-285944739	S2-3003596,S2-652880645,S2-458734752,S3-652401000,S3-758669450,S3-179728285,S3-791650249
S1-900827697	S2-69037794,S2-961082419,S3-390104687,S3-80190119
S1-312456683	S2-714131133,S2-944254796,S2-190070280,S3-390610309
S1-536526812	S2-623900421,S3-51336111
S1-887760474	S2-77060791,S2-604967925
S1-287309841	S2-9284696,S3-318637983
S1-353387179	S3-795025857,S3-727289260
S1-674903153	S3-385106006
S1-53799897	S2-124339462,S2-926130838,S3-544013851,S3-518277977
S1-429001061	S2-609794542,S3-332288480
S1-71455933	S2-136740606,S3-554828666
S1-290536038	S2-398757960,S3-660798358,S3-705384395,S3-711205714
S1-256336359	S2-46380009,S3-559753283,S3-841666929
S1-352585112	S2-883236574,S3-287094213,S3-352968834,S3-288092598
S1-67482280	S2-629754657,S2-99374569,S2-540204592,S3-118757132
S1-692924384	S2-772412916
S1-672447571	S2-982205149,S2-650126951,S2-618290250,S3-662189199,S3-512294318
S1-959243207	S2-645937266,S2-924288586,S3-759996683
S1-622916732	S2-225155007,S3-730188368,S3-602291959,S3-60998766,S3-768904254
S1-992173620	S2-257423363,S3-569563685
S1-418018959	S2-125629992,S2-796750257,S2-977394272,S2-591428218,S2-5716638,S3-252711467,S3-476981154,S3-105797499
S1-216442881	S2-65513765,S2-579771523,S3-531051857,S3-559134904,S3-781161981,S3-589644869
S1-552700247	S2-438023458,S3-945665595,S3-410818163,S3-267355207
S1-348817267	S2-69016978
S1-273764547	S2-960275536,S3-245576986,S3-757625392
S1-313583479	S2-172253874,S2-595366248
S1-269104115	S2-706993419,S3-966443171,S3-289767522
S1-520992010	S2-222348046,S2-94471791,S3-5362232
S1-312574418	S2-555489985,S3-705016880,S3-21132317,S3-162485645,S3-933220502
S1-204781938	S2-463204051,S2-559305408,S2-442621506
S1-991887020	S2-518872927,S3-552271346,S3-274393652
S1-183245708	S2-345828511,S3-605428184
S1-450306787	S2-320332894,S3-366282340,S3-879847220,S3-78221038,S3-801717290
S1-485925674	S2-632813514,S2-187703077,S2-608541269,S3-917379308,S3-930014123,S3-7414360
S1-299347415	S2-965962266,S3-786821944,S3-907951312
S1-276133052	S2-35567193,S2-827270466,S3-543125089,S3-303086841
S1-997416318	S3-197655380
S1-330168717	S2-430699458,S2-860000696,S3-326444609
S1-193001239	
S1-348983883	
S1-361940798	S2-334566466,S2-36329257,S2-209003669,S3-217720129
S1-724607229	S2-160367457,S3-993674244
S1-395998775	S2-25451991,S2-651542696,S2-575137998,S3-959320756,S3-334050714,S3-697913860
S1-893537761	S2-713629364,S2-272790046,S3-994623092
S1-197505945	S2-192612487,S3-442383000,S3-264324113
S1-805995288	S2-42767888,S3-819217526
S1-943343562	
S1-47648168	S2-941751995,S3-959086308
S1-820791796	S2-133133313,S3-107430633,S3-431155630
S1-928458382	S2-958085082,S2-119323698,S3-16860601,S3-954291751
S1-461499514	S2-541774209,S3-543267317,S3-616734493
S1-473369856	S2-659865450,S3-990605762
S1-751557713	S2-716955105,S2-741669650,S3-243540314
S1-194857716	
S1-86824178	S2-41453707,S2-658281465,S2-720902973,S2-835927543,S3-85271234,S3-580788472,S3-876884819
S1-510891413	S2-924066160,S2-356594440,S3-249826052
S1-477310936	S3-531697842,S3-131054276
S1-11764737	S2-418061150,S2-963036006,S2-627834656,S3-116151269
S1-683924246	S2-600539072,S3-370823735,S3-502997887
S1-694303652	S2-370361627,S3-936400310
S1-107842181	S2-497347826,S3-450155039
S1-930866271	
S1-1293045	S3-619202012
S1-648525466	S3-458836471
S1-100863147	S2-562221440,S3-361287279
S1-547224161	S2-627366471,S2-253914990,S3-270233767
S1-116379843	S2-61260950,S2-332294214,S3-498663247,S3-463486720
S1-650596950	S2-447783840,S3-801601860,S3-925386835
S1-508945	S2-845981766,S2-157761896,S3-599407880
S1-508787494	S2-180180870,S2-702055233,S3-776815473,S3-560301099,S3-33002147
S1-4795869	S3-406473403
S1-112862306	S3-234318506,S3-668742663,S3-226478954
S1-246184735	S2-577466444,S3-325363328,S3-174367603
S1-797353825	S2-53113271,S3-870654073,S3-89181028,S3-160079453
S1-173245679	S2-709981790,S3-117506287,S3-444049586
S1-731105117	S2-591812225,S2-36488304,S3-326791718
S1-388764493	S2-54325054,S2-187622862,S2-965397927,S3-886730199,S3-708369895,S3-689137208,S3-694086430,S3-664380926
S1-477410688	S2-177141468,S2-481170155,S2-587288832,S3-782419684
S1-747552473	
S1-381423102	S2-893048055,S2-257992460,S2-547079033,S2-979096901,S2-695275271,S3-270397120,S3-283354259
S1-849125290	S2-555468560,S3-688594725
S1-177568738	S2-585557741,S3-835794655
S1-747392821	S2-318006444,S2-842836745,S3-773146686
S1-381100503	S2-167525095,S2-558524160,S2-217712025,S3-369806707,S3-218458290
S1-669567314	S2-862878422,S3-468503718,S3-76006626,S3-296177512
S1-893208778	S2-862520570,S3-522984241,S3-498093730,S3-451067727
S1-524176416	
S1-785092848	S2-120987974,S2-806696026,S3-811063841,S3-978728755
S1-652872964	S2-401560378,S2-265438276,S2-151018398,S2-499343805,S3-35873881,S3-28586987
S1-670085855	S2-212191215,S3-425111382
S1-338232407	S2-351560184,S2-52433956,S3-630964099,S3-836241515,S3-779162165
S1-876165158	S2-832662610,S2-21166443,S3-793360200
S1-220052593	S2-677021064,S2-872565798,S2-607564933,S3-936712627
S1-207321264	S2-463020180,S2-674968361
S1-80549056	S2-487079870,S2-30628665,S3-517366528,S3-404622038,S3-145272283
S1-215665677	S2-796268584,S2-349420228,S3-512968104,S3-946319563,S3-860812594
S1-556663015	S2-849906469,S2-187394856,S2-196246926
S1-980783824	S2-455306622,S3-83368269,S3-490502705
S1-242922247	S2-266391946,S3-349500874
S1-481807030	S2-725984230,S3-178562767
S1-584706101	S2-937416894,S3-205276941,S3-429550658,S3-60719134
S1-627727600	S2-213210927,S3-734633936,S3-993457547
S1-803109141	S2-701891180,S2-88820352,S2-844767937,S3-694728290,S3-355005855
S1-597465251	S2-111671571,S3-324857962,S3-64877881,S3-375860552
S1-819697486	S2-2384873,S3-724694513,S3-497368066
S1-642992203	S2-941487796,S3-466401491,S3-411071764,S3-17321385
S1-529012333	S2-892168406,S2-869054545,S3-742164796,S3-853531321,S3-381722462
S1-59061672	S2-506783725,S2-375770225,S3-99077341,S3-767949961,S3-932943381
S1-208628123	S2-844097649,S2-211739860,S3-632823243
S1-909294233	
S1-927476435	S2-683559872,S2-924692311,S3-172669171
S1-243167045	S2-800264573,S3-414253319
S1-696052706	S2-291777964,S3-46945493,S3-728616313
S1-11242867	S2-334329866,S2-343453711,S3-120084871,S3-191969632,S3-443411124
S1-462075103	S2-628223368,S2-117689902,S3-318738382
S1-10007793	S2-649235758,S2-800399307,S2-928830887,S2-573419742,S3-306789654
S1-581844464	S2-422093395,S2-365904629,S3-174120620,S3-981614837,S3-6354186
S1-698972651	S2-724184423,S2-689597476,S3-512266066
S1-130835430	S2-360898439,S2-387391235,S3-777826987,S3-92754191
S1-525317633	S2-280799730,S2-351574837,S2-731478366,S2-420430689,S3-456045355,S3-251657630,S3-652379924
S1-331676203	S2-427446749
S1-755639164	S2-743662029,S3-309629451,S3-921030272,S3-138203511
S1-733559616	S2-114810339,S2-140367881,S2-100325825,S3-859889414,S3-845235615,S3-304731411
S1-254731440	S2-287218725,S2-585216543
S1-596520016	S2-856428142,S3-551099592,S3-993471438
S1-942810597	S2-717856499,S2-733792133,S3-563574259,S3-154673532
S1-817085338	S2-362422237
S1-440376836	S2-479544435,S3-401624978,S3-364858996,S3-359082390
S1-670595942	S2-917698035,S2-321632581,S3-108661380,S3-678788683
S1-387007971	S2-186677238,S2-407686016,S2-99136836,S3-581984138
S1-529187518	S2-916269542,S3-271898232,S3-346361585
S1-742739961	S2-609447828,S2-753303242,S2-97498417,S2-686785056
S1-593438474	S2-862463607,S2-305245671,S2-766172548,S3-778443950,S3-774438883
S1-506638565	S2-142127471,S2-50972779
S1-823741411	S2-681052775,S2-640908676,S2-108305801,S3-556097535
S1-379678102	S2-14121486,S2-264602129,S3-670562561,S3-313202655
S1-527551324	S2-453970518,S2-53878080,S3-867174572
S1-140197654	S2-769200446,S2-76014254,S2-482636579,S3-963533055,S3-262748713
S1-50051473	
S1-74852921	S2-684214048,S3-737137322
S1-536301334	S2-822429246,S3-264738907
S1-220012263	S2-479615868,S2-427250216,S3-509221397,S3-863086524
S1-611727983	
S1-293674009	S2-746877423,S2-31711256,S3-772577534,S3-212353836
S1-5289414	S3-291040171,S3-608818760
S1-507674170	S2-717439453,S3-499559890,S3-529311079,S3-256956382
S1-784832876	S2-275190851,S2-962596992,S2-833787156,S2-436044636,S3-822894371,S3-588763736,S3-873083612
S1-418063382	S2-644947228,S2-537144080,S2-279747332,S3-536182206
S1-745139768	S2-600796529,S2-282708227,S3-249114896
S1-897345843	S2-82009379,S3-19390818
S1-430796393	S2-204748032,S3-499390397,S3-60378783,S3-803549183,S3-776956127
S1-313687253	S2-140721459,S2-877910590,S3-792138904
S1-698319799	S2-377030089,S2-624377539,S3-669528719
S1-435543137	S3-255747629
S1-464700680	S2-868586900,S2-847915218,S3-978037227,S3-329053574,S3-45944720
S1-450358855	S2-308550268,S2-167390278,S3-677117684,S3-568172512,S3-901077469
S1-793887817	S2-610231376,S2-389471025,S3-976709609,S3-218980460,S3-794978106
S1-630445046	S2-908920671,S2-850485820,S2-365640001,S3-366451474,S3-42956871
S1-183779873	S3-630969148,S3-314194928,S3-435849924
S1-874714304	S2-932072759,S2-294676347,S2-242577164,S3-733412269
S1-924150326	S2-144390105,S3-595855342,S3-312900556
S1-526438455	S2-808659798,S2-922042846,S3-150002212,S3-199611516,S3-172818654
S1-983624422	S2-160449359,S3-282800284
S1-558763665	S2-207614621
S1-983293517	S2-954308430,S3-314785968,S3-406806571
S1-342049151	
S1-441753808	S2-433938984,S2-915027705,S3-739409331,S3-699141279,S3-957698355,S3-35519213
S1-522246199	S2-475395288,S3-75605818,S3-511440644,S3-71084414
S1-903198794	S2-373998678,S2-246950860,S2-204013146,S2-281844715,S3-22627834,S3-16929037
S1-823550847	S2-293956411
S1-419257233	S3-389581905
S1-636155616	S2-487681181,S3-304265393,S3-795600751,S3-454681794,S3-501064012
S1-362882017	S2-600497409,S2-710834471,S3-958239505,S3-987419557,S3-925572439,S3-674152800
S1-829942815	S2-923423344,S2-945584761,S3-534121717
S1-751935105	S2-309615148,S2-721982848,S2-50488413,S2-178364993,S3-654445097,S3-682935010,S3-334677842,S3-311231437
S1-500484612	S2-224988311,S3-816282740,S3-254930524
S1-816776572	
S1-898647610	S3-480516001,S3-515000405,S3-989499882
S1-224511070	S2-546376900,S2-509501259,S3-16643878,S3-365231987
S1-409463978	S2-525654126,S3-462811857,S3-545313991
S1-879449265	
S1-36744115	
S1-294079950	S2-927793321
S1-354992173	S2-62106179,S3-662353584
S1-211616414	S2-537594392,S2-635331826,S3-968495590
S1-873353947	S2-771298353,S2-943018889,S3-51277587,S3-269673064,S3-987953203
S1-29880047	S2-512569908,S3-14527076
S1-774191592	S2-172155513,S2-67109871
S1-404494991	S2-680495381,S2-46391568,S2-996804842,S2-715188568,S3-800289623
S1-601699187	S2-57525265,S2-149223099,S2-633026021,S3-551208750,S3-696432201,S3-66889910
S1-249796844	S2-405272166,S2-280009239,S2-850017089,S3-889861640,S3-939910083
S1-857641297	S3-565972417,S3-670892590,S3-866099064
S1-206377114	S2-154729889,S2-492818310,S2-839221993,S3-571714992,S3-311278786
S1-873216933	S2-657081464,S3-699053968,S3-111279505,S3-581819424,S3-638557,S3-156095914
S1-858808112	S2-48381781,S2-282546694,S2-105987335,S2-595439972
S1-968726233	S2-223128564,S2-481719154,S3-919982251,S3-271719961
S1-882860885	S2-482132682,S3-142629781
S1-998752664	S2-837168907,S3-501391936,S3-4744694
S1-354376822	S2-547040519,S2-242648667,S2-998764761,S3-278674549,S3-40373995,S3-803240920
S1-893682153	S2-266960969,S2-874521811
S1-399761046	S2-19217714,S3-860957621,S3-365988938,S3-546755630
S1-288560711	S2-850245102,S3-883346582
S1-154844790	S2-50219793,S2-275332781,S3-169963812,S3-277256478
S1-726994180	S2-109542256,S2-980819594
S1-562033379	S2-549648579,S2-331154725,S3-682326067,S3-124241642,S3-391393073
S1-69604544	S2-932878890,S2-461134745,S3-874108285,S3-658842250,S3-54390065,S3-500159773
S1-30769409	S2-993399703,S2-428602262,S3-88662842,S3-234959511,S3-363146401
S1-777398041	S2-44704120,S3-794228985,S3-824001034
S1-197723853	S2-937991087,S3-238142457,S3-733339551
S1-908631650	S3-662778211,S3-613614104,S3-766231453,S3-41945104,S3-698706415
S1-471338762	S2-618641345,S2-867758389
S1-477299231	S3-37296208
S1-168025113	S3-742685136
S1-288486765	S2-539122246,S3-635486693,S3-427885725
S1-574585973	S2-117111824
S1-877018154	S3-114698800
S1-84339148	S2-494474833,S2-884137525,S3-781991408,S3-513165226,S3-251335682
S1-132921580	S2-927315589,S3-403456488,S3-423356621
S1-103985440	S2-608002728,S2-22938550,S2-548205844,S3-333337173
S1-675860264	S2-585805207,S2-590929984,S2-103841049,S2-724745563,S3-868233706,S3-335033198,S3-461333177
S1-416298906	S2-610509762,S2-651842792,S2-415974752,S3-203080524,S3-763341170
S1-363794269	S2-824679254,S2-365572475,S3-555662922,S3-261322315,S3-461064277
S1-664968426	S2-253021050,S2-760363361,S3-278315161
S1-438847553	S2-777524368,S2-853619356,S2-216766202,S2-761234043,S2-680086294,S3-25637915,S3-668628388,S3-607329657,S3-833823478
S1-826713090	S2-474476917,S2-303043488,S2-560759132,S3-320940244,S3-356531192,S3-930438144
S1-537519343	S2-736877318,S2-796802476,S2-326669797,S2-916222808,S3-73720024,S3-112050833
S1-244171897	S2-407968266,S3-995529910,S3-391614498,S3-946844207,S3-719510301
S1-257343619	S2-935590254,S2-33211705,S3-604841871,S3-344535187
S1-645356648	S2-601426625,S2-249069180,S2-275576800,S3-63531783
S1-577031083	S2-400421058,S2-176434426,S3-628862764,S3-676433471,S3-716680230
S1-697619977	S2-762294850,S2-256861981,S2-553948392,S3-988592035
S1-296846353	S2-414599853,S2-715710929,S2-682001387,S2-362118560,S3-20860435,S3-37613476
S1-284115450	S2-514193392,S3-643142252,S3-521425508
S1-157194945	S3-300727874,S3-717616460
S1-315544608	S2-819687217,S2-144709526
S1-647765168	S2-514140853,S2-265566558,S3-54414239
S1-723217767	
S1-638745511	S2-402250779,S2-656141340,S3-690219163
S1-712650550	S2-407855621,S3-357547607,S3-786489254
S1-345386676	S2-372930386,S2-71311612,S2-206794291,S3-400157771,S3-327441900
S1-314177874	S2-468359617,S2-419088291,S3-763628148
S1-923979570	
S1-852611582	S3-156286404,S3-594645594
S1-52948623	
S1-25780470	S2-298237607
S1-463978067	S2-554411370,S3-459894158,S3-121657932
S1-976206712	S2-612269523,S2-240550422,S2-347356547,S3-155866716,S3-981793327
S1-340501453	S2-227198356,S2-138021950,S2-940319386,S3-510164984
S1-470048690	S2-519714571,S2-856490240
S1-171669476	S2-619764544,S2-686563870,S3-822002209
S1-684668609	S2-769567108,S3-628132958,S3-193715053,S3-308073626
S1-631807162	S2-945563594,S2-140834474,S3-366053628,S3-485650761
S1-491995680	S2-366642610,S3-128867388,S3-224822121
S1-45948270	S2-597614345,S3-912657113
S1-795840609	S2-38292166,S2-377772455,S2-974648275,S3-743744083,S3-176137407,S3-926198763
S1-613370855	S2-548766428,S3-235062310
S1-981424649	S2-738680370,S3-732637854,S3-877398659,S3-744436501
S1-613862145	S2-759126371,S2-393160278,S3-470920872
S1-969804877	S2-127596628,S2-603854506,S2-505001287,S3-586151212
S1-193497915	S2-315779133,S3-266346136,S3-927630061
S1-389075572	S2-156246102,S3-932755746
S1-55816187	S2-31855544,S3-966197466,S3-350880847,S3-940872198
S1-545998078	S2-177294008,S3-188617429,S3-998836273,S3-311883922
S1-13994532	S2-759424577,S2-345442538,S3-98382805,S3-696317365,S3-95030929
S1-97891427	S2-883793322,S3-961893658,S3-607074447
S1-124537839	S2-741503104,S2-488317325,S2-320411308,S3-80959624,S3-657548963
S1-206340700	S2-721428025,S3-536707970,S3-676133637,S3-595407067
S1-797029408	S2-762491292,S2-270396827,S3-792910480,S3-456637010
S1-648808673	S2-52025063,S2-601071603,S3-682127745,S3-608146635
S1-36394880	S2-494629476,S3-605548109
S1-485050582	S2-798021665,S3-102363154,S3-476440007
S1-242785682	S2-270975867,S2-997507194,S3-79959356
S1-793929186	S2-905040201,S3-377519907
S1-462546182	S3-693898840
S1-70057034	S2-961035113,S2-459149077,S3-807735821,S3-663905681
S1-521327356	S2-402212154,S2-134150530,S3-157994544,S3-489385789
S1-212535287	S2-372735542
S1-583553846	S2-127942296,S2-446401252,S3-778497835,S3-989897447,S3-301804919,S3-569720938
S1-114508852	S2-34084714,S3-260857145
S1-37727730	S2-454350406,S2-417752103
S1-153933155	S2-63649468,S2-157444111,S2-638534550,S2-600350724,S2-770985860,S3-73843204,S3-972667672
S1-706210642	S2-465809746,S2-596852786,S2-188256676,S2-200388463,S3-483076654,S3-43322297
S1-818713857	S2-323334209,S3-67283991,S3-409721685,S3-978480263
S1-939097579	S2-27443009
S1-818383425	S2-657925210,S2-268892975,S2-759954850,S2-522662007,S3-448149984,S3-792020082,S3-837212135
S1-128125462	S2-539975404,S3-167993885,S3-916470487
S1-85264354	S2-352713527,S2-477821299,S2-296991920,S3-730895619
S1-196331683	S2-279260938,S2-746984069,S2-713234396,S3-144499251
S1-599001378	
S1-987774799	
S1-364031610	
S1-430811840	S2-195264772,S2-196026017,S2-702173152,S2-755533124,S3-949128242,S3-338148936
S1-84382225	S2-528192000,S2-563892275,S3-517742467
S1-650710207	S2-57676509,S2-159066538,S2-814452803,S3-167064822,S3-740454489,S3-699640379
S1-727234567	S2-4915757
S1-791619381	S2-604065042,S2-48556652,S2-46341410,S3-753098214
S1-410594688	
S1-739226518	S2-922146097,S2-777236924,S3-265500280,S3-709516448,S3-979963688
S1-459503024	S2-90782791,S3-124010770,S3-853831163,S3-275528818
S1-731482138	S2-224019519,S2-892036252,S3-480094324,S3-712141675,S3-873126456,S3-60304835,S3-464354383
S1-616698158	S2-501275420,S2-644752828,S3-775315894,S3-760574071
S1-453432746	S2-461603082,S3-881374662,S3-210007942
S1-765235386	S2-974245938,S2-780050080,S2-530977555,S2-999166703,S2-91149265,S3-530547708,S3-139315478,S3-253465500,S3-792739406,S3-78491172,S3-466429859
S1-829952199	
S1-82570603	S2-841928323,S3-456066542
S1-820156051	S2-868395293,S2-664239149,S2-226439542,S3-551033141,S3-334494472,S3-451681074
S1-189437725	S2-630469251,S2-648873373,S3-868878113,S3-793873575
S1-280382449	S3-529788441,S3-363843455,S3-301929039
S1-665341197	S2-632484173,S2-733468822,S3-635931423,S3-282705822
S1-760008950	S2-46981658,S2-414611717,S2-832549785,S2-671161403,S3-602246567
S1-605090541	S2-703482403,S3-617695064
S1-23416280	S2-170193098,S2-379079413,S2-843083893,S2-407341247,S3-224477340
S1-170243148	S2-108327460,S2-252799920,S3-219361526
S1-172478061	S2-418813802,S2-70126400,S3-37606073,S3-813691618,S3-922911454
S1-403227224	S2-820709282,S2-421271567,S2-413275222,S2-969067065,S2-388220379,S3-118600205,S3-573965440
S1-641738655	S2-610766093,S2-371347371,S3-756789918,S3-814155509
S1-488930642	S2-303277384,S2-353883055,S3-165215812,S3-632154815,S3-342273635,S3-477007074
S1-947938098	S2-332536645,S2-238287501,S3-395115699,S3-554612902
S1-347238655	S2-226336985,S2-544006950,S3-622358710,S3-139991261,S3-542147007
S1-877452008	S2-105422871
S1-295027269	S2-435046851,S2-83277604,S3-700558221
S1-66867958	S2-928954166,S2-154062209,S2-201390441,S2-638062132,S3-793621101
S1-911065414	S2-653251035,S2-811052784
S1-801472889	S2-19981155,S2-682381808,S2-878297471,S3-676066441
S1-929861249	S2-208947025,S2-729752840,S3-299927135
S1-977843153	S2-999800297,S3-201330396,S3-148267668
S1-355685907	S2-350098288,S2-979678502,S2-898349222,S3-97296127,S3-998473387,S3-560301687,S3-383014372
S1-812699729	S3-548374079
S1-325477176	S2-949496085,S3-206928174,S3-886534546
S1-391369705	S2-307630554,S3-508530664,S3-932954425
S1-109743582	S2-494397477,S3-75351989
S1-539491173	S2-524260613,S2-24909453
S1-246776677	S2-830540464,S3-689343497,S3-885160915
S1-398908407	
S1-985818974	S3-565102747,S3-511702523
S1-129526258	S2-26222642,S3-792146113,S3-826376574,S3-305083755
S1-282617110	
S1-132530284	S3-692854373
S1-140751625	S3-499853266,S3-256617812,S3-897983414
S1-452862580	S2-228042383,S3-143200452,S3-990654116,S3-951733485,S3-636486746
S1-678640823	S2-879896796,S2-404838345,S3-518672760
S1-481196929	S2-428782691,S3-903246855,S3-75019606
S1-352730933	S2-376985786,S3-188621155,S3-74067078,S3-488231763
S1-105272358	S2-146686510,S3-238807303,S3-590589738,S3-258892549
S1-654835820	S2-108160306,S2-473738460,S3-387705414,S3-724459314
S1-936172298	S2-4378278,S3-80440589,S3-328726482,S3-506663463,S3-741435677,S3-567528323
S1-873791523	S2-850899686,S3-311908096,S3-799116696
S1-188155897	
S1-478346803	S2-387326328,S2-218059876,S3-32491690,S3-813170432
S1-140242947	S3-754227935,S3-426800578
S1-825283309	S2-121128884,S2-416196378,S3-653325215
S1-758324688	S2-211318666,S2-674691811,S3-489042137,S3-420292750
S1-603508281	S2-624642264,S2-328139814,S2-426140498,S3-660580580,S3-227073366,S3-283811286
S1-463566821	S2-748822908,S3-988229204,S3-123373734
S1-42918236	S2-209471255,S2-128667555,S2-113361920,S3-501456559,S3-659689185
S1-613614054	S2-118730092,S2-477250771,S2-980884522,S2-516280989,S3-764207730,S3-243850472,S3-918651793
S1-92965448	S2-32738337,S2-399078965,S2-221641135,S2-624634219,S3-344403101,S3-87625790,S3-851358310
S1-1828166	S3-56919219,S3-505813066
S1-344795581	S2-292375838,S2-850224110,S3-522994645,S3-591553295,S3-714373203
S1-61933885	S3-906530906,S3-552155803,S3-552005611
S1-381717008	S2-539453032,S3-968865750,S3-313415350
S1-802490379	S2-428235727,S3-405095941
S1-185591094	S2-213368068,S3-468878837,S3-692328285
S1-465183873	S2-457103038,S2-369121305
S1-616633167	S3-455869384,S3-194129986,S3-905119414
S1-219256450	S2-534210281,S3-870020806,S3-584078322
S1-340760013	S2-679895593,S2-256848224,S3-640116075,S3-63807173
S1-45453608	
S1-689931659	
S1-107074813	S3-215602272,S3-607336043
S1-423973662	
S1-260883294	S3-873933810
S1-499190923	S2-694941025,S3-311696581,S3-10293460,S3-35540282
S1-398174399	S2-301073783,S2-837633757,S3-61459372,S3-968276531
S1-233231163	S2-997009291,S3-44139206,S3-9770363
S1-665513216	S2-283307998,S2-710311922,S3-84866279
S1-86585997	S2-930203930,S2-980596145,S3-732077422,S3-643116145
S1-426378877	S2-876525380,S2-235321313,S3-768375772,S3-875173011
S1-301097349	S2-532054771,S2-739561557,S2-861742217,S3-237348973,S3-154865487
S1-61231563	S2-75878938,S2-449162308,S2-572227958,S2-83318642,S3-51108901,S3-822310246
S1-749622701	S2-660450770,S2-215729782,S2-481629654,S3-258886897,S3-344485784,S3-367404658
S1-304063552	S2-364804842,S3-300017771,S3-690486230
S1-697734695	S2-959862087,S2-888473187
S1-59020172	S2-278610081,S2-599438345,S3-221411053
S1-278781743	S2-702817957,S3-508024590
S1-409049147	S2-114677078,S2-763738325,S3-141592108
S1-896232163	S2-853580667,S3-908478447,S3-348729694
S1-548991818	S2-576052826,S2-314972828,S3-888754549,S3-573584247,S3-108432746
S1-228481932	S2-259531759,S2-156304562,S2-196756918,S3-65142301
S1-73443788	S2-39811116,S2-35880570,S3-777747734,S3-665744277,S3-701911353,S3-136353423
S1-757997939	S2-40460511,S2-22370034,S2-832131740,S3-359577291
S1-316193273	S2-17902805,S3-863909215
S1-223667054	S2-91844052,S3-306702404,S3-940855539,S3-651876915,S3-699159467,S3-667587856
S1-570673510	S2-819335067
S1-533287519	S3-229461316,S3-31631062,S3-531517785
S1-839493059	S2-918065800,S3-286856866,S3-755429548
S1-359592941	S2-367521742
S1-6106234	S2-862299287,S2-550006758,S2-758153266,S2-10469723,S3-11513242
S1-282367452	S2-580417117,S3-239745616,S3-642035284
S1-214411541	S2-449874943,S2-110520890,S3-957845932
S1-627290809	S2-522335791,S2-420320406,S2-150838865,S3-183878246,S3-453690443,S3-274445166
S1-492276647	S2-432863017,S2-32609809,S2-208235873,S3-369551703
S1-221282765	S2-226379428,S2-32996149,S3-510956951
S1-536437562	S2-570694031,S2-93658564,S3-707763046
S1-434396337	S2-658795373,S3-692473811
S1-773376311	S2-195912160,S3-195819492
S1-850712460	S2-894780919,S2-732385272,S3-69976790,S3-528634917
S1-491600868	S2-500679523,S2-900170814,S3-840227344,S3-239667743,S3-827916403,S3-301100512
S1-366353105	S2-428560324,S2-117126363,S3-88547874
S1-365987168	S2-508050483,S2-362195548,S2-943108987,S3-849758945
S1-114406426	S2-659635039,S2-240066914,S3-51329821,S3-73236253
S1-772976365	S2-746990269,S3-862115732
S1-294999148	S2-858500244,S3-178932164,S3-297198266,S3-303139378
S1-588917480	S2-735209026,S2-336524922,S2-320698590,S2-795055158,S3-658526534
S1-435176173	S2-100460731,S2-352771292,S2-41585834,S3-167932721,S3-665566402
S1-554951792	S2-57033121,S3-29227333,S3-357210472,S3-212121906
S1-16405034	S2-69912863,S2-336071863,S2-504918925,S3-775892083,S3-210042280
S1-412397512	S2-295095830,S3-373903478,S3-489928363
S1-462518224	S2-362501609,S2-138022945,S3-798468993,S3-545143033,S3-811143477
S1-450672355	S2-580769921,S2-200433347,S2-375919915
S1-981603279	S3-941440806,S3-322983823
S1-442165268	S3-404110097,S3-270445228,S3-190770783
S1-316228909	S2-699342787,S2-765729405,S2-752183371,S3-654976975,S3-336360125
S1-642587599	S2-398265182,S2-408505208,S3-503669738,S3-97980568
S1-20229517	S2-225900860,S2-724856923
S1-618539019	S3-719276806,S3-817067047,S3-869593537
S1-671620090	S2-270134298,S2-632413735,S3-330949786,S3-360698158,S3-535869156,S3-980911688
S1-869233568	S2-454780592,S2-963278400,S2-853505388,S3-640031762
S1-468382440	S2-560505788,S2-316298496,S3-716944929
S1-214358563	S2-422546298,S2-810818985,S2-896733113,S2-936703694
S1-580998526	S2-616632151,S2-703088139,S2-245233543,S3-520921269
S1-102077082	S2-689692303,S2-863652104,S2-29082156,S3-415023284
S1-109921319	S2-240737198,S2-3423953,S3-59206184
S1-568357674	S2-87251103,S3-61521599,S3-137461455
S1-253683194	S2-409645681,S2-869841955,S2-390018055,S2-162508890,S3-787031256
S1-635579290	S2-343293823,S2-294706400,S2-735563281
S1-771623783	S2-815284668,S3-359696054,S3-475880062
S1-900012739	S2-742934978,S2-599682335,S3-573031826
S1-913266197	S2-71283580,S2-948668467,S3-341059524,S3-366862002,S3-5367841
S1-210495724	S2-637116804,S2-521142265,S2-817995760,S3-39645556,S3-486836558
S1-833717954	S2-833693181,S2-337878475,S2-961840255,S2-346676867,S3-4570128,S3-624795769,S3-927709768
S1-382162773	S2-599355189,S2-532156179,S2-364558943,S3-799693361,S3-990158745,S3-926794565,S3-764054815,S3-164878409,S3-762628672
S1-728148427	S2-932713660,S2-447421413,S2-817399493,S3-612118576,S3-376008622,S3-277996638,S3-613814655
S1-346599123	S3-454804553,S3-889143817
S1-268877538	S2-352552271,S2-885937828,S2-446246520,S3-637050426
S1-422059519	S2-32701320,S2-424814666
S1-452770561	S2-891609791,S2-93034123,S3-622954435
S1-174071666	S2-836908454,S2-182379870,S2-815115429,S3-256483505,S3-20708539
S1-814433331	S2-65912979
S1-763058277	S2-598578856,S2-30749255,S2-888996784,S3-913267831,S3-250873703,S3-597419424,S3-541928789
S1-24298093	S2-751176830,S3-105609867
S1-136270511	S2-134853863,S2-230851631,S3-761035721,S3-797278294,S3-520136971
S1-766292411	S2-818300188,S2-635225899,S3-17158322
S1-574894119	S3-4816411,S3-23943290
S1-825084845	
S1-153037960	S2-13384649,S3-308568468,S3-404562197,S3-168904066
S1-440679083	S2-620560704,S3-18863901,S3-476395897
S1-599195361	S2-335761023,S2-709641458,S3-34632660,S3-394443068,S3-814285237
S1-749013873	S2-96821151
S1-7991204	S2-169385503
S1-505303270	S2-92637341,S2-660295885,S3-423724152,S3-296659437
S1-252143275	S2-255207497
S1-228380147	S2-880761183,S2-392051543,S3-474258809,S3-575080068
S1-994770822	S2-125951108,S2-958989271,S2-749119056,S3-1178226
S1-970686161	S2-323876579,S3-973472484,S3-423839474,S3-840881855
S1-622519610	S2-611052148,S2-72516972,S2-921615624,S2-491128448,S3-201717603,S3-466887847
S1-76463158	S2-159125054,S2-574076223,S3-333766890,S3-674517807
S1-622261522	S2-319501554,S2-864527564,S3-234391380
S1-912698514	S2-913581649,S2-933833313,S3-561213955
S1-426362190	S2-472577632,S3-272557856
S1-540115632	S2-451154551,S3-868426689,S3-670099867,S3-235699896
S1-774826115	S2-750234250,S2-665063362,S3-796405605,S3-23946713
S1-822317595	S2-264024957,S3-968242965,S3-265261692
S1-423580081	S2-10937499,S2-556631751,S3-703846787,S3-304372677
S1-793875163	S2-537481450,S3-829878582,S3-628117012,S3-224604930
S1-807540116	S2-401142397,S2-186539894,S2-886345101
S1-696753828	
S1-850243227	S2-825288222,S2-62018481,S2-669324352,S3-711251012
S1-994451577	S2-743116350,S2-716024107,S3-498263306
S1-884852158	S2-546488089,S2-239900251,S3-924437718
S1-189930676	S2-530701791,S2-115659109,S2-681080776,S3-824996979
S1-220095867	S2-210395669,S3-962171004
S1-134581228	
S1-238697350	S2-960772733,S3-590616126
S1-761030884	S2-860583585,S2-911815316,S2-809438901,S3-633599851,S3-731273744
S1-510233375	S2-295576974,S3-684109413,S3-431630649
S1-131048800	S2-595883942,S3-737764983,S3-814085117,S3-80212754,S3-37423583
S1-680399507	S2-997565131,S3-386730730
S1-980888634	S2-968565012,S3-828381310,S3-430271370,S3-221672789
S1-877717175	S2-899468457,S3-91330331,S3-625908394
S1-414874691	S2-35624222,S3-377005015
S1-439952840	S2-29312230,S2-32137274,S3-420629154
S1-600966987	S2-991260006,S2-891516869,S2-973302616,S3-856022419
S1-831522981	S2-659730679,S2-563548939,S3-4733764
S1-627598051	S2-370598152,S3-888018326,S3-347548900
S1-182779281	S2-224448366,S3-159475918
S1-743148083	S2-25511637,S2-610523918
S1-486533293	S2-793019261,S2-732582482,S3-193245087
S1-845761216	S2-516699979,S2-710933216,S3-871894925,S3-637597735,S3-599262797
S1-104369280	S2-691886388,S3-133963261
S1-415248038	S2-237806680,S2-659085622,S3-28246428
S1-972151648	S2-39869945,S3-361689183,S3-278267702
S1-326413551	S2-496567142,S2-153496302,S3-898949684
S1-355251367	S2-906705497,S3-729219664
S1-833291221	S2-756603892,S2-465681713,S3-950064743
S1-228555664	S2-577558766,S3-550505544,S3-260515631
S1-935869772	S2-439547006,S2-399732880,S3-697056169,S3-608813891
S1-701978220	S2-976144881,S3-421080709,S3-318180484
S1-976171049	
S1-482629199	S2-56944311,S3-333410265
S1-983798718	S2-944683835,S2-968598137,S2-981386658,S3-486580010,S3-248279865
S1-274384577	
S1-103534207	S2-208278413,S3-852082648
S1-982620338	S2-828430029,S3-903405304,S3-629622759
S1-987754641	S2-430228001,S3-944732175,S3-39025520,S3-516512482
S1-526604791	S2-580522085,S2-769987521,S2-840309826,S2-21910632,S3-902801749
S1-508927240	S2-63281925,S3-637224702,S3-574836212
S1-62959497	S2-868797071,S2-198653341,S3-293360671
S1-978120819	S2-180017713,S3-670435158,S3-789358117
S1-640695552	S2-393681998,S2-309538842,S2-819573004,S2-134358504,S3-792345582,S3-851766303
S1-36635432	S3-780235072,S3-814297695,S3-734097154
S1-342232469	S2-987154753,S2-932285072,S3-855678782,S3-385024586
S1-660982051	S2-876189218,S3-536078029,S3-190867302
S1-236681843	S2-320030390,S2-68613346,S2-918595889,S3-5829878,S3-978738899
S1-673475738	S3-541502758
S1-35681872	S2-227475880,S2-83471305,S3-425808625
S1-78127416	S2-801398858,S2-896682941,S3-423065428
S1-898243082	S2-755893643,S2-676868001,S2-162359700,S3-813416124,S3-633208407
S1-820866940	S2-653172954,S2-26228335,S2-898707815,S2-473776832,S2-201309843,S3-926786903,S3-869114512
S1-739061881	
S1-116485892	S2-248514264,S2-663718824,S3-50222679,S3-909873426,S3-801020803
S1-229550324	S2-817156736,S2-181068447,S3-752185967,S3-529865722
S1-937182903	S2-412798685
S1-938871928	S2-698153201,S2-410197245,S2-450725341,S3-487303917,S3-924484727,S3-506925332,S3-640624455,S3-435188247
S1-822315739	S2-756191713,S2-402847348,S3-729829040,S3-1823819
S1-168274405	S2-545324408,S3-608457126
S1-255181900	S2-37530418,S2-185187345,S2-940508709,S3-658730971,S3-873469355
S1-230836398	S2-843117095,S2-196263187,S2-235943013,S3-393442672
S1-234267218	S2-636783492,S2-307298459,S2-517334780,S3-800157011,S3-805917236,S3-468653172
S1-331290326	S2-377992062,S3-16675206
S1-557567146	S2-893296613,S3-607225129
S1-687988947	S2-889941490,S2-639614056,S3-39205607
S1-5714605	
S1-303957892	S2-967371131,S2-131915373,S2-197817771,S3-860080932,S3-279125295
S1-442069495	S2-738903246,S2-560670689,S3-509804992,S3-250696924
S1-873164190	S2-524327895,S2-759870123,S3-126702578,S3-467219660,S3-967883532
S1-420144407	
S1-803001939	S2-32133630,S2-162049589,S3-750301100,S3-766782822,S3-55589046
S1-315275346	S2-229026083,S3-366533078,S3-795269745
S1-62989612	S2-841991512,S2-717553785,S3-605938097
S1-854970633	S2-958365598,S2-133393951,S3-66700896,S3-703336873
S1-901548754	S2-283230261,S2-282954444,S3-50110852,S3-353707173
S1-240438882	S2-585219862,S2-27720530,S2-666589842
S1-851970465	S2-152697267,S2-418732487,S3-574454993,S3-812618624
S1-279565374	S2-996574081,S3-871642185,S3-71952631,S3-582066788
S1-876183050	S2-511407747,S2-303559459,S3-386548392,S3-58178341,S3-309612338
S1-489275400	S2-264219199,S2-895380798
S1-686816815	S2-31957566,S2-759554094,S3-20130812,S3-973709371
S1-795988012	S2-872350992,S3-239889624,S3-827723348
S1-35066002	S2-201295942
S1-100748786	S3-435025214,S3-9350612
S1-396092719	S2-135304247,S3-453726564,S3-190139275,S3-836268432,S3-943338510
S1-763733557	S2-792038845,S2-842240005,S2-601741541,S3-920880192,S3-903170593
S1-113109	S2-103765036,S3-809675076,S3-693995117,S3-864413304
S1-580071060	S3-620827466,S3-212216920
S1-475536751	
S1-998367584	S3-414857924,S3-644888323
S1-51911905	S2-25155051,S2-468678090,S3-946825384,S3-86333103
S1-163237926	S2-691227646,S2-270127237,S3-789884654,S3-329201428
S1-723433257	S2-39873736,S2-279281956,S2-858873388,S3-853870291
S1-501114760	S2-728867657,S3-915039633
S1-765168959	S2-462086351,S3-238068083,S3-235082618
S1-580569047	S2-631195208,S3-381171307
S1-208778370	S2-39148573,S2-105513362,S3-540070322
S1-6815488	S2-977671495,S3-697274007
S1-135768644	S2-469083135,S2-552368335,S3-307692743,S3-883562953
S1-450891828	S2-559354001,S2-965977161,S2-283335419,S3-974938269,S3-437461003,S3-989776382
S1-950335592	S2-702376079,S2-901192408,S2-738375705,S3-911588451,S3-960145121,S3-419422380
S1-850725007	S2-918786966,S2-953464199,S2-185798396,S3-602641848,S3-110497061
S1-787210237	S2-471166596,S2-120301984,S3-744536089
S1-587305676	S2-654867626,S3-15617639
S1-353863506	S2-281687893,S3-137109353
S1-674620141	S2-269628537,S2-171941178,S3-168606500,S3-156857042,S3-75379615
S1-399305104	S2-560955461,S3-516348320,S3-91689709
S1-41868749	S2-878286652,S2-42369444,S3-42566018,S3-147749893,S3-750461099
S1-465530971	S2-792167909,S2-285484792,S3-473947412,S3-403374289
S1-186443109	S2-481563137,S2-918830804,S2-984794606,S3-302287808,S3-574344839,S3-506181875
S1-584618077	S2-483813995,S3-299703833
S1-559941133	S2-226786983,S3-723195973,S3-454458491,S3-197663941
S1-53731521	S2-982374817,S3-498896909,S3-774689149
S1-201695701	S3-164617735,S3-85297505,S3-321713612
S1-715381817	S2-39778602,S2-660151914,S3-497999386
S1-175628698	S2-54410317,S3-89004034,S3-26843476,S3-585741953,S3-160990912
S1-675665617	
S1-293975637	S2-682636116,S3-470741387
S1-297300949	S2-244647068,S3-552376865
S1-927958634	S2-30561365,S2-227115678,S3-91040545,S3-86810008
S1-642211643	S2-978252417,S2-590825235
S1-112146583	S3-678123550
S1-989905192	S3-78330132
S1-844556851	S2-499640086,S2-658136476,S2-104721039,S2-309010107,S3-193714725
S1-924645350	S2-687097609,S3-578105557
S1-210239975	S2-482048773,S2-23486018,S2-125081920,S3-628705280,S3-690239298,S3-324587445
S1-471532081	
S1-58638221	S2-219763548,S2-704254992,S3-920759919,S3-125665577
S1-640719554	S2-876657293,S2-101914658,S2-498435290,S3-916972002
S1-276714609	S2-655275477,S2-752163508,S3-575111795
S1-18967077	S3-534319152,S3-1499907
S1-452442296	S2-643530883,S2-487382045,S3-560666190,S3-460498700
S1-329914792	S2-467058625,S3-570579235,S3-745455636
S1-846180364	S2-481088251,S2-949405947,S2-198134697,S3-66858782,S3-908790998,S3-235553175
S1-118143053	S2-762742592,S3-897451248
S1-620241351	S2-717890166
S1-38106903	
S1-376376017	S2-203504892,S2-908839520,S3-141447225,S3-771869306
S1-466432513	S3-478478098
S1-770364257	S2-650024119,S2-217730104,S2-447357569,S3-526999187,S3-190922444,S3-681824479,S3-136680549
S1-346310571	S2-705775177,S2-325364380,S2-121374766,S2-540122146,S3-252625369
S1-399045051	S2-36859622,S2-607459953,S2-53737238,S3-662194237
S1-321649389	S3-467168442,S3-737135563,S3-84558105
S1-266044721	S2-516616822,S2-763757502,S3-978890403,S3-326771453
S1-476416736	S2-579747765,S2-391397355,S2-593387572,S3-447917630
S1-36503885	S2-625747599
S1-479440507	S2-686010981,S3-930663861
S1-296467085	S2-903048244,S2-547261089
S1-658672544	S2-215544481,S3-194471326,S3-842708646
S1-173212707	S2-361050354,S3-909980746,S3-919030347
S1-384775154	S2-424282741,S2-605145078,S2-166353996,S2-40517567,S2-631201381,S3-333676971,S3-195806423
S1-270579599	S2-185938162,S2-656753012,S2-113930443,S2-42550274,S3-293559511,S3-370779391
S1-360488265	S2-814373207,S3-228786449,S3-978889721,S3-816474452,S3-144210612,S3-215800411
S1-242695118	S2-583222608,S3-376065343,S3-430217377
S1-367811436	S2-389349177,S3-297320783,S3-418357843
S1-981494241	S2-763754424,S3-410519779,S3-104755568,S3-276701718
S1-738226129	S2-901386970,S3-708641161
S1-399463157	S2-942947104,S2-45933570,S3-417150868
S1-143532694	S2-639306341,S2-168759102,S3-797580607,S3-621048914,S3-156372805,S3-220765441
S1-33279841	S2-282480521,S3-957969844
S1-495221398	S2-851552936,S3-887844090
S1-207718871	S2-317267331,S2-470684423,S3-494481804,S3-321919892
S1-854438442	
S1-996698944	S2-180110216,S3-69426863,S3-128507576
S1-838885161	S2-980583463,S3-314603999,S3-355557289
S1-437763376	S2-595023880,S2-989647537,S3-446758531
S1-67110500	S2-97598293
S1-223657233	S2-795418842,S2-527916986,S2-726514334,S3-888655875,S3-194938609
S1-673343743	S2-914030670,S3-877656937,S3-101265174
S1-515139775	S2-211205261,S2-831316517
S1-578787370	S2-970447541,S2-906500309,S2-354622954,S3-987259685,S3-119135975
S1-784644903	S2-322795951,S2-1679594,S3-580200177,S3-816999009
S1-357379748	
S1-951053751	S2-168505229,S3-898331426
S1-293767145	S2-596862334,S2-788495103,S2-65458978,S2-984715703,S2-309978295,S3-819149645
S1-64156496	S2-846370888,S3-25067680
S1-380646987	S2-642688746,S2-556781108,S2-872048264,S2-536279223,S3-551542320
S1-160773323	S2-761258285,S3-618585835,S3-167508590,S3-651362310,S3-143605286
S1-829909709	S3-51336876,S3-538713974
S1-303881905	S2-409690439,S3-945023016
S1-351061131	S2-653502544,S3-397041201
S1-788830324	S2-995452878,S2-856280568,S2-727497944,S3-947698678,S3-779221660
S1-529297397	S2-136804299,S2-827091861,S2-92355498,S3-986713315,S3-979775482
S1-290491292	S2-325561670,S3-259480995,S3-513744189
S1-648145214	S2-861894971,S3-835298551,S3-561865376,S3-558050182,S3-120871697,S3-528754933
S1-512320824	S2-421938653,S3-707373612,S3-772289350
S1-803940843	S2-76388943,S3-837633580
S1-87675244	S2-542810245,S2-522032723,S3-795225773,S3-623537108
S1-773619787	S2-319205210,S3-592932261
S1-481631563	
S1-299037176	S2-434399300,S3-185525635,S3-966795342
S1-258186295	S2-855573544,S2-383364779,S3-390992492,S3-268098009,S3-945525579
S1-250962560	S2-412120568,S2-444627594,S2-748943997,S3-12546742,S3-608482225
S1-710268063	S2-869678752,S2-602641130,S3-153088463,S3-124280028,S3-384502788
S1-801175640	S2-164505230,S2-931213634,S2-975145010,S2-841661802,S3-226805063,S3-533361614
S1-30508737	S3-361582995,S3-745045906,S3-108737850
S1-97067768	S2-371963444,S2-712209621,S3-907284078,S3-132972457
S1-525531574	S2-902113062,S2-807617251,S2-272154752,S3-40967592
S1-505450177	S2-712338489,S2-113504960,S3-217948179
S1-174165953	S2-68996799,S2-852157721,S2-353042704,S3-472114167,S3-766531515,S3-316510017
S1-228615403	S2-559206585,S2-874719116,S3-596420818,S3-49936918
S1-262420070	S2-391009463,S3-641162539
S1-21305832	S2-306994525,S2-82310505,S2-6943552,S3-897975801,S3-676052794,S3-345673845
S1-246881954	S2-430692893,S3-902447430,S3-999738609,S3-235711316
S1-64589001	S2-529230034,S2-269950972,S2-512865549,S3-19629875,S3-64417113,S3-380835921
S1-122298438	S2-472638347,S3-630148820,S3-472446267,S3-767397715,S3-863720561
S1-536875391	S2-345560793
S1-668773689	S2-824971526,S2-873947164,S2-540240317,S2-590699133
S1-698443231	S2-436326740,S3-573900158
S1-415394595	S3-704096261
S1-948960289	S2-594958900,S3-902067641
S1-486524420	S2-621192927,S3-496851538,S3-693592818,S3-241567508,S3-152451423,S3-226466381
S1-793084901	S2-691074368,S3-978865166,S3-120235363
S1-935049830	S2-647176030,S3-759500912,S3-111223337
S1-816650338	S2-748045585,S2-1765740,S3-355562939,S3-369885392
S1-254667844	S2-520706766,S2-389272393,S2-499599641,S3-100101664,S3-981205896
S1-753567719	S2-546678604,S2-873261225,S2-173510484,S3-456416608,S3-18174569
S1-791460013	S3-444050178
S1-59014951	S2-350398991,S2-982059463,S3-541536696
S1-425210341	S3-120082177
S1-829922699	S2-515038718,S2-489506771,S2-267516011,S2-666708336,S2-834006165,S3-103733832,S3-964206070
S1-278731253	S3-276357428
S1-26913629	S2-20337417,S3-968393614,S3-754206946,S3-366613552
S1-232470948	S2-189982384,S2-796452919,S3-554190864,S3-262261103
S1-236012902	S2-52948705,S3-37671091,S3-544537094
S1-758188791	S3-816173928
S1-652052600	S2-913547017,S2-690901581,S2-616814626,S3-563633454
S1-339793029	S2-693913942,S2-681663234,S3-690573235,S3-755363830
S1-645353532	S2-600793502,S3-498570452,S3-412691315
S1-82410574	S2-36322479,S3-816273136
S1-804243434	S2-465307413,S3-216550100,S3-144241652
S1-112233211	S2-284995372,S2-858712825,S3-396314439,S3-963187706
S1-396395921	S2-687598945,S2-882986273,S3-380484743
S1-588616114	S2-885333648,S2-558843825,S2-294421767
S1-545037803	S2-447567484,S3-774646267
S1-794897143	S2-547543404,S2-950248317,S2-485884109,S3-446957603,S3-605349235
S1-254705993	S2-524969137,S3-47227385,S3-793923608
S1-938925234	S2-795201595,S2-707344471,S2-4238724,S3-467712685
S1-516387234	S2-175860766,S2-299248302,S3-162525945,S3-747039290
S1-2796703	S2-80469776,S2-546915958,S3-134051529
S1-534316721	S3-548828352,S3-619471922,S3-661298259,S3-510914592
S1-526250764	S2-603867972,S3-312702940
S1-874000036	S2-766753265,S2-470552866,S3-63857620,S3-438356153
S1-126354923	S2-281790304,S2-717186104,S3-435251807
S1-690384783	
S1-918839632	S2-149699385,S2-797914630,S3-11291190,S3-244456525
S1-456992353	S2-386490131,S2-14138886,S3-580874493,S3-404803644,S3-823815586
S1-449078966	S2-784718860,S2-54032434,S3-237166943
S1-613104815	S2-46988353,S3-338344302
S1-792243982	S2-846347441,S3-329081647
S1-639486280	S2-708668152,S3-901505847,S3-715487967
S1-439865745	S3-180301558,S3-445243921,S3-268617821,S3-636276369,S3-907271727
S1-821458243	S2-407367737,S2-392152313,S2-399514978,S3-147067718,S3-608760602
S1-726927212	S2-652017901,S2-464586857
S1-263789178	S2-171970880,S2-62605109,S2-281485623,S3-788599220
S1-413176540	S2-279491164,S2-98256675,S3-5612641,S3-346852060,S3-4803026
S1-520076987	S2-383702052,S2-174633696,S2-467106523,S3-186740442,S3-729970812
S1-749736900	S2-997953677,S3-522987922,S3-294841741,S3-156608745
S1-176045514	S2-304941648,S2-798089148,S3-172084959
S1-593590028	S2-360419592,S3-673551991,S3-9634068
S1-893161496	
S1-21878459	S2-95633967,S2-370043171,S2-410104611,S3-969632253
S1-54806392	S2-987026096,S2-391938130,S3-126464356,S3-752920696
S1-631341255	S2-721877756,S2-895907560,S3-431100343,S3-638112966
S1-841902972	S2-596093454,S2-793431170,S3-499544485,S3-899015108
S1-130854967	
S1-531198294	S3-557125295,S3-127146543,S3-794904801
S1-88958638	S2-872337008,S2-368717794,S3-571515062,S3-187950450
S1-185275300	S3-517459676,S3-954134
S1-280357150	S2-193169374,S3-515644992,S3-129570089,S3-498348914
S1-165227765	S2-533433917,S2-889206958,S3-265336486,S3-65171369,S3-459352398
S1-871205563	S2-573096401,S3-939668507,S3-241581
S1-387583252	S2-875618134
S1-89168420	S2-610289128,S3-618379118
S1-223599394	S2-709096649,S2-213880488,S3-496598639
S1-283128413	S2-298482412,S3-864531388
S1-697722850	S2-576527504,S2-797826249,S2-226945274,S3-523525232,S3-75470539
S1-342750872	S3-596768370
S1-139272244	S2-715297269,S3-860081541
S1-113828217	S2-259848537,S2-671422190,S3-516956474,S3-518128342,S3-899277990
S1-866151043	S2-697887892,S2-373637438,S3-261099508,S3-113307766,S3-470989260
S1-157496277	S2-75830338,S2-564104620,S2-150193722,S2-707396616,S3-637125083,S3-528450623
S1-224375807	S2-584792162,S3-744862152,S3-698540440,S3-248256904
S1-756495137	S2-546225447,S3-899019259,S3-6134041,S3-256792917
S1-850516832	S2-534901244,S2-762750213,S2-355654420
S1-907265501	S2-634181515,S3-991885320,S3-348683193,S3-403175478
S1-22570096	S2-34515617,S3-38669111,S3-500003901,S3-905670866
S1-388787083	S2-14528357,S3-407659923
S1-555736861	S2-588578778,S3-824419802
S1-80788357	S2-68404678,S2-555584679,S2-537937775,S2-289641900,S3-281226644,S3-94062879,S3-214422570,S3-808130757
S1-173972316	S2-788077221,S2-903382779,S3-723607325,S3-6950478
S1-477639634	S2-839779332,S2-408155815,S3-639754197,S3-729658584,S3-392310255
S1-35964220	S2-242271500,S3-254084719
S1-297001726	S2-950257856,S2-641757832,S3-601351811,S3-217391239,S3-271538694
S1-428311904	S2-974873736,S2-710097563,S3-171000927,S3-444590085
S1-657798982	S2-94097176,S2-329144190,S2-25785376,S3-595022886,S3-724764223
S1-793841103	S2-5228900,S2-472905040,S3-938851783,S3-245057308
S1-115475729	S3-618092266
S1-219016192	S3-70520731,S3-546631628
S1-371041359	S2-129922933,S2-121184205,S3-717158957,S3-665534907,S3-206980164
S1-491869571	S2-637352710,S2-152794536
S1-569905676	S2-17901062,S2-993564617,S2-663954565,S2-891480315,S3-758917992,S3-111766667
S1-463911920	S2-52228344,S3-493443173,S3-982625442
S1-546788810	S2-339591784,S2-8390873,S3-555218415,S3-550339558
S1-720769009	S2-499805366,S2-669117130,S2-985617008,S3-564171799,S3-845799875,S3-101803154,S3-714047944
S1-434047665	S2-584160638,S3-164383745,S3-122278600
S1-828204778	S3-80132786,S3-903737211
S1-133508704	S2-875155696,S2-727725749,S3-491336686,S3-669580360,S3-304125758,S3-439614245
S1-222266182	S2-541968136,S3-566413507
S1-461069545	S2-505889439,S2-39677451,S2-187048807,S3-543768129
S1-933802468	S2-500203572,S2-920308562,S2-992954482,S2-59013312,S3-17280711
S1-744913148	S2-744812497,S2-964666730,S3-217386362,S3-624950381
S1-906104960	S2-47350642,S2-263282838,S3-816290912
S1-402494894	S2-603503906,S3-478075407,S3-941185162,S3-740425827
S1-705306904	S2-603603539,S3-253627101
S1-128689464	S2-285867901,S2-70183610,S3-497084838,S3-75170817
S1-412989769	S2-688241430,S3-975423760
S1-143975741	S2-913367510,S2-648504654,S3-905794944,S3-537216706,S3-428219779
S1-224217048	S2-710828589,S2-939773314,S3-534443833
S1-298473696	S3-207011187
S1-440128709	S2-952224689,S2-383627351,S2-757183737,S3-615504756
S1-568867746	S3-297327355,S3-180154954
S1-517224584	S2-464395565,S3-256860774,S3-889041904
S1-796882696	S3-867403051,S3-226862622
S1-431725777	S2-950994241,S2-358966382,S2-188176369,S3-652284417,S3-919247378,S3-397760382,S3-731012317
S1-75048513	S2-242490466,S2-940871798,S3-149059487,S3-765307820
S1-6248961	S2-239740656,S2-567437388,S3-74487204
S1-321835970	S2-119913090,S2-550601919,S2-155237828,S2-535529462,S2-767593666
S1-964964837	S2-318046541,S2-376792645,S3-211373260
S1-644772524	S2-697794462,S3-325464580,S3-637127105
S1-675110995	S2-521026331,S2-770347320,S2-844759835,S3-136707342,S3-596835628,S3-638821629,S3-750834975,S3-851913507
S1-172598823	S3-181142623,S3-355353090
S1-591828712	S2-26623805,S2-104229076,S3-572496006
S1-260202180	S2-206720044,S2-4459955,S2-218703993,S3-810377088
S1-489489327	S2-743989347,S3-875708997,S3-900931052,S3-509725183
S1-725941533	S2-241852926,S3-323206701,S3-264526451
S1-896419979	S2-132155380,S3-206157432,S3-700580482,S3-255859213
S1-667250893	S3-890288223,S3-350799279
S1-515360840	S3-659152638,S3-810459549
S1-787349022	S3-149496122,S3-932024114
S1-658012226	S2-984229053,S2-977703344,S2-134472384,S3-961750671
S1-677061743	S2-574684637,S3-804215828,S3-515839957
S1-775802668	S2-45262101,S2-493590463,S2-772211223,S2-165192780,S3-669558808,S3-329537596
S1-611875925	S2-781253473,S2-664498298,S2-228846453,S3-815695200
S1-409450179	S2-157009932,S3-893898073
S1-680297893	S2-863560053,S3-805461911,S3-297843429
S1-290563015	S2-87312107,S3-99281672,S3-670819941,S3-677159553
S1-724421981	S3-381012248
S1-765959243	S2-552972150,S2-124255822,S3-286322945,S3-254363741,S3-608535915,S3-336907173
S1-51612359	S2-935120259,S2-197303726,S2-834187470,S3-691134059,S3-928578929
S1-98231176	S2-36210159,S3-820684642,S3-265750157
S1-380753386	S2-569017480,S2-717586465,S2-724013688,S3-636756210,S3-159352258
S1-338000416	S2-378751784,S2-420047725,S3-88817487,S3-927170542
S1-769930123	S2-783419242,S2-517145563,S3-779068796
S1-416045941	S3-957727595,S3-264361359
S1-801920933	S2-909221043,S2-133358846,S3-871720831,S3-152655658
S1-797166769	S2-216320807,S2-138426822,S3-240127835,S3-47012365,S3-908478723
S1-775453125	S2-732766029,S3-196206000,S3-343703659,S3-190709632
S1-128560585	S2-561548169,S2-577856206,S2-136090023,S2-39264807,S3-805741841,S3-350490867
S1-539034709	S2-105706275,S2-685369008,S2-736685411,S3-497193825,S3-427879527
S1-881678523	
S1-734384065	S2-807723826,S2-588838892,S2-764944693,S3-634012001
S1-559348458	S2-502558945,S2-339510982,S3-525689181,S3-108688427,S3-933066452
S1-312653784	S2-134939848,S2-990698006,S3-260340567,S3-343486520,S3-922654990,S3-472650371
S1-82826651	S2-815126119,S3-683686656,S3-840645219
S1-936580191	S2-685035359,S2-453486541,S2-140778256,S3-966971924
S1-898176705	S2-667943592,S2-485476172,S3-814925209,S3-961835480
S1-500972968	S2-191448537,S2-812684743,S3-547146370,S3-495334538
S1-579268151	
S1-600110146	S2-681249275,S2-18539424,S2-279113794,S2-958805286,S3-88588182
S1-645260560	S3-30732076
S1-92106554	S2-812725632,S2-849463287,S3-19047287,S3-750888134
S1-479416614	S2-945220521,S2-85695246,S2-53035997,S3-220750938
S1-302414110	S2-400777067,S2-807719755,S2-908993334,S3-208026551,S3-367394291
S1-532732883	S2-315231092,S2-634181627,S3-717736651
S1-952393174	S2-510949001,S2-740955362,S3-865784956
S1-28744883	S2-548088205,S2-309252133,S3-447732254,S3-901940672
S1-612728858	S2-771981212,S2-700975694,S2-610368381,S3-721258934,S3-477556334,S3-81723455,S3-906238265,S3-370100264
S1-811245404	S2-7115814,S2-229207399
S1-817086247	S2-479170002,S2-607726396,S3-76051792,S3-60669616,S3-470298452
S1-411206281	S2-974918789,S2-332786541,S3-693852793,S3-272111836,S3-281488799,S3-777958573
S1-934097025	S2-304854605,S3-267147848,S3-763731187
S1-330630121	S3-256208960,S3-451448654
S1-617864306	S2-981262680,S3-529621478,S3-751823314
S1-729609767	S2-577443411,S2-221721407,S3-196935959,S3-929242337
S1-948970313	S2-74841037,S3-361667330,S3-315845514
S1-455065535	S2-988601963,S2-237303693,S2-606389615,S3-939366179
S1-176589089	S2-220356029,S2-296430784,S3-11954237,S3-622109991
S1-206237915	S2-447020095,S3-556714249,S3-702922165
S1-998293897	S3-827839095,S3-954410472
S1-365967808	S2-990291115,S2-855454776,S3-597014370,S3-348460129,S3-674086771,S3-903190883
S1-913161794	S2-168054806,S2-572373050,S2-342718049,S3-269138027,S3-396469013
S1-589092678	S2-812629304,S3-962224010
S1-750590059	S2-742949734,S2-445223823,S3-377903912
S1-479354660	S2-602494299,S2-418470591,S3-990177029
S1-718924075	S2-465416119,S2-665646160,S2-694645973,S3-314360404
S1-569516464	S2-897210163,S2-331103500,S2-230675400,S2-661268672,S3-569227200,S3-644913888,S3-875144164,S3-791153457
S1-779294441	S2-732381765,S2-535457415,S2-728728403,S2-235177626,S3-486999254,S3-619778411
S1-276904317	S2-194467046,S3-411628767,S3-522747209,S3-372356296,S3-479701193,S3-667855246
S1-284131832	S2-83443425,S2-804018867,S2-291081487,S3-342145965,S3-643303519
S1-814653404	S2-154629753,S2-673673078,S2-516078670,S3-729516250,S3-235663294,S3-145058987
S1-440398619	S2-381593093,S3-456323922,S3-349658116,S3-714950238
S1-387359648	S2-254091525,S2-342245348,S2-653395210,S3-100771498
S1-308267378	S2-942473002,S2-536354350,S3-977433675
S1-558752887	S2-59294725,S3-96167590,S3-990973212,S3-374084264,S3-825679104
S1-517328567	
S1-117701554	S2-625558992,S3-585305855,S3-705091593
S1-811487602	
S1-424668715	S2-121519905,S2-381020427,S2-942384750,S2-833366597,S3-310818311,S3-469266064
S1-75182849	S2-472452893,S3-594533656,S3-253216106
S1-698759281	S2-95360776,S2-496341942,S3-824649466
S1-843086475	S2-479987015,S3-63626472,S3-706493104
S1-429385468	S2-346704006,S2-901986788,S2-811354436,S2-370671595,S3-72113053,S3-919737236
S1-308541872	S2-505145930,S2-66043851,S3-639496221
S1-463227028	S2-330012160,S2-303070792,S3-692883587,S3-298963384
S1-421667509	S2-139812506,S2-912401914,S3-510314861,S3-779701821,S3-503553343
S1-692718470	S2-868934191,S3-327592600,S3-628543070,S3-611641374
S1-463947220	
S1-470413545	S2-759194743,S2-51464703,S2-233532959,S2-464290268,S2-216404742
S1-611872999	S2-237226842,S2-766726544,S3-716962028,S3-374098255
S1-717482440	S2-24402412,S2-354166237,S2-58138207,S2-371166108,S3-464141372
S1-812326182	S2-112086644,S2-980869254,S2-289981688
S1-983385531	S2-195368559,S2-44208060,S2-365477883,S2-722913028,S3-470085921
S1-70060700	S2-202072565,S2-476731080,S2-124741880,S3-823349958,S3-384235124,S3-453734610,S3-131407157
S1-348012167	
S1-123314221	S2-673775292,S2-848533111,S3-232174821
S1-861951088	S3-505295599
S1-463495163	S2-380186479,S3-16776652,S3-755596765
S1-388875230	S2-878975690,S2-541527115,S3-313851272,S3-229708047,S3-215436139
S1-950593208	S2-41581968,S2-31818098,S2-682073225,S3-637222052
S1-79759574	S3-26141453,S3-101272096,S3-88363095
S1-444172136	S2-313541200,S3-169506957,S3-380309957
S1-254489741	S2-340342759,S2-88654398,S3-345185722
S1-302036803	S2-697475273,S3-617780065
S1-72150077	S2-307608203,S3-191532538,S3-772048077,S3-290871275
S1-973378020	S2-283743266,S2-617413883,S2-925001063,S3-507542741,S3-298598244,S3-819536135,S3-505547789
S1-418602091	S2-411689769,S2-774888854,S3-342054512,S3-794141572
S1-667435220	S2-693906200,S2-987812518,S3-675596343
S1-109658649	S2-819407109,S2-63820022,S3-383901247
S1-885349801	S2-447363058,S2-756360314,S3-465180059,S3-431580462
S1-31775325	S2-149580496,S3-936199964,S3-660498624
S1-735350803	S2-28969358,S2-350280712,S2-880839374,S3-672065043,S3-730493398,S3-495797578
S1-422685221	S3-223302551
S1-96550025	S2-531135423,S2-294547893,S2-672652743,S3-543075755
S1-553730539	S2-77068482,S3-705697167
S1-450433804	S2-887225113,S2-907900956,S3-505704092
S1-907623798	
S1-430164153	S2-530676150,S2-530224779,S2-139914515,S3-95338110
S1-848123668	S2-39707027,S2-340138849,S3-760205145
S1-420126767	S2-157931386,S2-576854817,S2-94909375,S2-709664223,S3-571891262,S3-339254368
S1-935156869	S2-431511381,S2-136566952,S3-136724556,S3-49455198
S1-708313592	S2-30291399,S3-999947843
S1-593212388	S2-858236863,S3-422064698,S3-669409312,S3-543442748
S1-401691075	S3-307895178
S1-742793477	S3-251619874
S1-118260520	S2-502395197,S2-571084633,S2-722702322,S2-812307399,S3-434396862,S3-14346818
S1-638756086	S2-695444941,S3-466794327,S3-221667404
S1-848861428	S2-453208760,S3-371843684
S1-51000955	S2-683653171,S2-347115344,S3-120668742,S3-144484108,S3-308675556
S1-224076783	
S1-334656741	
S1-329360192	S2-45614916,S3-282365021,S3-732793625
S1-85757045	S2-886575584,S2-641038170,S3-139779916,S3-17522327
S1-397820997	S2-221720595,S3-31065277,S3-634221970
S1-676417017	S2-834569453,S2-186970176,S3-799801169
S1-745912284	S3-49410350,S3-169522525
S1-456645438	S2-597161073,S3-693909082,S3-246083985,S3-241079819,S3-563312993
S1-741418176	S2-313354301,S3-723435511
S1-405587322	S2-925488946,S2-84660320
S1-760365361	S2-549367669,S3-53214515,S3-767395661
S1-869531468	S2-562056749,S3-93252249,S3-602391745
S1-357183346	S2-938431754,S3-448019498,S3-565128313,S3-568086592
S1-564158976	
S1-62717198	S2-255159696,S3-902894866,S3-935771505,S3-649236873,S3-656628342
S1-781999494	S2-873147190,S3-595465323,S3-477846645,S3-999065991
S1-89432073	S2-630744083,S3-872983072,S3-437405129
S1-439956189	S2-106400256,S2-112625166,S3-365164611,S3-563719571
S1-771126568	S2-236651288,S3-973469738,S3-790325934
S1-216035823	S2-589618731,S2-859430543,S2-159002608,S3-706502211
S1-519105589	S2-512182071,S2-136713628,S2-384152773,S3-835819828,S3-821172554,S3-218125909
S1-505556380	S2-661994277,S2-467646542,S3-681812245,S3-969509818,S3-251138948
S1-362451717	S2-215122203,S2-800505331,S3-107490850,S3-66968291,S3-503788063,S3-945915138,S3-810963527
S1-935963979	S2-235697744,S3-466886529,S3-172296938,S3-812234045
S1-880170552	S2-930300617,S3-472089314,S3-923878192
S1-52125880	S2-58142186,S3-151187044,S3-658806417
S1-958798894	S2-651800101,S3-85608460
S1-663700187	S2-463126384,S2-306178113,S3-51224253,S3-966504663
S1-371899564	S2-73844021,S2-901811555,S3-577036679,S3-412478573
S1-387540011	S2-807403515,S3-86169380,S3-164212590,S3-331233763
S1-326174068	S2-974731914,S3-768457719
S1-354301488	S2-635282128,S3-770148879,S3-665673072,S3-700423099
S1-340870981	S2-877004553,S3-702129073,S3-818031786,S3-821958884
S1-947698987	S3-86479848,S3-610858973,S3-809672144,S3-140460294
S1-669501566	S2-393019349,S3-404074619
S1-455713715	S3-554279131,S3-187043201,S3-254825709,S3-424775398
S1-575474551	S3-585191696,S3-805589435,S3-956774229
S1-460432191	S2-454107190,S2-114720705,S2-815564901,S2-662782138,S3-531467956,S3-143164323,S3-473674653
S1-852157621	S2-744631951,S2-132846585,S2-537947632,S3-238001396
S1-721498040	S2-659337175,S3-162577520
S1-836488706	S2-170394338,S3-554476707,S3-909170732
S1-259279217	S2-197857416,S2-418965553,S2-411460266,S3-759403145,S3-108508219
S1-403283555	S2-856528201,S2-543887971
S1-372478121	S2-453253939,S3-937106063,S3-212045722,S3-384770379
S1-557830479	S2-491560938,S2-156163443,S3-727641363,S3-130950333,S3-399115891
S1-658877778	S2-260280385,S2-118499399,S2-973341836,S3-684058339
S1-651347389	S2-338313563,S2-725069165,S3-362304384
S1-347660916	S2-171826192,S2-153478677,S2-293381524,S3-131493212,S3-729665251
S1-826427058	S2-959557461,S2-291421844,S2-16195215,S3-351669440,S3-24190077
S1-248928773	S2-647975487,S3-410894353
S1-519034760	S2-571714007,S3-786041543
S1-159598694	S2-285677342,S2-824387942,S3-969420861,S3-337819493
S1-938897662	S2-271405324,S2-472975250,S2-169181306,S3-488040635,S3-971469187
S1-89023694	S3-520345985
S1-232382411	S2-241559382,S2-834435934,S2-948517360,S3-40060015
S1-184471161	S2-637502146,S2-976560455,S3-21555820,S3-494093677
S1-897446792	S2-228644546,S2-626957515,S3-840979553,S3-743257758,S3-943118872
S1-374410285	S2-373112255,S2-827377745,S3-489032350,S3-153673484
S1-98526070	S2-684078063
S1-289531847	S2-748895606,S3-477520123,S3-562293535
S1-642743373	S2-396984221,S2-368073496
S1-352708301	S2-964730299,S2-779921236
S1-955246257	S2-489525283,S2-406541877,S2-988995964,S3-676708825,S3-687260986
S1-307574811	S2-899393793,S2-314661975,S3-516527436
S1-371336905	S2-951625425,S3-278184588,S3-947607928
S1-93873439	S2-814797400,S3-316823791,S3-207803227
S1-523789297	S2-435006991,S3-580337810,S3-528523715,S3-571968152
S1-88833811	S2-877703215,S2-819207964,S3-707572190
S1-345918260	S2-46312556,S2-249110440,S2-795881272,S3-488253545,S3-668174355
S1-941414043	S2-833872421,S3-407495674
S1-977211605	S2-784287949,S3-352446368,S3-107446030,S3-290316648
S1-179241431	S2-750257137,S2-303010093,S2-782750499,S2-956243076,S3-155094005
S1-598506176	S2-917062044,S2-483613477,S2-785847481,S3-272009800,S3-169749975,S3-580372016
S1-575464929	S2-374016838,S3-420498065,S3-614657898,S3-134011790
S1-646968047	S2-928764392
S1-866635296	S2-147356409,S2-968605363,S2-957916428,S2-233022782,S2-598234818,S3-115736836,S3-76190246
S1-618797300	S3-837185632,S3-102949569,S3-166824100,S3-587050174,S3-877453570
S1-176257766	S2-324262000,S2-735103267,S2-110443414,S3-471697269,S3-514750548,S3-129094396,S3-397273352
S1-945466846	S2-557486065,S2-787520522,S2-712420496,S3-4919082
S1-255179175	S2-171839846,S3-732323336
S1-580108890	S2-462516561,S2-39817481,S2-890570281,S3-807805583,S3-598108800,S3-673237219
S1-643108091	S2-868530549,S3-303645750,S3-535893035
S1-524281800	S2-347511310,S2-29611419,S3-503030094
S1-331917946	S2-165335320,S2-920245998,S2-910757629,S2-262652360,S3-499940639,S3-470032923,S3-245151653
S1-167168234	S2-954198804,S2-637245582,S2-441398003,S3-12692329
S1-173010443	S2-586725938,S2-985640720,S3-67752085,S3-386821909,S3-526808622
S1-694589616	S2-824450953,S2-354110106,S2-959699201,S3-467546601,S3-879853389,S3-59618501
S1-603135601	S3-614283587,S3-638573660,S3-64801366,S3-350071116
S1-947002437	S2-478379173,S2-313141705,S3-487796346,S3-393302053,S3-953615027,S3-186936269
S1-111236189	S2-366198481,S3-461001599,S3-388186217,S3-368319743
S1-467893685	S2-724716252,S2-627732138,S2-287777765,S3-48422888,S3-527473476
S1-712245950	S2-967368206,S2-854867764,S2-965518878,S2-66172175,S3-978235576,S3-775998196,S3-639580627
S1-341396909	S2-960988292,S2-447174391,S2-887834178,S3-8514355
S1-843164994	S2-482665649,S3-955892453,S3-669617580
S1-617698128	S2-975686620,S3-77265989
S1-140661520	S2-895037833,S2-622200589,S2-281188606,S3-22837986
S1-52135778	S2-96641343,S3-950355431,S3-846618102
S1-540162520	S2-78639232,S3-142990924
S1-574138249	S2-144546272,S3-441172234,S3-906093840,S3-861056648
S1-627240286	
S1-531965045	S2-40287844,S3-278363649,S3-843094925,S3-385213999
S1-533002349	S2-964986815,S3-229522319,S3-105858675,S3-701952918,S3-466055381
S1-900604739	S2-858450668
S1-422130496	S2-595787827,S3-763663445
S1-134356936	S2-990055244,S2-192914813,S3-156122555
S1-214964636	S2-598156235,S2-535354196,S2-894538178,S3-607235266
S1-912172894	S2-185881109,S2-707595716,S3-309980776
S1-600935582	S2-166122381,S2-271224597,S3-533542011
S1-128101355	S2-133794500,S2-501451842,S2-285059409,S2-202295108,S3-745087720
S1-466710529	S2-723036671,S2-524460204,S3-396136025,S3-290661125
S1-892876782	
S1-45272691	S2-157229187,S2-821180018,S3-784987009,S3-406524004
S1-760147274	S2-262928840,S2-365061259,S2-253673680,S3-745722892,S3-320591677,S3-195401541,S3-241216607
S1-635939973	S2-16324800,S3-517741159,S3-525057983,S3-275310631
S1-912404115	S2-922758279,S2-71156831,S2-587276611,S3-601058849,S3-738879845
S1-223112351	S2-307660141,S2-395968882,S2-546584207,S3-615646884
S1-500206031	S2-42492695,S2-344073905,S3-395485335,S3-891747894,S3-850749798
S1-871446510	
S1-384084816	S2-481077062,S3-859883589
S1-968945227	
S1-810167495	S2-959888456,S3-741699431
S1-362001446	S2-419126825,S2-603469135,S2-782456735,S3-361581691,S3-932085219,S3-827396419
S1-452407569	S2-925038680,S2-646413204,S2-835384367
S1-165555281	S2-385166201,S3-433915670
S1-857381208	S2-346893205,S2-116734226,S3-239333248,S3-768627069
S1-33744341	S2-360958780,S2-59375135,S3-168666436,S3-76159927
S1-320448967	S2-512724417,S2-57061420,S2-916144464,S2-359593460
S1-9952156	S2-539795874,S2-137357518,S2-144189723,S2-677866940,S3-156109161
S1-913908038	S2-724112866,S3-631330674,S3-835404496,S3-14807419
S1-726860670	S2-8703194,S3-165705146
S1-186266192	S2-382845090,S2-638823451,S3-302772550
S1-225243200	S2-760385237,S2-954673307,S2-487061741,S3-576479550,S3-924194411
S1-912979421	S2-642924882
S1-917715202	S2-379407250,S2-301685347,S3-177402669,S3-991196446
S1-15689441	S2-467777549,S2-495155534,S2-583017137,S2-257981733,S3-238463630,S3-567319823
S1-640640078	S2-386202307,S3-954091334,S3-673774718,S3-909520722
S1-283199228	S2-610907739,S2-377013310,S3-108883390
S1-19857830	S2-198363138,S2-506283572,S3-997491001
S1-76222476	S2-575379080,S2-166751335,S2-168981431,S3-403283442,S3-329836190,S3-102786820,S3-171821746
S1-536841164	
S1-275787306	S2-645789064,S2-864109940,S3-670307383,S3-636539844,S3-197581677
S1-337265868	S2-958164219,S3-214281985,S3-959331681,S3-386331118,S3-577633278
S1-747335243	S2-477341436,S3-256587298
S1-526673475	S2-144316611,S2-455752057,S2-252020586,S3-960396509,S3-932606347
S1-570200229	S3-569616183,S3-657705458,S3-855196259
S1-384903116	S2-180054289,S3-208689200
S1-505165525	S2-812294439,S3-324747406,S3-482106136,S3-538502816
S1-809064657	S2-500005315,S2-23071565,S2-162602516
S1-49408545	S2-460340269,S3-758192318,S3-619608887,S3-975794406
S1-939038449	S3-484753618,S3-378508077,S3-970162905
S1-185427236	S2-973545230,S3-431656936
S1-199719839	S2-968121837,S2-376267676,S3-108109313,S3-447877493,S3-788029742
S1-334496618	S2-293619899,S2-907221190,S2-952084094,S3-445482986,S3-974338294,S3-616641741,S3-141718430,S3-593836041
S1-532498443	S2-916747616,S2-576209095,S3-32922188,S3-342289115
S1-703232798	S2-572474284,S3-975906917,S3-745776780,S3-266244610
S1-225268599	S2-2732476,S3-557481737,S3-306629881
S1-90085024	S2-74056746,S3-723260703
S1-154851669	S2-133175158,S3-60120182,S3-789146597,S3-282417191
S1-570827462	S2-998813212,S2-35760412,S3-656440942,S3-523802884,S3-535664069
S1-195040555	S2-293776723,S3-375679515,S3-878842514,S3-576778567,S3-230268042
S1-966952251	S2-590790455,S2-660083739,S3-608390460
S1-818990363	S2-381651063
S1-69955581	S2-436036390,S3-53846542,S3-589752645
S1-475925036	S2-548925715,S3-550567976,S3-946641710,S3-13164778
S1-19827950	S2-216070171,S2-214414761,S2-889446136,S3-845391467,S3-46455662,S3-574359905,S3-505465780
S1-801147378	S2-264411772,S2-340814155,S3-281831989,S3-413589150
S1-667956314	S2-838421841,S3-498131114
S1-297867958	S2-530566879,S2-714934718,S2-261652323,S3-134119925
S1-945854564	S3-316081392,S3-837428595
S1-110070329	S2-617928085,S2-397389697,S3-76664218,S3-293599126
S1-805489370	S3-131128214,S3-344025912,S3-129863963
S1-231179146	S2-513917805,S3-704384972,S3-555085285
S1-47420339	S2-520188694,S2-827317375,S2-446495925,S3-895620771,S3-564705706
S1-404094076	S2-401281844,S3-745120661,S3-985261809
S1-443952297	S2-147452948,S2-370090026,S3-858959357
S1-644613879	S2-6481087,S3-664045802,S3-118554233
S1-716730627	S2-929696968,S2-587681955,S2-306475060,S3-521081664,S3-219737954
S1-361564708	S2-248909303,S3-634001580,S3-336818048
S1-914856702	S2-49553967,S2-312389419,S3-709849984,S3-707831161,S3-878926239,S3-758201458,S3-104011508
S1-575020855	S2-633983073,S2-643270963,S3-998824898,S3-292955153,S3-995189581,S3-198304886
S1-693097134	S2-787550456,S2-576796855,S3-598347388,S3-104156542,S3-854701200
S1-275943107	S2-843985765,S2-647014413,S2-711891603,S3-183284467
S1-581805237	S2-399965891,S2-968613707,S2-757037103,S2-660411877,S3-463623999,S3-114018931
S1-58097271	S2-50565759,S3-241863661,S3-556494260
S1-616800636	
S1-886725766	S2-862465014,S2-665889889,S2-106781223,S2-956303410
S1-794267700	S2-748088592
S1-76427762	S2-296348449,S3-984947149
S1-336665409	S3-805427701,S3-663253626
S1-633254529	S2-412487958,S2-298036882
S1-194193528	S2-421757045,S3-319346977,S3-165513816
S1-84777223	S2-262991543,S2-772586779,S2-858455185,S2-265399553,S3-244740898
S1-176006754	S2-515221559,S2-688475829,S3-994848584,S3-377521186
S1-515704809	S2-20011244,S2-912336368,S2-151395920,S3-802275644,S3-330085949
S1-442200938	S2-920030749,S2-925388828,S3-223291037
S1-61985109	S2-225902648,S2-487543816,S3-635051797
S1-941474460	S2-118011640
S1-412914735	S2-972459254,S3-209103735,S3-546903424,S3-982362246,S3-267950878
S1-908714556	S3-910792226,S3-166831493
S1-877771139	S3-31252934,S3-842085251
S1-849294011	S2-857499439,S3-641343617
S1-399491682	S2-754743646,S3-696749979
S1-692976342	S3-659442561,S3-183159211,S3-403066906
S1-503750881	S2-756801259,S2-801286772,S2-633786494,S3-27411266,S3-850664916
S1-773811030	S2-169868254,S2-85974114,S2-115376641
S1-349156631	S2-739707258,S2-50068481,S2-962811232,S2-436306308,S3-585782890
S1-531178870	S2-605112852,S3-435832726,S3-174388879
S1-756421713	
S1-665181781	S2-500220045,S2-926231226
S1-385203350	S2-59686400,S3-837668927,S3-143120013,S3-490401385,S3-179526827
S1-466709785	S2-537011129,S2-983339096,S2-962922711,S3-24185671,S3-476614275
S1-69038385	S2-459221188,S2-950070711,S2-262057405,S2-125360628
S1-986915306	S2-463032896,S2-502913284,S2-891629912,S3-621925784
S1-450161843	S2-656388877,S2-974648782,S3-316590952,S3-563334104,S3-402945393
S1-887708662	S2-715703231,S2-682186142
S1-357685065	S2-109476833,S3-196979125,S3-822816539
S1-101666307	S2-261526327,S2-608237744,S3-796957852
S1-537279897	S2-908205935,S3-470940347,S3-789556916
S1-102493349	S2-722121326,S3-92423116,S3-447003023
S1-289350430	S2-618488745,S3-980871988,S3-240267473,S3-676905092
S1-348203515	S2-337419172,S2-467674746,S3-705401221,S3-787215132,S3-605954661,S3-369355006,S3-234537576
S1-832243548	S2-630749342,S3-192371497,S3-57189439,S3-66876592,S3-43092358
S1-576288547	S2-191159193,S2-116854229,S2-656372744,S2-258514425,S3-113480492,S3-451350593,S3-586531817
S1-561078763	S2-125846361,S2-653239451,S2-78322650,S3-584700453,S3-403324780
S1-373953646	S2-630996300,S3-486633882,S3-199426955
S1-916189551	S2-787239083,S2-354269899,S3-697289302,S3-193823216
S1-468173554	S2-122349402,S2-580956894,S3-761028720
S1-405865953	
S1-983273200	S2-170825211,S2-744576278,S3-589554070,S3-423013384
S1-716256821	S2-562095999,S3-806926005,S3-982103307,S3-518034943
S1-709475765	S2-336166341
S1-869165097	S2-881594748,S3-146890364,S3-726281074,S3-453071633
S1-267592800	S2-811756798,S2-71787181,S3-681795802,S3-584227585,S3-772473476
S1-111150197	S2-34958786,S3-660384275
S1-152714268	S2-917237883,S2-775078486,S3-704611606
S1-738641536	S2-96143683,S3-87970281,S3-646522504
S1-488440596	S2-111837871,S3-721291654,S3-784490701
S1-39341417	S2-962352984,S3-929151346,S3-976543618
S1-670217069	S2-276561609,S3-198986685
S1-959230752	S2-503552698,S2-344172361,S2-816378448,S2-376660076,S3-268776349
S1-669698049	S2-562766225,S3-319195767,S3-491429023,S3-248153324,S3-250654003
S1-711034252	S2-15588304,S3-328078171,S3-166665410
S1-939558416	S3-546004470,S3-399277683,S3-78642673,S3-12605707
S1-845026076	S2-792756160,S3-104895367
S1-605216043	S2-100870457,S2-629064112,S3-675326011,S3-992291856,S3-63981544,S3-287361068
S1-838944168	S2-422658329,S3-401220467
S1-163670887	
S1-572317221	S2-574704378,S2-7905015,S2-834292982,S2-925699645,S3-314034524,S3-119952929,S3-234496862
S1-12431232	S2-822008217,S3-202204451
S1-91227576	
S1-638566043	S2-668225258,S2-312490251,S3-374370443
S1-938353701	S2-930916219,S2-212559296,S2-387349409,S2-115015019,S3-256877206,S3-508798337
S1-645651223	S3-97403184,S3-544159028
S1-425688538	S2-339160693,S2-823165153
S1-47483887	S2-92012966,S2-299135083,S3-75617931,S3-185523123
S1-604672315	S2-584654166,S3-787333115
S1-568584439	S2-259389804,S2-307876938,S2-208123863,S3-521682890,S3-247880519
S1-120735972	S2-594268454,S2-89610133,S2-975237072,S3-17757743,S3-55256821,S3-136270100
S1-976600847	S2-57146146,S3-637715952,S3-593948586,S3-315027658,S3-425564252
S1-245556290	S2-714525311,S3-986098605
S1-182445053	S2-200187818,S3-76883363,S3-450602988
S1-953251552	S2-933178528,S3-262957558,S3-963975453,S3-656238208
S1-585157717	S2-779811097,S3-897557850
S1-196255233	S2-471791531,S2-452676752,S2-948913164,S2-39558232,S3-688215587,S3-846723873,S3-239940565
S1-643669408	S2-390881086,S3-617085412
S1-780921055	S2-821850268,S2-179770424,S2-215042301,S2-155623017,S3-968420647,S3-988806506
S1-570007901	S2-4013678,S2-582659799,S2-318060787,S3-295950006
S1-57579729	S2-344529178,S3-626683177,S3-700560050
S1-496481426	S2-212509467,S3-682104577,S3-550177283,S3-31953799
S1-166718877	S2-617554397,S2-496617037,S3-78073175
S1-735251865	S2-7004132,S3-274757928,S3-497735861
S1-946930807	S2-413863424,S3-175201713,S3-775985682,S3-34210447
S1-662446933	S2-790410416,S3-752350310,S3-241610540
S1-54171861	S2-404352850,S3-846995832,S3-364727348
S1-199895129	S2-524724636,S3-219501685
S1-677534815	
S1-530018634	S2-354448121,S2-260645315,S3-517173644,S3-646082368
S1-828843638	S2-266391731,S2-350503547,S2-973346842,S3-62248195,S3-755089483
S1-606439070	S2-330217600,S3-933654913,S3-520159870
S1-985894504	S2-404867337,S2-910441689,S2-824965812,S2-308707729,S3-852638785,S3-696327081,S3-247237848,S3-38646717
S1-633312896	S2-19206213,S3-914581157,S3-69369133
S1-400976263	S2-604642671,S3-467951221,S3-633316677,S3-255674917
S1-695357369	S3-21115482
S1-503902177	S2-683569943,S2-267324988,S2-724159659,S3-905259114
S1-270877495	S2-261557706,S2-950183869,S2-816247330,S3-729128956,S3-579806018,S3-785554559,S3-446588976
S1-250158361	S2-582930260,S3-824773367,S3-52125382
S1-841775325	S2-248923371,S2-177471561,S3-833911705,S3-816073095,S3-566965120
S1-831512452	S2-885143320,S3-515105328,S3-666940448
S1-671151647	S2-491863670,S2-198961686,S3-546102650,S3-936122260,S3-256629029
S1-194979989	S2-830055599,S2-986095350,S3-973070993,S3-272583866
S1-990045502	
S1-995226433	S3-14328775
S1-6203337	
S1-727401924	S2-537600170,S2-356961641,S2-528204118,S3-500309247
S1-2272351	S2-3636707,S3-873580613,S3-480565707
S1-898427598	S2-269469661,S3-874806585,S3-656244924
S1-721507940	S2-192511354,S3-512569321,S3-433982844
S1-386159798	S2-68891483,S3-935464143
S1-685746239	S2-418127332,S2-244930977,S3-697534480,S3-10190436
S1-96323101	S2-773904689,S3-897503061
S1-208908560	S2-765794042,S2-445039497,S3-40163650,S3-797691814
S1-808092276	S2-225921192,S3-784470805,S3-139599142,S3-995031599
S1-359463471	S2-275290369,S2-755732369,S3-34165326,S3-652561902
S1-54914405	S2-712873233,S2-586123691,S3-20209677,S3-389167570
S1-294405046	S2-547046360,S3-897977652,S3-600985384
S1-807054088	S2-822965394,S2-328359111,S3-84012802,S3-380758034
S1-249364063	S2-654168663,S2-266257050,S2-718116818,S3-717863694
S1-543640962	S2-365035537,S2-119545463,S3-376330114,S3-182010208
S1-624773164	S3-139086893
S1-306110961	S2-229742245,S2-364267516,S2-166650663,S3-97564711
S1-626388836	
S1-833907275	S2-209032162,S3-991728984
S1-261697610	S2-464686733,S2-348187169,S2-509844651,S3-661156269,S3-728270683,S3-951340660
S1-478799357	S2-523375433,S2-553093231
S1-338580819	S3-882461134
S1-481541073	S2-757905189,S2-110091784,S3-401162299,S3-451088668
S1-161672116	S2-241614943,S3-642270820,S3-806571151,S3-325714061
S1-584854335	S2-813821883,S3-980762227
S1-674323954	S2-785756386,S3-325288398,S3-662911269,S3-339831856
S1-594999840	S2-13691863,S3-902333639
S1-527617327	S2-598253650,S2-429024403,S3-491298875,S3-106810608
S1-127526060	S2-220251949,S3-601616337,S3-140769984,S3-181192155
S1-838541173	S2-94761646,S2-907308646,S3-481303001
S1-530064128	S2-949137071,S3-548682059
S1-353564895	
S1-296560554	S2-910886274,S2-916980707,S2-669369671,S3-713452295,S3-88599206
S1-981209473	S2-186611656,S3-309049923,S3-493350022
S1-179001149	S2-687502683,S2-405354576,S3-745603075
S1-563446501	S2-68051574,S2-975224132,S3-19493688,S3-791557443,S3-129133212
S1-832634478	S2-235300937,S2-751977605,S2-269275155,S3-497473604,S3-809916536,S3-85663715
S1-773908113	S2-646456123,S2-297444928,S2-656163918,S2-692554125
S1-936868858	S2-593088562,S3-126613852,S3-687586273,S3-705765070,S3-802715097,S3-454783549
S1-490243619	S2-664703769,S2-384225991,S3-664753473,S3-333443216,S3-194087850
S1-419177754	S2-159837989,S3-432981029,S3-621790091
S1-238051827	S2-858055216,S3-212951371,S3-706105549
S1-656866381	S2-541403872,S2-149842508,S2-820313867,S3-457100804
S1-865263426	
S1-770356164	S2-33967971,S2-471225473,S3-191131826
S1-757013296	S2-818660405,S2-707942200,S3-778137160,S3-487245500,S3-739524125,S3-689245861
S1-512297337	S2-545532288,S2-5942850,S3-839442390
S1-243820639	S2-78850033,S3-888678198,S3-863866315
S1-52949334	S2-230218706,S2-440900328,S3-927059420,S3-202356151,S3-127065320
S1-776009989	S2-626898988,S2-59390047,S3-273610371,S3-4488872
S1-137058302	S2-415803884,S2-41324998,S3-131205355,S3-272070891
S1-349328269	S2-221563742,S2-338714326,S2-445965632,S2-797208268,S3-96640963,S3-937240376,S3-108674921
S1-793431257	S2-609435988,S3-718750577,S3-705010724
S1-31601891	S2-229565874,S3-420659889
S1-581831982	S2-792054913,S2-995056067,S3-104612025,S3-534537530
S1-527517618	S2-471229244,S2-319948136,S3-937657140,S3-228379795
S1-856431278	S2-108691234,S3-575087721,S3-931230255,S3-227553174,S3-966529413
S1-818350831	S2-383817172,S2-293881982,S2-704178693,S3-272018427,S3-396632885,S3-159235482,S3-584535804
S1-78789684	S2-704899,S3-30685240,S3-116384999
S1-992899645	S2-510747571,S2-685287644,S2-47858882,S2-670264401,S3-186309233
S1-701254154	S2-372977715,S2-6875161,S2-822786820,S2-923547603,S3-484986778,S3-295879993,S3-398969235
S1-815811943	S2-866932722,S2-723526406,S3-69155439,S3-127725173
S1-361453131	S2-287296020,S2-367697117,S3-75736280,S3-528213311
S1-369008690	S2-101264645,S2-926235364,S3-6062342
S1-473323471	S2-269517408,S2-970587697,S2-50930276,S3-149624361,S3-153635228
S1-999060335	S2-354516554,S2-159369821,S3-80719770,S3-620040091
S1-328593307	S2-879872192,S3-41894621,S3-26931601,S3-750957625
S1-305516274	S2-782270568,S3-81745296,S3-678097610
S1-49423566	S2-320733999,S3-837201098,S3-124334784
S1-551736279	S2-468799632,S3-177466958,S3-927231144,S3-939916683,S3-423696349
S1-121369761	S2-141812691,S2-184406955,S3-505792429
S1-912361100	S2-449934440,S2-534131981,S2-237103898,S3-632297664,S3-67439313,S3-776498108
S1-616480084	S2-583518583,S3-978169491
S1-112451643	S2-529716276,S2-440321265,S3-87923753,S3-529295967
S1-575800080	S2-107354533,S2-453235734,S3-806786616,S3-306050050
S1-494533763	S2-179267495,S3-414231183,S3-253430807
S1-258560704	S2-82411283,S2-923166461,S2-405098297,S3-704627655,S3-702321300
S1-799280061	S2-408874234,S3-5944751,S3-487125745,S3-513439340,S3-136611886
S1-289948671	
S1-611182592	S2-298308483,S2-65967022,S3-129288170,S3-812536488,S3-314695219
S1-877194689	S2-463925379,S2-534466424,S3-492705681,S3-467532443,S3-362339570
S1-500722486	S2-963082910,S2-825823468,S3-646743984,S3-15997416
S1-596626408	S2-91298500
S1-516455140	S2-942435399,S2-492717450,S3-612414034,S3-153795311
S1-225692685	S2-848483317,S3-202595450
S1-790688732	S2-622442723,S2-659097517,S2-904588658,S2-387278573,S2-79277235,S3-178525664,S3-860953681,S3-562643715
S1-107581104	S2-866647176,S2-285908490,S2-644411920,S3-684057057,S3-870799755
S1-820672063	S2-425942286,S3-804350626,S3-169416991
S1-704152581	S2-202072534,S2-687533848,S2-306209262,S3-264194877
S1-621467966	S3-345294634,S3-970971806,S3-783717736
S1-719360392	S2-271274153,S2-397614607,S2-862571393,S2-897468272,S2-135894576,S3-276097436,S3-530415929,S3-938517756
S1-998428227	S2-272628086,S2-411341899,S2-889111268,S3-154057603,S3-432234270
S1-700662631	S2-11762139,S3-47876876
S1-348991322	S2-322441800
S1-578698531	S2-771034993,S3-975273613
S1-676076217	S2-357695921,S2-44081455,S2-564770796,S3-266001099,S3-58930738
S1-547015977	S2-793087733
S1-602105800	S2-299679063,S3-785584213,S3-276297013
S1-585128162	S2-355824596,S2-667765088,S2-518108226,S3-314900229,S3-275355764
S1-840473676	S2-117199234,S3-352180810,S3-542003416,S3-978784358
S1-575339935	S2-115162025,S3-875554965
S1-338253242	S2-376642999,S2-530407008,S2-750297604,S3-331228654
S1-382379304	S2-172274944,S2-535367359,S3-539812725,S3-882715436,S3-383053488
S1-353956864	S2-558723663,S2-421921653,S2-458534569,S3-168047673,S3-425093353
S1-641001735	S2-793351422,S2-517552379,S2-249118025,S3-472107354
S1-172097942	S2-721697982,S3-739861385,S3-129949236,S3-752667878
S1-60893603	S2-525444752,S2-432475341,S2-550938181,S3-739336001
S1-820864948	S2-591451896,S2-301843169,S2-142007761,S3-330379193
S1-812621284	S2-956017682,S2-447614171,S2-132077755,S2-48022593,S3-507130961,S3-544774232,S3-162514443
S1-387836202	S2-261001826,S2-680852702,S3-687567281,S3-909986918,S3-91995491
S1-181070433	S2-297908479,S3-524202373,S3-575076389,S3-346703821
S1-939081599	S2-629098976,S3-255799127
S1-976852920	S2-565969023,S2-33098893,S2-163342537,S3-467438019,S3-612620510
S1-816111556	S2-285458740,S2-89221714,S3-444404413,S3-215834233
S1-538728752	S2-127245052,S3-177659926,S3-924985383
S1-320899119	S2-656477498,S2-904020413,S2-997092810,S3-970011048,S3-566173176
S1-952634862	S2-194697534,S3-832814251
S1-623116863	S3-192434682
S1-339122211	S2-838473497,S3-542607524,S3-765217315
S1-206069226	S2-959236067,S2-589441931,S3-514208729,S3-583144381
S1-858319548	S2-39150164,S2-937311371,S2-321123809,S3-187378144,S3-951251778
S1-153349675	S2-909349109,S3-707879652,S3-505927000,S3-388298450
S1-206862803	S3-983527609
S1-836630456	S2-81972071,S2-279932629,S2-661352818,S2-310966922,S3-616290089,S3-40536328
S1-207554412	S2-769198246,S2-680920581,S2-495024666,S3-960120035
S1-295901845	S2-879236968,S3-259436710
S1-58997889	S2-815224880,S2-34159244,S3-829374684,S3-196339962,S3-492117789,S3-268959272
S1-203820550	S2-876245539,S3-361475584,S3-991572471
S1-980900644	S2-239149547,S2-904415932,S3-537871998,S3-968932527,S3-54647518,S3-471970456
S1-560529046	S2-727839096,S2-90959113,S3-26323547
S1-335425062	S2-187192022,S3-639863646
S1-315653381	S3-265078977,S3-681663490,S3-201038804
S1-942620126	S2-984632467,S2-997685918,S3-877195585,S3-659620776
S1-802919036	S2-706753822,S2-425945407,S3-42322784,S3-712330915
S1-786584771	S2-704937318,S2-597639417,S3-30086264,S3-69141032,S3-121239805,S3-676371282
S1-772252017	S2-905602279,S3-540194275
S1-742839959	S3-438085941
S1-940104460	S2-422023953,S3-610460480,S3-861805079,S3-148052111,S3-8209357
S1-758951227	S2-729357222,S2-283152125,S3-629476491,S3-432585417,S3-182085683
S1-186095254	S2-558942620,S3-37901527,S3-929700782,S3-353099767,S3-839101888
S1-959124426	S2-167119740,S2-784837922,S3-57745434
S1-514409142	S3-6809066,S3-78161961
S1-709851552	S2-258137372,S3-469376192,S3-247675808,S3-672213808
S1-670037359	S2-867010484,S3-565978168,S3-520946256,S3-975657058
S1-198670381	S2-290833595,S3-394343876,S3-509445829
S1-317195843	S2-915523702,S2-550939847,S2-676465995,S3-736238321,S3-594473491
S1-847632933	S2-176245966,S3-239473064,S3-51855876
S1-541875970	S2-391208178,S3-977437792,S3-420875461
S1-736278194	S2-26734976,S2-162848752,S2-639989442,S2-993097609,S3-342885690,S3-594191274
S1-965063375	S2-375071626,S2-661265712,S3-168027965
S1-683534190	S2-152912300,S3-560805013
S1-526423517	S2-973382473,S3-390208324
S1-214379389	S2-638178027,S3-385756329,S3-533647387
S1-28673968	S2-835480355,S3-380701268,S3-622741971
S1-40117121	S2-877076081,S2-702112343,S3-834666710,S3-11786939,S3-599228129
S1-199389004	S2-889182305,S3-935650075
S1-48980027	S2-699065874,S3-92132722,S3-887281556
S1-474410411	S2-367110483,S2-131250366,S3-741895960,S3-913483136
S1-572832515	S2-338135225,S2-727690393,S2-675320598,S3-490052565
S1-820455251	S2-816857684,S2-606194653,S3-70176638,S3-425871672
S1-676153805	S2-62713099,S3-238353546
S1-783012045	S2-353744359,S3-782436503,S3-693139467,S3-595057615,S3-226414332,S3-589204382
S1-291211748	S2-659808129,S2-207752528,S2-899836805,S3-645136490
S1-509163332	S2-308916671,S3-613120082,S3-378599136,S3-11711086,S3-618425666,S3-594042916
S1-693252418	S2-822017001,S3-587839619,S3-875049169
S1-463046114	S2-203308177,S2-383013278,S2-350407204,S3-360646839,S3-28904087,S3-74375145
S1-746716924	S2-340081021,S2-790806424,S3-50500740,S3-220532165
S1-154234972	S2-304450460,S2-969344678,S3-769767070,S3-918953965
S1-378920687	S2-306434882,S2-265073681,S3-201238136,S3-106454941,S3-242229269
S1-326923183	S2-500550228,S2-762651911,S3-769630687
S1-344311461	S2-329947393,S3-431959242
S1-532702314	S2-380221627,S2-357528125,S2-812675112
S1-574075415	S2-776958516,S2-240082391,S2-926529105,S3-414541211,S3-551399174
S1-122888975	S2-257288400,S2-388089082,S2-254481956,S3-931345914
S1-393778083	S2-950244681,S2-302305300,S2-77434021,S2-57337181,S3-566069284
S1-968793373	S2-56024985,S3-720974103,S3-597979890
S1-820023378	S2-829051027,S2-498458340,S3-649810413,S3-793872559
S1-441319551	S2-138310287,S3-461747252,S3-435334290
S1-209948247	S2-736627678,S3-137778838
S1-847979979	
S1-476202422	S2-60765080,S2-613777947,S3-9109732
S1-19623604	S3-107472134
S1-370952442	S3-48143891,S3-979948296
S1-553100510	S2-511035209,S2-149143867,S2-385133095,S2-407515154,S3-545359610,S3-183319055,S3-52484222
S1-246288063	S2-832752431,S3-691666052,S3-859988615
S1-992166297	S2-168689359,S2-79400095,S3-614758358,S3-696763796
S1-907108480	
S1-702010060	S2-229146539,S2-810779252
S1-547484010	S2-558773776,S3-476240747
S1-511968399	S2-126671381
S1-627977466	S2-198934506,S2-834270364,S3-216454169,S3-536377022,S3-140423650
S1-519896262	S2-511734642,S2-797409350,S2-632285743,S3-258861425
S1-441459667	S3-296336636
S1-667897092	S2-613246413,S2-27633585,S2-399917209,S3-777832988
S1-231737550	S2-242448402,S2-160952214,S3-720584288,S3-247584966
S1-673979622	S2-446503880,S2-18088353,S3-972674020,S3-624900030
S1-810027296	
S1-816478092	S2-88832002,S3-2230559
S1-523375730	S2-459185613,S2-149365598,S2-32005637,S3-158448687,S3-610811918
S1-618776681	S2-70000009,S2-545912622,S3-503682542,S3-104121808,S3-566672386,S3-105039093,S3-155235519
S1-861839351	S2-712645613,S2-802084599,S3-50584894
S1-742370663	S2-56921568,S3-686907873,S3-591623672
S1-521242871	S2-969057973,S3-771887513,S3-197789414
S1-243130838	S2-651885552,S2-580455199,S3-894903719
S1-759943989	S2-4960809,S3-374337920,S3-789968297
S1-513862056	S2-682115705,S3-352194592,S3-11070684,S3-753088111
S1-258085232	S3-212255008
S1-973012389	S2-738878151,S2-748929044,S3-470415660,S3-473721131
S1-628732819	S2-783058140,S3-789756407,S3-872694506
S1-495351116	S2-840391280,S2-749884854,S3-431526787,S3-84741631
S1-840415978	S2-860550924,S3-69670776
S1-525189594	
S1-208881166	S2-498342026,S2-19603052,S2-88536557,S3-152360121,S3-674765452,S3-756466137,S3-656229934,S3-304380354
S1-620325725	S2-832312192,S3-828431171
S1-862407497	
S1-578870798	S2-918840834,S2-253467944,S2-291108605,S2-506023124,S3-79827316,S3-860077900,S3-710644267,S3-238096548
S1-903637765	S2-759238800,S2-636936578,S3-52577488,S3-387443622,S3-978118138
S1-617065210	S2-888963787,S2-951112593,S3-673608561
S1-505302109	S3-225203644
S1-610613417	S2-157016634,S3-331075789
S1-559766721	S3-328800686,S3-770793686
S1-658425951	S2-63117454,S2-614190101,S2-364644510,S3-69206779,S3-298886170,S3-977938222
S1-366774065	S2-899657955,S2-150863604,S3-340125107
S1-164275196	S2-726331990,S2-592382290,S3-887545305,S3-574791184
S1-381262080	S2-68617461,S2-716929954,S3-986983953
S1-929079197	S2-523552694,S2-783332309,S2-445354220,S3-431438815,S3-519187223,S3-990145242
S1-780435899	S2-293503201,S2-522423597,S3-815972320
S1-101558888	S2-746895295,S3-591888325
S1-561914411	S2-108277039,S2-594783306,S3-220704324,S3-824525856
S1-225077818	S2-851838846,S2-407583690
S1-855281034	S2-781877824,S3-178433794
S1-926863484	S3-786286007,S3-746639998
S1-217260172	S2-651338614,S2-620251877,S2-630020697,S3-114872983,S3-540080397,S3-283072677
S1-278203542	S2-114685554,S2-846108682,S2-75770521,S2-603478206,S3-714354118,S3-544517083,S3-165610331
S1-341888650	S2-708163819,S2-448104093
S1-996380910	S2-15130208,S2-152406272,S2-743833230,S2-638505295,S2-511095047,S3-3742314,S3-227384988,S3-38878806
S1-676156751	S2-688742520,S2-399810050,S2-997315615,S3-381108709
S1-419444657	S2-184995850,S2-204485292,S3-518452121,S3-745272913,S3-168672880,S3-529315820
S1-495898725	S2-219078335,S2-743492195,S3-734341786,S3-907718173
S1-423715977	S2-983646899,S2-300590334,S2-910400964
S1-73217863	S3-937798332,S3-118912858
S1-433691047	S2-774367500,S3-203657437
S1-59178154	S2-567675810,S3-963046851,S3-597904841
S1-343513985	S2-208556443,S2-61301390,S2-345747158,S3-545753592,S3-465908354
S1-487235070	S2-273083163,S2-589103556,S3-698867281,S3-436199207
S1-251997827	S2-754722973
S1-416717185	S2-809472993,S2-116614957,S2-411412322,S2-798511459,S3-609983469,S3-708431942,S3-835999411
S1-500116243	S2-243879781,S3-18564590
S1-183564821	S2-683211434,S2-56573515,S3-157891532,S3-807397802
S1-367987484	S2-269382303,S2-63618830,S2-703676453,S3-234962970
S1-828992321	S2-446288013,S2-550900279,S3-986526185,S3-867650697
S1-578245297	S2-431813440,S2-617832825
S1-38288263	S2-860581962,S3-417433225
S1-590850422	S2-778903852,S3-244640857
S1-73537611	S2-319348889,S2-726893252,S3-758351496
S1-68456025	S2-223642156,S2-564575070,S2-146356231,S3-384557007
S1-814430739	S2-827264203,S2-425273644,S2-295657308,S3-269877483,S3-909608255,S3-739573972,S3-588432447
S1-553220857	S2-805109237,S2-711712784,S2-245752830,S3-134658523,S3-866257561,S3-411326264,S3-525528262
S1-580199813	S2-287994905,S2-754384297,S2-340044895,S2-574402129
S1-934043089	S2-99585914,S2-705302947,S2-275693578,S3-580232287
S1-290948056	S2-832082900,S3-498773090,S3-571459728
S1-79479511	S2-320785681,S2-638152723,S3-149368802
S1-197816882	S2-335658785,S2-736585370,S3-654681588
S1-733552243	S3-886423765,S3-564729451
S1-165216846	S3-707236352,S3-697020795
S1-31561224	S2-842858984,S2-612962971,S2-482802590,S3-101267579
S1-432935953	S2-303695550,S3-820903559,S3-46229314,S3-81603940,S3-658632589,S3-3692767
S1-711941394	S2-66728382,S3-968699969,S3-171501116
S1-866813114	S2-430240190,S2-795069402,S3-61221964
S1-790136155	S2-870711277,S2-106021536,S2-84226195,S2-266360260,S3-832263772
S1-69284743	S2-483779389,S3-219997337,S3-109343741
S1-204898165	S2-755881701,S2-817899918,S3-425529667
S1-917056554	S2-815912416,S2-430222737,S2-157109150,S3-775883324,S3-603772781
S1-652875489	S3-825917464
S1-97702634	S2-509333501,S2-722137924,S3-987985792
S1-942132846	S2-815385805,S3-799753412
S1-78559587	S2-539586039,S2-811986153,S2-183393419,S3-860016498,S3-781002367,S3-720000228
S1-32902155	S2-568320821,S3-383621598,S3-94467399,S3-221667545
S1-804772186	
S1-828319400	S2-726381672,S2-298777473,S3-129683916,S3-316235407
S1-958926401	S2-865023601,S3-583257207,S3-230059201
S1-618705987	S2-548762149,S3-464026652,S3-570438224,S3-369457828
S1-353944640	S2-735104921,S2-696668182,S3-441090427,S3-847894076,S3-76864762
S1-5740902	S2-490203318,S3-207533210,S3-504560572
S1-916355603	S2-188447260,S2-160163104,S2-436018272,S3-86092633,S3-297535414,S3-784107607
S1-403414610	S3-388239610
S1-923432081	S2-998668189,S3-280130985,S3-838063768
S1-33649305	S2-391543237,S3-288811690
S1-377504378	S2-365425764,S2-51611702,S3-618146840,S3-685380510,S3-182707711
S1-825800705	S2-793826032,S2-748892314,S2-437929642,S3-859394854
S1-646189771	S2-338160040,S3-573830667
S1-300460763	S2-546743509,S2-235278294,S2-430843083,S3-507802729
S1-186301394	S2-164993041,S2-441254498,S3-119185828,S3-842557689
S1-450434457	S2-124504546,S2-554311420,S3-961208296,S3-260016597
S1-579465453	S2-547899907,S3-678368828
S1-361917992	S2-721441831,S2-429337251,S2-654828494,S2-402728614,S3-166923898
S1-71049029	S2-251248332,S2-906638295,S2-802791150,S2-972717885,S3-873132805
S1-359752121	S2-378308209,S3-652470251,S3-184263086
S1-781564526	S2-842392522,S3-372220045,S3-61413890,S3-285463580
S1-820080956	S2-572012846,S2-71911194,S3-760361234
S1-927006293	S3-819686233,S3-64447241,S3-268892545
S1-960497306	S2-580182998,S3-642743706,S3-813751441
S1-265558575	S2-297043847,S3-66901934,S3-983671714,S3-563156018
S1-321275283	S2-972840591,S2-535363664,S2-944919358,S3-756421282,S3-161240066
S1-881554221	S2-256845882,S2-770249322,S3-298494186,S3-154354521,S3-709330324
S1-998603783	S2-435469112,S3-493172317,S3-455326174,S3-323805796
S1-868364938	S2-890700683,S2-308069149,S3-81630275,S3-247717990
S1-44130770	S2-854026290,S2-569291925,S2-786187320,S3-409002596
S1-221688294	S2-57727635,S3-780879747,S3-498034023
S1-284783623	S2-793729079,S2-492812231,S2-116698892,S2-175357380,S3-771165608,S3-725004239,S3-846602571
S1-915535932	S2-604349695,S3-450048258
S1-578992399	S2-223945114,S2-848243024,S2-393179709,S3-694394956
S1-365066438	S2-317278534,S3-306555216,S3-850644695
S1-536430602	S2-844201040,S2-234446232,S3-312138866
S1-91421771	S2-914040861,S2-760425191,S3-391313308,S3-739288732
S1-736261724	S2-132085884,S3-133019864
S1-333885410	S3-171096177
S1-848092608	S2-370980468,S2-876579898,S2-594867750,S3-973207774
S1-201873423	S2-253827921,S3-726242882,S3-921824396
S1-307408110	
S1-111212615	S2-75318767,S2-271861065,S3-422214615,S3-813830541
S1-99637011	S2-709225451,S2-14610811,S3-970026874,S3-713216876
S1-990472920	S2-948256544,S2-485905610,S3-691388171
S1-451881769	S2-985381481,S3-648548828,S3-521901012
S1-464136805	S2-363145144,S2-691705833,S2-102699929
S1-723536643	S2-921803799,S2-625832791,S2-498029744,S3-847141546,S3-62030102
S1-769017555	S2-832561902,S3-445581873
S1-391607985	S2-46706329,S2-612796215,S3-541014063
S1-521923771	S2-927623932,S2-713385366,S3-677619438,S3-884810786,S3-989536948
S1-794129259	S2-834977666,S2-796431922,S2-151905221,S2-696952100
S1-730634436	S2-965031888,S2-24871525,S3-951148792
S1-569013684	
S1-189480110	S2-770087170,S2-474019814,S3-476006971,S3-647337509
S1-674502212	S2-792806952
S1-295663075	S2-68557553,S2-124357469,S3-2303810,S3-240415095
S1-976206715	S2-18353597,S3-258906183,S3-373184220
S1-670435917	S2-747562488,S2-458524135,S3-270320029,S3-75527902
S1-192394253	S2-115312404,S3-618074707,S3-762265401,S3-223319310
S1-776658113	S2-141186663,S2-862240727,S2-552750292,S3-777101804,S3-354025432,S3-46467862,S3-193975337
S1-639162936	S2-574520542,S2-166439540,S2-705076863
S1-133569096	S2-640069983,S2-441835094,S3-774106641
S1-634663973	S2-371029727,S2-556605253,S3-775198164
S1-170517230	S2-379456471,S2-521493666
S1-377737250	S2-328511601,S2-550453616,S3-317367709,S3-157859098
S1-12673569	S2-529225728,S2-608891250,S3-281152054
S1-852283444	S2-184917648,S3-508036025,S3-460013006
S1-983261225	S2-951843795,S3-831999332,S3-424798358
S1-248499298	S2-236387212,S2-576602728,S2-826560412,S3-771689902,S3-710413280,S3-544719978
S1-183249679	S2-107152296,S2-766917082,S2-457767300
S1-14149475	S2-24723715,S2-479137166
S1-721699389	S2-95377618,S2-947549377,S3-899132909,S3-976685887
S1-467686990	
S1-495277967	
S1-537330913	S2-535415995,S2-383225982,S3-106786470
S1-895749942	S2-400080122,S2-982732454,S3-225810422
S1-297297827	S2-821570319,S2-318673780,S3-37025287,S3-227791836
S1-667079550	S2-371726208,S3-433025255,S3-62753290,S3-609830496
S1-426872392	S2-615285961,S3-881467600
S1-905317274	S2-885413993,S2-526609400,S3-784169953,S3-128261135
S1-343835964	S2-803032946,S2-141530677,S2-840640835,S2-587665992
S1-96688183	S2-978781636,S2-332509995,S3-4082665
S1-291681150	S2-551621498,S2-332646677,S3-975932597
S1-228117957	S2-582276975,S2-380269452,S2-287188835,S3-365363818
S1-743576199	S2-706494075,S2-581914856,S2-38198099,S3-409714093,S3-266210521
S1-723151158	S2-954983393,S3-705106581
S1-492737885	S2-371108126,S2-794887326,S2-127313193,S3-259734659
S1-360834043	S3-917451684,S3-674877609,S3-773717221,S3-686552988
S1-935507607	S2-771336509,S2-404112694,S2-534976703,S3-764802859,S3-479597762,S3-810677479
S1-915525315	S2-538163225
S1-921599825	S2-115038781,S2-17597413,S3-73327077
S1-300385133	S2-704267442,S3-626070661,S3-957925528
S1-9271479	S2-249956297,S2-111349681,S2-15078719,S3-48016878
S1-945441280	
S1-966697267	S2-380935574,S2-547236259,S3-323461379
S1-116514910	S2-9440419,S3-514957319,S3-748453759,S3-342284303
S1-749603007	S2-180864001,S3-731493407,S3-183713499
S1-178958961	S2-596081121
S1-2011901	S2-363012847,S3-749121550
S1-133243240	S2-883635669,S2-39025433,S3-403355810
S1-513948319	S2-999327680,S2-569829753,S2-249503011,S3-232956479
S1-370717483	S2-981297461,S2-509096391,S3-946991320,S3-334507812,S3-227430721,S3-429985700
S1-231212454	S2-922286663,S2-415271827,S3-606879311,S3-400740957,S3-47360872
S1-490603633	
S1-717443950	S2-479356348,S3-268295890
S1-83265225	S2-587257542,S2-391230393,S3-141527856,S3-323507454,S3-779049541
S1-630629515	S2-485740556,S2-537531706,S2-941412665,S3-19281109,S3-576543301,S3-238087413
S1-709092749	S2-650170688,S3-518563980
S1-141929128	S2-188591593,S3-658417107
S1-26281670	S2-484094958,S3-388088201,S3-136053634
S1-665425358	S2-493627936,S3-708077389
S1-332818628	S2-855593845
S1-369287360	S2-210359308
S1-305267874	S2-192741111,S2-124569614
S1-83441963	S2-813245986,S2-128905260,S3-687950841
S1-847744735	S2-645553406,S3-431910447
S1-633156008	S2-557243268,S2-887749955,S3-293209216,S3-113882315
S1-619173915	S2-194429087,S2-594871358,S3-173897784,S3-853271781,S3-343680283,S3-420087550
S1-115954420	S2-788846130,S2-193685881
S1-193167235	S2-300038325,S3-5963465,S3-853873452
S1-314766055	S2-932811063,S2-229594348,S2-893074912,S2-140521556,S3-998250899
S1-345105847	S2-615730196,S3-467503909,S3-361221776
S1-734722483	S2-583729489,S3-870754578,S3-50541389
S1-570516722	S2-893806535,S2-311077556,S2-79259567,S3-41010662,S3-100924722
S1-209671273	S2-857889765,S2-215132896,S3-106017916
S1-3418650	S2-499812493,S2-634796610,S3-819886090
S1-205040447	S2-627116429,S3-331145846,S3-613009453,S3-750729155,S3-128289245
S1-386204290	S2-92834324,S2-60252946,S2-261410845
S1-508765461	S2-890648709,S2-14135187
S1-601470414	S2-878445387,S2-219255375,S3-273332459,S3-376961247
S1-103703425	S2-219089453,S2-663264245,S3-777094743,S3-647808852
S1-217507642	S2-271427375,S2-414441919,S3-102521803,S3-531165959,S3-398642587
S1-597889909	S2-566191070,S3-776392348,S3-138938426
S1-288825749	S2-634430589,S3-253360822,S3-653898951
S1-875406866	S2-763175141,S2-269300539,S2-304793864,S3-489587749,S3-360961360,S3-369574824,S3-659621884
S1-511636244	S2-519927895,S3-458835054,S3-160846392,S3-274597321
S1-423058738	S2-377166893,S3-843633110
S1-992003952	S2-436703209,S3-389438474,S3-289744405,S3-384961830
S1-773436902	S2-182640312,S3-936990704,S3-462844688
S1-240376399	S2-439893320,S2-761177108,S2-751381941,S3-547610803
S1-891241156	S3-553394229
S1-871684674	S2-889297832,S2-243793742,S3-351002131
S1-453500330	S2-779142971,S2-85787360,S2-410662409,S3-130478860,S3-472334008
S1-212731532	S3-96092415
S1-29450126	S2-332557590
S1-734833155	S3-270878892,S3-908474736
S1-527087425	S2-536149226,S2-98477989,S3-627565944,S3-401023399
S1-518074091	S3-29682030,S3-218685057,S3-487127775
S1-608153702	
S1-204404386	S2-940574280,S2-716113655,S3-668663940
S1-521711666	S2-538655186,S3-162176575,S3-917372705
S1-759160556	S3-624399354,S3-975735153,S3-56189449
S1-979217173	S2-455402706,S2-659781512,S3-526503450,S3-504277105
S1-94920109	S2-282538336,S3-546403654
S1-439701183	
S1-89145241	S2-600846008,S2-922337276,S2-715424912,S3-89140300,S3-284976339,S3-783759471
S1-82982397	S2-518650714,S2-588117045,S3-404178855
S1-599851577	S2-336862241,S2-275735237,S2-467920801,S2-161010550,S2-609806276
S1-894775321	S2-194105044,S2-873278901,S3-779087365,S3-308869307,S3-548800070
S1-902148031	S2-263767155,S3-757456814
S1-960467013	S2-981002125,S3-962783101,S3-66455105,S3-454744398
S1-767342442	S2-615136941,S3-379685323
S1-711875283	S2-573864553,S2-550132797,S2-727626951,S3-604536834
S1-25059310	S2-256455721,S3-293633818
S1-266133366	S2-149183485,S2-994651572,S3-825001974
S1-901481314	S2-36227329,S2-454890124,S2-351267600,S3-114092523
S1-227371937	S2-320580066,S3-373083649,S3-38115655,S3-409540978
S1-385997713	S2-503439524,S2-482649448,S3-366770420
S1-671054734	S3-87689213,S3-577864597,S3-198435038
S1-877231393	S2-974591185,S2-486686880,S3-857156636,S3-981212269,S3-997933865
S1-913610208	S2-22715514,S3-218513704,S3-175787470,S3-617623966
S1-327812037	S2-696958691,S2-751327597,S3-254869792
S1-140655405	S2-635884598,S3-918082117,S3-249791063,S3-887845905
S1-657534890	
S1-153155499	S2-548479458,S3-550901486
S1-765475682	
S1-272667348	S2-165252167,S2-481094812,S2-853491562,S3-469087051,S3-41082969,S3-700960130
S1-907862964	S2-807417398,S2-141631481,S2-392736070,S3-506778400
S1-708929051	S2-960824297,S3-341557859,S3-27669003,S3-217650234
S1-941775359	S2-145301537,S2-688512512,S3-179120643,S3-910601001,S3-177257142,S3-881101815
S1-262555953	S2-503260887,S2-20274460,S2-626194866,S2-567087139,S3-636719017
S1-343450924	S2-754728632,S2-319194646,S3-410931002
S1-465905070	S2-135030402,S2-586922804
S1-173337117	S2-782445556,S3-1295058,S3-299738002
S1-794823223	S2-202324126,S2-889270136,S2-132930113,S3-379212616
S1-978570099	S3-899454511,S3-315873237,S3-451380226
S1-293235033	S2-120316819,S2-20188136,S2-829060237,S3-401683473,S3-317355713
S1-429764054	S2-968912062,S2-224322706,S3-306943110
S1-203801096	S2-67741586,S2-73560240,S2-941248279,S3-731427380,S3-638268318,S3-136900157
S1-16390941	S2-721198408,S3-638341913,S3-852209028
S1-918980399	S2-406729067,S2-982655728
S1-812264338	
S1-812948946	S2-992627293,S2-72948495,S2-636158587,S2-594150329,S3-618017453
S1-530836441	S2-921426417,S2-254139934
S1-715237945	
S1-618238489	S2-299417120,S3-905512724
S1-304962682	S2-464855231,S2-111887288,S3-186126182
S1-709199578	S2-299599246,S3-720679955,S3-844763942
S1-30973711	S2-349089516,S2-300336757,S2-36283374,S2-424319315,S3-114306406
S1-952627876	S2-993686494,S2-66626988,S3-34379286,S3-287641636
S1-672235809	S2-496201242,S2-390828026,S3-961281941,S3-821744297
S1-769224222	S2-841669050,S3-144375826
S1-46094876	S2-661222940,S3-810646932
S1-517018574	S2-452583694,S2-615965701,S3-603655866
S1-146571990	S2-60617825,S2-708112654,S3-976694363,S3-737642460
S1-643546445	S2-322606016,S2-82947318,S3-701059959,S3-538637786,S3-105469367,S3-88406870,S3-410999877
S1-15137326	S2-790309688,S2-202442318,S2-426405081,S3-128053485,S3-835688176
S1-846936348	S2-113886930,S2-665471075,S2-322304649,S2-580943821,S3-787467844,S3-741426386,S3-240898224,S3-130628210,S3-413033148
S1-473408608	S2-10770697,S3-921416879,S3-600206503,S3-967445276,S3-627889568
S1-840399595	S2-979938935,S3-249131871,S3-509862909
S1-282290568	S2-845230942,S2-703579364,S2-124069337,S3-701103647
S1-66860143	S2-111772472,S2-738819039,S3-606519548,S3-128477510
S1-267115874	S2-41021610,S3-7751166
S1-409704534	S2-179395393,S3-324370656
S1-817266384	S2-858008989,S3-599448623,S3-527087232
S1-47083411	S2-428024734,S2-651592220,S3-577576146,S3-298525701
S1-786061757	S2-585080859,S3-870600432
S1-70501830	S2-200974744,S2-365504502,S3-355333637,S3-634527525,S3-990807812
S1-887561986	S2-944885474,S3-990818312,S3-344558561,S3-814499712
S1-408786452	S3-798835926,S3-847598530,S3-937882761
S1-292352008	S2-595220325,S2-302529438,S3-835850492,S3-958937474
S1-403136480	S2-992906891,S3-920405114,S3-725983182,S3-721239967,S3-584584740
S1-771494024	S2-250678425,S2-677050146,S2-896108006,S3-264517460,S3-97946370
S1-936395870	S2-944683630,S3-910120070,S3-466230331
S1-924568679	S2-100091463,S2-942571817,S3-78496231,S3-673333698,S3-282291425
S1-179561709	S2-454352954,S2-716987982,S3-621244331,S3-532238990,S3-606110687
S1-589714084	S2-517997816,S3-512885999,S3-511763327
S1-112331388	S2-234992376,S2-481294479,S3-800070604,S3-447980941,S3-724708590
S1-614224002	S2-622739439,S2-875327705,S3-47793366
S1-390479510	S2-54301174,S3-44749429,S3-237342866
S1-146334435	S2-54250813,S2-830999866,S2-34486609,S2-282993807,S3-525753344
S1-997564371	S2-863857135,S3-595632073,S3-251422096
S1-858675276	S2-893764642,S2-991256262,S2-556070214,S3-143671413,S3-811098127,S3-235398196,S3-870641513,S3-70817749
S1-547148909	S2-528192621,S3-374720308,S3-151742199,S3-687109457
S1-996678252	S2-864073655,S2-860108059,S2-521641651,S2-857347612,S3-928905666,S3-240562405,S3-636956349
S1-546622359	S2-27423513,S3-331275539,S3-277347300
S1-8298938	S2-575939861,S2-141778823,S3-961953611,S3-831935848
S1-204661404	S2-824381058,S2-72092479,S2-463887612,S3-778250851,S3-700890844,S3-871692434
S1-334975123	S2-660731074,S3-499127081,S3-859919088,S3-914849997,S3-233626705
S1-640984727	S2-457267956,S2-415725167,S3-894329757
S1-924677015	S2-799010606,S2-648884525,S3-587883437,S3-171417245
S1-226277818	
S1-64001745	S2-773543594,S2-416674825,S3-688539846
S1-612135927	S2-267209940,S3-939419131
S1-690210830	
S1-54355775	
S1-919562434	S2-407870314,S3-290473707,S3-478953035
S1-926656605	S2-700868378,S2-499285101,S3-775321227,S3-83929330
S1-28552957	S2-493649884,S3-607448157,S3-841585034
S1-123701242	S2-532787009,S2-280575915,S3-288793702
S1-918671089	S3-814855386
S1-132162572	S3-35900131
S1-246721783	S2-921144657,S2-117711455,S2-209979288,S3-316441199
S1-120259531	S2-812556029,S3-988185431,S3-909016588
S1-412035878	S2-757763487,S2-401316257,S3-198037917,S3-649733899
S1-212329943	S2-786304487,S2-404649810,S3-690748925,S3-877092023
S1-735241659	S2-767584131,S2-556006447,S3-573058581
S1-780176746	S2-313023622,S3-94631399,S3-20768276
S1-706225304	S2-414090787,S3-472008921
S1-606489920	S2-913701657,S2-492628592,S3-206896451,S3-417723050
S1-4004232	S2-200066161,S2-446318493,S3-805611591,S3-611687650,S3-71933381,S3-952116387
S1-648244761	S2-902968656,S2-462116891,S3-852172766,S3-353686734,S3-154830220
S1-84271758	S2-282664230,S2-641213756,S2-435870853,S3-538293634,S3-864767898
S1-97940733	S2-895177643,S3-460058218,S3-679720462
S1-316672571	S2-838097346,S3-118735417,S3-257925543
S1-932870855	S2-588661802,S3-329527409,S3-417024546
S1-813106186	S2-884214836,S3-655365152
S1-355825579	S2-333612149,S2-277602949,S3-175558946
S1-436319742	S2-842360506
S1-226447201	S2-435606293,S2-834932000,S2-151503175,S3-995451390,S3-328150181,S3-376442598
S1-475994565	S2-607582435,S2-637667961,S3-662347418,S3-240814929
S1-176073064	S2-114197005,S2-325049006,S3-453522149,S3-442760793
S1-594559549	S2-470262564,S2-571585757,S3-703937841,S3-301206769
S1-360095533	S2-2557962,S2-351520549,S3-795557862,S3-218881913
S1-5348799	S2-166660095,S3-588759226
S1-262130214	S2-675720456,S2-864450099,S3-900992952
S1-464105851	S2-940428757,S2-307070098,S2-214214126,S3-390090388
S1-296355353	S2-514377412,S2-899645156,S2-637642750,S3-334543181,S3-364225554,S3-536407160
S1-180275224	S2-384709932,S2-483430965,S2-507114700,S3-311383109
S1-253721529	S2-514475653,S3-873970803,S3-547639127
S1-93799084	S2-570091441,S3-457400127
S1-243831064	S3-207766197
S1-425383369	S2-690981124,S2-769694244,S3-134467321,S3-302053289
S1-167474078	S3-389342961,S3-928828192,S3-615256298,S3-545041422
S1-333267923	S2-342230564,S2-277497782,S2-789569272,S3-613437945,S3-429541667
S1-401772919	S2-194451496,S3-164338600,S3-514194240
S1-132831350	S2-998936820,S2-487825362,S3-193139605
S1-567428102	S2-632530235,S2-285814995,S3-679385217,S3-519188137
S1-833111884	S2-433781507,S3-299479567
S1-129531273	S2-840814190,S2-526482793,S3-473476704,S3-376409739
S1-864621631	S2-651853982,S3-159789258
S1-845835339	S2-480952645,S3-489465715,S3-22496463,S3-899836866
S1-726750038	S2-347614703,S3-906629344
S1-202740587	S2-436049271,S2-677042416,S2-449315815,S3-926780865,S3-752464541,S3-246395092
S1-380583937	S3-504999081
S1-750147480	S2-874768054,S2-929780137,S3-586250247
S1-412583452	S2-97416538,S2-821742025,S2-460321548,S3-124022955,S3-416394349
S1-285556631	S2-900688042,S3-919796146,S3-569502728,S3-853166821,S3-42326978
S1-626584714	S2-597661748,S2-62365060,S2-994623348,S2-797384494,S2-414251462,S3-317469421,S3-596301243,S3-140007010,S3-951605544
S1-301715897	S2-863284344,S2-887570267,S2-648584777,S3-504214265,S3-254439963
S1-140240250	S3-226684618
S1-927659221	S2-363197987,S3-477297575,S3-57974854
S1-246180018	S2-599647444,S3-509831864,S3-785549828
S1-148956771	S2-137988674,S2-904426117,S2-396105602,S3-595474774
S1-309834104	S2-608652449,S2-793709360,S3-19333467,S3-696401054
S1-788818170	
S1-567280392	S2-281014879,S3-120096001
S1-801429124	S2-129002970,S3-444210638,S3-318548859,S3-335123644,S3-862415796
S1-401627092	S2-96780058,S2-591604693,S2-921613108,S3-779630314
S1-342720887	S2-739355137,S2-53917215,S3-41931609
S1-647492360	S2-840910858,S2-139610154,S3-734407603,S3-993659148,S3-941657967
S1-771454131	S2-893303089,S3-752354624
S1-272422917	S2-159594887,S3-676477998
S1-898781175	S2-276318038,S2-258609544,S2-771654362,S2-713763160,S2-811385567,S3-832083150
S1-526056745	S2-104088774,S2-706207344,S3-924222833,S3-968427385,S3-443584151
S1-672458944	
S1-576575173	
S1-301035097	S2-410838717,S2-870419140,S2-367399297,S3-867921603,S3-747848601
S1-442096722	S2-72705154,S3-328008496,S3-40870693
S1-868903152	S2-387794592,S2-951897078,S3-567373476
S1-807523392	S2-784018540,S3-706154354
S1-794213640	S3-636749909,S3-193877728
S1-458541487	S2-775586370,S2-65836223,S3-807010408,S3-995162248
S1-689566384	S3-451407610
S1-616924638	S2-690587101,S2-397476600,S2-580177841,S2-38328378,S3-846226586,S3-949033433,S3-702177049,S3-196656924,S3-4498029
S1-946979763	S2-523391545,S2-669312067,S2-325703668,S2-820145559,S2-689917284,S3-20328673
S1-398191105	S2-955880550,S3-463391727
S1-652008768	S2-296052137,S2-584802458,S3-748489605,S3-822102038,S3-964583522
S1-94424653	S2-223255462,S3-815604407,S3-218334032
S1-365986567	S2-829488433,S2-532557457,S3-940583955,S3-137424569,S3-97436279
S1-967458697	S2-892927502,S2-108622484,S2-722687882,S2-412751381,S3-906697015
S1-498421544	S2-761433137,S3-904336580
S1-443267904	S2-453468518,S2-421739470,S3-699020647,S3-534900603,S3-711623526
S1-690097737	S2-507532613,S2-290934368,S2-288734189,S2-205011640
S1-623059492	S2-479364724,S2-506520317,S3-963243945
S1-295390542	S2-698732962,S3-979464441,S3-317158376,S3-655685694,S3-306562311
S1-357017993	S2-848298919,S2-349125192,S3-814261208,S3-290368483
S1-956563593	S3-115135878,S3-111137923,S3-765831602,S3-844983608
S1-494781251	S2-109407247,S3-840110575,S3-622490695,S3-526533627
S1-483815854	S3-981834950,S3-943285091,S3-432381803,S3-52623516
S1-466555756	S3-858763984
S1-721346891	S2-914408607,S3-503941566,S3-563757041,S3-226301047
S1-983530096	S3-430087114,S3-350557321
S1-997800981	S3-514853006,S3-297176220,S3-652603712
S1-770583934	S2-716241975,S3-600555601,S3-565238004,S3-147448585
S1-980161374	S2-956268025,S2-239833381,S2-313162948,S3-969572400,S3-480058925
S1-728021129	S2-214910490,S3-777638673,S3-273396132
S1-455644019	S2-65845312,S2-727701442,S2-622248325,S3-322173435,S3-422031175
S1-882653438	S2-943930727,S2-796838956,S2-574458148,S2-529696830,S3-968544435
S1-657034944	S2-633388307,S2-253807432,S3-235287811,S3-622984677
S1-105341673	S2-682103965,S3-846644236,S3-752402961
S1-608737221	S2-13041218,S2-148523491,S3-556972932,S3-35775811,S3-220657691
S1-890474963	S2-737418804,S3-94953540
S1-152926505	S2-718065475,S2-613921721,S2-679974591
S1-36537992	S2-62574792,S2-632266722,S2-101234896,S3-760208198,S3-172116776
S1-87685283	S2-928593496,S2-890776575,S3-282773427,S3-781146835,S3-441352599
S1-911816825	S2-530775806,S3-169650575
S1-163972709	S2-591265754,S2-987464218,S3-647298647,S3-411120601,S3-390471830,S3-987842467
S1-963121615	S2-995193387,S2-674667779,S3-35309305,S3-589478402,S3-219377093
S1-350310577	S2-197633911,S3-82310102,S3-378562388
S1-858277105	S2-659477496,S3-179193842
S1-394308059	S2-645716532,S3-7322269
S1-946723857	S2-976658506,S2-167236301,S2-955953517,S3-601846176,S3-516548355,S3-650455764
S1-217682792	S2-473045733,S3-24988064,S3-233214901
S1-783946425	S2-11881671,S2-607537951,S2-617986482,S2-506999994,S3-866023847
S1-644220368	S2-279458093,S2-28887950,S3-970842764,S3-996363378,S3-310545117
S1-971646541	S2-307019681,S3-73592390,S3-304083277,S3-723209645
S1-506720393	S2-703852245,S2-70960973,S2-228050264,S2-569654081,S3-351233983
S1-549459642	S2-179063295,S3-243628504
S1-710244085	S2-38154241,S2-827680618,S3-747052310,S3-463273830,S3-750618458,S3-641979366
S1-355889914	S2-495270808,S2-893157810
S1-440126418	S2-906893549,S2-111358499,S2-133543679,S3-439091820,S3-106946554,S3-23068149
S1-569393653	S2-510577931,S3-852017222
S1-147704191	S2-536883103,S3-663611664
S1-749806288	S3-252249728,S3-784441071,S3-27601959,S3-442573884,S3-599703039
S1-571912537	S2-372541202,S3-276780440,S3-109603522
S1-702912469	
S1-203940260	S2-750614469,S2-588970793,S2-738708658
S1-390528825	S2-68017899,S3-849364504,S3-101640247,S3-317128676,S3-494956920
S1-546734773	S2-749918274,S2-189821268,S3-975651286,S3-225925549
S1-247662850	S2-440009262,S3-319938313
S1-566585541	S2-919000562,S3-682531432
S1-101974066	S2-124642286,S2-754006844,S2-37512874,S3-423025983,S3-331277793
S1-40673398	S2-417413636,S2-906698663,S3-906156370,S3-558490136
S1-303217478	S2-306469326,S2-167102275,S2-222518039
S1-829586903	S2-850457656,S2-191740754
S1-776607202	S2-168088279,S2-625940414,S3-950366359
S1-945434518	S2-994819498,S3-920864882
S1-493794182	S2-206078469,S3-460862786,S3-682506587
S1-876684021	S2-736726482,S2-155238515,S3-908543705
S1-845003758	S2-489283425,S3-984797235,S3-975592292
S1-352410589	S2-427461441,S2-634929055,S3-477128104
S1-931459631	S2-676686981,S2-711727454,S2-622898142,S2-545521370,S2-306653316,S3-489673185,S3-582629825
S1-794505257	S2-876674923,S3-312034605,S3-714532161,S3-709426467
S1-28736184	S2-322086227,S2-392483196,S3-679569681
S1-205773789	S2-368210067,S2-208988364,S3-644234904
S1-136024435	S2-282605531,S3-202535558,S3-721261363,S3-354520151,S3-426043100
S1-837405346	S2-89073115,S2-541334295,S2-413436984,S3-810230314,S3-547985734
S1-559181325	S3-328523789,S3-711204271
S1-997640270	S2-502978283,S2-517225926,S3-674602788,S3-269782120,S3-403955115
S1-653651662	S2-208498574,S2-367182107,S3-168285035,S3-61387570
S1-788852107	S2-298392127,S3-114277990,S3-468321260,S3-186499940
S1-299159769	S2-376452831
S1-395084845	S2-173251551,S2-568830032,S3-580019265,S3-45774087
S1-357056462	S2-427709208,S3-826402963,S3-610860324,S3-450819096,S3-684266333
S1-762046463	S2-266181510,S3-481336213
S1-274348391	S2-113786404,S2-708854755,S2-901728549,S2-671685260
S1-614110813	S2-322195573,S3-564330905,S3-782900357,S3-68832870
S1-189481999	S2-560066928,S2-14994912,S3-507015413,S3-654055108
S1-775079676	S2-443451094,S2-212501596,S2-695588359,S3-401877392,S3-384796861
S1-688193527	S2-48753712,S2-339225918,S2-89989794,S2-610565161,S2-747586890,S3-917690289
S1-931352351	S2-609340604,S2-278464039,S2-628303427,S2-430274741
S1-850028971	S2-617529178,S2-646590788,S3-416795803,S3-909765954
S1-476499001	S2-565792964,S3-674959792,S3-525044203
S1-38566282	S2-851427411,S2-60353711,S3-198066140,S3-259071571
S1-729175732	S2-807393318,S3-593287771
S1-724245697	S2-608483019,S2-810610594,S3-523045041,S3-54468945
S1-292629594	S2-88889820,S2-233818325,S3-721183515
S1-343162429	S2-975607624,S2-353171866,S3-514850189,S3-634972874
S1-77608133	S2-765086976,S3-678622046
S1-325986259	S2-954603798,S2-43867019,S3-620145931,S3-323596391
S1-561896486	S2-484442027,S2-4620391,S2-765674872,S3-303926933
S1-953052825	S2-873463936,S2-78285255,S2-268061479,S3-904837898,S3-857510763
S1-753183708	S2-698328473,S2-890412281,S3-118385189,S3-476319688
S1-29344479	S2-149388617,S3-384370815
S1-439536387	S3-690333014,S3-524124971,S3-463216193
S1-861571708	S2-610003828
S1-434328835	S2-536682532,S2-855036457,S2-36332683,S2-692170862,S3-145548315
S1-952695792	S2-862555209,S3-759236992,S3-259082106,S3-765141857
S1-362634600	
S1-492166833	S2-662668840,S2-712293441,S3-734699365,S3-750440931
S1-83871331	S2-647660361,S2-747728731,S3-248424187
S1-800542308	S2-968992519,S2-205600065,S3-548156841,S3-29095346,S3-968452581
S1-592098183	S2-905912967,S2-981581332,S2-467053297,S3-891768904,S3-737891131
S1-932518325	
S1-428178941	S2-962784488,S3-119791011
S1-723635101	S2-183518047,S3-464022555
S1-763866824	S2-732337173,S3-477581308
S1-587134584	S2-41606567,S2-573371136,S3-581898225
S1-432085753	S2-329257634,S2-854170583,S3-43759873
S1-667942797	S2-264169208,S3-228822721,S3-666878359
S1-760608209	S2-553651717,S3-932413397
S1-771014924	S2-465369422,S2-755243351,S2-747221432,S3-446788903,S3-725313536,S3-281320407,S3-846283255
S1-771683430	S2-267279868,S2-259340664,S2-458622621,S2-275290203,S3-119191233,S3-234515302,S3-621982737
S1-510444237	S2-98414027,S3-855526404,S3-72202763
S1-556620966	S2-681500866,S2-517831298,S2-87630438,S3-54672077
S1-41151284	S2-273733714,S3-238426089,S3-901971700
S1-339772325	S2-230726799,S3-894056490,S3-462247798
S1-371198619	S2-947330890,S2-540737436,S2-860948405,S3-836282119,S3-710303326,S3-471142674
S1-732569682	S2-409587721,S2-474818773,S3-460511584,S3-648818292
S1-359727028	S2-372606232,S3-197987538
S1-649037956	S3-948159630,S3-712374609
S1-831070782	S2-758433001,S3-977190959,S3-881313111
S1-45727876	S2-823798780,S2-120910129,S2-24576371,S2-249772174,S3-417155739,S3-192888495
S1-608696735	S2-740673947,S2-288786314,S3-620457165,S3-342731388,S3-555847712,S3-941270925
S1-479271554	S2-987493767,S3-578073713,S3-38954382,S3-573208189
S1-655564816	S2-373685824,S2-280723888,S3-260228746,S3-396194026,S3-976610930
S1-780505090	S2-456544638
S1-790376453	S2-647484053,S2-898541281,S2-34117008,S2-427587020,S3-653544381,S3-200529140,S3-236361088,S3-305519052
S1-944593548	S2-993486836,S2-415583960,S2-972448913,S3-119197937
S1-589699006	
S1-950031879	S2-58532432,S2-602541801,S3-109864996,S3-910655964,S3-781602878,S3-115701180
S1-61256172	S2-179140341,S3-267994952,S3-795330295
S1-488573864	S2-813906731,S2-234994094,S2-37394170,S3-963122360
S1-638634266	
S1-136452969	S2-217944746,S2-783562662,S3-122381333
S1-253339788	S2-367454353,S2-827548606,S2-874692915,S3-964084186
S1-605078338	S2-442205777,S3-905834681
S1-772118072	S2-552285040,S2-876318509,S3-340680634,S3-409832782,S3-96252127
S1-522075217	S2-533114586,S3-561150370,S3-352869283,S3-314940009
S1-329245082	S2-153096499,S3-622002143
S1-617862759	S2-390318550,S2-285690831,S3-594588087,S3-744885102,S3-62411263,S3-259046790,S3-225621265
S1-807991342	S2-393312247,S2-949835054,S3-319648540,S3-781886304,S3-971925188,S3-583167860
S1-883462832	S2-809211880,S2-913099514,S3-155470128,S3-999555468,S3-886145464
S1-719662229	
S1-190077985	S2-906481038,S3-533034276,S3-133195868
S1-974975824	S2-120556958,S2-297971041,S2-895637073,S3-87318366
S1-212902993	S2-398465714,S2-917752289
S1-469830407	S2-216019281,S2-476659036,S2-933550834,S2-132135322,S2-942238221,S3-956659913,S3-681265994
S1-741534899	
S1-254283540	S2-51008072,S2-438946367,S3-433631907,S3-924151071,S3-604936310,S3-794805480
S1-788929512	S2-673247411,S2-699476037,S3-609571405
S1-329845927	S2-278261351,S3-284345267,S3-178829690,S3-227346783
S1-899807359	S2-854856922,S2-332050930,S3-342601802,S3-796049121,S3-306425917
S1-52679735	S2-504283819,S2-276716377,S3-225256116
S1-560092296	S2-709988524,S2-496320578,S3-718591014,S3-340370181
S1-894815311	S3-342997548
S1-830952224	S2-32828920,S2-329728104,S3-85561875,S3-805179930,S3-589985222
S1-28611047	S3-357996175,S3-631386741,S3-891000353
S1-422098017	S2-838529458,S2-764906756,S3-283548385,S3-34899865,S3-466356542
S1-128502745	S2-450539134,S3-848024894
S1-967413796	S2-395183802,S3-141714096
S1-568053863	S2-361412982,S3-540091654,S3-176077968,S3-269228384,S3-848574496
S1-886886386	S2-103554951,S2-603773602,S3-38920675,S3-447807036,S3-854024889
S1-129622373	S2-649424218,S2-267832729,S2-297165742,S3-481959010,S3-219474659,S3-936913491
S1-988032499	S2-580435589,S2-344682095,S2-380725321,S3-312977339,S3-981230215
S1-230781969	S3-147954051
S1-852096096	S2-233549637,S2-713067072,S3-126000013
S1-887688005	
S1-737242432	S2-301873440,S2-312943346,S3-296553225,S3-674780002
S1-452528896	S2-290518473,S3-255415343
S1-325468947	S3-858281354
S1-352702858	S2-51839665,S3-751477208,S3-730497437
S1-162535242	S3-674329242,S3-613690660
S1-895995806	S2-930922716,S3-827502588,S3-173738450
S1-65330857	S2-261772670,S2-813732345,S2-12469684,S3-745714278
S1-693945723	S2-278014534,S3-931117806,S3-320886622,S3-5813866
S1-674810152	S2-965682008,S3-460760035,S3-24688192,S3-378969029
S1-128861595	S2-544646275,S2-758132279,S3-169175515,S3-328784178
S1-778329801	S2-979090007,S2-479770940,S2-50418372,S3-806848576
S1-237464807	
S1-879818895	S2-320293504,S3-82452235
S1-60478300	S2-763691750,S3-603856872,S3-20133246
S1-804760757	S2-902074772,S3-763302738,S3-354839023
S1-693227150	S2-295918906,S3-725096498,S3-961952612
S1-798826730	S2-229464189,S2-727725373,S2-612422890,S3-186956905,S3-788359508
S1-451305139	S2-643234346,S2-609015340,S3-222980923,S3-634894225,S3-655588244,S3-726394547
S1-146280788	S2-67751212,S2-830204831,S2-940634887,S3-324179661
S1-30492428	S2-290853026,S3-225695794
S1-877413780	S2-370829293,S2-339461261,S2-232414816,S2-62271306,S3-474796973
S1-598559264	S2-224840405,S3-652154509,S3-367714732
S1-847937001	S2-417981750,S2-941685271,S2-35069006,S3-181133538,S3-545778743,S3-175088740,S3-437075070
S1-232022286	S2-275085123,S3-624937339,S3-435774019
S1-357690932	S2-311418258,S3-320755495,S3-400272157,S3-3678758,S3-860711501
S1-952313587	S2-822614089,S2-827461858,S2-289963757,S3-122578043
S1-71044335	S2-903689095,S3-770176385,S3-727558084,S3-172967103
S1-928624359	S2-90587357,S2-759052543
S1-757051477	S2-357591114,S2-887919900,S3-600731022,S3-467251565,S3-872114152
S1-691847094	S2-260563539,S2-606365213,S2-744095006,S3-65001986
S1-975044939	S2-899962398,S2-275343402,S2-744387137,S2-331986485,S3-922092750
S1-257216497	S2-497806846,S2-771224846,S3-90044267,S3-740126170
S1-810030695	S2-492135896,S2-831598107,S3-247904512,S3-701906567,S3-247715078,S3-555148705
S1-782194998	S2-200615828,S2-994050937,S2-723567829,S2-958602058,S3-368966531,S3-966818809
S1-962935011	S2-373138153,S2-388356854,S3-668276323
S1-371851890	S2-438050868,S3-31429802
S1-932096706	S2-538990918,S3-238876930,S3-486874370,S3-77161371
S1-484028617	S2-839913214,S3-576724155
S1-545105075	S2-586035385,S3-566547165,S3-262675669,S3-456323180,S3-887218352
S1-904067284	S3-67540390,S3-753790901
S1-148119087	
S1-853184110	S2-163131451,S2-281369052,S3-851771854
S1-461585168	S2-271893404,S3-648157007,S3-84615406,S3-935357243
S1-493574435	S2-569162315,S2-277549025,S2-830298850,S2-502687369,S2-124082342,S3-147528154,S3-491703417
S1-453591789	
S1-355601823	S2-399249631,S2-407417535
S1-986090573	S2-607169473,S3-36909650,S3-372447099
S1-887539421	S2-400290241,S2-595713873,S3-890385094
S1-664739651	S2-251698002,S3-705465939,S3-74133473,S3-501480094,S3-380085335
S1-526890994	S2-823718731,S2-260511688,S3-323691188,S3-590195752
S1-321630974	S2-617881541,S2-986614274,S2-891516248,S2-129772677,S3-136616745,S3-290417545
S1-719560574	S2-341513300,S2-428474265,S3-827716313,S3-710122160,S3-443446337,S3-482571796,S3-88763660
S1-44846661	S2-480674141,S2-218007491,S2-105801043,S3-222250770,S3-83219615
S1-159824672	S2-809416328,S3-359591694,S3-345292085
S1-497026865	S2-802043864,S3-379574229
S1-567082324	S2-441751708,S3-546116067
S1-380986625	S2-651306762,S2-95289513,S3-811349238,S3-851017620,S3-978163906,S3-370936628
S1-477680773	S2-339419942,S3-739451417,S3-554799454,S3-938324547
S1-473633141	S2-347417379,S3-62024892,S3-408506384
S1-292300039	S2-366946583,S3-942831223
S1-263388520	S2-258688054,S2-523357028,S2-554034138,S3-372366345
S1-491996483	
S1-720939112	S2-975296001,S2-942897880,S2-4960754,S3-705886638,S3-571702724
S1-30417317	S2-128247673,S2-259843171,S2-765750993
S1-942042494	S2-728344432,S2-607718115,S2-887389507,S3-685115522,S3-546504129
S1-560113787	S3-486156729,S3-105091815
S1-825226270	S2-992264377,S2-483711391,S2-194074244,S3-668249080,S3-447248537
S1-541481784	S2-281151260,S2-575804897,S3-305069799,S3-642979559,S3-97874366,S3-621288983
S1-496629092	S2-545986544,S2-763651285
S1-686728011	
S1-931284033	S2-21918716,S2-306488837,S3-493800803,S3-878380027
S1-729168743	S2-310304762,S2-775073724,S3-996275259,S3-52481374,S3-852943837
S1-758017740	
S1-534417782	S2-51480400,S2-28576762,S3-246362543
S1-404400523	S2-132207505,S2-625356140,S3-690580188,S3-109669915
S1-765233993	S2-709189952,S2-101202942,S2-38058689,S2-827625487,S3-908208314
S1-298389431	S2-8702233,S3-839739608,S3-486481507,S3-35187362,S3-160342979
S1-477411080	S2-19274787,S3-67338134,S3-409783324
S1-356947762	S2-261399512,S2-892017143,S2-219640415,S3-716469844
S1-442601724	S2-472529594,S2-591834715,S3-510510624
S1-921670816	S2-433749983,S3-387640670,S3-54049693,S3-441850763
S1-212422534	S2-658914681,S2-486860711,S2-363915434,S3-979026745,S3-671273461,S3-605831427
S1-92644667	S2-423210851,S3-466892569,S3-357034736
S1-43192815	S3-719836883
S1-240334207	S3-241100027
S1-605554265	S2-778164395,S2-541296145,S3-175310901
S1-676352537	S2-697168206,S3-925366242,S3-989555293,S3-347228218
S1-537119099	S2-757657948,S2-837973542,S3-702579212,S3-437097451,S3-554001579
S1-26550043	S2-713004247,S2-32236720,S3-549063169,S3-241455392,S3-184927864
S1-571586521	S2-986593747,S2-415086385,S3-93450530
S1-656009890	S2-16688284,S2-901981168,S3-605708073
S1-762850176	S2-382961337,S2-388840941,S3-196108584
S1-516295436	S2-644642423,S2-202578044,S3-992840872,S3-204560978,S3-653257676
S1-607140551	
S1-305442278	S2-535317779,S2-523809219,S3-248682000
S1-402920763	S2-219103696,S2-293299898,S2-212132959,S2-954844243,S3-156242979
S1-773031443	S2-814879727,S2-34406059,S3-772611234,S3-307080353
S1-937013945	
S1-507855536	S2-529448804,S2-972106665,S3-252843936,S3-364206090,S3-507708099
S1-424035100	S2-765620673,S3-866283567,S3-558087967
S1-842984629	S2-703575974,S2-417539026
S1-66954484	
S1-409809215	S2-119740864,S2-174671609,S2-790039897,S3-596992111,S3-582981191
S1-155438	S2-973282341,S2-213919453,S2-474576592,S3-542209724,S3-979292555
S1-212733189	S2-910827742,S2-401166137,S2-681374759,S3-165127486,S3-790485675
S1-282196253	S2-404039418,S3-495736024,S3-768360521
S1-197632085	S2-210338400,S2-865216292,S2-649118287,S3-285816944
S1-450501206	S3-489402397
S1-951218403	S2-16248360,S2-608533747,S2-724792847,S2-68371232,S3-631811305
S1-990954213	S3-358622231
S1-376536266	S2-283665423,S2-882232725,S3-521019704,S3-673866109,S3-72887242,S3-140968475
S1-851696792	S2-546671275,S2-923573498,S3-398869726,S3-98868604,S3-839002084,S3-484720646
S1-992240523	S2-521512820,S2-795713400,S2-693437587,S3-452116331
S1-45700935	S2-766111306,S2-219476497,S2-82698541,S3-935671054
S1-774551739	S2-592261022,S2-837257374,S3-623622248,S3-207636046,S3-381610284
S1-23808119	S3-863093579,S3-354605023,S3-557894584
S1-562422512	S3-333730579,S3-487079916,S3-781865562
S1-12982484	S2-88294600,S2-599624178,S2-506237065,S3-139575320
S1-947175673	S2-598732840,S2-512019438,S3-765196241,S3-439172939,S3-741803709,S3-313808954
S1-592024487	S2-45685056
S1-812817567	S2-739676901,S2-290702302,S2-856790574,S3-171965230
S1-947475853	S2-71880648,S3-366152158,S3-573263865
S1-87542846	S2-606210223,S2-537590883,S2-936940205,S2-912325979,S3-453664833
S1-970069556	S2-89937865,S3-694896940,S3-805258140
S1-809788446	S2-722173611,S3-127489474,S3-930331075,S3-490023431
S1-959067959	S2-922829934,S2-624311567,S3-471461432
S1-708133892	S2-387844087,S2-327162866,S3-259881778,S3-463692253,S3-988391185
S1-742339355	S2-982159777,S2-763563771,S3-330978863,S3-93006056,S3-162290777
S1-362415994	S2-148937509,S2-731387226,S2-62648781,S2-188036716,S3-188570384
S1-203725717	S2-305728335,S3-757320912
S1-976193816	S2-290993811,S3-35185403,S3-450371663
S1-903727353	S3-574918906,S3-60108933
S1-597041632	S3-637115067,S3-147126661,S3-674944234,S3-807946196
S1-115714533	S2-1961136,S2-139605250,S3-734692898,S3-592159492,S3-537608237
S1-789155311	S2-181498123,S2-160789655,S2-821404879,S3-335217788,S3-797272243
S1-883039629	S2-831824446,S3-480678855
S1-619249524	S2-605093784,S2-48468347,S3-416918202
S1-871360111	S2-672728372,S2-970013899,S3-851849764,S3-157135631
S1-930681701	S3-437398074,S3-715921490
S1-668148407	S3-33094802,S3-288701270
S1-123186162	S2-537851375,S2-590348474,S3-694705652
S1-107452644	S2-440619323,S3-658235997
S1-747968055	S2-286055942,S2-669072297,S2-208670667,S2-459460604,S3-847600525
S1-382170310	S2-163680954,S3-780636518,S3-107615074
S1-205114790	S2-981232377,S2-905454885,S2-174154761,S3-57859009
S1-193296790	S2-661014995,S3-991896854,S3-641932174
S1-652442016	S2-591154722,S3-799183226
S1-829866414	
S1-410249717	S2-722746691,S2-635110417,S2-258558802,S3-37196359,S3-837526021
S1-163912216	S2-770766534,S2-674732282,S3-228254599
S1-73035818	S2-901921318,S3-198196062
S1-76928374	S2-11645123,S3-257758980,S3-730303754,S3-514041989
S1-291113644	S2-105789605,S3-83783465
S1-114386168	S2-479868460,S2-976537534
S1-260177544	S2-15532397,S3-274763015,S3-826671603
S1-310473965	S2-838667765,S2-150349522,S2-837325073,S3-734011761,S3-246659425
S1-507925303	S2-997994479,S3-233160004,S3-131557595,S3-163026597
S1-251681852	S3-896089718
S1-515656922	S2-954767000,S3-393431738,S3-445822347
S1-895869996	S2-526246856,S2-560169007,S3-714728733,S3-191455786,S3-118083083
S1-875426616	S2-499923121,S2-576485284,S3-13827930
S1-918353368	S2-517711881,S2-160627316,S2-704100253,S2-269893012,S3-900331125
S1-797777457	S2-313538536,S2-858630731,S3-996859130,S3-741145223,S3-379131521
S1-450370973	S2-939098864,S2-924763152,S2-235255869,S3-599110907
S1-523300186	S2-88272018,S2-428783327,S2-308895533,S2-187270376,S3-492114479,S3-552647640,S3-122878691
S1-75620101	S2-226087449,S3-347098277
S1-484289728	S2-812365794,S3-768430825,S3-339851913
S1-262828035	
S1-159672546	S2-952020984,S2-216026005,S2-391626427,S2-837801717,S2-572265903,S3-788466145,S3-486741635,S3-681029565
S1-724116685	S2-397300046,S2-719116003,S2-956317310,S3-301602801
S1-954517023	S2-877384466,S2-346914818,S3-270048987,S3-859520399
S1-945356542	S2-247338572,S3-834548687,S3-813919643,S3-539527141
S1-100788070	S2-463346503,S2-436363819,S3-680236521
S1-426043195	S2-204896150,S3-690979758
S1-290944557	S2-398362977,S2-666499123,S3-418326772,S3-304236537,S3-919796043,S3-5784534
S1-592924180	S2-143054298,S3-978743120,S3-235270528
S1-927509773	S2-576929411,S2-377299995,S3-292331096,S3-664183492
S1-696803962	S2-744847545,S2-68629836,S2-928987867,S3-21206727
S1-920581266	S2-447463461,S2-692863377,S2-364457119,S3-603705051,S3-867805180
S1-622156009	S2-274980101,S2-546467593
S1-271283500	S3-92190211
S1-892385686	S2-827898058,S2-829184987,S3-369107859
S1-772158858	S2-371847727,S3-446071153,S3-521046621
S1-663800097	S2-118278129,S2-59226819,S3-858092759,S3-686736939,S3-739602099
S1-351321881	S2-239551120,S3-866152159,S3-816592319
S1-388026225	
S1-597915400	S2-945841775,S2-731916854,S2-755459659,S2-230162191,S3-888481414,S3-14375343
S1-229229098	S2-787671771,S2-190778201,S2-947380563,S2-964225036,S3-254078729,S3-216548737,S3-36075410,S3-617157162
S1-861131499	S2-505075627,S3-137872816,S3-989543431
S1-170202464	S2-459170314
S1-989262003	S2-125147617,S2-760213110,S3-915859261,S3-423659273,S3-577093805
S1-96324507	S2-219821401,S2-751108149,S2-792204186,S2-908464522,S3-924121409,S3-503760431,S3-645653734
S1-867652565	S2-596156271,S3-878191694
S1-18914275	S2-508288147
S1-259921993	S2-197151388,S3-730215432,S3-13232799
S1-190355806	S2-893626779,S2-814960722
S1-386115147	S2-731587291,S3-577256473
S1-526622567	S2-41082952,S2-358550837,S3-283283718
S1-525341839	S2-11197095,S2-31941244,S2-607507605,S2-719453476,S3-78876997,S3-7474420,S3-677688858,S3-495962624
S1-617725719	S2-651283733,S2-202162578,S3-362960054,S3-415670089
S1-297604972	S2-368801554,S2-858216427,S2-749554826,S2-637931089,S3-400492722
S1-116582163	S2-112432032,S3-834634246,S3-135927219
S1-844673334	S3-882782454,S3-40310316,S3-774633665
S1-326965019	S2-640960747,S3-997124056
S1-217857112	S2-858871474,S2-183597753,S3-53126670,S3-82318961,S3-701333674,S3-356043107,S3-747006120
S1-910725772	S2-122075796,S2-405630363,S3-955645440
S1-175381032	S2-579839413,S2-258942556,S3-17314555,S3-553451482
S1-641191865	S2-575680388,S3-217709040,S3-195660033,S3-736585632,S3-363585696
S1-982725776	S2-156378510,S3-498378248
S1-167903759	S2-682557333,S2-381762733,S2-344645275,S3-449931183,S3-131275618,S3-643575724,S3-815222294
S1-513559105	S2-272415509,S2-766293249,S3-622189772,S3-547931582
S1-810381941	S3-570299222,S3-148334544,S3-892018327,S3-234042343,S3-639798716
S1-183631091	S2-849085334,S3-349970646,S3-796502240
S1-490632905	S2-946234930,S2-130266225,S2-40373375,S3-342941721
S1-673249258	S2-957629815
S1-587140222	S2-80168040,S2-637663493,S3-595947230,S3-710484153
S1-234865918	S2-450982663,S2-219300714,S3-379645165,S3-391127130
S1-144320833	S2-95477573
S1-817271547	S2-650816515,S3-996064406
S1-560432973	S2-156679177,S2-628499074,S3-782986641,S3-579944076
S1-922675398	S2-286927188,S3-784340503,S3-473613678
S1-573782238	S2-680801447,S3-26577461
S1-173739456	S2-745628502,S2-474984056,S3-868925207
S1-339660113	S2-248230013,S2-25042133,S3-693486148
S1-55312754	S2-944540654,S2-500156017,S2-696935729,S3-430949570
S1-665016479	S2-119366564,S2-501964342,S3-33474989
S1-13769216	S2-519902081,S3-161411786,S3-471479452
S1-747123242	
S1-323639527	S2-194182221,S2-548126035,S3-21974561,S3-176171331,S3-68957597,S3-883151105
S1-428337458	S2-312747974,S3-677686666,S3-787205219
S1-791207641	S2-792602077,S2-571085744,S2-467406501,S3-291786673,S3-439927945
S1-806767245	S2-489620349,S3-725932959,S3-95389496
S1-123461633	S2-734237765,S3-778715567
S1-972614925	S2-193326442,S2-870686726,S3-837542435,S3-224875366
S1-266801071	S2-458814625,S3-851099180,S3-635689007
S1-784959610	S2-201952596,S2-657163256,S2-488309962,S3-148926608
S1-660817610	S2-129148581,S2-200121538,S3-869360385,S3-46087689
S1-720355138	S2-837776938,S3-156699145
S1-787247498	S2-636335569,S2-347786365,S3-442713312
S1-3600221	S2-9384735,S2-739498729,S2-131120758,S3-419161524
S1-368721172	S2-119046828,S2-627138594,S2-177141868,S3-449245898
S1-687834970	S2-645819700,S3-341785358
S1-91453329	S3-868822842
S1-654970507	
S1-370639134	S2-798033675,S3-409136539,S3-250256731
S1-723933433	S2-595699792,S3-428301742,S3-38100439
S1-876606872	S2-453069783,S3-560316729
S1-363694836	S2-838503117,S2-407471010,S3-97349987,S3-775451169,S3-860274754
S1-821448844	S2-67338430,S3-144615512
S1-703067536	S2-932376974,S3-467659188,S3-551064796
S1-201763086	S2-292863418,S3-135702761
S1-189009419	S2-513806784,S2-103969033,S2-29309415,S2-507033552,S3-722189206
S1-514000057	S3-90096299,S3-682812814
S1-819847237	S2-71405247,S3-220257130,S3-834039122
S1-346280465	S2-83595480,S2-409092274,S3-878789534,S3-62944039
S1-127742145	S2-933219580,S3-101242016,S3-287884226
S1-871816223	S2-153036511,S2-83676479,S3-619658095,S3-340406137,S3-14755954
S1-642433912	S2-38287710,S3-322764105
S1-400205480	S2-551733314,S3-150495030,S3-882799018
S1-836140733	S2-732257340,S2-147818866,S2-439190469,S2-434155794,S3-168153013
S1-965835950	S2-777133665,S2-227459424,S3-78849868,S3-535043554,S3-300845973
S1-688192310	
S1-985611673	S2-13244877,S2-8631911,S3-348074151
S1-151672450	S2-804664182,S2-470655227,S3-225952682
S1-997025290	S2-933969973,S3-712668333,S3-595421447
S1-812505067	S2-241690656,S2-210649645,S2-356654780,S3-216174606
S1-618624127	S2-641617263,S2-683561888,S2-516888315,S2-611025681,S2-84528031,S3-524514701,S3-556259876
S1-732962515	S2-27668998,S3-848582849,S3-83457359,S3-758361212
S1-90618292	S2-574160414,S2-311686375,S2-908711292,S3-45334353,S3-249285067
S1-937605304	S2-444515296,S3-104705634,S3-165933726
S1-880204529	
S1-435967185	S2-512480472
S1-316125744	S2-64629142
S1-343612833	S2-342235140,S2-659191477,S3-218707962,S3-152117157,S3-645238645,S3-478048401,S3-661098171
S1-658810990	S2-915223673,S2-860773736,S3-764599275,S3-178817670
S1-69780258	S2-574353352,S2-479299123,S2-124762872,S3-902222162
S1-827621755	S2-243620534,S2-618406158,S3-45420009,S3-253066583,S3-748319163
S1-695394073	
S1-963743420	S2-176206872,S2-448396521,S2-709560570,S3-308248502,S3-406039933,S3-588931365
S1-871177081	S2-369980182,S2-446611374,S3-744636679,S3-445138905,S3-943909281
S1-987746680	S2-289044105,S2-353716542,S2-19911540,S3-426700448
S1-927775711	S2-956542988,S2-670379724,S3-277363205,S3-40855129,S3-517999327
S1-97672396	S2-540121700,S2-54271154,S3-183702375,S3-629581355,S3-869613638
S1-505282303	S2-328065607,S3-318606957
S1-274841473	S2-114618640,S2-525757897,S2-560248979,S2-978597819,S3-839708499
S1-469941470	S2-891873622,S3-605776773,S3-498123784
S1-776715892	S2-372110113,S2-515388269,S3-291911940,S3-955204630,S3-734311338
S1-189181683	S2-167269529
S1-380562304	S2-716636052,S3-634464585,S3-448735061,S3-86869702
S1-191560269	S2-321299931,S3-825234386
S1-883249669	S2-149570412,S2-258011521,S2-154267753,S2-333205531,S3-887769087
S1-113347240	S2-33256062,S3-181811215,S3-206363327
S1-463828781	S2-636208278,S3-488815529,S3-537042105
S1-464116166	S2-30166316,S2-452549340,S2-631020714,S2-26609844,S3-87391766,S3-446673189,S3-523704672
S1-741384430	S3-150419585,S3-998379728
S1-625368825	S2-317953903,S3-839992250,S3-379855203
S1-919678902	S2-202453127,S2-714812840,S3-742253543
S1-762592431	S2-111123280,S3-353850689
S1-112057489	S2-805011852,S3-791314643
S1-865104269	S2-608375355,S2-154267107,S3-53923584,S3-119357031
S1-881637509	S2-36045386,S2-303268644,S3-793864000,S3-25481552
S1-433924282	S2-99039106,S3-482348069,S3-516001285
S1-747623115	S2-463659759,S3-970711629
S1-681587601	S2-528056783,S2-887099604,S2-383761752
S1-525898518	S2-442984376
S1-640222885	S2-55844465,S3-89663276
S1-831272512	S2-131567029,S3-141027315,S3-250207352,S3-119181726
S1-767991483	S2-915736148,S3-471296954,S3-341292240,S3-232128141
S1-296631077	S2-607323510,S2-65824081,S2-175223785,S2-267787512,S3-376580408
S1-55725923	S3-128058241,S3-586713253,S3-774202755,S3-825228879
S1-966138800	
S1-837376640	S2-144078054,S2-976934237,S3-73447805,S3-181160897
S1-218151326	S3-578733593,S3-352161037,S3-922986941,S3-633611777
S1-624431341	S2-45131484,S2-306117938,S2-189039407,S3-846994785,S3-362258997,S3-533066200
S1-549077431	S2-995615420,S2-265574512,S2-998334777,S3-276405987
S1-131916897	S3-542867627,S3-499435229
S1-58235594	S2-825275477,S3-798711147
S1-870288035	S2-524962010,S2-596820976,S2-663560080,S2-390882739,S3-420289203
S1-57822711	S2-655488877,S2-649219179,S2-151204280,S3-317206675,S3-510679463
S1-144706445	S2-181363417,S2-507369432,S2-811457247,S2-796385182,S3-166695477
S1-191136507	S2-307275204,S2-689914488,S3-214668565,S3-25442997
S1-753843914	S2-854894396,S2-697245145,S3-751202244,S3-78467331
S1-334706049	S2-902706268,S2-283602057,S3-33260976,S3-60685718,S3-339939790,S3-797499072
S1-268101943	S2-197595697,S3-988398899,S3-753211221
S1-245933944	S2-383899632,S2-647481951,S2-597479694,S3-797601991,S3-57288380,S3-727891982
S1-397018302	S3-657655651
S1-433945674	S2-50887724
S1-807253308	S2-290415268,S3-153089982,S3-429284152,S3-971784543
S1-101445397	S2-864095982,S2-313350269,S3-4337002,S3-966255122
S1-733823693	S2-733644234,S3-597841130,S3-938528299,S3-834485792,S3-855715946,S3-269683737
S1-437738177	S2-99288133,S2-377283303,S3-804238150
S1-321751953	S2-745535514,S2-748412914,S2-922507175,S3-561070419,S3-424895196,S3-303430909,S3-964730852,S3-989196483,S3-989004565
S1-997328090	S3-590127655
S1-845256285	S2-7488207,S2-359549511,S3-899675938,S3-423814065
S1-638710413	S2-470680145,S2-164337155,S2-188156537,S2-474004689,S3-78837216
S1-728069416	S2-846100888,S3-315871875
S1-935158896	S2-427363098,S2-308268969,S2-537684182,S3-310012347,S3-799543949,S3-142706208
S1-424951732	S3-329265636,S3-556095257,S3-121059559,S3-982517356,S3-512455969
S1-711164172	S2-250798653,S2-994988451,S2-915297443,S2-375017273,S3-843840230,S3-562923310,S3-977765301,S3-62908337
S1-353397431	S2-76808558,S3-170778078
S1-27138146	
S1-104539904	S2-825480587,S3-122985603,S3-501623322,S3-854427188
S1-946185185	S3-507137845,S3-358108540,S3-733186479,S3-591985641
S1-218048674	S2-54120441,S2-784158407,S3-189941503
S1-647436953	S2-417169554,S2-911534301,S2-581080697,S3-34437105,S3-587570117
S1-94172981	S2-528827942,S3-96511376,S3-294249110
S1-341503346	S2-467387056,S2-705702448,S2-910086744
S1-294865850	S2-525909767,S2-420470739,S3-216244393,S3-502670843,S3-799402931
S1-214569401	S2-143975290,S2-145185902,S2-418374784,S2-379723036,S3-722029438,S3-613386906,S3-205446535,S3-703072650
S1-261857753	S2-649939897,S2-942423426,S2-882166907,S3-186505920,S3-864265709,S3-773305663,S3-414324478
S1-722228583	S2-224525020,S2-387034895,S2-776064453,S2-415974292,S3-945967628,S3-77919724,S3-323679456
S1-997512180	S2-965249668,S3-459673572
S1-559892121	
S1-183834342	S2-498141298,S2-506884752,S3-215616151,S3-890986960,S3-447187855,S3-592397222
S1-70133842	S2-392008517,S3-862937894,S3-566068720
S1-781315776	S2-482619434,S2-942021362,S2-11263847,S2-915675011,S3-597149982,S3-464470022
S1-589877025	S2-387312952,S2-682680370,S3-18877889,S3-866466719,S3-95727193
S1-320741270	S2-763085069,S2-43604144,S2-147254199,S2-278196747,S3-44828249
S1-457029658	S2-194080273,S3-242542860,S3-250677461
S1-699581077	S2-472847604,S2-272244295,S3-428247384
S1-521604944	S2-550804967,S2-686704226,S3-273202179,S3-878198853,S3-276147465
S1-447452795	S2-995233298,S3-366674728
S1-301525050	S3-684927566,S3-918347156
S1-402311250	S2-583821423,S3-500706572
S1-124149196	S2-951463245,S2-178038382,S2-915940431,S3-138124067,S3-598443675
S1-959124216	S2-712851315,S2-678564188,S3-982386118,S3-371071064
S1-464378427	S2-755008640,S3-253394015
S1-991015207	S2-160604973,S3-109473170,S3-941450331
S1-751987862	S2-794228360,S3-496317378,S3-590820526
S1-522974889	S3-773217457,S3-224677681,S3-785000349,S3-929086938
S1-222366068	S2-356643548,S3-230475298,S3-793109077
S1-25465737	S2-820578719,S3-524564712,S3-118026825
S1-525182270	S2-314543518,S3-801864419,S3-380800624
S1-646966757	S2-828814691,S2-859319260,S3-86246233
S1-285610230	S3-971390120,S3-357309885
S1-137657923	S2-646739691,S2-563435372,S3-650575358,S3-645733305,S3-287722153,S3-741105340
S1-364183285	S2-322141027,S3-259899088
S1-545794800	S2-911382192,S3-625458328,S3-519556546
S1-274020395	S2-405475306,S2-912083618,S2-300050343,S3-160144226,S3-892824530
S1-481203335	
S1-248443415	S3-206284554,S3-274602347,S3-30720825
S1-847093601	S2-801835480,S3-492105588,S3-487021124
S1-570638182	S2-222030307,S3-820309091
S1-943221774	S2-203593400,S2-548063867,S2-943682295,S2-86472613,S3-948987109
S1-779866134	S2-276355156,S3-314979107
S1-922708518	
S1-6120435	S2-692687283,S2-629573383,S3-472486652,S3-1095114
S1-292207295	S2-148758360,S2-968177364,S3-755596405,S3-811547114
S1-512820772	S2-598479104,S3-742470318,S3-246045248,S3-347087820
S1-924191378	S2-387978437,S2-564090077,S2-642891919,S3-882818509,S3-718011018
S1-344237750	S2-925740707,S2-77436453,S2-668259804,S2-569862919,S3-353714279,S3-160526489,S3-941026643,S3-59963001
S1-944564080	S2-780307517,S2-451455100,S3-591218575,S3-993537527
S1-587557495	S2-932502027,S2-513934939,S2-892996565,S3-694413181,S3-383827914
S1-778406217	S2-296917896
S1-82722232	S3-512555365
S1-335438802	S2-405350842,S3-856147952,S3-681143291,S3-60020107,S3-154654840
S1-185306530	S2-954202033,S3-955762380,S3-250319038
S1-208073997	S2-442527427,S2-798395068,S2-373981938,S2-949622575,S3-240408586,S3-6484481
S1-968227440	S2-174158291,S2-759844738,S2-886166126,S2-786204647,S2-345304475,S3-956947486,S3-293674596
S1-215253278	S2-592998863,S2-685975340,S3-152920001,S3-67298946,S3-753186956
S1-906081595	S3-483825659
S1-765096540	S2-922561477,S3-354354770
S1-792504945	S2-735690105,S2-434166334,S2-397671967,S3-701433870
S1-130593673	S2-599668227,S3-966449144,S3-217264563,S3-736645517
S1-515507236	S2-653937442,S2-73473402
S1-603017737	S2-38333078
S1-287939193	S2-229681198,S2-572783560,S2-660391066,S3-937585429
S1-718771906	S2-274676036,S3-384768329,S3-95113266
S1-570121120	S2-271614379,S2-959452571,S3-967361993,S3-469781692
S1-850222437	S2-742943945,S2-932995003,S2-928777348,S3-827422683,S3-839818871
S1-818654914	S2-994700759,S2-542214245,S3-571886954,S3-448626983,S3-405614190,S3-802002715,S3-31454136
S1-599015472	S2-644298558,S3-529227062,S3-750030875,S3-64319280,S3-3576170
S1-470655637	S2-875183350,S3-473382370,S3-445038064
S1-665267631	S2-776508574,S2-944142611,S3-968527031
S1-869106603	
S1-379730629	S2-603422866,S2-305060598,S2-577466113,S2-483987300,S3-345103557
S1-288733102	S2-756911367,S3-994299360,S3-54995471
S1-346749147	S2-283707523,S3-710361339
S1-747065596	S2-412722853,S2-875981549,S3-120680587
S1-21462004	S2-946022057,S2-468277604,S3-837449773
S1-617209717	S2-485032007,S2-63883486,S2-581896632,S3-718613714
S1-442158893	S3-642711293,S3-807177031
S1-339492383	S2-203604499,S3-461642672
S1-81499116	S2-890847671,S3-325380963,S3-666122750
S1-573419341	S3-608502047
S1-834586556	
S1-664355108	S2-797243298,S2-385686651,S3-83870341
S1-164752215	S2-794038892,S2-944023435,S2-320507281,S2-166601439,S3-182240098,S3-871625342,S3-783412626
S1-411400175	S2-497496559,S2-438347918,S2-467421480,S3-42823010,S3-204412512
S1-973570350	S2-919155124,S2-89146958,S2-699618589,S2-904737511,S3-493106705,S3-986359575
S1-271274103	S2-197404339,S3-78081238,S3-716496332
S1-234349869	S2-954562409,S2-639606540,S3-790788775
S1-706591604	S2-916592985,S3-587993503,S3-152286696,S3-562900413
S1-267704993	S2-541912259,S3-898612017,S3-303056222,S3-178729058
S1-883723710	S2-482905619
S1-49080062	S2-733531110,S2-24667514,S2-296791890,S3-51208362,S3-971586181,S3-316259691
S1-794179231	S3-157309734,S3-369041821,S3-835925550
S1-936824111	S3-972798063,S3-485653539
S1-263317766	S2-170073192,S3-714327696
S1-833028052	S2-105630073,S2-221752221,S3-175626468,S3-243954997
S1-540944372	S2-788599830,S2-959211614,S2-915335179,S2-564160193,S3-157998895,S3-443645678,S3-324759567
S1-157892774	S2-751741783,S3-956924237,S3-309991291
S1-812705214	S2-273530886,S2-241616887,S3-41620126
S1-382703725	S2-460491432,S2-411817166,S3-400805166
S1-849905725	S2-598294042,S2-767739635,S3-18390618,S3-178176519
S1-468239501	S2-861720306,S2-359067438,S3-415032123,S3-70081220,S3-243818084
S1-757906058	
S1-417095025	S2-611768483,S3-406155028
S1-349920988	S2-45724924,S2-456224034,S2-441907326,S2-881568613,S3-5236327
S1-564313421	S2-109996413,S2-217866059,S3-501975767
S1-27605326	S2-709000966,S2-330679245,S2-216745626,S3-431058497,S3-217629986
S1-978802257	S2-441208493,S2-523999258,S2-655586177,S3-628222996
S1-237324730	S2-894663230,S2-248411155,S3-55398602,S3-612593184
S1-521186516	S2-227063184,S3-209441581,S3-257978002,S3-365688760
S1-612211644	S2-2679609,S2-664989792,S2-284116755,S2-166944393,S3-727126476,S3-295654535,S3-409369395,S3-193171775
S1-934687509	S2-221035065,S2-679583181,S3-913275517
S1-328553370	S3-600103011
S1-590140391	S2-840155302
S1-956036039	S2-156503008,S3-431605817,S3-560852241,S3-898639165
S1-748398865	S2-181010914,S3-916083114,S3-704311947
S1-837509652	S2-305690589,S3-297222129,S3-547387025,S3-438851742
S1-974277771	S2-565275706,S3-799522102
S1-865238448	S2-314568574,S2-384256024,S2-883963336,S3-500387297,S3-914116365,S3-818284543,S3-483840455,S3-422693802
S1-209423343	S2-491800172,S2-48368494,S3-146216919
S1-330055842	S2-768669951
S1-611287866	S2-153559021,S3-369870072,S3-994339631
S1-600556234	S2-688351788,S3-345476382
S1-919117695	S2-533842069,S2-394263733
S1-32292286	S3-648947300
S1-606212124	S2-247332604,S3-368683558,S3-184586928,S3-727660030,S3-215376798,S3-520315814
S1-964798872	S2-787230848,S2-44528382,S2-733023499,S3-701496578
S1-160209945	S3-403091597
S1-907769280	S2-153744511,S3-193606332,S3-637536707
S1-908677273	S2-247287236,S3-905360289,S3-787210768
S1-840608675	S2-758028542,S2-229321473,S2-920563454,S2-29672220,S3-594576972
S1-268279992	S2-425844241,S3-146051775,S3-610271673
S1-552776987	S2-486012519,S2-870116576,S3-880759809,S3-291072676
S1-842202285	S2-337673929,S2-758297741,S3-769739177,S3-588758269
S1-650660688	S2-399912252,S3-90686564,S3-28111011
S1-838920676	
S1-876274786	S2-575375467,S3-751238645
S1-923771185	S2-187903914,S2-786998317,S2-496114448,S3-432857125
S1-769444821	S3-763941088,S3-585477352,S3-827832246
S1-26500587	S2-867994538,S2-99841028,S3-655960175,S3-924257814
S1-170263955	S2-199236983,S2-949193522,S3-395880434
S1-729593698	
S1-332154431	S2-354491990,S3-893445890,S3-640147729,S3-535131674
S1-905071659	S2-245851759,S2-478143132
S1-736035213	S2-729570308,S2-919183933,S3-873662890,S3-612543373
S1-379032118	S2-487382518,S3-357044188,S3-889530048,S3-347606160
S1-102259411	S2-669728177,S2-973259083,S2-843026165,S3-823407063
S1-707315806	S2-821530607,S3-894237478
S1-949508600	S2-295196069,S3-732757296,S3-371983240,S3-364358365
S1-15935570	S2-850681390,S3-733212456,S3-236237306,S3-850083807
S1-169090519	S2-2114670,S2-601810283,S2-852715739,S3-913318087,S3-553982814
S1-158095441	S2-750346152,S3-244928279
S1-402023227	S2-90332027,S2-643021573,S3-966464780,S3-331273792,S3-267300095,S3-94263898,S3-784975979
S1-300285842	S2-55338337,S2-490086807,S2-169755101,S3-15308329
S1-863785090	S2-759122942,S2-598851865,S2-256383906,S3-122481195,S3-67486426
S1-779960055	S2-491642210,S2-241200747,S2-920441296,S3-514018435,S3-199122788,S3-10463310,S3-177883944
S1-271231195	S2-896273588,S3-319680126,S3-918918501,S3-700281535,S3-962639643,S3-239222975
S1-355978776	S2-174870251,S3-370203142,S3-563230293
S1-60241100	S2-76534598,S3-954877121,S3-548032128
S1-51455412	S2-627534758,S3-550956643,S3-274838519,S3-282273762
S1-82526034	S2-524597530,S2-4548107
S1-356955847	S2-73673150,S3-54403203,S3-542495933,S3-418756403
S1-410006778	S3-90671586
S1-899426174	S2-260358762,S2-935053001,S3-394945566
S1-428583502	S2-804840607,S2-426383879,S3-995070966,S3-911217634
S1-242016904	S2-816448025,S2-448797967,S3-527968060,S3-81528614,S3-967526746,S3-571205874,S3-266264845
S1-944029771	S2-765400698,S2-253594955,S2-588104873,S2-89337992,S3-353558844,S3-574407341
S1-355083002	S2-191796587,S2-869231107,S2-198019380,S2-839914046,S3-160432615
S1-481710967	S2-952885638,S3-186279198,S3-379492878
S1-6458744	S2-859327536,S3-3177107
S1-720835828	S2-251511976,S3-119938217
S1-961382272	S2-790595404,S2-152501086,S2-532727453,S3-648467243,S3-998130365,S3-223884158,S3-210503157
S1-373483414	S3-810092655,S3-152861304
S1-985495249	S2-683834702,S3-710118552,S3-860800272,S3-355426884
S1-540668892	S2-904720239,S3-510434930,S3-414903180,S3-916370516
S1-202616720	
S1-697513892	S2-236100829
S1-254045719	S2-982064579,S3-607521380,S3-841689036
S1-208881373	S2-841611176,S2-816433569,S3-150067372
S1-934205980	S2-472804668,S3-355280248,S3-3710924,S3-588796929,S3-472944876
S1-520377514	S2-143518162,S2-467807495,S3-813485082
S1-90727993	S2-806512782,S2-815012117,S3-811254840,S3-928201247
S1-455074812	S2-810454652,S2-710907470,S3-297611008,S3-724114564
S1-938145856	S3-566935680,S3-221917206
S1-556718242	S2-84633951,S3-208310830,S3-351636651,S3-618244321
S1-566809824	S3-119790935
S1-173118270	
S1-452871446	S2-129830701,S3-8292074
S1-357307238	S2-197880367,S3-544440567
S1-533932682	S2-85654849,S3-134136050,S3-509371186,S3-699564523,S3-944689013
S1-601823470	S2-171057710,S3-664583083
S1-659335750	S2-902665619,S3-765936435,S3-697472851,S3-956380881,S3-914823758
S1-341841843	S2-337687689,S2-830357295,S3-26234553,S3-951614437
S1-311858420	S3-255609572
S1-896701933	S3-513456414,S3-748953837
S1-794145024	S2-917610727,S2-534697295,S2-20725046,S2-868353067,S3-44181492,S3-163584474,S3-101640848
S1-674784262	S2-641894076,S2-986373847,S3-985807326,S3-566050157
S1-53181076	S2-10506067,S3-815248704,S3-353017180
S1-409604720	
S1-629122355	S2-686232824,S2-225845201,S3-792948324,S3-122761558,S3-805127727
S1-198106923	S2-269391006
S1-485604384	S2-368051340,S3-696791702,S3-879020876,S3-964477238
S1-727008768	S2-416655804,S2-732896891,S3-361240880,S3-977993000
S1-855484624	S2-338678808,S2-216326037,S2-458435283,S2-664734422,S2-56758115,S3-557435359,S3-95626541,S3-565406118,S3-953989446,S3-503713500
S1-744328082	S2-57612835,S2-986466249,S3-446522040
S1-371361900	S2-290740026
S1-668671341	
S1-288517257	S2-886777109,S3-242229063,S3-191085436
S1-225526732	S2-459288286,S2-783495615,S2-279643894,S3-927487141,S3-960232570
S1-587749771	S2-256957292,S2-504777682,S3-372050527,S3-295690765,S3-898454378
S1-500201780	S3-24676598,S3-880760344,S3-376090502
S1-340275771	S2-116845923,S2-737104259,S3-509953913
S1-561894542	S2-901900706,S2-22514652
S1-20193307	S2-208776583,S2-879998892,S3-757516085,S3-352934058,S3-168772822
S1-496024351	S2-222644917,S2-178867632,S2-4827156,S3-457432024,S3-950505453,S3-481190166,S3-430492077
S1-189783981	S2-84726048,S3-79350200
S1-881326457	S2-21274893,S2-681733630
S1-99115147	S3-64597833,S3-348085088
S1-695764607	S2-173478945,S2-954498802,S2-210983158,S2-96933811,S3-908098764,S3-157187789
S1-334565609	S2-887191640,S2-449315021,S3-453603294,S3-93241547
S1-509378838	S2-400405973,S2-323423497,S3-578751912,S3-455489434,S3-918927435,S3-343160931
S1-722466213	S2-986593512
S1-108761159	S2-104397030,S2-923465011,S3-114187284,S3-955107796
S1-465549710	S2-836485606,S3-54700450
S1-964673786	S2-316700527,S3-969046938,S3-881322462,S3-432608363,S3-484061410
S1-774875542	S2-521143288,S2-949792524,S2-597974007,S3-136044391,S3-194751371
S1-756153272	S2-874383289,S3-862186078,S3-802490649
S1-891283288	S2-972453617,S2-728827856
S1-593010888	S2-736527384
S1-894932880	S2-41263065,S3-627742285
S1-518026530	S2-920922875,S3-510146343,S3-187880383,S3-439150312
S1-988620459	S2-42730317,S2-915296808
S1-363204355	S2-954416524,S2-236233532,S3-543200092,S3-825993476
S1-534607325	S2-37518747,S3-92333586
S1-342198906	S2-308749849,S3-730864423
S1-912638967	S2-835795323,S2-549557514,S3-802189198,S3-49732820
S1-384699231	S2-94004214,S3-249868608
S1-513442527	S2-685603958,S3-456329018
S1-346362442	S2-356216035,S2-906846521,S3-93918853,S3-611382648,S3-969430138,S3-745751036
S1-736014744	S2-665994692,S3-592943646,S3-95107821
S1-917526928	S2-971284253,S2-754922471
S1-177259558	S2-587748389
S1-318779387	S2-471022327,S2-660249325,S3-469653074,S3-507962323
S1-720055552	S2-253895725,S3-780103113,S3-998988553,S3-575990609
S1-97624517	S2-940486347,S2-428153455,S3-141168429,S3-309407954,S3-402465863
S1-631869413	S2-506954380
S1-653797007	S2-626381798,S2-891602050,S3-218919250,S3-787050424,S3-942271436
S1-164856790	S2-29444491,S2-605104851,S3-540600509
S1-260734816	S2-826510163
S1-174569773	S2-51095112,S2-171256994
S1-190952657	S2-64054006,S2-679202381,S2-942616391,S3-664851954,S3-792818946,S3-400377877
S1-868152614	
S1-930003113	S2-831995648,S2-843727413,S2-804102321,S3-13860861,S3-932274643,S3-424731570,S3-559635331
S1-916461724	
S1-247831476	
S1-957822421	S2-526057146,S2-72591640,S3-737380528,S3-801490667,S3-265799953,S3-240797038
S1-743825473	S2-840391473,S3-856303475
S1-620575300	S2-537555109,S2-789434708
S1-704560475	S2-790261115,S3-131736665,S3-438542821,S3-426634787
S1-946040775	S2-620335774,S2-233471965,S3-79321375
S1-214577346	S2-829964521,S2-141455395,S3-60862311
S1-766468860	S2-96436109,S2-385737126
S1-187189371	S2-862687617,S2-530927560,S3-947243402,S3-418780453,S3-182329005,S3-899853672
S1-245704328	S2-879626895,S3-769554535,S3-385579217,S3-993064580,S3-291605460
S1-320904077	S2-419734056
S1-520748659	S3-366353543,S3-531241015,S3-216793345
S1-577472864	S2-274103020,S2-952108243,S2-703135263,S2-6944612,S3-383129838
S1-219853106	S2-319133885,S2-797191064,S3-602401022
S1-135873887	S2-174728197,S2-829546628,S2-616406614,S3-290982685
S1-806045168	S3-191251718,S3-170509199
S1-96997216	S2-568647396,S2-301846474,S2-692552246,S2-866635491,S3-664021824,S3-597519299
S1-5837923	S2-924479199,S3-937586653
S1-616221144	S2-343887266,S2-476189446,S2-866632464,S3-234006010
S1-963438852	
S1-27805577	S2-80682343,S2-431693934,S2-799840048,S3-325896991,S3-603989767,S3-716062082
S1-312818155	S2-854293052,S3-723432606,S3-585939099
S1-606599401	S2-855449168,S2-673607593
S1-164498766	S3-176453629,S3-503667192
S1-416028368	S2-162831178,S2-965631748,S3-678213014
S1-645939210	S2-571490474,S2-481912995,S3-831171501
S1-994375599	S2-332152729,S2-352669354,S2-565480499,S3-278968768,S3-306166986,S3-632765119
S1-873112061	S2-108084066,S2-869675378,S3-506453700,S3-417115195
S1-709189088	S2-552773059,S2-1357460,S2-865573631,S3-247236754,S3-549725226
S1-322742919	S2-277141232,S3-308863657
S1-387879571	S2-583775694,S2-623862561,S2-479633490,S3-394477520,S3-223847394
S1-844463097	S2-56769863,S3-287944778,S3-749921064
S1-401662044	S2-748074457,S3-420580512,S3-19842473,S3-6921330
S1-965748913	S2-240735088,S2-965492335,S3-57020209,S3-570338602,S3-566865180
S1-831945026	S2-51593912,S2-974020273,S2-215186445,S3-84772871,S3-107507422
S1-182386223	S2-651231352,S2-566538491,S3-220508420,S3-336189300
S1-330889179	S2-187917385,S3-635263811
S1-809623535	S2-565112875,S2-99429155,S3-331972462
S1-87669430	S2-154837002,S2-76381483,S3-141973689,S3-926524263
S1-712709184	S2-927858874,S2-761062088
S1-264918211	S2-460610839,S2-4973155,S3-968292639
S1-497250243	S2-879310056,S2-302521778,S2-218786386,S3-344414882,S3-455440783
S1-932937080	S2-907992730
S1-765453513	S2-658807038,S2-370473622,S3-157818636
S1-383816452	
S1-908017545	S2-823714253,S2-202797156,S2-80969205
S1-360892822	S2-416949150,S3-592179010,S3-651736621
S1-707654043	S2-206594179,S2-753293758,S3-986835066
S1-592263828	S2-129691826,S3-931043077,S3-706680768
S1-168425646	S2-510874285,S3-683598518
S1-986801194	S3-790688328
S1-259793189	S2-498101512,S2-128432596,S3-696021722
S1-280597765	S2-95164617,S2-381314410
S1-138885092	S3-964151410,S3-163104239,S3-849799271
S1-515534439	S2-86618025,S2-5864638,S2-809491621,S3-822711511,S3-458525406,S3-756614360
S1-658173197	S2-44159366,S2-280618006,S2-552063576,S2-930643825,S3-825353002,S3-683391471
S1-913970531	S2-855433066,S2-244763331,S3-646823879,S3-618129911
S1-123881437	
S1-824358762	S2-647728364,S2-271738027,S3-695300675
S1-466324145	S2-830948631,S3-341846202,S3-707591218,S3-731811053
S1-414539171	
S1-661173669	S2-41373593,S2-707528618,S2-181280478,S3-298692451,S3-676697698,S3-334014176
S1-86778868	S3-662899523
S1-543875096	S2-681462590,S2-516242005,S3-924848417
S1-162217868	S2-730481487,S2-312991176,S3-519725770,S3-957147007
S1-182398964	S2-82209428,S2-806072174,S2-285986904,S3-420829209,S3-877458726
S1-117357231	S2-39841431,S2-63076582,S3-512245899,S3-671036171
S1-469520652	S2-511572915,S3-92356520,S3-627381437
S1-298455068	S2-480177776,S2-845624486,S3-760475401
S1-884380762	S2-321606388,S2-823349205,S2-969070938,S2-168540177,S3-753594771,S3-237793919
S1-76458164	S2-856119701,S2-63629260,S2-753622900,S2-808489722,S2-742339921,S3-363092921,S3-896101728
S1-915035258	S2-732099594,S3-344109930,S3-620318731
S1-321947450	S2-753927208,S2-144285609
S1-408186013	S2-835959437,S3-661572201,S3-660732800
S1-515090700	S2-328218116,S2-436179064,S3-795458061,S3-879756575,S3-918070002,S3-248593681
S1-272155463	
S1-803916450	S3-321512378
S1-484425428	S2-619356510
S1-784306133	S2-449493357,S2-967724718,S3-318348439
S1-990460668	S2-464523582,S2-337585600
S1-993238484	S2-718689022,S3-292829016
S1-89741045	S2-670563800
S1-645315966	S2-536486087,S2-986458395,S3-285116031
S1-420849034	S2-909109328,S2-713053160,S3-262195632,S3-917605134
S1-319125577	S2-256099738,S2-659201643,S2-261958970,S2-430090703,S2-880225613,S3-856512335,S3-196875333,S3-283394076,S3-901755348
S1-594949932	S2-62120898,S2-378853144,S2-337859895,S3-889377505,S3-927553224
S1-470681994	S3-289569589,S3-170560124
S1-340097599	S2-12144704,S2-751828944,S2-614926369,S3-181325743,S3-537409145
S1-216195205	S2-191120454,S2-18187593,S3-650364451,S3-138576230
S1-193682202	S3-426507683,S3-611436214,S3-293469310,S3-951174419
S1-604425855	S2-929066309,S2-350126747,S3-914171365,S3-720142894
S1-692605469	S2-377795523,S3-153652080,S3-682346071
S1-998265559	S2-542006138,S2-779892951,S3-570312819
S1-607278049	S2-751516200,S2-68741390,S3-761894336,S3-833496439,S3-542071401
S1-452088566	S2-550378198,S2-617727781,S2-43666300,S2-977385726,S3-281525652,S3-401336661,S3-809702809,S3-251557149
S1-812106410	S2-617795249,S3-586516488,S3-848433107
S1-426790673	S2-393817019,S3-359871391,S3-745660534
S1-635267073	S2-488935381,S2-950863382,S2-978428538,S3-471791498,S3-829281138,S3-298608091,S3-730729452
S1-559824041	S2-621998121,S2-640680470,S3-577119581,S3-781911032
S1-753008163	S2-828386617,S2-288206902,S2-762363892,S3-435447384
S1-439152846	S3-737166212
S1-81742991	
S1-726680366	S3-802295019,S3-707024082,S3-974038876
S1-266947255	S2-667057187,S2-693623982,S3-120715702,S3-766458380
S1-170464696	S2-42689381,S3-489227329
S1-641817890	S2-289543055,S3-846323782
S1-462827766	S2-871468107,S2-710468648,S3-557421430,S3-248433114
S1-273845029	S2-966584516,S2-929649023,S3-622281365
S1-923876088	S2-905835964,S3-791399301,S3-545163435
S1-631002729	
S1-138415150	S2-230412363,S3-246719569
S1-277352073	S2-378094840,S3-525932371
S1-585623923	S2-173813171,S2-965599933,S2-10524829,S3-175095939,S3-236104359
S1-645072503	S2-676714592,S3-12760674
S1-323578881	S2-598086314,S2-852080855,S2-150876552,S3-167659498,S3-457155323
S1-984006667	S2-666003464,S2-27124175,S2-374195787,S3-834517649,S3-1377411,S3-776520001
S1-662290874	S2-737721762,S3-52759063
S1-888514024	S2-851490521,S2-758384171,S2-768343964,S3-268336449,S3-121039336
S1-508931463	S2-738479992,S2-224450087,S2-531184822,S3-806658959,S3-38516731
S1-210886641	S2-199131123,S3-683547503
S1-709514358	S2-715739699
S1-970155344	S2-241808076,S3-440726725,S3-559221585
S1-299555192	S2-345906652,S2-272440611,S3-768901
S1-5037579	S2-32877953,S3-138641045,S3-20359174
S1-368811686	S2-823952264,S3-88583246
S1-464551227	
S1-439492834	S2-437310520,S3-82447676
S1-56364866	
S1-662684313	S2-206281154,S3-43934822
S1-981484735	S2-799918601,S3-453505717,S3-501829913,S3-877536798,S3-484873712
S1-578679782	S2-819350374,S2-59016894,S3-872857186,S3-748408922
S1-645193014	S2-967428931,S2-846535787,S3-10339368,S3-168756852,S3-352864677,S3-329339052
S1-703318452	S2-956768746,S3-95634599,S3-991649937,S3-848737905
S1-251700222	S2-195882195,S2-576060722,S2-316657072,S3-155648384,S3-724378470
S1-866559288	S2-904683966,S2-264407092
S1-893341537	S2-62676820,S2-941079017,S2-806432947
S1-60937142	
S1-216056829	S2-217393181,S2-867672439,S3-642711281,S3-580319237,S3-305005225,S3-206766440
S1-119723517	S2-718484609,S2-556484159,S2-947212277,S2-533984443,S3-137227713,S3-797922258
S1-315086174	S2-43796282,S3-724802805,S3-21861395,S3-36289536
S1-506368904	
S1-465230242	S2-493753026,S2-959800659,S2-127284995,S3-636499790,S3-388390050
S1-398075067	S2-54987718,S3-625754787
S1-780287381	S2-315711263,S2-251353345
S1-82859371	
S1-533150107	S2-180794256,S2-839806834,S2-305561852
S1-965246948	S2-285201985,S2-3984800,S2-474075783,S3-617076803,S3-771404452
S1-517626599	S2-247014674,S2-326928258,S3-668705391
S1-232652193	S2-47203536,S2-552283792,S2-9533693,S3-170147207
S1-105969715	S2-407228015,S2-45632503,S2-769365315,S3-862997656
S1-785937689	S2-618465868,S2-388844632,S2-558237848,S3-365470903
S1-65781506	
S1-467267735	S2-599849248,S2-265054463,S2-933036513,S3-917365716,S3-249277026,S3-767945337
S1-605880019	
S1-175428347	S2-442941700,S3-122332325,S3-642001666,S3-489528950
S1-396604572	S2-515703200,S3-167174600
S1-105306936	S2-319145652,S2-845033561,S3-874426562
S1-753515545	S2-151228560,S2-947918284,S3-60105600,S3-707245426
S1-48233677	S2-819739770,S2-8528240,S2-685798067,S3-832001725,S3-700053901
S1-229735877	S2-647836141,S3-859185182,S3-80089556
S1-671669043	S2-779998795,S2-323521321,S2-950251350,S3-971885846,S3-71180512
S1-998747249	S2-99273818,S3-740912250
S1-492144261	S2-30031359,S2-996819000,S3-146094340
S1-401140351	S2-181532815,S2-640224252,S2-896033197,S2-823715340
S1-665735345	
S1-731643638	
S1-629922019	S2-959382281,S2-897485618,S3-890852568,S3-522250581
S1-138373465	S2-427853840,S2-226031697,S3-701700680,S3-39931681,S3-285607082,S3-925140619,S3-979426389
S1-607437704	S2-490570365,S3-743349733,S3-570202063
S1-161319070	S2-814349402,S3-65104309
S1-417001911	S2-381684902,S2-943646187,S2-491386657,S3-117765517,S3-722789424
S1-384100828	S2-389131336,S2-612551107,S3-890668722,S3-923726124
S1-64213853	S2-669651848,S3-239635905,S3-291747158
S1-482420455	S2-362564870,S3-56633720,S3-48730673
S1-629063625	S2-891533583,S3-69803768,S3-682153281
S1-776261057	
S1-75124887	S3-269593190,S3-332451262,S3-439288484,S3-728087694
S1-146279534	S2-104458552,S2-562616597,S2-282117873,S3-886919255,S3-282044142
S1-713676954	S3-853721976,S3-991870962,S3-360700455,S3-956790551
S1-199302960	S2-443135602,S2-155459980,S2-222861680,S3-223320032,S3-345784246
S1-504021426	S2-456218047,S2-957118617,S2-76830544,S2-335839114,S3-670007322,S3-105648294
S1-607187643	S2-137784057,S2-141176085,S2-28095459,S3-488527518
S1-705337214	S2-867748389,S2-4629475,S2-78407334,S3-95035280
S1-975975269	S2-635845114,S2-410411884,S3-30420239,S3-327662918
S1-739683238	S3-683482457
S1-346815960	S2-705691502
S1-743784741	S2-929623973,S2-543159045,S3-581339316,S3-863516641,S3-487182887
S1-542212653	S2-477579405,S3-810398590,S3-839158785,S3-639060459
S1-784903413	S2-801973800,S3-158348697,S3-454336766,S3-744401629
S1-811511579	S3-71384536
S1-629516774	S2-47327106,S2-291305813,S3-820276515
S1-103371642	S2-662595433,S3-278038575,S3-22710694
S1-568935032	S2-247258433,S3-529110041
S1-201840607	S2-660138712,S3-709637011,S3-401168929,S3-603358828
S1-563725141	S2-377325800,S3-949278150,S3-193779254
S1-278098146	S3-280712254,S3-180857843
S1-71314285	S3-886624539,S3-112245899,S3-662387724
S1-606170033	S2-926726161,S2-996188134,S3-738885141,S3-302311022,S3-866000319
S1-778385714	S2-879652452,S2-885077368,S2-882634063,S3-481626929,S3-768885901,S3-567534471,S3-190645576,S3-140023485
S1-585413232	S2-802151721,S2-681232732,S3-922470531
S1-379383147	S2-451068880,S3-501324219
S1-822437074	S2-499748196,S3-746838561,S3-639946850,S3-291474209
S1-907335966	S2-539210420,S2-43302527,S3-650503897,S3-776357968
S1-988557551	S2-526985638,S3-413778508
S1-631303368	
S1-981877683	S2-920233550,S3-946735227,S3-390576843
S1-538433372	
S1-580335232	S2-179416078,S2-768079138,S3-710306148
S1-593287812	S2-382989211,S2-46169967,S3-885287739,S3-942889684,S3-943237156
S1-481862892	S2-992124195,S2-198970402,S3-899956978
S1-554676437	S2-439771586,S3-307018943
S1-343276089	
S1-442272844	
S1-824670376	S2-251922560,S2-988894607,S2-322315889,S3-775390214,S3-305395136
S1-770889629	S2-559692108,S3-718420598,S3-286712862
S1-187283626	S2-216685777,S2-496445861,S2-219583602,S3-444456299,S3-421675701,S3-624502137
S1-993970451	S3-249502486
S1-126395981	S2-336127282,S3-300715452,S3-843239557,S3-752037279,S3-271399148
S1-854651923	S2-849902136,S3-319767328,S3-816838118
S1-464242135	S2-913449447,S3-679313356,S3-544018713
S1-403299677	S2-725694808,S2-673838385,S2-791946553,S3-396096136
S1-945673211	S2-962893180,S3-464463231
S1-205099854	S2-84589759
S1-767073872	S2-401161976,S3-75548307,S3-823280523
S1-388163809	S2-14912979,S2-317833996,S3-387864529,S3-686975917,S3-108825067,S3-40941088,S3-169889602
S1-428925162	S2-196955363,S2-84223545,S3-130877
S1-393385749	
S1-911157883	S2-132950109,S3-449226715,S3-443483410,S3-306490424
S1-806171253	S2-551925356,S3-493541751,S3-317958676
S1-18431892	S2-833190919,S3-949014382,S3-490081757
S1-94689344	S3-830461626,S3-654395539,S3-425546402
S1-788641874	S3-986736257,S3-898170231
S1-964977585	S2-523683160,S3-914080630
S1-779623646	S2-855471553,S2-856435211
S1-523733462	
S1-765345155	S2-819661104,S3-949490903
S1-457525406	S2-878207032,S2-566716696,S3-713979762
S1-119333643	S2-86198988,S2-613614427,S2-2738587,S2-429656796,S2-28089118,S3-477164388
S1-120399858	S2-134103828,S3-508463636,S3-464226022
S1-474642502	S2-456747868,S2-157025869,S2-782424151,S3-26028752
S1-436508509	S2-454311351,S2-718728015,S3-817904086,S3-927770605
S1-799593992	
S1-166242459	S2-840017627,S2-741759843,S2-627691476,S3-853081927,S3-905154194
S1-571208493	S2-580788795,S2-444408391,S3-455826111,S3-824003317
S1-788412913	S2-626316624
S1-586798797	S2-584773173,S2-95900108,S3-982599540,S3-492437298
S1-854645540	S2-294231503,S3-641635383,S3-347922118
S1-74586788	S2-239662736,S2-11123095,S3-805471414,S3-984153032,S3-398419860,S3-705348366
S1-137379242	
S1-842303290	S2-402752124,S3-184488668,S3-444008756
S1-773669299	S2-279348473,S3-271773550,S3-303382506
S1-837386313	S3-392894875,S3-56735141
S1-863780166	S2-728698053,S2-872523822,S3-164692203,S3-368947456
S1-267610323	S2-376681625,S3-792340629,S3-388670869,S3-912249766
S1-305045482	S2-393360710,S2-474174720,S2-562915862,S3-171746208
S1-565771540	S2-779408419,S3-69924107
S1-223950766	S2-728721444,S2-217070508,S3-543367100,S3-669094807
S1-344398051	S2-179504060,S2-875300903,S2-261183914,S3-69191404,S3-762397322,S3-8866490
S1-813012586	S2-614512459,S2-707149884,S2-20733571,S3-413534645,S3-62955308
S1-53730389	
S1-280319675	S2-719839571,S3-625749994,S3-992087369
S1-961584291	S2-719041196,S3-482427118,S3-414409019
S1-707029432	S2-503158612,S2-722165074
S1-360104744	S2-872580283,S3-22650652,S3-32118495,S3-981337425
S1-664070178	S2-492944301,S2-142504741,S3-918800138
S1-474496206	S2-144139424,S2-32246460,S3-561054209,S3-467320066
S1-697853697	S2-36863448,S3-194298300,S3-481195479
S1-730096423	S2-98197120,S2-261448167,S3-204799231,S3-611417957
S1-974407259	S2-986577014,S2-951406371,S2-795237164,S3-692179188,S3-193814578
S1-8430043	S2-502690159,S2-80399069,S3-725920350,S3-749043158
S1-574980924	S2-409677,S2-438313636,S3-56440868,S3-169595141
S1-371450624	S2-282800333,S2-945861225,S3-90436960,S3-283904644,S3-111238356
S1-74308995	S2-985867307,S2-973791230,S3-955916510
S1-346259684	S2-416380797,S3-347181881,S3-666738597
S1-490862299	S2-867917724,S2-22309693,S2-687247753,S3-168160142,S3-607646412
S1-659050734	
S1-647025079	S2-766904905,S2-632629863,S2-748901536,S3-443919353,S3-984080292
S1-328721019	S2-841285768,S3-715883455
S1-660994430	S2-91444797,S2-409235169,S2-848306332,S2-504878807,S3-137675125,S3-923325708
S1-30357954	S2-452020621,S2-696501781,S2-454461169,S3-968014590,S3-728566732,S3-690725913
S1-272010945	S2-705890150,S3-141398121,S3-161431697
S1-398427577	S2-159447115,S3-29127004
S1-769129923	S2-318209004,S3-345155972,S3-796542357
S1-920506546	S2-369572197
S1-329646843	S2-714391701,S2-228659779,S3-10314807,S3-235372834,S3-7970822
S1-360205034	S2-392424251,S3-274436706
S1-740892862	S2-632564755,S2-114055969,S3-18348724
S1-725627869	S2-532343752,S2-647447201,S3-767759085,S3-714172229
S1-138316912	S2-653082064,S3-447070740,S3-807375644,S3-604695732,S3-969750057,S3-866674377
S1-451703233	S2-534640073,S3-241811104,S3-774696816
S1-375515265	S2-652521983,S2-499794307,S2-438607631,S2-831454361,S3-32614018,S3-16323830,S3-95891522
S1-456472062	
S1-479668408	S2-947994650,S2-319418736,S3-104929148,S3-299234526
S1-77567668	S2-119378831,S3-729557089,S3-253885061,S3-551313832
S1-275561155	S2-916990034,S2-526050178,S3-184046784,S3-109242998
S1-711749176	S2-67619299,S2-211382724,S2-643884456,S2-214159361,S2-618622523,S3-468721960
S1-771420549	S2-818315939,S3-511328375,S3-721237529,S3-690129376,S3-195564140,S3-629646582
S1-799971161	S2-509950168,S2-757605326,S3-92271435
S1-938351085	S2-684533257,S3-408686018
S1-459094286	S2-336921969,S2-135923791,S3-781846004,S3-421073937,S3-220209557,S3-244283516,S3-644005400
S1-671439001	S2-433128869,S2-887839388,S3-890435611
S1-743388686	S2-72980584,S2-364722413,S3-235196503
S1-144340777	S2-512935989,S2-192859924,S2-301742231,S2-621032138,S3-456478600,S3-969875387,S3-616773520
S1-666802445	S2-522042091,S2-324721734,S3-79080373,S3-745841669
S1-521311571	S2-135273969,S2-183872197,S3-688327910,S3-776067143
S1-945396623	S2-440833571,S2-689298352,S2-355521747,S3-584170029
S1-114818693	S2-477999227,S2-242691527,S3-718953315
S1-128092687	S2-593974216,S2-6814335,S2-507388254,S3-65366335,S3-613410578
S1-910424541	S2-805818039,S3-945404706,S3-25065506,S3-294325010
S1-104917971	S2-943280657,S2-493834511,S3-197526908,S3-467006976
S1-274207678	S2-924912308,S3-901701235
S1-80760973	S2-261770234,S2-298514106,S3-995405678
S1-307094715	S3-10634528,S3-678312098,S3-644959654,S3-354352331
S1-363816463	S2-700175782,S2-532954135,S2-307336571,S3-671925720
S1-356278476	S2-890132615,S2-186631899,S3-738500381
S1-140922061	S2-13272510,S2-31600704,S2-76526721,S3-334329507,S3-909184378,S3-795292244,S3-727058521
S1-902411580	S2-603006846,S2-972846311,S3-560006782,S3-209537898
S1-552839741	S2-148507318,S3-527575887
S1-725976256	S2-544112496,S3-241817099,S3-176735368
S1-361269592	S2-42435151,S2-913524461,S3-591832275,S3-76842799,S3-944407414
S1-779117666	S3-138197190,S3-540669689
S1-861516386	S2-41602683,S2-989804758,S3-406027310,S3-826754752,S3-937482925,S3-435655662
S1-551609902	S2-321866561,S3-700597895,S3-986499373
S1-900876184	S2-53362007,S2-24426709,S3-514767959,S3-212884605
S1-997953192	S2-732835285,S2-45747511,S3-12445831
S1-578417233	S2-378920891,S2-869567064,S2-104470014,S3-251756507,S3-103222698,S3-766150583,S3-214056750,S3-475694790
S1-777302965	S2-983424228,S2-829524291,S3-713417977
S1-75617501	S2-912340075,S2-265747655,S3-349640248,S3-761401446
S1-173322839	S2-162892363,S2-289861035,S2-635235797,S2-191820805,S3-711009366,S3-914822259
S1-346353436	S2-618112494,S3-254041711
S1-455125482	S2-80591041,S2-913698321,S2-823464361,S3-961224519
S1-566139837	S3-310680705
S1-543735392	S2-539827251,S2-476804934,S2-160170193,S3-314410338
S1-299035945	S2-793966952,S3-77953953,S3-954363909,S3-48929101
S1-432279823	S2-441189230,S2-644483863,S2-801020803,S3-954050804,S3-658059874,S3-993921334
S1-204941090	S2-489112307,S2-929637112,S3-77209311,S3-906103034,S3-875852096,S3-792618053
S1-369046993	S2-933154784,S2-106935161,S2-323221915,S3-502942008,S3-838300062,S3-265077009
S1-863767767	S2-985709279,S3-954916,S3-235850005
S1-739778708	S3-764003797,S3-794049959
S1-773794090	S2-418407785,S2-48726419,S3-612179430
S1-297724157	S2-984273072,S2-4021560,S3-61513976
S1-895770723	S2-378699057,S2-606698875,S2-419434547,S3-504556983
S1-421931708	S2-63479323,S2-488143677,S2-652958939,S2-26263855,S3-170629486,S3-259491306
S1-430066830	S2-880899442,S2-73105445,S3-245815891,S3-642737685
S1-486391747	S2-8679038,S3-677844094
S1-131172654	S2-30311623,S2-28115323,S3-738317129,S3-881618476
S1-459842947	S2-506087085,S2-992666687,S2-927704089,S3-264708364,S3-408419383,S3-19183652,S3-899068864,S3-998247683
S1-764875768	S2-919661027,S3-31857541
S1-323837946	S2-313986294,S2-718033108,S2-168842435,S3-401728648,S3-198044205
S1-193543596	S2-839963808,S2-455679895,S2-670912357,S3-232499379,S3-733969686
S1-415349553	
S1-470594371	S2-300237938,S2-763235874,S3-350161613
S1-866184445	S2-763686736,S3-722390786,S3-176279092
S1-261521601	S2-873511787,S3-478834708
S1-478376411	S2-211800587,S2-913969264,S2-981933107,S3-255356725
S1-107982050	S2-749362326,S3-758545683
S1-760318622	S2-437178351,S3-447385119,S3-941168704
S1-394750418	S3-494060765
S1-616872185	S2-513897144,S3-516760800,S3-938673704
S1-817394907	S2-633083300,S3-908706437
S1-484196812	S2-596403537,S2-871658760,S2-482685679,S3-327129141,S3-330229788
S1-495200996	S2-773787126,S2-750844070,S3-563274483
S1-62148930	S2-315913564,S2-640566110,S3-268166855
S1-165300031	S2-639441650,S2-482415436,S3-920049076,S3-741210184,S3-591900655
S1-772209516	S2-108813454,S3-173926892
S1-348304328	S2-407812693,S3-491649680
S1-787762564	S2-452085056,S2-734209696,S2-174025512
S1-22915973	S3-199092532,S3-514469789,S3-176433443
S1-993597833	S2-817438474,S3-280677526
S1-697920789	S2-570166410,S3-698290100
S1-507016566	S2-329022431,S3-106515337,S3-183842606,S3-500763967
S1-762574354	S2-578942126
S1-125961849	S2-868792989,S3-684814319
S1-327014207	S2-568695595,S2-658490158,S3-12810889,S3-276681421,S3-887108434,S3-240220785
S1-410449371	S3-684780207
S1-491176565	S2-555110073,S3-527485616,S3-158180639
S1-372281274	S2-541486381,S3-324278610
S1-964620381	
S1-431268714	S2-251167546,S3-544875658,S3-916313094
S1-309275	S2-691670898,S3-374044014,S3-499870580
S1-997311000	S3-571218010,S3-572714967,S3-462778630
S1-804187534	S2-359344159,S2-130318780,S2-993637550,S3-360038359,S3-399070197,S3-588206034
S1-675946649	S2-5080602,S2-610732345,S3-759099995,S3-762103074
S1-282944057	S2-58438747,S2-895356620,S3-225489205,S3-905341193,S3-754970816,S3-689037618
S1-57646780	S2-383302692,S2-657899828,S3-197639912,S3-851616744
S1-502542662	S2-122824554,S2-33221831,S2-664267075,S3-434534279
S1-776098140	
S1-252183489	S2-471330784,S3-570882722,S3-152978337,S3-173286135
S1-840625223	S2-648172682,S2-591874995,S2-126199630,S3-598838584,S3-952660040
S1-129074534	S2-875940439,S2-657619281,S2-716769531,S2-644056410,S3-207966774
S1-764601053	S2-463767697,S2-670778396,S2-221054118,S2-72086102,S3-733961835,S3-719929081,S3-572831202,S3-297304885
S1-749261307	
S1-60887089	S2-723323799,S2-209364802,S2-17072318,S3-794197934,S3-64696868
S1-132308559	
S1-891013868	S2-961368561,S2-570671307,S3-349956925,S3-115569453,S3-988836961
S1-844316803	
S1-578950519	S3-977731387
S1-318282816	S2-870775563,S3-457485792,S3-340767424
S1-130629165	S2-257008870,S2-682054833
S1-108340407	S3-754774411,S3-936700437
S1-727757471	S3-45753496,S3-402942726,S3-895505733
S1-702859401	S2-299155406,S2-217328507
S1-959714441	S2-942813315,S2-379597653,S2-186964824
S1-111258273	S2-918609523,S2-15222397
S1-315809144	S2-646454384,S3-628253024,S3-105548025
S1-637497001	S2-463055745,S3-827330292,S3-967665918
S1-881320056	S2-333290060,S3-789274368
S1-870042660	S2-137838894,S2-849791898,S2-612642983,S3-54101332
S1-289054893	S2-895879695,S3-380193174
S1-173642545	S2-895359771,S3-689203945,S3-228775410,S3-955685402,S3-135143490
S1-552217638	S2-321766137,S2-203629471,S2-204048368,S3-44121411,S3-996414152
S1-609925860	S2-99258901,S3-881515992,S3-420517264
S1-90976950	S2-914113847,S3-164659836,S3-46109633,S3-110292671,S3-646359408,S3-122174891
S1-111067354	S2-758430458,S2-590294996,S3-93445989
S1-234967300	S2-683917421,S2-474356242,S3-578318039,S3-460770164,S3-961569488
S1-782227271	S2-189114632
S1-646643388	S2-275757456,S2-444778097,S3-739761590,S3-616329076,S3-387504266
S1-610015462	S2-900994370,S2-377203595,S3-931454262
S1-179766236	S2-991153536,S3-731780346,S3-201003114
S1-735349370	S2-829607016,S3-32234398
S1-801757474	S2-503474870,S2-543056716
S1-683983851	S2-678265993,S2-496856885,S3-368601538
S1-957075543	S2-246543710,S2-258793916,S3-392680933
S1-928440779	S2-769044724,S2-30594053,S2-150270182,S3-653513566,S3-964534551,S3-814400367
S1-19914992	S2-101686124,S3-641831576
S1-768326518	S2-467157647,S2-194796695,S2-807075204,S3-534659034
S1-689703267	S2-460805674,S3-364398844
S1-74310144	S2-332937139,S3-827360751
S1-337615042	S2-883046409,S2-256838600,S3-247814102,S3-261788172,S3-493182304
S1-913662922	S2-823588388,S3-686792660,S3-354684937,S3-255358559
S1-75075873	S3-832077315
S1-240329925	S2-824227857,S2-378757820,S3-571853700,S3-345756436,S3-644594282,S3-116016039
S1-302118542	S2-645470745,S2-928040743,S2-338158178,S3-792393899,S3-450740851,S3-372288213
S1-55729935	S2-529404222,S2-357604522,S3-952452233
S1-782314317	S2-562613619,S2-49057373,S2-790141267,S2-389090049,S3-95158768,S3-456159484
S1-920883762	S2-796335435,S2-23924357,S3-790783672,S3-575342570,S3-200250901
S1-997448239	S2-485261606,S2-902151104,S3-821342422,S3-500880952
S1-862727538	S2-830359759,S2-926609665,S3-657762738,S3-427287279,S3-862118060
S1-332488068	S2-292129257,S2-16084621,S3-17605682,S3-331842784
S1-780798639	S2-520301010,S2-156708390,S3-164527562,S3-250628446,S3-686324813
S1-289543301	S2-147953025,S2-141001080,S3-848823775,S3-582210570,S3-543615254
S1-922280708	S3-456923758,S3-200963459,S3-526737707
S1-371447011	S2-517138245,S2-993445613,S3-287276819
S1-856804791	S2-608242467,S2-924072547,S3-138264849,S3-118329077
S1-482348324	S2-613799583,S3-384600392,S3-867199038,S3-765749531,S3-127927095,S3-347049544
S1-561719842	S2-296673430,S2-423633989,S3-827289316,S3-823377107,S3-699590713,S3-195467675
S1-457538731	S2-311416077,S2-284144727,S2-697257669,S3-19675245,S3-6807917
S1-873894816	S2-775184648,S2-693264627,S3-954710613
S1-529195213	S2-519684023,S3-516199465
S1-635242300	S2-406400645,S2-159580036,S3-299960950,S3-145350505
S1-278805583	S2-126356898,S2-49937943,S3-109064751,S3-243232617
S1-7539955	S2-373775553,S3-451055392,S3-816321613
S1-226659408	S2-606880825,S2-846685500,S3-432438380
S1-267458668	
S1-14203253	S2-387462966,S2-889747536,S3-72194642,S3-220552291,S3-984029075,S3-811514891
S1-505170761	S3-24592349
S1-847688288	S2-920860466,S2-246998348,S3-25540457
S1-36905066	S2-714499169,S2-569290569
S1-238125595	S2-673627751,S3-771189274,S3-829827738
S1-2286564	
S1-157415075	
S1-943294566	S2-782984743,S2-300587004
S1-620307190	S2-688283420,S2-600425681,S2-397454549,S3-447512074
S1-966231993	S3-541913908,S3-412586637
S1-799834051	S2-46958660,S2-931053591,S2-661477703,S3-522427627,S3-912351670
S1-133390912	S2-616636669,S2-124617429,S3-667260564
S1-846680700	S2-458131958,S2-789738775,S3-544925633,S3-860720225
S1-898816388	S2-536478660,S2-424009371,S2-579769907,S3-455031025
S1-802883965	
S1-139857182	S2-426180082,S2-917069471,S3-206153339,S3-595366657,S3-842944704
S1-595490897	S2-998115077,S2-460492592,S2-629188703,S3-140180743,S3-339165174,S3-59898970
S1-164805653	S2-78915312,S3-738543078,S3-2031084
S1-688950454	S2-482709167
S1-529205071	S2-508000122,S2-87966653,S2-581390426,S3-522519453,S3-718190517,S3-642829331,S3-692863638
S1-494668046	
S1-889479873	S2-513260008,S2-557002855,S2-705771414,S2-908155769,S3-924575119
S1-37812761	S2-82887382,S2-884279080,S3-466268334,S3-624592078
S1-687106520	S2-224371489,S2-551568066,S2-8663782,S3-971239946,S3-699187505
S1-620580951	S2-943942363,S2-610878912,S2-185825471,S2-762113734,S3-744351974,S3-418428166
S1-195811243	S2-298704169,S3-544995707,S3-520528631
S1-563312711	S2-196044615,S2-553890072,S2-208037832,S2-583943689,S3-66423768,S3-797735057
S1-641655668	S2-990246096,S2-446693341,S2-58930133,S3-367678183
S1-832949602	
S1-198316591	S2-931132410,S3-52856039,S3-433790473
S1-161580754	S3-122896670
S1-207053079	
S1-580892228	S2-268563578,S3-78564231,S3-235759978,S3-87016040
S1-388203833	S2-659375315,S3-655385094
S1-528103494	S2-857050829,S2-897452869,S2-280358247,S3-6613758,S3-107840544
S1-528762471	S2-157182979,S2-579665644,S2-884083511,S3-91217101
S1-423171306	S2-431647462,S3-765868092,S3-279664654
S1-13730364	S2-376572014,S3-118717956,S3-676687672
S1-858818357	S2-628780237,S2-440577091,S2-909642397
S1-543059008	S2-850933633,S2-461273744,S2-652294258,S2-765177357,S2-661359295,S3-2397288,S3-302301246,S3-295747932
S1-828887351	S2-204443586,S2-31066766,S3-724009547,S3-45989916
S1-276749720	S2-818388576,S3-192645577
S1-574437741	S2-934100540,S3-14525696
S1-178959216	S2-198734554,S3-7774167,S3-560958914
S1-764770756	S2-287852908,S3-318679108,S3-323953582
S1-72619505	S2-318186884,S3-703593686,S3-777190247,S3-680526449,S3-946475013
S1-951669795	S2-185146097,S3-84392982,S3-346164561
S1-261997931	S2-624135679,S2-54754147,S2-410964545,S3-265717970
S1-80589125	S2-354275947,S2-300905543,S2-670090603,S3-152158221
S1-486005747	
S1-163938426	
S1-865831463	S2-687277883,S2-449141604,S2-655836966
S1-939605313	S2-669104438,S2-405387804,S2-8184967,S2-952080146,S2-659369473,S3-691778935,S3-724158905
S1-874261681	S2-567558900,S2-955701994,S3-807239119,S3-711731353
S1-457880602	S2-116418620,S3-868355849,S3-163287950
S1-968121299	S2-975522787,S2-394455206,S2-612920602,S3-615509047
S1-615202324	S2-659635024,S2-805213044,S2-222425977,S3-602039910,S3-646123957
S1-913093604	S2-458751573,S3-434205062,S3-218821868
S1-607404403	S2-404216910,S2-125663237,S3-511395881
S1-845860416	S2-260117127,S2-108572031,S3-946433542,S3-994386840,S3-704546671
S1-345710553	S2-733918863,S3-317190890,S3-768151664
S1-324980650	
S1-610708398	S2-129080100,S2-419069845
S1-743469842	S2-553953406
S1-769019426	S2-856273373,S3-777657879,S3-836429727,S3-323766113
S1-574333191	S2-538747154,S3-763931632,S3-223374135
S1-47852802	S2-658875174,S2-138067600,S2-134283760,S3-412764054
S1-397267202	S2-23117910,S3-72428235,S3-725231145,S3-510239917
S1-909140809	S2-717719894,S2-690759905,S2-182234871
S1-655409769	S2-291394834,S2-203606207,S3-538156137
S1-786525983	S2-987772643,S3-125097006
S1-90545367	S2-497439251,S3-998012588,S3-939410747
S1-312821269	S3-423599766
S1-447367480	S2-889388371,S2-290791188,S3-847244770
S1-430641998	S3-11498112,S3-545677387
S1-302856405	S2-329575157,S2-198948741,S2-456276810,S3-10173418,S3-726141609,S3-373361583,S3-906205425,S3-773023256
S1-438823797	S2-687341953,S2-710286417,S3-676256330
S1-123890038	
S1-165876773	S2-794178082,S2-806990013,S3-429851402
S1-844729181	S2-300781566,S2-890473761,S3-478596072,S3-439442175,S3-723704527
S1-134676423	S2-538622227,S2-534058563,S2-957151232,S3-856333879
S1-622265696	S2-40293551,S2-949975383,S2-84446816,S3-496991595,S3-162926294
S1-521825408	S2-366375115,S3-648401624,S3-817187029,S3-305580084,S3-841398697,S3-17691352
S1-512607101	S2-669236119,S3-970986273,S3-637663222,S3-417293637
S1-955562230	S2-964333348,S2-801564745,S3-815917572
S1-517619239	S3-687063513,S3-622401967,S3-910029702
S1-567351965	S2-565502498,S2-962708074,S2-628810325,S3-421672742
S1-753822203	S2-744846712,S2-552136351,S2-278666991,S2-752470189,S3-130000497,S3-817417533
S1-331299685	S2-615966456,S2-527836720,S3-727567613
S1-959442865	
S1-87433412	S2-934388701,S3-525477493,S3-448692749
S1-54956947	S2-488459594,S2-598961607,S3-21900636,S3-734419043,S3-304940274
S1-968916211	S2-92240294,S3-685730604,S3-262693525
S1-120486089	S2-46066755,S2-279786824,S3-589953681
S1-812441622	S2-776593284,S2-89366228,S2-264959247
S1-451533800	S2-865696341,S2-944834707,S2-147334420,S3-42060500,S3-566246408
S1-690263355	S2-256781534,S2-908756311,S2-33885009,S3-348222461,S3-325942227,S3-721086637
S1-387661898	S2-312303025,S2-677264005,S2-594479651,S3-754324604,S3-5531453
S1-631842486	S2-762265328,S2-750199822,S3-845123809
S1-676775646	S3-983250854,S3-979990579,S3-692336239,S3-887955139
S1-611040134	S2-717297155,S3-548489509,S3-575294901,S3-467005450
S1-338457863	S2-49594732,S2-456623093,S2-738217659,S3-763653169,S3-448913737
S1-444158593	S3-318170006,S3-907774896,S3-955472246
S1-83295338	S2-993211010,S3-189606968
S1-786547005	S2-272998830,S3-134963165
S1-787160070	S2-866939624,S2-332119042,S2-533914512,S3-934105794
S1-350709400	S2-950071143,S2-856823453,S2-922652908,S3-576200379,S3-942868604,S3-939132209
S1-910133553	S2-10371526,S2-792253224,S3-481013544,S3-935683329
S1-306842917	S2-581382380,S2-633770410,S3-99296777,S3-23934853,S3-35445868
S1-576886721	S3-918971255,S3-81363949,S3-423004522
S1-317442707	S2-948000393
S1-464756763	S2-988374322,S2-751358156,S3-457621445,S3-262487240
S1-338741452	S2-787775539,S2-302464610,S3-481140308,S3-410540770,S3-273630144
S1-179075272	S2-234009117,S3-18325953,S3-160853438
S1-169782355	S2-198943126,S3-712490270,S3-498316595,S3-863682069
S1-929645864	S2-487495125,S2-675701345,S2-599183118,S2-240885620,S3-478140237
S1-386624392	S2-422190370,S2-82926620,S2-829931034,S2-306541407,S3-776057479
S1-147093917	S2-310403367,S2-910981389,S2-897013488,S2-955670053,S3-777667688,S3-21173111,S3-821368455
S1-962873779	S3-411489475,S3-390091613
S1-336855053	S3-43703989,S3-36651964
S1-670780284	S2-354732961,S2-938547536,S3-763616895
S1-779958437	S2-389219994,S3-246674224,S3-374393279
S1-259325016	S2-46305214,S2-11058492,S2-693416987,S3-805125631,S3-155122211,S3-559035186
S1-230331390	S2-109947888,S3-929674390,S3-957833618,S3-734450889
S1-185825588	S2-257750708,S2-928983726,S3-904963875
S1-146465323	S2-13869190,S2-26875061,S2-948499112,S3-999999866
S1-272054900	S2-197047906,S2-906901338,S3-643013773,S3-963992107
S1-784416688	S2-568886084,S2-434478863,S3-642765130,S3-605878981,S3-114558088
S1-973506847	S3-408572225,S3-250322604,S3-99054040,S3-395032188
S1-321442074	S2-121371613,S2-85198022,S2-477850807,S2-495806574,S2-472723770,S3-78545582
S1-167366780	S2-883738915,S3-84645925
S1-263057149	S2-889758236,S2-202065761,S2-982332571,S3-447526999,S3-623761411,S3-809469931
S1-501408163	S2-730319724,S2-995979802
S1-257516296	S2-376318123,S2-123593425,S2-124526706,S3-892956937,S3-941984310,S3-524610858
S1-403554732	S2-815385714,S2-321828275,S2-294189165,S3-74136683,S3-82358673,S3-468890068,S3-575734000
S1-992823875	S2-886184389,S2-708160293,S3-152619673,S3-61061015
S1-8577787	S2-159519889,S3-803363018,S3-552994897,S3-171015638,S3-298611869
S1-96951666	S2-869210696,S3-197158360,S3-715366873,S3-510634477
S1-303587593	S2-919113488,S2-704693665,S3-241754160
S1-160989036	S2-666284679,S2-897567903,S3-270377733,S3-764811131
S1-323508389	S2-749685605,S2-7689463,S3-662693982,S3-868431916
S1-173145469	
S1-494025192	S2-294475443,S3-666209480
S1-343565352	S2-728419181,S3-432375417,S3-864397669,S3-74676298,S3-746772937
S1-857218417	S2-804530002,S3-512768612,S3-841445606,S3-85340693
S1-906047101	S2-354953965,S2-851477075,S2-527339054,S3-104405223,S3-136659314
S1-224560042	S2-104558070,S3-162637191,S3-529733497,S3-287155830
S1-940852107	
S1-508604069	S2-866440028,S3-892995058,S3-719678143
S1-807058914	S2-567134250,S2-251343676,S3-871259514
S1-88290738	S2-137351310,S2-526358130,S2-777576163,S3-584863908
S1-327305276	S2-91770072,S2-299398044,S3-570473489,S3-517356607,S3-828282934,S3-197888114,S3-840803931
S1-510958802	S2-999921574,S3-322607732
S1-593654035	S2-73269197,S2-220150162
S1-120703157	S2-348117900,S3-13513119,S3-213309174
S1-371518579	S2-167193326,S2-788758317,S3-672688671
S1-748000306	S3-875516608,S3-738293394,S3-900408189
S1-49869410	S2-271692812,S2-604764335,S2-440146654,S2-726708526,S3-759134954
S1-714802144	S2-794373889,S3-854059528
S1-535467104	S2-322414894,S3-981894777,S3-111169919
S1-221318939	S2-395781302,S2-439016432,S2-465435361,S3-797893760,S3-546085848,S3-911962644
S1-557026098	S2-360516019,S3-214313524
S1-688193916	S3-708271261,S3-968219291
S1-105925461	S2-612914120,S2-440148782,S3-685130032,S3-525792543,S3-384211417
S1-54276647	S2-820636845,S2-966893245,S3-424068338,S3-201317120,S3-706464695
S1-891036049	S2-51397682,S3-319132319,S3-938909571,S3-912160451
S1-14899961	S3-692734873
S1-280556270	S2-295448479,S2-527694367,S3-256873813,S3-614305057,S3-331474068
S1-564528155	S2-987205319,S2-860181323,S2-39728646,S2-156120291,S3-606643333,S3-236628511,S3-643665366,S3-310878632,S3-494823792
S1-670458927	S2-342190924,S2-263634778,S2-539221644,S3-959482920,S3-694093724,S3-825030845
S1-890964835	S2-791077376,S3-177607628
S1-718594214	S2-410632474,S3-670021896,S3-543347557,S3-632697871,S3-613972549,S3-539183217,S3-498903625
S1-59684352	S3-747975987,S3-988438994
S1-251810442	S2-130644754,S3-405275461,S3-232760248
S1-59134091	S2-529405126,S2-100440583,S2-853561332,S3-645445390,S3-195608916
S1-722005045	S2-239506094,S3-296845097
S1-812222697	S3-48015386
S1-221899499	S2-783009128,S3-966264094
S1-738057392	S3-576253969
S1-518260748	S2-987619171,S3-913952552,S3-78701918
S1-240634854	S2-671439142,S2-633578807,S2-373810920,S2-494942252,S3-902436908
S1-452545642	S2-632762674,S3-731793473
S1-396335142	S2-372314085,S2-939882267,S3-224498901,S3-527479839
S1-782445268	S2-42877290,S2-781956417
S1-680061576	S2-398124844,S2-460755329,S3-104841069,S3-90975524,S3-859124655
S1-399471693	S2-274841234,S2-13043088,S2-706426648,S3-407580372,S3-492559728
S1-365397150	S2-655630285,S2-706017242,S2-300778365,S2-430126997,S3-720248372,S3-41260063
S1-876943267	S2-617895331,S3-316207423,S3-282965125,S3-20695840
S1-141425769	S2-900097097,S3-859364355,S3-812734040,S3-397743381,S3-568790594
S1-463513550	S2-13845021,S3-538291618
S1-17545301	S2-626977884,S3-70285164,S3-394279157,S3-613127006,S3-613510793
S1-272496418	S2-477295111,S3-550989,S3-808623125
S1-157788412	S2-326174816,S2-893883461,S2-440201966,S3-899129470,S3-760031131
S1-407889442	S3-370434628,S3-32506647
S1-430230415	S2-613106948,S2-561871276,S2-151391929,S2-740294116,S3-323550076,S3-202285072
S1-337800426	
S1-138393444	S2-830420662,S2-823843553,S2-878171522,S3-26314843
S1-584316485	S3-989522977
S1-391213749	S3-836053456,S3-214934545
S1-57690932	S2-85728405,S2-605135842,S3-198975921
S1-239782950	
S1-918725088	S3-830517089,S3-293659040,S3-222850487
S1-327816594	S2-523971909,S2-187994942,S2-370097762,S2-766612942,S3-226431245
S1-293989672	S2-429192568,S2-720866596,S2-630755912,S3-807451577,S3-39145756
S1-648982827	
S1-798640278	
S1-520403225	
S1-921088125	S2-169418364,S3-476597111
S1-211551350	S2-735318590,S2-644576239,S3-511274453,S3-756374069
S1-577450941	S2-242524460,S3-751040035,S3-833660771,S3-705042467
S1-912319711	S2-353780940,S3-552590579
S1-249410788	S2-3492185
S1-261190639	S2-663653990,S2-728682240,S2-534352483,S3-592730184,S3-218693874,S3-216160803
S1-258736135	S2-687772734,S2-320019705,S3-340966976
S1-56829661	S2-101442714,S3-918445531,S3-815937329,S3-543743420,S3-940604313,S3-240826565
S1-626351624	S2-585138296,S3-504788752
S1-839747653	S2-369543289,S3-523934214,S3-283014638
S1-433786226	S2-916450974,S3-937178419,S3-634569857,S3-503954447
S1-182904208	S2-471937125,S2-698586860,S3-500124081
S1-939229310	S2-490350659,S2-281357034,S3-150693955,S3-849101494
S1-897771930	S2-617715811,S2-184520862,S3-153366548
S1-769185722	S2-595581905,S3-976944268,S3-387040244
S1-502495035	S2-120978201,S2-835031817,S2-760250589,S2-798751741,S3-218682822
S1-586446092	S2-791933378,S3-323480233,S3-736791093
S1-572153434	S2-778744322,S2-462568190,S3-821837857
S1-294115164	S2-581624804,S2-679824604,S3-9964115,S3-468923210
S1-94314574	S2-272671658,S2-592176052,S3-541114590,S3-874664166
S1-555917847	S2-308158281,S3-275926801,S3-758519239
S1-251354441	S2-615362925,S2-14455469,S3-667689874,S3-571131764,S3-636210393,S3-806501239
S1-135387328	S2-401597378,S2-804447492,S2-630476992,S3-337277697,S3-329426649
S1-453182722	S2-75648636,S2-826531153,S3-176448403
S1-603569066	
S1-984191565	S2-890001166,S2-922575892,S2-209393081,S2-87232873,S2-998357696,S3-387674626,S3-689170529
S1-151067224	S2-723513670,S2-235196255,S2-686903928,S2-730722671,S3-913892019
S1-484175918	S2-19597592,S2-65516368,S3-141625441,S3-69574430,S3-589155249,S3-634667230
S1-236417225	S2-578678143,S2-292116590,S3-250644726
S1-831379826	
S1-333863971	S2-707968088,S3-774241529,S3-816098550,S3-410138380
S1-968837263	S2-295684749,S3-970093901,S3-790517777,S3-283317048
S1-691674719	
S1-878285787	S2-514559786,S3-836686460
S1-36562164	S2-75417985,S2-502008415,S2-511634247,S3-338977492,S3-375087602
S1-940827427	S2-383252994,S2-446769015,S3-67088788,S3-840962364
S1-461404456	S2-340361910,S3-414624422,S3-1510887
S1-471580519	S2-704651829,S3-9097790
S1-289113264	
S1-506416639	S2-289700952,S2-330275276,S3-749054618
S1-70216721	S2-11478064,S2-357656046,S2-325391177,S3-194313161,S3-11600195
S1-672452450	S2-645505403,S3-571274809,S3-409795612,S3-709818009,S3-824042128
S1-332659137	S2-409257989,S2-416514663,S2-28896759,S3-469261708
S1-20224030	S2-14203754,S2-488804569,S3-422876967,S3-803363850,S3-342751012
S1-684028584	S2-218749475,S2-986443790,S3-35740374,S3-853072234
S1-93558481	S2-803002881,S2-927388627,S3-507531922
S1-658461274	S2-272023350
S1-689317740	S2-760160622,S3-251212587,S3-917740278
S1-514833542	
S1-694501225	S2-24050589,S2-103429401,S3-114892796,S3-840225467,S3-710012577
S1-194793442	S2-273693807,S3-962970748,S3-647392006,S3-190660647,S3-580123534,S3-860410137
S1-913153337	S2-910543443,S3-898238496
S1-64850393	
S1-319851080	S2-105530325,S2-653778846,S3-732138927
S1-480403125	S3-13807634,S3-179332214
S1-736517360	S2-228966554,S2-316070561,S2-862072591
S1-882179374	S2-443120788,S2-582017691,S3-998639381,S3-10187664,S3-151033883,S3-362653133
S1-98260078	S2-903940865,S2-964692605,S2-982937798,S3-688022300,S3-193462760,S3-781494555,S3-400562010,S3-125337777
S1-145018043	S2-174759371,S2-821544430,S2-906672365,S3-66361625,S3-992709936,S3-462966545
S1-171471570	S2-504091168,S3-402426022,S3-514445064,S3-202846580
S1-637168378	S3-719196530,S3-218383601,S3-104330399
S1-19796088	S2-29012905,S3-21681120,S3-515260234,S3-111378720
S1-680841419	S2-289835572,S2-473646021,S2-275209802,S3-692800657,S3-12887169
S1-99147392	S2-53335105,S2-997942783,S3-977265878,S3-812889866
S1-923231743	S2-899555415,S3-311365014,S3-809837740
S1-151172119	S3-928131628,S3-9420581
S1-940782545	
S1-446754112	S2-447169130,S2-234650213,S3-762242762
S1-246887459	S3-864917067,S3-410888353
S1-32248975	S3-297855618
S1-493176507	S2-215901097,S2-100403444,S2-943667106,S3-119829492,S3-44333784,S3-64595547,S3-231719379
S1-779447107	S2-376728515,S2-999122572,S2-518607584,S2-847302225,S3-241867529
S1-240073739	S2-292663440,S3-592219759,S3-176555922
S1-688382853	S2-5127643,S3-992174609,S3-531244273
S1-982728454	S2-418259636,S2-632572419,S3-238024178,S3-979786765
S1-503624885	S2-692497498,S3-557678153,S3-755451977,S3-475301117
S1-423047403	S2-170676962,S3-384902592
S1-57496168	S2-59863042,S2-680272542,S2-905129360,S3-73112152,S3-345888329
S1-971623644	S2-557106483,S2-334130623,S2-246234232
S1-339982756	S2-76356120,S3-884219150
S1-937573454	S3-992211519
S1-972387984	S2-837746984,S2-102177317,S3-168541224,S3-804282360,S3-433527117
S1-495460169	S2-297887966,S3-400491666,S3-565346293
S1-730006554	S2-294007416,S3-231791758
S1-942789197	
S1-139623363	S2-920035443,S3-478024929,S3-374338523,S3-599849569
S1-331759089	S2-886036660,S2-364400279,S3-299786661
S1-252315427	S2-360384827,S3-520613440
S1-579311631	S2-146120660,S2-553382138,S3-570459205
S1-301447022	S2-297268857,S2-389542211,S2-878512350,S3-634199505
S1-88152266	S2-582992884,S2-986406258,S2-402973132,S3-315060033
S1-173003108	S2-457019644
S1-842261608	S2-303028918,S2-249258189
S1-949435592	S2-854798336,S2-846512049,S2-834314155,S3-774409910,S3-967888700
S1-127898610	S2-52305881,S3-572988219,S3-466378020,S3-975763760
S1-553124417	S2-90296646,S2-645459807,S2-636107087,S3-297913449,S3-262786332
S1-236171736	S2-74565201,S3-383911878
S1-198899166	S2-935769320,S2-559226901,S3-256599319,S3-425756529,S3-732155188
S1-440308691	S2-502622303,S3-185316031
S1-367364742	
S1-291746568	S2-355464446,S3-844137852,S3-714242913,S3-882184811
S1-331756956	S2-564365924,S2-793905358,S3-848060117,S3-332777228
S1-991620220	S2-365684121,S3-218869048,S3-389375022,S3-603199969
S1-51228820	S2-43970542,S2-471963082,S3-799018280,S3-454056515,S3-929773034,S3-308869953
S1-312389741	S2-804688327,S2-945217603,S2-197506420,S3-248428998
S1-618833774	S3-946200519,S3-803171652,S3-386777342,S3-204087016,S3-279473556
S1-444755092	S2-6992987,S2-57148249,S3-129989524
S1-218836733	S2-604586267,S3-729426273
S1-902949959	S2-339704683,S3-629455221,S3-428168594
S1-828091962	S2-279300885,S2-411659231
S1-397097614	S2-198562270,S3-887522338,S3-731953848,S3-496995150
S1-945864428	S2-322123179,S2-699232719,S3-207110642
S1-738996121	S2-153056640,S3-15222278
S1-167152472	S2-356211629,S2-480358057,S3-84867802,S3-403799662,S3-933999798
S1-486287723	S2-967434364,S2-164688536,S3-371542301
S1-138739529	S2-451242037,S2-165489128,S2-531484961,S3-327769948,S3-860238666,S3-268437711,S3-826356143,S3-536791651
S1-212685844	S2-218860992,S2-206770787,S3-164434721,S3-213417065
S1-715392560	S2-542638998,S3-48572161,S3-660553456
S1-975845552	S2-786581391,S3-424929728,S3-536128397,S3-150891533
S1-959399656	S2-577723987,S2-392419592,S3-881301638,S3-727762865
S1-728282539	S2-499138211,S2-507936102,S3-158902875,S3-228442956,S3-60890419,S3-47227824,S3-978537246
S1-62610003	S2-955561109,S3-241533813,S3-542370623,S3-74429468,S3-258775249
S1-218919504	S2-12959812,S2-100689388,S3-985703013,S3-401240074,S3-162426270,S3-82258258,S3-953007740
S1-737125094	S2-765562542,S2-184224977,S3-474439677,S3-827044370
S1-816350732	S2-398925899,S2-693148756,S2-790797734,S3-119482880
S1-147053886	S2-573194133,S2-799782575,S2-463486155,S3-653004489,S3-321250615
S1-721441216	S3-901403824,S3-414691611,S3-659757457,S3-68395225
S1-654204115	S2-714554422,S2-850901023,S3-439825459,S3-157665214
S1-484555866	
S1-425864779	S2-373365761,S2-527412514,S3-414673845,S3-779044880
S1-707937440	S2-157927451,S2-863703150,S3-173912199,S3-496690489,S3-468718499
S1-758395465	S3-836782058,S3-608442739
S1-820791388	S2-442717160,S2-537189456,S3-253855602
S1-417290353	S2-714208921,S2-620514937,S2-199014795,S3-739288659
S1-326461499	S2-435283875,S2-422524009,S3-143224008,S3-622551534
S1-204371254	S2-865931719,S3-487904726,S3-81051598,S3-516923832
S1-115221149	S2-125085360,S3-728211963,S3-920726217
S1-781860658	S2-134545176,S3-358975612,S3-273095996,S3-815644338
S1-878691384	S2-760496786,S2-883547179,S3-513609005,S3-294413106
S1-727591417	
S1-111459660	S2-637093837,S2-64726136,S3-723233592
S1-785228426	S2-231289394,S2-888180934,S2-693700217,S3-212257547
S1-11375682	S2-790840546,S3-452094163,S3-576183105,S3-265189777
S1-555845287	S2-925278981,S2-706098989,S2-921411124,S2-244032547,S3-351894571,S3-865249939,S3-166593265,S3-667924416
S1-73383372	S2-491553838,S3-510524700,S3-994680962
S1-890383103	S2-731764146,S3-273464715
S1-298529380	S2-592131571,S2-365591340,S2-226558154,S3-673365023,S3-868974961
S1-650025753	S2-526646087,S2-725834593,S3-416377656,S3-645988081
S1-263935667	S2-223574839,S2-366385240,S3-104583488,S3-952164188,S3-132526224,S3-946517671,S3-656884067
S1-547492534	S2-69835592,S3-49077768,S3-593970305
S1-320312363	S3-726427262,S3-45510865,S3-922615961
S1-818165388	S2-897365524,S2-738156513,S2-756557122,S3-298375650,S3-174673311
S1-550428021	S2-419510875,S3-466458113,S3-215176081
S1-5860276	S2-781092257,S2-807300782,S3-151578312
S1-318122544	S2-928688248,S3-878510469,S3-910867765,S3-49189979
S1-995018468	S2-253795855,S2-595103661,S3-53879186,S3-861383125
S1-688564030	S2-608798170,S3-348636766
S1-534474915	S2-794643685,S3-64607070
S1-534529598	
S1-603618056	
S1-954287532	S2-128669402,S2-111273853,S3-553728549
S1-379491999	S2-790752737,S3-920442145
S1-681482418	S2-945776093,S2-615972130,S3-907184277
S1-142532242	S2-473821043,S3-795559036,S3-79764771,S3-93107333
S1-369397009	S2-548189208,S2-806129456,S3-700624573,S3-207882281
S1-441590155	S2-736941613,S2-397616289,S2-306304956,S3-259294356
S1-393996989	S2-560632792,S3-376982239
S1-596425312	S2-733280578,S2-797087195,S3-646970028,S3-592205970
S1-76417353	S2-559573500,S2-146482624,S2-816044524,S2-355395209,S3-283608487,S3-52969366,S3-726150707
S1-621855295	S3-855066806,S3-850700348
S1-478764098	S2-566296159
S1-600471346	S2-912812576,S2-318984351,S3-576900435,S3-332983718
S1-207180248	S2-129419138,S3-541840496,S3-703632130,S3-302064307
S1-413285937	S2-316055295,S2-840564977,S3-167597275
S1-812853366	S2-653766855,S2-510194863
S1-952384507	S2-948779725,S2-620738265,S2-570191750,S3-178671448
S1-259171598	S2-29154323,S2-613206335,S3-777250920,S3-796459330,S3-122036707
S1-500501103	S2-528674100,S3-604640028
S1-214874401	S2-168540124,S2-945595113,S3-282970880,S3-22649024,S3-460418131,S3-518520948
S1-69530944	S2-968748830,S3-417139965,S3-926984777,S3-695990509
S1-400253441	S2-245103308,S2-251103972,S3-489876338,S3-503919619,S3-813017925
S1-855941629	S2-580361277,S3-884431259,S3-667975885,S3-177807389
S1-551191058	S2-99165803,S3-545193433,S3-336498862,S3-896152834
S1-714672554	S2-575461964,S3-423553648,S3-742727485
S1-879586789	S2-99747620,S2-225855053,S3-661450409,S3-978330051
S1-542713832	S2-233585167,S2-875822440,S3-534073967
S1-987648874	S2-641561914,S2-901956311,S3-266059872,S3-82585775
S1-225427933	S2-704360022,S2-482458947
S1-13267366	S2-514137286,S2-257996600,S3-16604353,S3-926367697,S3-216798115
S1-475420040	S2-235247849,S3-592576613
S1-685220668	S2-510339752,S2-861813231,S3-12194610
S1-498880285	S2-530293172,S3-390432538,S3-187990556
S1-307770094	S2-98676611,S3-422319733
S1-233766774	S2-23540421,S3-527328219
S1-670763791	S2-738603451,S2-41067682
S1-888765965	S2-480287294,S3-676795089
S1-833229215	S2-200634178,S2-58198508,S2-890736172,S2-463871801,S3-188726697
S1-940727222	S2-385367026,S3-987313445
S1-759998844	S2-461088775,S3-298518126,S3-295149126
S1-354053473	S2-886401082,S2-420043462,S3-463636265,S3-622061566,S3-298601131
S1-17729431	S2-331642556,S3-805077120,S3-813887455
S1-248523285	S2-401679387,S2-631032588,S2-242037898,S3-600367809
S1-514640718	S2-349251436,S2-836833603,S3-401141907,S3-997945994,S3-46783917,S3-6123545
S1-55350526	S2-676352751,S2-796863366,S2-411856854,S3-56633487,S3-226341443
S1-950790934	S2-248323264,S2-764976522,S2-723936612,S3-4932320
S1-821284845	S2-685775692,S2-87252855,S2-770710422,S2-950400454,S3-244769524,S3-454881012
S1-395472442	S2-392961774,S2-961331945,S2-145651720,S2-558750650,S3-231158169,S3-696470409,S3-947719537
S1-370767312	
S1-32258992	S2-936670758,S2-165234817,S2-521266232,S2-950644771,S3-607680435,S3-652946334
S1-721501433	S2-689934688,S2-961639836,S3-647326151,S3-616923105
S1-130131744	S2-838715129,S3-402374482,S3-547222193
S1-168938773	S2-617111669,S3-222921120
S1-516953564	S3-241289688,S3-615684659
S1-512133534	S2-306755128,S2-727536059,S3-981018985
S1-251742644	S2-731793189,S3-11884754,S3-451127942
S1-655568537	S2-924265875,S2-51312072,S3-766949796
S1-807411897	S2-27472152,S2-480072499,S3-785619335,S3-451019474,S3-361702524
S1-833411606	S3-816485511
S1-762314482	S2-427093987,S3-748989973,S3-653366846,S3-360700486
S1-124739814	S2-188290370,S2-923919535,S3-582776376
S1-991683922	S2-643916895,S2-159670832,S2-170054977
S1-438794773	S2-801881875,S3-554846143
S1-42110891	S2-107790598,S3-859035397
S1-804771073	S2-567548335,S2-636839460,S2-607732147,S3-538029524
S1-880151146	S2-247374703,S3-235713211
S1-753667419	
S1-625649085	S2-456745937,S2-332879840,S2-198476030,S3-887039844
S1-410378794	S2-17957977
S1-561774456	S2-537772410,S2-946965320,S3-473968835
S1-67156069	S2-32776963,S2-226273985,S2-623814921,S3-874981807,S3-81852715
S1-980443516	S2-632400548,S2-120609941,S3-991135506
S1-60078866	S2-702525281,S2-869509470,S2-290021143
S1-689181901	S2-42584835,S2-635916160,S3-602728518,S3-465967270
S1-412077266	S2-73043244,S2-833411139,S3-170561344
S1-415216404	S2-367442983,S2-173482979,S2-730525828,S3-521651376
S1-125970886	S2-502841173,S2-882666953,S3-747362358
S1-288774908	S2-528169261
S1-66929318	S2-518365915,S3-780672747
S1-942120265	S2-633762571,S2-262486865,S3-670638829,S3-114436117
S1-956012596	S2-89804069,S2-420170933,S3-285016788
S1-871449168	S3-667171161,S3-315977498,S3-735848602,S3-789353748
S1-388310706	S2-785373155,S2-812626487,S2-697897834,S3-621008747
S1-77225317	S2-502149827,S2-25037574,S3-268146138,S3-56745840
S1-513741823	S2-78866220,S3-51263076,S3-918759250,S3-182426417
S1-395701191	S2-686846974,S3-817808095
S1-633224350	S2-145919313,S2-577968977,S2-682366526,S3-870031105,S3-180368853
S1-872413358	
S1-153138604	S2-963906602,S3-728884246,S3-907001413
S1-586731164	
S1-618866418	S2-145038765,S3-520487662,S3-978280283
S1-796756784	S2-827694237,S2-941368317,S3-537091040,S3-804509530
S1-138317073	S2-791176654,S2-239125800,S3-797073575,S3-796076473,S3-375102716,S3-46133849
S1-673522072	S2-889437651,S2-985763575,S3-925812172,S3-593696790,S3-371166864,S3-754637114,S3-790658910
S1-842295795	S2-696085092,S3-235203610
S1-601661980	S2-899054063,S2-276067807,S3-482641194
S1-549299681	S2-155295379,S2-215850051,S2-644396907,S3-335215857,S3-231226155,S3-108110883
S1-349460457	S2-831890522,S3-697874856,S3-725340192,S3-25266492
S1-982438044	S2-23504632,S3-27483701
S1-298447413	S2-169493019,S2-116788158,S3-850454691
S1-192795102	S2-778944315,S3-872914148,S3-902568464
S1-762516326	S2-871249853,S3-850294528,S3-869814739,S3-503668383
S1-210122076	S2-770395180,S2-758020026,S3-364681890,S3-264981725
S1-968200098	S2-437777653,S2-205198310,S3-910205410,S3-344770932
S1-72169039	
S1-624857278	S2-725893464,S2-211568971,S3-534882218
S1-971478843	S2-243257326,S2-425050691,S3-720383227
S1-25400827	S2-852672573,S3-473824830
S1-158731451	S2-638110078,S3-20725677,S3-373034345
S1-269620112	S2-161250743
S1-182310273	S2-437991264,S2-749878741,S3-803498316,S3-111944917
S1-252731451	S2-36905992
S1-848647869	S2-127759204,S2-347821807,S2-400361416,S3-74270695,S3-228762363
S1-155882150	S2-127795434
S1-928121212	S2-781280150,S2-46171143,S2-434437375,S3-868019638
S1-793366517	S2-451424485,S2-948567409
S1-55871245	S2-962422673,S2-860329041,S2-55173574,S2-13227952,S3-360860116,S3-103794649,S3-550248299
S1-460674112	S2-525987988,S2-652306471,S2-752228917,S2-787197239,S3-807264710
S1-901534791	S2-386492688,S2-365684981,S2-186707550,S3-404443721,S3-593284325
S1-783376559	S2-927278554,S3-882786018,S3-422284239
S1-963240660	S2-365555818,S2-361912585,S3-499352182,S3-93101891,S3-640236020,S3-645263609
S1-325938719	S2-644562185,S2-839389606,S2-209559760,S3-754778484,S3-750573259
S1-651557006	S2-138004653,S3-512414304,S3-524419940
S1-495662495	S2-731252896,S2-661097911,S3-765088900,S3-518249382
S1-527796349	S2-661291306,S2-358481174,S3-192522626,S3-246835234
S1-386366992	S2-132453055,S2-49331418
S1-89002544	S2-788195420,S2-811739292
S1-731555771	S2-731921001,S3-629439601,S3-99046451
S1-166031307	S3-706256717,S3-712306292
S1-121587702	S2-867714729,S2-635321510,S2-825526761,S3-81842300
S1-394286087	S2-378899708,S2-319809386,S3-205172434,S3-875699810,S3-649035390
S1-527876700	S2-802542704,S2-256247418,S2-894213950,S2-608710354,S3-597951155,S3-736025341
S1-639026942	S2-366465860,S2-625749005,S2-610004431,S3-824408274,S3-494313521,S3-607176244
S1-21170358	S2-263525146,S2-260645654,S2-302022404,S2-161422253,S3-487046030,S3-143520926
S1-690184965	S2-734301919,S2-565207081,S3-859237958
S1-188623988	S2-981869534,S2-581683266,S3-772184006,S3-432909015
S1-48183489	S3-224032577
S1-976480365	S2-606436261,S3-437514739
S1-310606682	S2-170098100,S3-22063780,S3-474602404
S1-989747483	S2-848579793,S2-91871546,S2-94664200,S3-173425015,S3-410704385,S3-39288304,S3-103627903,S3-417094887,S3-945593092
S1-268164398	S2-73750200,S3-538060062
S1-49194088	S2-67439058,S2-66472272,S2-593218489,S3-139681020,S3-250976466
S1-924983013	S2-378292774,S3-189286086,S3-6219230
S1-223691355	S2-284008614,S2-670939038,S3-703118042
S1-773438616	S2-110334373,S3-105556855
S1-691038230	S2-201166817,S3-21001569
S1-721072355	S2-109151780,S2-51655128,S3-658966693,S3-184206663
S1-82799546	S2-770339084,S3-67422661,S3-433362091,S3-420177316
S1-656470428	S3-913112232,S3-839468961,S3-464986320
S1-887443618	S2-204707955,S2-808678222
S1-521211816	S2-258185773,S2-713443717,S2-889997394,S3-16721764
S1-667327815	S2-420851427,S2-15931277,S3-834684392,S3-379941897
S1-211165329	S2-868390021,S2-901985115,S2-413427355,S3-132408110,S3-757540027
S1-255037506	S3-161305075,S3-708914492
S1-717593731	S2-285237744,S3-531835832
S1-654337066	S2-986396244,S2-633531858,S2-96281403,S3-865518687,S3-3734829
S1-231859208	S2-584532464,S3-418972455,S3-958438254
S1-349443251	S2-11769892,S2-49430296,S2-867600023,S3-712383095
S1-688693252	S2-956024654,S2-525281354,S3-490883886,S3-956319473
S1-726211428	S2-438225419,S2-996169522,S3-987779435,S3-659114222
S1-308785652	S2-613782245,S3-276859979
S1-198769703	S2-728291907,S3-822072245,S3-983989985
S1-228558651	S2-585603403,S3-893061353
S1-689551412	
S1-132185064	S2-987443174,S2-286966978,S2-209434225,S3-554754328,S3-68780322
S1-815997302	S2-468893746,S2-967670222,S3-236620787,S3-110003020
S1-898366988	S2-47710537,S2-359627714,S3-831274505
S1-398555353	S2-560383408,S3-981435132
S1-307831582	S2-160684278,S3-599312802,S3-798243924,S3-343834628,S3-913389613,S3-303229422
S1-769795724	S2-383496669,S3-59255752
S1-220812052	S2-138170580,S2-283929113,S2-99641130,S2-341081998,S3-401990901,S3-455012668,S3-722613867,S3-653334585,S3-333092323
S1-433837094	S2-13472626,S3-1051999,S3-272189245
S1-900820868	S2-29533616,S2-978040872,S3-846592543
S1-974592319	S2-422857880,S2-27189355,S2-732667340,S3-82815950
S1-678324124	S2-517467082,S2-254969751,S3-771382956
S1-524551436	S2-176941061,S2-861662426,S2-506181343,S3-90133583
S1-690604552	S2-543785978,S2-977007486,S3-783492195,S3-918195439
S1-182584004	S2-209159540,S3-326775526,S3-545917822
S1-80290220	S2-464126426,S2-748772057,S2-70318112,S2-65778848,S3-812939287
S1-482168683	S2-963461077,S3-878522660,S3-437394781,S3-746492131
S1-353957523	S2-624072832,S3-955643167
S1-191599763	S2-978370381,S2-540959248,S3-812171611
S1-218404038	S2-123336815,S3-500547803,S3-430307648,S3-367862896
S1-354912199	S2-985122420,S2-139454299,S2-45881731
S1-995356291	S2-282718008,S2-119612522,S3-535548190,S3-176865096,S3-998572178
S1-435916742	S3-505455231,S3-847314436
S1-321333310	S3-840383105,S3-803419521
S1-84748297	S2-46930283,S2-167182169,S2-712400296,S2-202415945,S3-666258186
S1-296335543	S3-591818522
S1-541513224	S2-726247799,S2-149765951,S3-283571542,S3-119929779,S3-344441552
S1-177198012	S2-263529378,S2-851592609,S3-124340304,S3-758768183
S1-792809710	S2-520323657,S2-702827500,S2-680479152,S2-228583035,S3-814591785
S1-349197597	S2-717232534,S2-455671217,S3-245778924
S1-858824786	S2-328961456,S3-992829863
S1-61664675	S2-531003269,S2-275774573,S3-625817158,S3-263535194
S1-251479383	S2-649224144,S3-769628137,S3-920367464,S3-785451849
S1-273055341	S2-597305889,S2-71589628,S3-753222775,S3-299445931
S1-332716371	S2-799854721,S3-734821881,S3-856210607,S3-672502299
S1-752506271	S3-191877567
S1-895757166	S2-841156667,S3-376816667
S1-762061679	S2-592393929,S2-223863530,S3-213332674
S1-277976532	S2-253197573,S2-8703926,S3-28361158
S1-247068741	S2-238694060,S2-870088321,S2-151884069,S2-395449569,S3-114788055
S1-649773684	S2-374406141,S2-821075280,S2-481652430,S3-353665233
S1-775737968	S2-437293528,S3-717111338
S1-704385049	S3-511930525,S3-65298258,S3-562698934,S3-912244287
S1-660579500	S2-986774941,S2-311984459,S3-32318991,S3-128619798,S3-77591352,S3-843422008
S1-740487341	S2-118959906,S2-956819510,S3-53024071,S3-877369702,S3-146425844
S1-77549948	S2-451476932,S2-531110624,S2-155382265,S3-101007956,S3-189175578,S3-976143431
S1-826281359	S2-824327406,S3-576952524
S1-86145670	S2-362800280,S3-862452137,S3-518419740
S1-320119959	S2-341875582,S3-62286968
S1-63829897	S2-331743535
S1-418521736	S2-524422754,S2-430060563,S2-271810365,S3-448900402,S3-789992890,S3-991729511
S1-834955269	S2-735136781
S1-869602965	S2-767617897,S3-296541720
S1-895663213	S2-773642821,S3-544704921,S3-74209897
S1-859833400	S2-365077827,S2-318518990,S2-131613322,S3-162424784,S3-949268054
S1-615853763	S2-353633173,S2-316773168
S1-176435318	S2-424398885,S3-487038178
S1-963227975	S2-526900766,S2-187798928,S3-309408311,S3-609224493,S3-71496877
S1-861103836	S2-942077370,S3-86527888
S1-633638432	S2-785271487,S2-640385319
S1-701377022	S2-456270949,S3-853770974,S3-837558644
S1-302237700	S3-19295335,S3-266266193
S1-11713786	S2-81612963,S2-486393420,S3-921265680
S1-333783106	S2-777694191,S2-420807032,S3-419826807,S3-214669786,S3-246852296
S1-380775877	S2-477978951,S3-790518296,S3-920823417
S1-968605051	S2-59960832,S2-224142154,S2-271671654,S3-33113052
S1-262962226	S2-48187998,S2-561184815,S2-248632008,S2-238523063,S3-239212201,S3-16899814
S1-412659238	S2-737452655,S2-559963768,S3-578386477
S1-602770977	S2-523228047,S3-727910922,S3-685404205,S3-361042314,S3-6266276,S3-207926826
S1-371792955	S2-305901174,S2-546140044,S3-374042438
S1-475181616	S2-223675445,S2-366726512,S2-604113876
S1-630000244	S3-728970364
S1-632767765	S2-142642989,S3-229300186,S3-71994791
S1-873043411	S2-267506390,S2-590682783,S3-271880871,S3-414037755,S3-524229346
S1-776981259	S2-750111240,S2-685466293
S1-717064811	S2-552854455,S3-333805681,S3-444837213
S1-610694438	S2-473738700,S3-524667697
S1-694238403	S2-765493287,S3-14330096
S1-105383145	S2-651225631,S2-94667657,S3-562980844,S3-737412284,S3-140566619
S1-971494370	S2-395382705,S2-401170105,S2-58827994,S3-821816561
S1-384175182	S2-980589933,S2-302123865,S2-153945816,S3-322819147
S1-751035438	S2-517581323,S2-426923476,S2-674046795,S2-845063007,S3-210540372
S1-952032489	S2-914680812,S3-645482536
S1-15128095	S2-740509188,S2-630255516,S3-554941068,S3-47916103
S1-948546602	S2-386207469,S2-847200507,S3-824587891,S3-860710579,S3-285547359
S1-504478559	S2-441699772,S3-658829820,S3-964508735
S1-695615467	S2-400839981,S2-822643450,S3-483158045
S1-5844028	S2-598830970,S3-866896449,S3-627057168
S1-259936690	S2-536945755,S2-546238415,S2-870765623,S3-531757214,S3-809931895,S3-624645660
S1-945635554	S2-177139019,S2-643330399,S3-675178899
S1-86311245	S2-73832013,S3-67682723
S1-375734875	S3-849355872,S3-156621829
S1-58965374	S2-173649978,S2-209767112,S3-218052453
S1-557140128	S2-910517013,S3-714121734,S3-587558439
S1-839134830	S2-668410006,S2-550277548,S3-709032956
S1-212913080	S2-608965381
S1-88759906	S2-976557686,S2-193870774,S2-87821854,S3-378448539,S3-572859087,S3-518448346,S3-687402708
S1-433475652	S2-619356707,S2-340995998,S3-666280930
S1-244634911	S2-73305400,S2-899234382,S2-95522956,S2-951699064,S3-601372818
S1-2089169	S2-638818581,S2-854725089,S2-455462047,S3-352480895
S1-821489579	S2-849337992,S3-253812746,S3-89090587,S3-273012241
S1-734570551	S2-365174818,S3-815704088,S3-731204091,S3-967067599,S3-608673157
S1-685028189	S2-953037344
S1-567845424	S2-254074852,S2-808956851,S2-64439427,S3-235590905
S1-551940597	S2-295681677,S3-984830909
S1-840712480	S2-495775355,S3-24662437,S3-812774303
S1-860359238	S2-30256908,S2-302587715,S3-26483494,S3-408569813
S1-325985151	S2-53485873,S2-84415793,S3-493446732,S3-422765035
S1-263007283	S2-871359934,S2-781880410,S2-306998513,S3-709099510,S3-153542557,S3-165133372
S1-290940280	S2-645786078,S2-558523685,S3-249406113,S3-648568745,S3-678415041
S1-399280279	S2-44731963,S3-896287046
S1-417492462	S2-830478903,S2-506294208
S1-77607357	S2-191996403,S3-448503736,S3-307749069
S1-695345767	S3-227172291
S1-530141056	
S1-223691981	S2-916706651,S2-83043164,S3-471556731
S1-704004355	S2-819172514,S2-952226262,S2-71171337,S3-657837329,S3-294721567
S1-200180851	S2-869350155,S2-813978106,S2-457660722,S3-242102920
S1-189894367	S2-994692427,S3-140368720,S3-254899933,S3-32903757
S1-104273723	S3-832832107,S3-758058711
S1-452783087	S2-977619963,S3-944530823,S3-24543404,S3-441792721
S1-657158973	S2-836938491,S2-502473395,S3-715804317,S3-519061090,S3-677058223,S3-334306651,S3-539257551
S1-616890245	S2-367874826,S2-240679356,S2-614090844,S3-877936578,S3-951792402
S1-108158188	S2-551379749,S2-356934572,S3-817733650,S3-272735166,S3-625342608
S1-778071459	S2-658888383,S2-122816631,S2-552311056,S2-400721613,S3-893570243,S3-342687202,S3-603937595
S1-300212448	S2-374514656,S2-586154811,S3-513871672,S3-118800832
S1-105352607	S2-108192360,S3-771332654
S1-271166218	S2-540238917,S3-393713373,S3-373429070
S1-565023110	
S1-874938230	S3-182480449,S3-204768863,S3-861956423
S1-394227243	S2-975061057,S3-940428493,S3-79498247
S1-900376766	S2-863517946,S2-968004316,S3-474985036
S1-130165948	
S1-488340354	S3-489083984
S1-944458035	S2-25499785,S2-901987878,S3-447622888,S3-78090908
S1-624979708	S2-897641879,S3-542134050
S1-284110457	S2-470095329,S2-93426778,S3-638634884,S3-615087063,S3-879785947
S1-129086289	S2-496328118,S2-691540387,S3-543838803,S3-405782752
S1-327760963	S2-863781305,S2-789185214,S3-10945651
S1-448994190	S2-603467803,S2-279728269,S2-901518498,S3-609099965
S1-250903028	S2-885175665,S2-867199243,S3-412161725,S3-783769377,S3-317730438,S3-484770757,S3-851576146
S1-708842837	S2-396720144,S3-660466452,S3-313182962
S1-319307000	S2-823944463,S2-647211983,S3-403399680
S1-195379870	S2-721418293,S2-655179915,S2-285604031,S3-929958843,S3-412936266
S1-207306291	S2-417682326,S2-96783986,S2-990488001,S2-725243320,S3-832840422,S3-552524977,S3-343500713,S3-886420266
S1-667147396	S2-134339313,S3-811856294,S3-237911020
S1-412963690	S2-717525852,S2-837327049,S3-759456467
S1-698016633	S2-975605994,S2-137714064,S2-207065026,S3-888955940
S1-948916513	S2-897909352,S2-975118110,S2-817486777,S3-674958595,S3-24836318
S1-776657023	S2-867253802,S3-94272670
S1-11335979	S3-976341722,S3-11322090,S3-993230894
S1-886442137	S2-102309127,S2-785589637,S3-460855926
S1-444797776	S3-223673636,S3-358758707
S1-639962984	S2-647822282,S2-380618431,S3-99130834,S3-302700111
S1-39894905	S3-952089932
S1-945253172	S2-911045464,S2-387535778,S3-607308548,S3-721121587
S1-252262681	S2-998483387,S3-265729334
S1-382456377	S2-522649427
S1-892684296	S2-140559354,S2-132781867
S1-457658065	S2-641045593,S2-138670166,S2-497453163,S3-701069332,S3-791976341
S1-790729759	S2-220015461,S3-255343987,S3-789739797,S3-662978655
S1-246467388	S2-855322934,S2-29478925,S2-815128638,S2-807176187,S3-665869184,S3-61999075
S1-557351860	S2-773584148,S3-391727888,S3-723377214
S1-793339764	S2-896780051,S3-243297719,S3-446935764
S1-476748700	S2-431671947,S2-879644872,S3-644618049
S1-636489365	S2-800465277,S3-830451631
S1-678252754	S2-424072399,S2-64100119,S3-14836439,S3-375740194,S3-440984931,S3-752792848
S1-338130178	S2-816739761,S2-823077365,S2-983929314,S3-536803067
S1-970917434	S2-838546071,S3-199899765,S3-305338694,S3-218440714
S1-729945003	S2-550158205,S2-490484520,S3-202699879
S1-313293827	S2-665131591,S3-590808225,S3-261370368
S1-980813342	S3-175869091
S1-321967048	S2-521495062,S2-965576566,S2-826165192,S3-529803819,S3-357479137,S3-300817916,S3-676584665,S3-90241324,S3-145205622
S1-556491715	S2-468403218,S3-367396142,S3-344249338
S1-143486609	S2-763672161,S3-711823687
S1-809729744	S2-601981860,S2-522427484,S3-276208993,S3-517703888
S1-986875848	S2-770984458,S2-1234359,S2-155024428,S3-121894999,S3-513517861
S1-967649673	
S1-631690027	S2-285547412,S2-246334233,S2-280446512,S3-774190833,S3-415355325
S1-503012965	S2-895455686,S3-390788612,S3-187270469,S3-727154410
S1-979434740	S2-626533533,S2-514190943,S3-584064253
S1-333936853	S2-207904453,S3-323905285,S3-261577351
S1-379575574	
S1-856050656	S2-28167257,S3-313889188,S3-952993069
S1-304128781	S2-414891225,S3-438474842,S3-941459678
S1-996468671	S2-539726367,S2-227274343,S2-691207791,S3-20249543,S3-752673132,S3-274833810
S1-302612999	S2-249887969,S2-578279372,S3-840969785
S1-729800143	S2-328256271,S2-859078836,S3-313845024,S3-34451137
S1-318107857	S3-763477776
S1-185008013	S2-713252665,S3-772086787,S3-180602299,S3-261121924
S1-357665095	S2-983363805,S2-79401723,S2-792429634,S3-652254021,S3-264805047,S3-870793656
S1-454414087	S2-285762437,S2-921991742,S2-342534679,S2-888858142,S3-47470148,S3-106442450
S1-681797555	S2-631429502,S2-534427294,S3-218027443,S3-724466440,S3-507600973,S3-751475804
S1-979969770	S2-692361578,S2-538083486,S3-740985181,S3-224625362,S3-619204503
S1-452218399	S2-172118251,S2-890080278,S3-272532313,S3-151148545,S3-523251750,S3-764494968
S1-689581854	S2-628061646,S2-510857087,S2-24342303,S3-143895050,S3-100897969
S1-874564128	S2-732391368,S3-769983541,S3-557533756
S1-243496952	S2-210536006,S2-176708421,S3-702824543,S3-873037948
S1-319183152	S2-635891079,S3-848933964,S3-576406789
S1-472397629	S2-511220188,S2-337972820,S3-569964446
S1-86574382	S2-272853443,S3-262178542,S3-124911090,S3-169828583
S1-884885457	S2-613029624,S2-393145217,S2-861101642,S2-446908591,S2-282014115,S3-290502185
S1-97379978	S2-247481219,S3-886243261
S1-593252311	S2-991399724,S3-415235297
S1-842587202	S2-273687653,S2-927728911,S2-439235520,S3-302279490
S1-84047623	S2-961908524,S2-57954785,S3-804475404,S3-989872152,S3-694765332,S3-736001187
S1-255090320	S2-821425721,S3-437555132
S1-85009106	S2-902546399,S3-583600113,S3-939741126
S1-898782513	S2-393008603,S2-625437521,S3-689763638,S3-187043901,S3-280918455
S1-608522085	S2-436976602,S2-538129899,S3-419089394
S1-771138930	S2-366826810,S2-760923790,S3-96742594,S3-805932674,S3-396677647
S1-587140003	S2-120530081,S2-262651627
S1-551566551	S3-816923779
S1-59223477	S2-362227399,S3-724344996,S3-996152201
S1-977464437	S2-409022014,S3-433917392,S3-642096550,S3-349054561
S1-104110505	S2-302846036,S2-857980623
S1-742168581	S2-425865977
S1-426683976	S2-303447305,S3-738154780,S3-319466877
S1-228553487	S2-442641824,S3-684720541,S3-415948381
S1-232737211	S3-698041081
S1-143669476	S2-428731183,S2-727858633
S1-329948608	S2-648443115,S3-659803894
S1-546800743	S2-854531722,S3-167701610,S3-614191285
S1-715345267	S2-419489435,S2-977026993,S2-727302906,S2-384288767,S3-876837918,S3-83929504,S3-553853101
S1-110729737	S3-74263469,S3-311709871,S3-41403333
S1-522342383	S2-17695640,S2-398507835,S3-674129655,S3-799214233
S1-988475232	S2-398442695,S3-850656488,S3-437063368
S1-338910469	S3-500886313,S3-902754993
S1-573993495	S2-973885152,S2-837296978,S3-295411690
S1-816590678	S2-452219647,S3-720421836
S1-776520367	S2-196354900,S3-445195572,S3-184587507
S1-970050517	S2-140252892,S3-931447541,S3-430131082
S1-932307062	S2-402981849,S2-466959738,S2-700598729,S3-953338057,S3-769829641
S1-869987331	S2-538951591,S2-386480617,S3-881423557,S3-326485905,S3-668241053
S1-581241395	S2-117567171,S3-658648887,S3-559464995
S1-214514548	S2-514853850,S3-193031036,S3-405503090
S1-164184208	S2-926919142
S1-272704324	S2-427881833,S2-391861597,S3-648207394,S3-435665516
S1-792993485	S2-649728557,S2-250273163,S2-722395443,S2-801745464,S3-955121063,S3-442245478
S1-510689595	S2-860716506,S3-982088280,S3-445237720,S3-303020619
S1-695917380	
S1-452479857	S2-82652606,S2-432024258,S2-46404981,S3-680860359,S3-468730350,S3-114212479
S1-692086080	S2-358875413,S3-115026811,S3-258249809,S3-788443888
S1-324086088	S2-647304914,S2-322727396,S2-895900443,S3-286327178,S3-751112672
S1-675287334	S2-233996281,S2-666668068,S3-253972226
S1-185610176	S2-967970711,S3-662272338
S1-388400515	S2-956037665,S2-179705966,S2-574223986,S3-34785908,S3-67885367,S3-227265247
S1-704575390	S2-467864898,S2-411096112,S2-374900713,S3-426114318
S1-639116472	S2-336729060,S3-284783125
S1-403859207	S2-62023080,S3-349904451,S3-121694554
S1-766459461	S2-67585402,S3-352338270,S3-182722749,S3-111681271,S3-921430323
S1-562076635	S2-343180354,S3-422519398
S1-845892723	S2-49911468,S2-269052052,S3-308004556
S1-239499974	S2-239286270,S2-587364254,S2-116580881,S2-330001430,S3-626912782,S3-34425261
S1-433545757	S2-397755340,S2-47156516,S2-467694255,S3-753519406,S3-940647417
S1-270382324	S2-804048075,S3-31954944,S3-453286731,S3-917886944
S1-112847409	S2-118923712,S2-949046805,S3-552568290
S1-504657813	
S1-581202198	S2-735994255,S2-559974705,S3-137917806
S1-554103253	S3-521185822,S3-536122162
S1-946508942	S2-360233448,S2-381313183,S3-499230898,S3-940956198
S1-50405650	S2-288676339,S2-331728334,S3-432412079,S3-879923692
S1-856280897	S2-702195222,S3-175213297,S3-10942180
S1-943532490	S2-380003309,S3-299298190,S3-314006636,S3-479052262,S3-564458552
S1-243572354	S2-227600190,S2-725514777,S3-855500656,S3-193136422
S1-502559729	S2-494323781,S3-730207093,S3-203125714
S1-438916555	S2-563381072,S2-875102254,S3-735126756,S3-806536608,S3-424881233
S1-229087454	S2-525198480,S2-597287777,S3-356428278,S3-400233920,S3-813337657
S1-265340430	S2-484278709,S2-895061497,S3-673208999,S3-251121342,S3-29009916,S3-127149094
S1-498731417	S3-300290658
S1-745947385	S2-12364212
S1-4913382	S2-363551450,S2-764244831
S1-639880395	S2-689650835,S3-844322601
S1-767199676	S2-924182108,S3-11885705
S1-938321623	
S1-936686772	S2-766108517,S3-479932086,S3-845847602,S3-702794866,S3-274713669
S1-381337973	S2-175304110,S2-198463778,S2-488218671,S3-431056751
S1-477082497	S2-771380774,S2-690619915,S3-906803292,S3-250477440
S1-121067223	S2-342979438,S2-739050010,S3-602299451,S3-187927043
S1-549571246	S2-114838666,S3-734897813,S3-424218003
S1-645883175	S2-205911968,S3-413834806
S1-655246389	
S1-135150802	S2-149547987,S2-422310169,S2-123204837,S3-905101232
S1-560335187	
S1-159580915	S2-884300908,S2-423999022,S3-810558658,S3-134162936,S3-527305613,S3-326388909
S1-417345750	S2-279398009,S3-142807201,S3-997977733,S3-795434810
S1-53258165	S2-282708427,S2-747894725,S3-40453267,S3-127844320,S3-730250282
S1-645794227	S3-631212420
S1-514429472	S2-844077492,S2-990490885,S3-442141252
S1-409674481	S2-564176552,S3-377591180,S3-395037644
S1-62075184	S2-682060156,S2-318663255,S3-574265999,S3-451793427
S1-649666185	S2-520022161,S3-269929474
S1-923914070	S2-475423549,S2-626979318,S3-309473641,S3-911822577
S1-244725785	S3-416314565
S1-117282792	S2-192899316,S3-451917912,S3-928308162
S1-814827817	S2-558669049,S2-627244188,S2-835642370,S3-527839724
S1-970060703	S2-59389199,S2-122701336,S2-74978463,S3-909973619,S3-552116713
S1-781965079	S2-420809919,S2-452161120,S2-208239930,S3-941498819,S3-698238103
S1-597717717	S2-410883901,S2-570996301,S2-485389932,S2-507680787,S3-157573438,S3-605378645,S3-926677989,S3-575213590
S1-153893882	S2-809348407,S2-211332182,S2-634487470,S2-976138217,S3-232047211,S3-70585778
S1-925716253	S2-794427495,S2-182520671,S3-558807710
S1-551851251	S2-908841851,S3-560325194,S3-287137617
S1-577684496	S2-700030247,S2-837561423,S3-411641037,S3-572745771
S1-47764097	S2-532678475,S2-542236264,S3-377329035
S1-620314733	S2-722886809,S3-315015778
S1-871673952	S2-679908523,S3-837528203,S3-967902482,S3-43066149,S3-284203807
S1-913078709	S2-442497027,S2-163568306,S3-77441581,S3-192674148,S3-132308268,S3-174501678,S3-116254950,S3-861131530
S1-263062687	S2-381680345,S2-660524569,S3-246351231,S3-515396392,S3-985914406
S1-149027201	S2-408111067,S2-833051922,S3-790140003,S3-142118317
S1-832590644	S2-426040181,S2-854190148,S2-144632700,S3-892601805,S3-432041594,S3-819138729
S1-29797763	S2-306166369,S3-666617263
S1-482077140	S2-312858270,S2-774650002,S3-162225434
S1-161275078	S2-590885672,S2-723283775,S2-860290832,S3-927595854,S3-962294752
S1-564816024	S2-567326602,S2-567462961,S2-861957197,S3-186263118,S3-541813140
S1-682477366	S2-731845393,S2-631409744,S2-52744604,S2-38955418,S3-62934582,S3-579338071,S3-491901633,S3-156753004
S1-364817958	S2-587994918,S2-885621864,S2-365002468,S3-107854309,S3-678420708,S3-771602657,S3-202227959
S1-246946532	S3-541941825,S3-164087852
S1-727414309	S2-416288555,S2-146837546,S2-4156876,S3-635567159,S3-348053017
S1-812555232	S2-326857738,S2-618462784,S3-854074506,S3-792995557,S3-536794858
S1-641733338	S2-454908091,S3-37397364
S1-396823584	S3-740265587
S1-353735793	S2-528355465,S3-894822866,S3-910189511
S1-231819904	S2-320414558,S3-272762208,S3-542112444,S3-758124087,S3-919113904
S1-350976005	S2-533890846,S2-867631177,S3-933774472
S1-971182940	S2-143881447,S3-102500766,S3-954609196,S3-804814067
S1-96142264	
S1-759189727	S2-334983784,S2-345229730,S3-651972669,S3-733993426
S1-141747263	S2-886266720,S2-698823192,S3-90137492
S1-693492979	S2-495241495,S2-858842998,S3-303287919,S3-330660833
S1-485464396	
S1-208732224	S3-363743009
S1-80681352	S2-888241103,S2-855046799,S2-287561910,S3-439118824,S3-979679298,S3-673172529
S1-936076816	S2-378031616,S2-441157440,S3-791427008,S3-414880998
S1-450961625	S2-44243621,S3-479996872,S3-329314523
S1-702087148	S2-337376367,S3-739975708,S3-283643018,S3-574419382
S1-528581321	S2-221811929,S2-450454556,S2-367428793
S1-101171502	S2-432099184,S2-301638592,S3-954465807
S1-719335447	S2-811713677,S2-86876635,S3-694945389,S3-202626125,S3-631490147,S3-414150873,S3-868806631,S3-268844466
S1-544914259	S3-813330040
S1-853060055	S2-75504100,S2-218997879,S2-547752871,S3-178202347,S3-900435848,S3-371966391
S1-135956676	S2-64179710,S3-763995671
S1-88410580	S2-634099666,S3-823592009,S3-116542637,S3-929856284
S1-479957396	S2-617645285,S3-947158559,S3-298446467,S3-526208113
S1-386951259	S2-149250841,S2-463161313,S3-593398430
S1-730365111	S2-344760762,S2-974685034,S3-619339617
S1-663471537	
S1-963924788	S2-293807952,S2-958884452,S3-238124530,S3-741875028
S1-576657056	S3-428358943
S1-669596120	S2-400264829,S3-81615443,S3-66974101,S3-324624088
S1-271710669	S2-166281913,S3-318007708,S3-813740716
S1-2504058	S2-12354900,S2-304998763,S3-114103951,S3-482770568,S3-877174567
S1-616042447	S2-364632686,S3-276320557,S3-480250862
S1-924213970	S2-281569438,S2-226114198,S2-199630679
S1-586359575	S2-46253664,S3-923886412,S3-122447094
S1-781943999	S2-488229934,S3-138464787,S3-327838402,S3-303455757
S1-829280511	S2-276680253,S3-922856421,S3-990083214
S1-301152330	S2-350064382,S2-103684830,S2-606892008,S2-981480891,S3-953044224,S3-300254815,S3-121744404
S1-135835862	S2-471466714,S3-922628015,S3-454282496
S1-645803743	S2-424940982,S2-742360883,S2-805012739,S3-286109372,S3-469698623
S1-632352110	S2-579653125,S2-902259986,S3-527666809,S3-173491146
S1-22724233	
S1-178754538	S2-148029129,S3-347337821,S3-62889803
S1-516356779	S2-287214717,S2-641000302,S2-747953385,S3-370665262,S3-684767859,S3-936624774,S3-254611804
S1-690732454	S2-152169638,S2-649991921,S3-607534158,S3-715958796
S1-283169840	S2-142641147,S2-63047201,S2-310121093,S3-681952608
S1-611549106	S2-728093495,S3-501796764,S3-747605801
S1-486041214	S2-500055492,S2-297631002,S3-713258095,S3-629859806
S1-767365414	S2-891044712,S2-349069212,S3-613362706
S1-961675876	S2-352544975,S3-799578170,S3-909094002
S1-818337867	S2-826515001,S2-850279945,S3-842474750
S1-752723427	S2-360853655,S2-432126585,S2-385819586,S3-302125640,S3-412903153,S3-581042902
S1-123749800	S3-826839646,S3-738304452,S3-252962202
S1-973469066	S2-489225202,S3-731635001,S3-744009736
S1-745632716	S2-130772573,S2-431685379,S3-958915060,S3-365747655,S3-329115565,S3-346495139
S1-446070970	S2-726654680,S2-360132857,S3-68847380,S3-284347158,S3-99658919
S1-856314359	S2-222875034,S3-965660347
S1-598696392	S2-639191251,S2-993881389,S2-213867995,S2-215205668
S1-153506367	S2-552018337,S2-648061299,S3-319535745,S3-817376087,S3-652130076
S1-340338236	S2-624232566,S2-364390394,S2-897407537,S3-906793716,S3-665363504
S1-231901206	S2-189231755,S3-659550852
S1-222583546	S2-850346540,S2-616346689,S2-451985806,S2-178438549,S3-610469041,S3-463582995
S1-880279061	S2-159615984,S2-791875719,S3-488096574,S3-284558291,S3-454055862
S1-345097478	S2-445734854,S2-864585474,S2-361470693,S3-844294311
S1-63278387	S2-524826830,S3-425618080,S3-678867550
S1-552773471	S2-963400938,S3-404918249
S1-13830806	S2-48458826,S2-260885456,S2-196902695,S2-879728975,S3-454833553,S3-40752767
S1-109640315	S2-515268202,S2-190062156,S3-497395255,S3-750089379,S3-958012819
S1-741960990	S2-12719274,S2-520328508,S2-320876353,S3-862418363,S3-586900825,S3-857603582,S3-391113849
S1-166108630	S2-991992342,S3-148408295
S1-951336401	
S1-660772314	S2-981995978,S2-573350981,S3-712261556,S3-240827775,S3-15624724,S3-488026198
S1-67833721	S2-957034730,S2-497072276,S3-107430208,S3-987815860
S1-550867001	S2-791038130,S3-621523070,S3-863406636,S3-252807805
S1-765357733	S2-796061638,S3-900659481,S3-145719806
S1-481747018	S2-650890588,S2-251675007,S2-727084292,S2-271818865,S3-199601548,S3-125126606,S3-260264928
S1-231419296	S2-846358762
S1-853720733	S2-805099759,S3-495119980,S3-865004481
S1-13458374	S2-289083322,S2-439616967,S2-584233447,S3-649657204,S3-595124069
S1-94836656	S2-714463201,S3-916739820
S1-449201673	
S1-355535831	S2-170376443,S2-589264881,S3-450145908
S1-521887169	S2-203059429,S3-194376347,S3-742994064,S3-645272581,S3-862915784
S1-403210326	S2-68618209,S3-431843845
S1-290320390	S2-89311855,S2-230993949,S2-263155972,S3-911780939
S1-28713016	S2-212939184,S2-754776449,S2-766133907,S3-550046710,S3-945413313,S3-712134077
S1-697090522	
S1-161582762	S2-509793685,S2-990256422,S2-850298185,S2-940060628,S2-862191002,S3-414723340,S3-144158163
S1-695476194	
S1-927852809	S2-943335598,S3-412803298
S1-884309906	S2-649630002,S2-816684193,S2-392975348,S3-603083245,S3-65125625
S1-457147280	S2-906202555,S3-439634852,S3-874130961,S3-596692746,S3-741676643
S1-240671041	S2-156264502,S2-182233061,S3-670878598,S3-946170976,S3-520450866
S1-703794288	
S1-636150251	S2-868176199,S2-569102164,S3-254759913,S3-260610080
S1-672440553	S2-371460852,S2-746840686,S2-87226170,S3-755807255,S3-895113435
S1-496844484	S2-65569002,S3-147629728,S3-774861817
S1-485617345	S2-518084344,S2-236637727,S2-559538028,S2-908093316,S3-43282195,S3-199364565
S1-911520734	S2-93932479,S3-478281771
S1-280280278	S2-540948505,S2-581565995,S2-167012765,S3-933095390,S3-267876447,S3-571775374,S3-448496749
S1-640848782	S2-335904191,S2-383674486,S3-852376123,S3-318129778
S1-604194931	S3-9611061,S3-136257513
S1-812043866	S2-388292775,S3-823049343,S3-16793315
S1-636655758	
S1-700899064	S2-273878753,S2-586707388,S2-687654859,S3-426542992
S1-282164349	
S1-209284195	S2-432093618,S2-803719564,S3-129515900,S3-471593119
S1-747355129	S2-890120330,S3-227599457,S3-976666098
S1-596251044	
S1-917920018	S2-487134666
S1-653613920	S2-977396292,S3-923962611,S3-942052087
S1-759271456	
S1-175848189	S2-696245512,S2-595914356,S3-111163234
S1-418501236	S2-395711364,S3-272205962
S1-154610913	S2-147068893,S3-53678472,S3-515103261
S1-829971374	S2-216525545,S2-667041853,S2-100576065,S3-258178187
S1-719826177	S2-969191292,S2-957749716,S3-75854505,S3-123256065
S1-370398890	S2-747200223,S2-77281657,S3-379020084,S3-478495370,S3-110296508
S1-924299659	S2-574951889,S3-177045772,S3-997544002
S1-84404240	S2-195678631,S2-546552546,S3-229664130
S1-737440954	S2-386034885,S2-463908811,S2-396022678,S2-648034216,S3-625403595,S3-153642591
S1-587587689	S2-415697104,S3-752373217
S1-583866175	S2-539798001,S3-279673690,S3-699202418,S3-22605384
S1-354475335	S2-989021939,S2-989708565,S2-947743442,S3-284355610,S3-210427661,S3-838563414
S1-68824583	S2-161211131,S3-213809411,S3-18034168,S3-582675638
S1-943796187	S2-872462125,S3-202004915
S1-128059963	S2-545467760,S3-221504564
S1-104605076	S2-526939607,S3-564976523,S3-509690971
S1-797684137	S2-687908396,S3-631808157
S1-592214540	
S1-557041273	S2-298418269,S3-522072620,S3-129703405,S3-792437180
S1-728833580	S2-706753681,S3-882414541,S3-642965601
S1-176387494	S2-578018678,S2-842424830,S2-13992205,S3-282006393,S3-700164285
S1-565282821	S2-51280615,S3-116176918
S1-938936991	S3-255886622
S1-117776415	S2-923499865,S2-695792932,S2-345685535,S3-963824293,S3-361100248
S1-142177501	S2-995592288,S3-974124101
S1-196590351	S3-876825178
S1-752055876	S2-747962425,S2-232589669,S3-429761601,S3-87001507
S1-497679557	S2-572760783,S2-978087687,S2-497898765,S3-263360117,S3-576458764
S1-893857050	S2-391716821,S2-662151119,S3-646881025,S3-698632742,S3-406039492
S1-219970322	S3-619883880,S3-101560801,S3-699488534
S1-323045365	S2-480278855,S3-339420180,S3-157492710
S1-947424939	S2-942337488,S3-573296255,S3-649709756,S3-650485385
S1-154230193	S2-630510503,S2-913318644,S2-521167057,S3-506170249
S1-956248631	S2-312841524,S2-835341674
S1-236148737	S2-982411887,S3-103997133,S3-121945518
S1-478749572	S2-917796728,S3-363645015,S3-424521244,S3-514002733,S3-382778843
S1-838332460	S2-256872086,S3-856567045,S3-31860113,S3-188762646
S1-55296934	S2-434941303,S2-827242109,S3-340749335,S3-53394423
S1-450960273	S2-940600888,S3-498657241
S1-391801516	S2-105898830,S2-170947003,S2-165935842,S3-520813855
S1-288522516	S2-174621080,S2-812085031,S3-916694312
S1-299310787	S2-452385067,S3-268429756,S3-564698896,S3-58792552,S3-860960681
S1-613378839	S2-99831724,S3-190205554,S3-11301619,S3-792033451,S3-261049752
S1-978404363	S2-290571095,S3-856714207
S1-943645262	S2-418775399,S2-183591473,S3-476405186,S3-829566889
S1-824510845	S2-823466949,S2-154161819,S2-829099813,S2-832777382,S3-376951269,S3-493196520,S3-906220613,S3-964339544
S1-826092934	S2-279413334,S3-148473586,S3-703010921,S3-215060663
S1-180695064	S2-643406207,S2-526795754,S2-432895507,S3-968759620,S3-408777960,S3-653095708
S1-703023371	S2-176553974,S2-616288451,S3-626869980,S3-939198123,S3-21568938
S1-139528085	S2-769296830,S3-416385892,S3-801512288
S1-786235095	S2-306476016,S2-178869300,S3-522453659,S3-721939815,S3-240249475
S1-991242370	S2-989276516,S2-589060739,S2-629278948,S2-478431400,S2-938872335,S3-839944910,S3-111594718
S1-771008991	S2-705629748,S2-961795001,S3-847899690,S3-561067625,S3-255942491
S1-884113887	S2-525104120,S3-570188004,S3-675196530
S1-845470959	S2-627119936,S2-375702479
S1-57308639	S2-750967673,S2-660927401,S3-377315382,S3-495467068
S1-867129809	S2-493485712,S3-776289468
S1-328873295	S2-556465032,S2-673212241,S3-441983270,S3-905608752,S3-855533020
S1-952174009	S2-867773219,S2-511168988,S3-39052579,S3-612282282
S1-114536301	S2-915853178,S3-842477340,S3-926009836
S1-337650009	
S1-241572897	S2-736540125,S3-969954614,S3-597954014
S1-38542685	S2-454244099,S2-315807782,S3-513379769
S1-664030001	S2-458996088,S3-355770848,S3-542747586,S3-593475829
S1-194269475	
S1-745338132	S2-799926334,S3-73363186,S3-440270368
S1-509092582	S2-63901614,S2-248560938,S2-41976712,S3-574097500
S1-771333479	S3-760225900,S3-919757299,S3-247710338
S1-93599893	S3-267086753
S1-410004723	S2-999720478,S3-570290369,S3-186075404,S3-350219386,S3-546452639
S1-15098458	S2-466985996,S2-414018879,S2-47406506,S2-65123664,S3-351647331,S3-662946881,S3-496599061
S1-900193799	S2-932633525,S2-712272622,S2-612947684,S2-222648403
S1-712957787	S2-172184465,S2-485463362,S3-418140028,S3-158418138
S1-730964072	S2-462175950,S2-690558784,S3-273129388,S3-113072660
S1-965030680	S2-505151179,S2-426152215,S2-284618418,S3-489438892,S3-13532671
S1-317487080	S2-577903970,S2-109530187,S2-352687140,S3-850302397,S3-996403500
S1-12458372	S2-481356370,S3-305583089,S3-347257621,S3-626104315
S1-253351621	
S1-59495467	S2-794164204,S3-812644856,S3-746509818,S3-492930146
S1-354160687	S2-73779608,S2-480957394,S3-20777682,S3-895935277,S3-651947720
S1-668426614	S2-542864826,S3-929839598,S3-200751296
S1-216651809	S2-979496062,S2-726820586,S2-365476467,S3-295810869,S3-356783117
S1-741101468	S2-699287853,S3-519110030,S3-24227001,S3-567334942
S1-53266804	S2-631040589,S3-71952702,S3-539090963
S1-714022223	S2-725536248,S2-635893588
S1-400896918	S2-910215445,S2-622048644,S3-322965277,S3-321802489
S1-631490501	S2-498317024,S2-495612223,S2-802938995,S2-348229145,S2-240084724,S3-297450897,S3-26185248
S1-69084991	
S1-124714394	S2-53215077,S2-818029290,S3-304823356,S3-607265980
S1-63756578	S2-533932078,S2-797006183,S3-407728264,S3-305656218
S1-703300806	S2-192661549,S3-590852468,S3-38611499,S3-522168774,S3-87144294
S1-859043162	S2-723783175,S2-895188960,S3-569949541,S3-819753051
S1-855284362	S2-143318921,S2-399483682,S3-879345588,S3-672566885,S3-848120122
S1-736622646	S2-444497862,S2-368825905,S3-378663472,S3-491748277
S1-936900049	S2-145084417,S3-632303364,S3-484322249
S1-218741035	S2-480972229,S3-807353870
S1-569633065	S2-650703576,S2-953604675,S2-665047226,S3-625393171,S3-164602726,S3-368748463
S1-282464204	S2-1685571,S3-854919079,S3-814826135,S3-774611293,S3-532129673,S3-869227916
S1-298883730	S2-102260408,S2-201728284,S2-374641435,S2-729360580,S3-356478750
S1-783120594	S2-727392168
S1-179199337	S2-86621461,S3-864868235,S3-161160393
S1-823327770	S2-871125015,S2-771890949,S3-869869181,S3-316215060
S1-869555187	S2-465563153,S3-184099748,S3-978276990
S1-163383927	S2-966510493,S3-226399391
S1-163387758	S2-845356962,S3-72945291,S3-842831814,S3-900666382
S1-677065247	S2-529003535,S2-760476527
S1-529273027	S2-928696431,S2-51684923,S3-405727619
S1-366509127	S2-955844279,S2-598692501,S3-547351581,S3-933567423,S3-415992109
S1-844823325	S2-353128714,S2-639743027,S3-806695827,S3-637737529,S3-500258602
S1-842636996	S2-859696833,S2-991311305,S2-911742979,S3-878152622
S1-92475886	S2-55561507,S2-610404726,S2-979165344,S2-462938320,S3-203746798
S1-81014244	S2-60448824,S2-737791349,S3-342746227
S1-711246063	S2-548428690,S2-386092850,S2-98715804,S2-366657491,S3-390324869,S3-405390063
S1-803944274	S2-538422726,S2-871563592,S2-714442083
S1-552008189	S2-649253315,S2-280015021,S3-127948484,S3-241405250
S1-939749964	S2-847483513,S3-298634057
S1-812109216	S2-408477685,S2-315891226,S3-727222735,S3-673851166,S3-43441421
S1-427940784	S2-59599258,S2-586892523,S2-543205609,S3-126770047,S3-636404949
S1-308522028	S2-943598780,S2-392978096,S3-263805040,S3-437010475,S3-852446914,S3-414833932
S1-424213715	S2-630581771,S3-808641597
S1-859390339	S2-523008724,S3-600940423,S3-740565620
S1-108306598	S2-602819831,S2-254099140,S3-311425172,S3-713292839
S1-739544581	S2-899846262,S3-981760916,S3-725901470,S3-452203670
S1-969965311	S2-380972410,S2-135119683,S2-782448509,S3-861802625,S3-818623836,S3-760875744,S3-142494495
S1-189278106	S2-314427240,S3-16126416,S3-425646276,S3-492436921
S1-787951878	S2-799630058,S3-915901877,S3-809996517,S3-506040588
S1-343155852	S2-211507301
S1-284768132	S3-717261891,S3-889577569,S3-613538648
S1-339735281	S2-422062184,S2-262159732,S3-397465729,S3-997234737,S3-861169799
S1-472307758	S3-392379837
S1-280488366	
S1-143566145	S2-442804869,S2-232039262,S3-37836915,S3-448581604
S1-975596802	
S1-756349944	S2-796871313,S2-63536183,S3-273987200
S1-119266772	S2-133953406
S1-11347137	S2-736312169,S3-477185064
S1-827396456	S2-871160546,S2-94010391,S2-857649352,S3-79879521
S1-675824967	S2-55113015,S2-249631809,S2-906134237,S3-438412905,S3-949389444
S1-265523897	S2-675070661,S2-160784992,S2-119065943,S2-84817813,S3-429898780,S3-164228884
S1-676688132	S2-96305618,S3-543798599,S3-772614109,S3-371985077
S1-469522800	S2-707169539,S3-284375996
S1-62465734	S2-34292731,S2-568306531,S3-665394117,S3-600533143
S1-498971879	S2-668976994,S2-766611096,S3-102938089,S3-66066952,S3-614559864
S1-776606551	S2-385770298,S2-395353618,S3-869090891,S3-432999712
S1-198401294	S2-613165968
S1-312032758	S2-611710527,S3-309595212
S1-16301641	S2-287089020,S3-82754940
S1-121255711	S2-574649494,S3-693163139
S1-167760682	S2-291043134,S2-815575006,S2-470559034,S3-457292537
S1-302831843	S2-145676409,S2-459393067,S3-938464860
S1-443514453	S2-140603021,S2-8972967,S3-732116226
S1-427260240	S2-157742495
S1-649866433	S2-436792171,S2-138083377,S3-706250940,S3-456500643,S3-142423867
S1-855478024	S2-22596981,S2-722398175,S3-768826663,S3-268344387
S1-559948620	S2-771110920,S2-287154573,S3-722050614,S3-973554328,S3-889475689,S3-819550553
S1-802677550	S2-453321471,S3-973585033,S3-743947101,S3-103033604
S1-165500502	S2-123831863,S2-737116514,S2-865308655,S2-751375731,S3-115218627
S1-475683982	S2-99022571,S2-746667871,S3-310335810
S1-955060068	S2-469642276,S3-295474870,S3-828581639
S1-653909252	S2-413450070,S3-54445044
S1-902597581	S2-409332877,S2-412161104,S3-549522467,S3-369576278
S1-755800949	S2-6187472,S3-100888872,S3-563712737
S1-373551735	S2-465334857,S3-686062350,S3-661450046,S3-860693149
S1-244340155	S2-366958390,S2-937331744,S3-757895277
S1-453178578	S3-325466803,S3-496167162
S1-812132222	S2-959885825
S1-892987597	S2-787394510,S2-220857711,S3-684058832,S3-756291711
S1-607666723	S2-66575430,S2-775032079
S1-197671580	S3-84713791,S3-46873484
S1-917630729	S2-921918228,S2-503460562,S2-446668950,S3-675121214,S3-904873088,S3-915531189
S1-43510615	S2-889425242,S2-14206402,S2-398080519,S3-933658381
S1-128192282	S2-126453657,S3-741148514
S1-599589885	S2-197894134,S2-660447320,S3-142198973
S1-718170720	S2-998681230,S2-103393023,S3-716057237,S3-761859030
S1-86779841	S2-961661944,S3-217708027
S1-63375366	S2-610024845,S2-553059736,S2-449835359,S3-902303427
S1-449826351	S2-858244361,S3-177349044,S3-292705625,S3-462478456
S1-344778193	
S1-596058510	S2-248066546,S2-251297510,S3-240737136,S3-410513195
S1-979740251	S2-562135934,S2-975819720,S3-14938982
S1-268511842	S2-950402941,S2-275325926,S3-827858909,S3-281913886,S3-507718717
S1-82342890	S2-579220680,S2-174551426,S3-430731029
S1-760185345	S2-227239043,S2-228177955,S3-621923926,S3-438160430
S1-680982458	S2-750064586,S3-740770746,S3-189067150
S1-263472398	S2-583278841,S3-131334636
S1-807028301	S2-679755433,S3-376977728,S3-130977443
S1-815064564	S2-581379344,S3-406592977
S1-117123238	S2-938845288,S2-414375435,S2-591032606,S2-130718734,S3-768749081,S3-239913087
S1-895414321	S2-419882976,S3-987364597
S1-248226283	S2-1651462,S3-101528128,S3-680252050
S1-719212207	S2-756906813,S2-239436827,S2-442382188,S2-66592870,S3-792460375
S1-401761505	S2-422370961,S2-415623223,S3-17464132,S3-167233960,S3-108345521
S1-963313159	S2-86585354,S2-443948494,S3-537466871,S3-460509974,S3-337761410
S1-280953808	S2-377620374,S3-150742065,S3-559278270
S1-18250770	S2-983812639,S2-873695429,S3-885013520,S3-18930304
S1-958437097	S2-537354013,S2-80420263,S2-312629170,S3-761889228
S1-749959002	S2-684173875,S3-472190388,S3-391776848
S1-645678362	S2-541974935,S2-437111900,S2-964860674,S3-12447597,S3-240811636,S3-429723707
S1-812323778	S2-514817901
S1-223344557	S2-150104391,S2-907396713,S3-146215470
S1-86064960	S2-311829732,S2-237767215,S3-570691507
S1-573605916	S2-355470689,S2-787246542,S3-977849381,S3-807616297,S3-86349358
S1-668833979	S2-159443628,S2-262169408,S2-839173963,S3-206039753
S1-887010863	S2-184129028,S2-687841454,S3-348358269
S1-367440762	S2-39777008,S3-850586868,S3-520483237
S1-338780140	S2-664746752,S2-354525077,S3-547368834
S1-606114769	
S1-931066023	
S1-82406881	S2-777847747,S2-777939632,S3-923062861
S1-753790560	S2-555667112,S2-753414136,S3-838114883
S1-547592958	S2-419659715,S2-92817674,S3-681216654,S3-795260170
S1-849664290	S2-854040447,S2-443435043,S2-197737724,S3-833664878,S3-637909917
S1-779855299	S2-772869017,S3-979707912,S3-701642743,S3-804059602
S1-642269825	S2-336750325,S2-914713431
S1-733413645	S2-478696297,S2-930510405,S2-203210847,S3-697274885
S1-228164044	S2-401753703,S3-276767942,S3-369660433
S1-523462903	S2-850747344,S2-476850539,S2-916808125,S2-318949238,S2-759697862,S3-487132823,S3-267374262
S1-663488086	S2-744547634,S3-506403997,S3-339852117,S3-492867067
S1-282878791	S2-483152728,S2-558946850,S2-36257236,S3-984053202
S1-13694783	S2-528094457,S2-463572191,S3-969199100,S3-577194848,S3-734766509
S1-616649726	S2-533318912,S2-660299849,S2-670777451,S3-909558968,S3-171956801,S3-531569403
S1-594306312	S2-306560630,S2-763856844,S3-201753485,S3-650448002
S1-288500470	S2-261899080,S3-586475118,S3-738865981,S3-89785873
S1-203364355	S2-229980542,S3-420159234,S3-279202936
S1-162221177	S2-736057144,S3-380328521,S3-363092574
S1-684273793	S2-868969815,S2-529747238,S2-890791236,S2-608810560,S3-514999349,S3-816643105,S3-35636684
S1-770016159	S3-200278834
S1-835650720	S2-938924942,S3-284958560,S3-73642855,S3-136057588,S3-226091067
S1-136263075	S3-965095235,S3-219709788,S3-709098376
S1-162854891	S2-316986962,S2-880139897,S3-878144751,S3-858449336,S3-499057161
S1-619034193	
S1-161275517	S2-198834992,S2-925826384,S3-612305603,S3-900323958,S3-103605931
S1-506738568	S3-663697904,S3-597494261
S1-940516923	S2-682037424,S2-610791050,S3-741065182,S3-799767993,S3-694424144
S1-343002365	S2-116700250,S2-878439317,S3-345635308,S3-547721158
S1-980090799	S2-244749937,S2-415469156,S3-475087001,S3-725850141
S1-403508546	S2-557857979,S3-945586523
S1-153350113	S2-400666015,S3-614171276,S3-806971528,S3-503631192,S3-552992772,S3-747572395
S1-99996241	S2-889221876,S2-568599047,S2-820709084,S3-30698333,S3-858618413
S1-357003136	S2-511496055,S2-193718062,S2-469206670,S3-133324200,S3-790838430,S3-447508619
S1-632912880	
S1-127745933	S3-342754490,S3-887944907
S1-512127711	S2-377116397,S3-458115034
S1-498225111	S2-347032889,S3-35505480,S3-668142008
S1-200424930	S2-302832642,S3-68839000
S1-902079321	S2-675379418,S3-446357593,S3-427660085,S3-825581656
S1-307577056	S2-139812825,S2-218749472,S3-116894543,S3-266206743,S3-753063374
S1-741748884	S2-379769772,S2-65282869,S2-843783415,S3-998828375
S1-236593515	S2-103108266,S2-321043133,S3-201726916,S3-823610444,S3-680140762
S1-811756311	S3-374227864,S3-7897945
S1-338804634	S2-928631663,S2-153346136
S1-793756642	S2-892627443,S3-490801510
S1-412632721	S2-689475860,S3-404367690
S1-640350442	S2-914907556,S2-502878208,S3-738805192,S3-644312062,S3-30749991
S1-612645766	S2-928280660,S3-194519174,S3-670955308
S1-402318417	S2-133043581
S1-362460063	S3-565321250,S3-708835496,S3-861713965
S1-476609807	S2-193940733,S3-685077593
S1-924763963	S2-747403331,S2-484038315,S2-294953844,S3-880977952,S3-258273078
S1-245722649	S2-321319885,S2-547000330,S2-727617609,S3-87520663
S1-540137830	S2-13154901,S3-643854660,S3-220537970,S3-577058705
S1-920737030	S2-518871671,S2-214908437,S3-735835015
S1-765292964	S2-592125044,S3-318135805,S3-374688098
S1-668865114	S2-333356584,S2-261483114,S3-26533747
S1-696748084	S2-286052830
S1-445262644	S2-116871198,S2-606595888,S3-673393375
S1-761341232	S2-250887318,S3-554534255,S3-572146065
S1-858066365	S2-470477240,S2-512442339,S3-364660675,S3-407317236
S1-515484030	S2-625693372,S3-266621047,S3-778923599
S1-664926832	S2-893384549,S3-409581749
S1-424500417	S2-115339483,S3-285032732,S3-881495241,S3-292138493
S1-989422066	S2-752480878,S3-394507787,S3-448406340
S1-452047816	S2-377244948,S2-833893529,S3-207773547,S3-965181507,S3-590255879,S3-19341386
S1-622413375	S2-477154554,S2-711658126,S2-60044815,S3-444019529,S3-597728492,S3-584856758,S3-875589189
S1-695812806	S2-75088217,S3-344537821,S3-880498901
S1-764175121	S2-929774582,S2-972169209,S2-728942672,S2-161308860,S3-381353577,S3-994540201
S1-211412067	S2-918906020,S3-312552867
S1-895030692	S2-767825173,S2-943745541,S3-78908899,S3-118267167,S3-485262044,S3-696092633
S1-580531191	S2-76940996,S3-690304176
S1-552870729	S2-367798314,S2-133293001,S3-643345467,S3-312167401
S1-964485566	S2-760455038
S1-281495770	S2-940604145,S2-725225464,S2-887059114,S3-40045531,S3-6834515
S1-255382733	S2-435867548,S2-594337091,S3-711505085,S3-679253737
S1-229440516	S2-394538339,S3-555115992
S1-704389484	S2-773451507,S2-666907026,S3-414711802
S1-492566036	S2-401977891,S2-179157977,S3-912058581,S3-533310843,S3-741585512,S3-251894027
S1-922494131	S2-699073978,S2-755445271,S2-371183039,S3-702184279,S3-592804685,S3-546610750
S1-96565420	S2-971681686,S2-191899537,S2-200384971,S2-345862360,S3-19354781
S1-79912210	S2-819959765,S2-719060493,S2-651541572,S2-513789513,S3-668766609,S3-583871411,S3-915191603,S3-379770030
S1-896787722	S2-62985342
S1-876092558	
S1-134605947	S2-865492622,S2-668306981,S2-25598378,S2-729756239,S3-228273684,S3-226750708
S1-320977129	S2-40484936,S3-316130081
S1-497196151	S2-86290165,S2-474350377,S2-835623400,S2-703121772,S3-521578003
S1-855430936	S2-2377938,S3-820296163,S3-131786348
S1-833185201	S2-463367882,S3-104320085,S3-419079620,S3-668982610,S3-543316233
S1-888035243	S2-854922420,S3-704896793,S3-519504053,S3-834389793,S3-540882812
S1-665438749	S2-661691163,S2-449123110,S3-251901904,S3-253997988
S1-460174057	S2-375561204,S2-133602806,S2-25545315,S3-530465694
S1-27207441	S2-559146418,S3-305637533
S1-264474182	S3-394579806,S3-13431184
S1-49593723	S2-655058750,S3-57215220
S1-339929023	S2-931706083,S3-852470010,S3-725472282,S3-452491677
S1-781356829	S2-373779033,S2-459330399,S3-402097275,S3-441902815
S1-673157019	S2-760208761,S3-539247618
S1-755669510	S2-694901676,S2-692382457,S3-965163956,S3-329702520
S1-692123552	S2-152618332,S2-142315954,S2-188118980,S3-114853845,S3-318885187,S3-319119989,S3-691010234
S1-110463407	S2-62508942,S3-189602465,S3-866774724
S1-770379898	S2-734791493,S2-876160978,S3-576418036,S3-969513373
S1-971028185	S2-150096923,S2-480081460,S3-332404169,S3-867778188
S1-62420712	S2-60616924,S3-821192262
S1-371984013	S2-884123437,S3-12738919
S1-978970258	S2-183909116,S2-853041048,S3-127686545,S3-726357479,S3-754584513,S3-690742233
S1-800826396	S3-779071334,S3-779970220
S1-513873900	S2-705073109,S3-174572829
S1-840163530	S2-442484324,S2-373315654,S2-928951594,S3-495575701,S3-680784292
S1-767833583	S2-864021711,S2-337085268,S3-628363336,S3-74336676
S1-568992669	S2-889313092,S2-937098274,S3-188130085
S1-470444342	S3-163337160,S3-402500145
S1-928578632	S2-309128811,S2-715978089,S3-460250561,S3-97314777,S3-492219362
S1-93400314	S2-872769966,S3-403152756,S3-244533842,S3-365148124
S1-46264614	S2-574712254,S2-141063444,S2-985149305,S3-791429039,S3-957659384,S3-416752592
S1-857702811	S2-481501167,S2-258806421,S2-974386688,S2-881391518,S3-538876487
S1-873754055	S2-540563852,S2-644329513,S3-215945446
S1-49316448	
S1-140870272	S2-726694726,S3-702766147,S3-769834330
S1-335782395	S2-235424057,S2-586370418,S3-182397485,S3-322690607,S3-692561188
S1-343072147	S2-857339000,S2-298359014,S2-53432430,S2-208562741,S3-468338352,S3-223982079,S3-211713759
S1-703690252	S2-891889550,S2-703620612,S2-405579462,S3-782949788
S1-312317391	S2-402066162,S2-854351456,S3-297473055,S3-146623323
S1-740119502	
S1-153839085	S2-107328637,S3-41068390
S1-344451726	S2-995480392,S2-577847389,S2-551714362,S3-247805590,S3-492822212
S1-463873472	S2-762724670,S2-195640900,S2-9809731,S3-646610548,S3-94124698
S1-727142905	S2-953161388,S3-350383017,S3-870458160
S1-29798477	S2-549256595,S2-394164692,S3-864439212,S3-364221621,S3-683556182,S3-55083463
S1-983216959	S2-305901951,S2-47697158,S3-404992885
S1-152862112	S2-215700177,S2-797324761,S2-873320460,S3-213547088,S3-69966991
S1-369731245	S2-661493045
S1-166146372	S2-977742542,S2-804500184,S2-667971749,S3-787695219,S3-40352243
S1-797323531	S3-555717123
S1-969241071	S2-598661560,S2-404246869,S2-242774266,S2-2364642,S3-450895297
S1-6673542	S2-221973888,S3-292556138
S1-24398734	S2-514348383,S2-97953505,S3-445104888,S3-41294756,S3-853062733
S1-453928167	S2-98971294,S2-486142466,S3-792712980
S1-410934016	S2-419319890,S2-449716213,S3-492815404
S1-115142515	S2-111904618,S2-561036872,S3-49582418,S3-570333536,S3-412358785
S1-726877120	S2-351090768,S2-880899978,S3-324689834,S3-1166099
S1-49589684	S2-155431720,S3-805343364
S1-36086612	S2-905049598,S2-441564983,S3-596992870,S3-798555053
S1-466852121	S2-686594177,S3-809416126
S1-600442879	S2-847108986,S2-150376532,S3-123180127,S3-238224856
S1-330939853	
S1-307230195	
S1-862241610	S2-39932532,S2-364970068,S2-13013232,S3-97331228
S1-235141118	S2-935404165,S2-935037589,S3-845124717
S1-511400409	S2-104505909
S1-266055910	S2-667478714,S2-576573949,S3-390020597,S3-289463796,S3-540012419
S1-589550628	S2-646859791,S3-154400908
S1-668299400	S2-216363771,S3-662413342
S1-753653610	S2-576780158,S3-662123943
S1-39250321	S2-320122233,S3-861178726
S1-212451485	S2-61507062,S3-371250735,S3-381374369
S1-828872098	S2-597829042,S2-640086382,S2-744321827,S3-189605055
S1-274781046	S2-607428733,S2-587471965,S2-312428400,S2-428943704,S2-729046063,S3-985347341,S3-430839524,S3-446450977,S3-226809030
S1-314158920	
S1-415658640	
S1-843672148	S2-719652813,S2-118134332,S2-722089062,S3-493944332
S1-760939689	S2-242663957
S1-408490398	
S1-754163970	S2-5093302,S3-272371274,S3-606234518
S1-792303650	S2-74209056,S2-954103973,S3-786605130
S1-226205928	S2-36384404,S2-772630686,S2-685125986,S3-321273186
S1-440358903	
S1-363889431	S2-65042496,S2-910430250,S2-92792734,S3-302502475
S1-515266955	S2-262388906,S3-830602792
S1-616247638	S2-637320641,S2-7240963,S3-271373698
S1-759372011	S2-155699231,S3-54036196
S1-115803727	S2-27398534,S3-53199017
S1-368442140	S2-856597222,S2-123703694,S2-956321675,S3-823144738,S3-342665850,S3-175325202,S3-712723895
S1-174348217	
S1-963023274	S2-961469569,S2-566300510,S3-286762471,S3-518716620
S1-512146793	S3-570169250
S1-649038734	S2-595333976,S3-921856342,S3-32164937
S1-390384198	S2-443784371,S3-286749021
S1-230938843	S2-501001470,S3-115207065,S3-35193640,S3-946088540
S1-77668714	S2-816677841,S3-516142574
S1-519665585	S3-876099071,S3-661221498,S3-130479048,S3-978591953
S1-765773863	S2-774147956,S2-439516264,S3-821487754
S1-893072774	S2-73681520,S2-315857532,S3-169479830
S1-199449311	S2-303216274,S2-508868824,S2-802502912
S1-457034629	S2-588373541,S2-6863660,S2-794392489,S3-728612383
S1-117322248	
S1-483516375	
S1-838875189	S2-342741141,S3-595697710
S1-961774522	S2-981349364,S2-498102925,S2-293855041,S2-830703192,S3-355800632,S3-332819211,S3-714450422
S1-635197528	S2-159478708
S1-226366375	S2-22655032,S2-831676387,S2-949541349,S3-976557289
S1-491104062	S3-100956525,S3-460088377,S3-65014348
S1-849968124	S2-366569327,S3-718996579
S1-923417939	S2-584442622,S2-666677325,S3-636537762,S3-446388989
S1-430718625	S2-606614912,S3-226856389,S3-116402787,S3-462429794
S1-979786585	S2-810390024,S2-107744516,S2-807663379,S3-368582854,S3-882900633,S3-227125829
S1-348213222	S2-499663876,S3-645539133
S1-850652206	S2-509067929,S2-756262350,S2-719140445,S3-902858155
S1-693625465	S2-639894547,S2-10144385,S2-286006428,S2-540461279,S3-918047298
S1-351828022	S2-485693991,S2-761236464,S3-375698712,S3-658413476
S1-445164086	S2-131294853,S2-987532365,S2-191309196,S2-714416965,S3-213978961,S3-842205639
S1-408439600	S2-5675760,S2-917607534,S3-313867418,S3-496613675,S3-156593972,S3-186470203,S3-230422964
S1-498776560	S2-820159474,S2-585685463,S2-590856985,S2-951387517,S3-322712458
S1-443670091	
S1-985159871	S2-337510367
S1-404625453	S2-700212176,S2-296956938,S3-87663590,S3-539570780,S3-785711114
S1-928748198	S2-527169657,S3-568221492
S1-462412008	S2-22462859,S2-419443365,S2-515152404,S2-673612603,S3-124675077,S3-490865878
S1-938871904	S2-205139463,S3-325115323
S1-628083654	S2-401713436,S2-283642966,S3-167501006,S3-193605522
S1-590407545	S2-682883398,S2-469483061,S2-892336802,S2-510973961,S3-884100456,S3-387346888
S1-884711718	S2-939227100,S3-363198219,S3-10904877
S1-619306073	S2-49888731,S2-957635770,S3-654768650,S3-145711603
S1-817862192	S2-305411840,S3-770122305,S3-672571201,S3-575827391,S3-312190859
S1-54617101	S2-471943036,S2-366598115,S2-422805769,S3-727859892,S3-498459668,S3-876089742,S3-482073359
S1-275117691	S2-808748693,S2-943306388,S2-596025278,S2-387491655,S3-905727867,S3-426598570
S1-161800366	S2-97259836,S2-657707903,S2-576077770
S1-826768625	S2-252166881,S2-574043644,S2-711682790,S3-54572444
S1-389105824	S2-383186770,S2-319421054,S2-767386628,S3-473107665
S1-834887816	S2-224985318,S3-309189536
S1-120113559	S2-692697693,S2-592609191,S3-572893899
S1-264713303	S2-552450721,S2-67505679,S2-968823919,S3-972315206
S1-715490319	S2-489104413,S3-150886089,S3-422027,S3-219194222
S1-629420468	S2-760218360,S2-24685233,S3-59476109,S3-322323922,S3-79303171
S1-914777189	S2-116862612,S3-490170488
S1-355835455	S2-566924543,S3-505643940,S3-712466491
S1-766594564	S2-41902160,S2-904337334,S3-473595571,S3-859487357
S1-524771719	S2-317175104,S3-709487672,S3-586223960
S1-826141403	S2-168835846,S3-929778168
S1-907972322	S2-447331434,S2-912919840,S2-666743840,S2-738769199,S3-967103702,S3-635006927
S1-255124288	S2-234310339,S2-276651027,S3-355625616
S1-20068386	S2-996159480,S2-380332500,S2-183917204,S3-385401061
S1-930643492	S2-403903650,S2-440284620,S3-193210911,S3-550347556
S1-247306096	S2-846236034,S2-686791885,S2-756982169,S3-94871618
S1-347991280	S2-997283365,S3-826931185,S3-427355961
S1-443253995	S2-88756070,S2-632328238,S3-988365398,S3-536767690,S3-503042183
S1-526277154	S2-864942345,S2-353597254,S3-712616798,S3-435568685,S3-172432852
S1-425291348	S2-609208580,S2-479764560,S2-484792231,S3-752183494,S3-601947168
S1-818382469	S2-281453710,S3-873843463
S1-47270905	S2-655753279,S2-771723089,S3-522089845,S3-446025818
S1-736794418	S2-345852479,S3-990436199
S1-425852682	S2-245407427,S3-738834783
S1-647011159	S2-919820408,S2-890371322
S1-961821328	S2-176410300,S2-740471169,S3-804178638,S3-719273364
S1-790467518	S2-326839432,S3-962499998
S1-146032301	S3-92846948,S3-148019409,S3-465690913,S3-811322230,S3-633003742
S1-416636701	S3-708058445
S1-766240914	S2-40770384,S2-307679449,S2-591904769,S3-819000177,S3-355308445,S3-871012591
S1-30466085	S2-777615965,S2-639872534,S3-223525952,S3-530515789,S3-235625928,S3-99262896
S1-169021456	S2-397203043,S2-24396452,S2-179563073,S3-770882356
S1-688651016	S2-785800980,S2-885464474,S2-588727148,S2-658449395,S2-480291885,S3-588929119
S1-710194726	S2-377630116,S3-895577049,S3-67754071
S1-164979323	S2-274830889,S2-341558564,S2-848959152,S3-858868922
S1-213355328	S2-114139691,S2-571388476,S3-332289266
S1-492976889	S2-386611820,S2-551622949,S2-567768142,S3-176009634,S3-824599916
S1-845929181	S2-524546173,S2-127361516,S3-100270922,S3-902383139
S1-467774466	S2-450446435,S3-408365550,S3-439244712
S1-309756377	
S1-117161922	S2-2513848,S2-53575929
S1-82341382	S2-531543510,S2-420866026,S2-595848420,S3-66557261,S3-71910807,S3-804943273
S1-894383339	S2-773515432
S1-999182887	S2-702267609,S2-85113215,S2-962691847,S3-903880156
S1-195015571	S2-748955932,S3-444257506,S3-868333358
S1-350381785	S2-746750579,S2-36130409,S2-336530193,S2-645650867,S3-295465817
S1-373693256	S2-774079644,S3-969582754,S3-416096013
S1-963682034	S2-796589250,S2-212722576,S3-374888301,S3-929339031
S1-234151690	S2-116990133,S2-596057736,S3-644830095,S3-239097698,S3-996669053
S1-188288389	S2-691003459,S2-107636324,S3-492715683,S3-594847027
S1-142401962	S2-69161596,S3-861044169
S1-964502175	S2-713655471,S2-217417229,S3-52098015,S3-402656986,S3-764082380,S3-634860690
S1-476267646	S2-627173397,S2-255602952,S2-287378784,S3-580834271
S1-51370377	S2-701885389,S3-657463551,S3-563615274
S1-136398568	S2-758838101,S3-691991947
S1-999740977	S2-280550930,S3-927099304
S1-627277228	S2-265226744,S3-80340211,S3-516216433
S1-741331953	S2-980041624
S1-713849343	S2-92149960,S2-108940194,S3-125502702
S1-383082410	S2-729460017,S3-698348359,S3-213544182
S1-716766032	S2-8709053,S2-336294889,S3-363513459,S3-941974002,S3-688010015
S1-753261502	S2-164881736,S3-791944839,S3-110149356
S1-569129448	S2-856420495,S2-503779729,S3-481247345,S3-998076637,S3-490928574,S3-192897209
S1-453892989	S2-322374241,S2-51790898,S3-31567974,S3-687944058,S3-71412626
S1-168565377	S2-713153157
S1-137707520	S2-817706722,S2-513878492,S2-58542746,S2-646249877,S3-693919976,S3-963595395,S3-67772454,S3-731578759
S1-622980323	S2-974663701,S2-233178510,S2-371628572,S3-46459951
S1-799864286	S2-120234811,S2-242896817
S1-355826100	S2-609747271
S1-847683597	S2-224312685,S2-629308332,S3-608257004,S3-605285147
S1-126265290	S2-51749591,S2-100270954,S3-676150561
S1-640529374	S2-223264052,S3-729780043,S3-130718115
S1-830957563	S2-146530321,S3-91096186
S1-907712383	S2-321744310,S3-751271334,S3-339026814,S3-143130029,S3-83415792
S1-68186640	S2-281995216,S3-487535364
S1-533613858	S2-250379610,S2-947908600,S2-273448744,S3-235409435
S1-624166608	S3-637241442
S1-875525641	
S1-565232613	S2-323281066,S3-720548510
S1-802233504	S3-867982336,S3-208832462
S1-46308537	S2-515451563,S2-381939990,S2-751358723,S2-830557748,S3-319314698,S3-853386395
S1-586262388	S2-452044700,S3-748766273,S3-943723510
S1-846604199	S2-738756408,S2-662649960,S3-259072139
S1-353625512	S3-244560384,S3-782155882,S3-178252318,S3-21432455
S1-609250943	S2-666658209,S2-368557884,S3-766077591
S1-679278402	S2-858909587,S2-976216227,S3-819394924,S3-943571383,S3-743207291
S1-356151827	S2-786473434,S2-300409255,S3-691066646
S1-876527287	S2-584583786,S3-840862216,S3-8231178,S3-835129894,S3-181019365
S1-767252910	S2-933089535,S2-564439850,S3-56686075
S1-94850406	S2-165520326,S2-424708120,S2-903246970
S1-145262973	S2-868466274,S2-49011134,S3-910621107,S3-909996234,S3-484436801
S1-936289115	S2-71959955,S2-467727688,S2-96046023,S3-490397311
S1-180435945	S2-809118203,S2-511439210,S2-44902643,S3-317285891
S1-621915344	S2-589224527,S3-1766177,S3-564329067
S1-720167502	S2-999042488
S1-977161280	S2-608463054,S2-767707687,S3-170352661,S3-869431483
S1-636195663	S2-304732017,S2-37588969,S2-809266970,S3-726622670
S1-654405145	S2-43927816,S2-188190478,S3-379683056,S3-962193104
