source1_entity_id	matched_entity_ids
S1-693391260	
S1-106671505	
S1-467099540	
S1-514155563	S3-257710477,S3-267808012,S3-209972466,S2-127868998,S2-314802558,S3-318943999,S3-364089444,S3-427207555,S2-93128222,S2-464235857,S2-582424505,S3-453682242,S3-535193453,S2-551615786,S3-176033279,S3-303504991,S3-403809026,S3-332447752,S3-235233786,S3-124010770,S2-729373048,S2-868568254,S3-520049432,S3-275528818,S2-90782791,S3-329113420,S2-639224330,S2-505248518,S2-998755583,S2-452932031,S2-261796240,S2-49077923,S3-506041192,S2-677902714,S3-159933029,S3-350966037,S2-784343391,S2-830733171,S3-318885431,S2-276942978,S2-541151998,S2-861764252,S2-118665619,S2-465625438,S2-699014428,S3-546425880,S2-113210517,S2-629031294,S2-377264429,S3-128058241,S2-707556157,S3-214537213,S2-913029779,S2-324316663,S2-369632568,S3-533415279,S2-86570082,S2-104508958,S2-439289136,S2-726096499,S2-735596167,S2-472571157,S2-66239211
S1-206177417	
S1-302822730	S2-400389140,S3-77376902,S2-572069745
S1-390091612	
S1-235106542	S3-923917995,S3-820478802,S3-855546679
S1-85253102	S2-636982901,S3-291952631,S2-983341936,S3-666609470,S3-613051011,S2-975446020,S2-418904630
S1-684878299	
S1-221225453	S3-265621576,S2-834706020,S3-588436980
S1-717818827	
S1-108027852	S2-713920891,S2-722053362,S2-422948650,S2-987611867,S2-810408355,S2-350162455,S2-180134885,S2-256237785,S2-745343841
S1-842896537	S3-712950363,S3-207754316,S3-810755021,S3-682548503,S3-386480661,S3-257192456,S2-540271743
S1-203143681	S2-25014899,S3-990769794,S2-724073620
S1-89111115	
S1-560853131	S2-811865425,S2-542006138,S2-779892951,S2-511801517,S2-862499672,S2-105422871,S2-707755522,S3-13232799,S2-727004969,S2-147652829
S1-104768984	S2-661276082
S1-997319680	S2-261198690,S2-344142885,S2-341394500,S2-628740522,S2-774147537,S2-634903098,S2-177628668,S2-607588520,S2-233010987,S2-169644502,S2-756864325,S2-243855266,S2-81357420,S2-102331861,S2-642386828,S2-564824577,S2-644705796,S2-545606373,S2-730852516,S2-293365442,S2-454801715,S2-110802997,S2-130718734,S2-694709351,S2-645819700,S2-480126302,S2-332016410,S2-715162081,S2-591032606,S2-727306054,S2-71670232,S2-372363817,S2-405701199
S1-983949399	S3-146718733,S3-661838419,S3-602519546
S1-763005688	S2-162278741
S1-411385766	S2-132745499,S2-713706868,S2-87013174,S2-385192332,S2-575707861,S2-157807720
S1-762502330	
S1-105011790	S2-725863431,S3-579126025,S3-448332409,S2-434580950,S2-15383593,S2-971491218,S3-196339962,S2-856668892,S2-927569078,S3-93936078,S3-892663884,S2-623315020,S2-595382897,S3-702358198,S3-130176893,S2-464640567,S2-637373056,S2-56511355,S2-34159244,S2-803591124,S2-702591805,S2-372858191,S2-202792029
S1-682186084	S2-174904516,S2-745638817,S2-826160902,S2-211586264,S2-874322149,S2-732475597,S2-861201345,S2-731762629,S2-162666647,S2-442902415,S2-442722130,S2-479285528,S2-853483077,S2-23474383,S2-790840546,S2-610259986,S2-101677614,S2-832565548,S2-307595290,S2-293972182,S2-287836977,S2-893048055
S1-850758454	S2-794272150,S3-787149784,S3-693557428,S3-954469048,S3-113235615,S3-290531826
S1-398905965	S2-377061343
S1-990759721	
S1-1218431	
S1-816305399	
S1-695296673	S2-747552289,S3-391727888
S1-71016861	
S1-3233840	S2-492680873,S2-440950045,S2-675828331,S2-251353345,S2-419767161,S2-442715631,S2-522042091,S2-132066677,S2-315711263,S2-492621162,S2-374343532,S2-341455263,S2-125086919,S2-166561956,S2-121457470
S1-356161867	
S1-663737806	
S1-714975960	S2-390264224,S2-609747271,S3-102923208,S2-642891324,S2-93860076,S3-569346307,S2-453709897,S2-596956626,S2-770268651,S2-86721176,S2-915032465,S3-374976778,S3-435425007,S2-974020273,S2-374482540,S2-220643613,S2-804592135,S3-702283620,S2-372420151,S2-27531612,S3-650735894
S1-673043144	S3-989657550,S2-749590168,S2-247032879,S3-303086841
S1-448650249	S3-280348179,S3-851766303,S2-446286104,S2-393681998
S1-733248374	S3-307755444,S2-658462428,S3-146291028,S2-40085538,S3-623761618,S3-339124027,S2-902347171,S2-794116158,S2-704766324,S3-141114669,S2-123998332
S1-431241109	S3-436691515,S3-554190864,S3-262261103,S2-526919292,S2-737724720,S3-373603284,S2-796452919,S2-268682310,S2-293713572,S2-164083345
S1-409324604	
S1-706334875	
S1-761010516	
S1-332346191	S3-616430555,S2-721192508,S2-559253096,S3-70356664,S3-733896145,S3-726417667,S3-720383227,S3-913468065,S3-912151867,S2-978722949,S3-422941556,S2-425050691,S3-894155011,S3-175035303,S2-221510261,S3-514581778,S3-41931609
S1-273160048	
S1-942928877	S3-41572864,S3-373184220,S2-444755803,S2-720370529,S2-404851784,S3-258906183,S2-120638631,S2-165190975,S2-129100584,S2-69512255,S2-595187909,S3-15423375,S2-18353597,S3-12887169,S2-484781149,S3-490969528,S2-755802094,S2-973322301,S2-291941540,S2-59294725
S1-415979926	S3-158132568
S1-910594123	S2-600882335,S2-952465027,S2-483890899,S2-766333269,S2-873947164
S1-802590712	
S1-152418104	
S1-922027670	
S1-929985547	
S1-965555167	
S1-672461963	
S1-106691524	
S1-624045976	S3-189524439,S2-195164323
S1-33521194	S3-673475218,S2-864909876,S3-600666989,S3-774718988,S3-755971014,S3-928782201,S3-943198573
S1-652651286	S2-560955461,S2-458585786,S2-163395991,S2-407149621,S2-68748027,S2-894769041,S2-674079903,S2-771746663,S2-38827079,S2-454352954,S2-35322068,S2-150975970,S2-716987982,S2-817607055,S2-474308490,S2-923500757,S2-414647364,S2-576293562,S2-816684193,S2-171227599,S2-19245434,S2-92322579,S2-76962210,S2-583339726,S2-452685961,S2-291644849,S2-631977552,S2-342987051,S2-4615798,S2-52804522,S2-471908725,S2-600904389,S2-3319138,S2-196504480,S2-883612706,S2-75217079,S2-234699109,S2-587732158,S2-302054007,S2-499027495,S2-493611809,S2-594646994,S2-213277943,S2-317152754,S2-576940662,S2-164999379,S2-730521036,S2-550225052,S2-372385754,S2-502816364,S2-210149663,S2-456194866,S2-860355097,S2-316896911,S2-405105351,S2-739386823,S2-866466206,S2-433860699,S2-485793518,S2-790285699,S2-415670729,S2-924111301,S2-272609403,S2-183518047,S2-30382724,S2-337420573,S2-424387851,S2-820815164,S2-479048111,S2-229525660,S2-480944369,S2-457106884,S2-810475663
S1-640829798	S2-984745088,S2-277073875,S3-404718873,S2-925026171,S2-802806265,S2-487562835,S3-9820592,S2-892919390,S3-148513444,S3-256072392,S3-615290415
S1-957481337	S2-874381425,S3-717250183,S2-67203548,S3-131299465,S2-386237704,S3-379521615,S3-375541148,S3-840582155
S1-840279529	
S1-840156337	
S1-104808135	S2-494779699
S1-847959766	S3-20382145,S3-873046404,S2-583105633,S3-322966136,S2-199382830,S2-322399037
S1-686588081	
S1-18136535	
S1-854319024	S2-552296560,S2-362330476,S2-63251045,S2-346794161,S2-294062854,S2-137714064,S2-509521063,S2-816411639,S2-730924879,S2-261085201,S2-884123437
S1-367965660	S3-877256661
S1-933508142	S3-576124636,S3-975856655,S3-353172975,S3-261387133,S3-956632616,S3-861713965,S3-539384861
S1-28278850	S2-510059627,S3-336539187,S2-515520487,S3-391270631,S2-467533660,S2-154321276,S3-141664295,S2-822562373,S2-167155405,S3-374217774,S2-94778253,S2-367521742,S2-136440016,S2-579437630,S2-967997351
S1-580254632	
S1-267445552	
S1-896753754	S2-903987027,S3-143605286,S3-268844466,S3-314911686,S3-294106297,S3-94789080
S1-709080642	
S1-155027115	S3-869864247,S2-19788659,S3-77376902,S2-572069745,S3-409781461
S1-368966432	S2-315120822
S1-186737681	
S1-409040792	
S1-950135004	
S1-462934046	S2-51655128,S2-696403920,S2-588235791,S2-773950270,S2-444769081,S2-181132593,S2-109151780,S2-637346118,S2-24029726,S2-663356012,S2-564791065,S2-288188909,S2-303697309,S2-112757578,S2-797945359
S1-398216457	
S1-462108517	S2-760742667,S2-760461629,S2-314399871,S3-8071421
S1-138644160	
S1-908498505	S2-961375979
S1-125288628	S3-833521567,S2-912642933,S2-716229167
S1-442205824	S2-913758209,S2-260862327,S2-48233411,S2-659494296,S2-112217416,S2-835142245,S2-342576010,S2-422671432,S2-577623217,S2-738804968,S2-675828331,S2-387259426,S2-568635283,S2-156573872,S2-90067640,S2-462813915,S2-489029878,S2-290103530,S2-240529033,S2-772203835,S2-845746087,S2-647118389,S2-491326655,S2-663257910,S2-121457470,S2-125086919
S1-540257150	S3-369214559,S2-619282675
S1-318948293	S3-884055304,S3-209098891,S3-182707711,S3-538116434,S3-221900535,S3-375025626,S2-908085652
S1-981845291	
S1-301283839	S3-626303650,S2-570276654,S3-611327907,S3-579126025,S3-448332409,S3-574333335,S3-24994050,S3-134559466,S2-540092598,S3-196339962,S2-595382897,S3-892663884,S3-93936078,S2-631026197,S2-787905395,S2-974805567,S2-971491218,S3-777214625,S3-875134856,S3-205122166,S2-623315020,S2-58780098,S2-725863431,S3-891359699,S2-619583109,S2-34159244,S2-803591124,S2-702591805,S2-202792029
S1-116357657	S3-156347761,S2-722157993,S2-23924357
S1-853290969	S2-542694082,S2-350162455
S1-472216423	
S1-142056968	
S1-531702299	S3-259270987,S3-553316175,S3-479425308,S3-643070448,S3-393673925,S3-748754144,S2-840260885,S3-156376868,S3-726859841,S2-447076717,S2-387111379,S2-347116535,S3-282979026,S2-634203802,S3-744471216,S3-692242662,S3-843723483
S1-881535873	
S1-538780979	
S1-13859063	
S1-840744146	S2-267291087
S1-293856437	S3-141592108,S2-114677078,S2-607277854,S3-641380803,S3-90199422,S3-999170780,S3-127110738,S2-100540042,S3-58235228,S2-756716170,S2-857226771,S3-678007093,S2-366602597,S3-121619287,S2-339081087
S1-389074539	S2-526399876,S2-149453500,S2-195122722,S2-298462354,S2-735947723,S2-830257984,S2-873698953,S2-189283488,S2-12997522,S2-383495104,S2-14173711,S2-517651534,S2-480081460,S2-347304338,S2-412065651,S2-935199945,S2-400837475,S2-826560412,S2-286327080,S2-18428846,S2-267690304,S2-449283328,S2-36285484,S2-385131806,S2-36905992,S2-747796669,S2-713459795,S2-290143266,S2-236387212,S2-45394805,S2-8702708,S2-638685196,S2-105185,S2-368358786,S2-474900183,S2-783001623,S2-602007106,S2-730015433
S1-16742168	
S1-708682519	
S1-353027107	
S1-580610148	S2-926231226,S2-500220045
S1-391589408	
S1-569898026	
S1-373750443	S2-614973065,S2-441958415,S2-425994526,S2-170049056,S2-195926808,S2-37188246,S2-504114659,S2-25272755,S2-191787466,S2-390718499,S2-365215605,S2-43668840,S2-578549018,S2-840460951,S2-853150438,S2-621507101,S2-638808587,S2-387115807,S2-224657764,S2-480211325,S2-16084621,S2-312118854,S2-443243519,S2-716039525,S2-631129240,S2-404068444,S2-454693032,S2-662994229,S2-219976450,S2-534656826,S2-180106844,S2-365061259,S2-845723562,S2-100715859,S2-768678243,S2-649253315,S2-262413466,S2-736585370,S2-569438165,S2-431435374,S2-523304160
S1-227354877	
S1-872978967	S2-712631655,S2-589117362,S2-207513016,S2-114949473
S1-476431309	
S1-225136075	S3-322716714,S3-278805154,S2-835121054,S3-200544971,S3-959450866,S3-973323595
S1-177144918	S2-635626927,S2-345906652,S2-272440611,S2-725719816,S2-718224552,S2-967983841,S2-632140129,S3-139136310,S2-561903626,S2-674969479,S2-562238828,S2-208896205,S2-154825107,S2-634101413,S2-310106532,S2-587227192,S2-770742526,S2-534309499,S2-177777608,S2-110019645,S2-460464200
S1-645174199	S3-31776451,S3-265943901,S2-448437595
S1-114249953	
S1-69012797	
S1-25867054	
S1-825346251	S3-228861846,S3-421540933,S3-387968494,S3-390311474,S2-163168361,S3-478566582,S3-660879688
S1-540838328	
S1-231416129	S2-168051926,S2-911311609,S3-36555050,S2-681035783,S2-503277792,S2-698039366,S3-193502421,S2-119283146,S2-127049406,S2-126897901
S1-803676246	S2-396373507,S3-694945389,S2-747083268
S1-702463907	
S1-927269336	
S1-37338275	
S1-428098138	
S1-495348398	S2-96288944,S2-838266548,S2-820653949,S3-738266354,S3-3114928,S2-921279277,S2-646376322,S2-811469771,S3-681718171,S3-552590579,S3-289243835,S3-126589264,S3-215102083,S3-814706702,S3-217720108,S2-87275632,S2-319959493,S3-3966586,S3-46768834,S3-383037521,S3-140180743,S2-474347321,S2-540473501,S3-825749639,S2-301718967,S2-529516858,S2-471586982,S3-476544451,S2-199141201
S1-813850270	S3-501603641,S3-766296680,S3-546907516,S3-497151430,S3-542279277
S1-311728134	
S1-111181100	S2-143272785,S3-229728441,S2-701478606
S1-80681071	S3-853948078
S1-914452372	
S1-198807329	
S1-42184977	S3-909897454
S1-796253980	S2-762545337
S1-328738810	S3-249816294,S2-521232318
S1-625799599	
S1-998149029	S3-233662492,S3-262706720,S2-908747268,S2-848621087,S2-126003635
S1-634406086	S2-668729906,S2-72411478,S2-152380291,S3-210153805,S3-88164515,S2-961746827,S2-162996357,S2-172628063
S1-409097297	
S1-590082446	S2-939748635,S2-217483793,S2-156268656,S3-552340493,S3-522195469,S3-620117886,S2-721623614,S2-541527115,S3-492559728,S3-313851272,S3-800871230,S2-988787095,S2-118602294,S3-487793810,S2-243687727,S3-374762130,S3-696777412
S1-57668987	
S1-11841493	S3-408215400
S1-435339766	S2-270401942,S3-341174779,S3-679841554,S3-171960611,S2-42655655,S2-411937849,S2-835618577,S2-636701689,S2-668783021,S3-279449537,S3-470818776,S2-460118448,S3-75184844
S1-205378737	S3-379192214
S1-708969132	
S1-619752471	
S1-292649689	S2-278061636,S2-476776641,S2-857940467,S3-556138785,S3-484587051,S3-648759812,S2-510680909,S2-855888678,S3-357550506,S3-281061117,S3-420920643,S3-155235519,S3-393825440,S2-776224371,S2-294329794,S2-11016398,S2-559922204,S2-240246030,S2-616814626,S3-563633454,S2-606859887,S3-249500603,S2-50104684,S3-46593546,S2-400877353,S3-541708100,S3-619381492,S3-392489799,S2-468124791,S3-611872961,S2-140596281,S2-40395357
S1-994484678	S2-914916627,S3-261332156,S2-48666702,S3-314911686,S2-746007862,S3-268844466,S3-578282528,S3-151530397,S2-85623825,S3-143605286,S3-806784332,S3-900606305,S3-434775743,S3-179811157
S1-866007923	S3-598344409
S1-129379997	S3-908525131
S1-376114110	S3-693181019
S1-707470669	S2-465092069,S3-299041136,S2-308942961,S2-203737730,S2-428382682
S1-208036232	
S1-649008123	
S1-335519097	S3-744471216,S3-692242662,S3-671464899,S3-843723483,S3-221174899,S3-255788263,S3-187761079,S3-146404948,S2-83580316,S3-914558611
S1-128303392	
S1-921355244	S2-267204459,S2-443493598,S2-237538068,S2-545595154,S2-854073782,S2-873074982,S2-617422606,S2-124878646,S2-817570816,S2-470128532,S2-918884412,S2-562279908,S2-809491621,S2-910508931,S2-703259078,S2-112980381,S2-453693150,S2-615462581
S1-800294363	S3-343880358,S2-794272150,S3-694058063,S3-38829548,S2-729634409,S2-228096120,S2-248043519,S2-583533046
S1-447103941	
S1-388687978	
S1-60344088	
S1-498130016	
S1-37764574	S2-272878158
S1-972608002	
S1-31013839	
S1-839067903	
S1-560224154	
S1-435807078	S3-886762694,S3-519348226,S3-146718733,S2-124159237
S1-754516032	S2-962691847,S2-702267609,S2-38509651,S2-28337466,S2-404768538,S2-763669874,S2-845233642,S2-767739635,S2-305315061,S2-419620946,S2-590761669,S2-349099978,S2-735723416,S2-968748830,S2-847167076,S2-487061741,S2-954673307,S2-760385237,S2-321681577,S2-17798950,S2-829236363,S2-520773188,S2-243902755,S2-803603754,S2-737311826,S2-601282438,S2-96000429,S2-863284280,S2-558642920,S2-350403374,S2-88822054,S2-863269535,S2-261879080,S2-683707503,S2-755388476,S2-688263818,S2-85113215,S2-460398545,S2-267789880,S2-14357592,S2-202595061,S2-310207219,S2-671124898,S2-528819808,S2-566262808,S2-946341006,S2-785246908,S2-312033050,S2-762254064,S2-21816956,S2-648605426,S2-204923015,S2-924091320,S2-960497500,S2-799647940,S2-799021792,S2-633078778,S2-12169707,S2-359579050,S2-590885672
S1-627527571	
S1-864861195	
S1-169836978	S2-801871864,S2-557031422,S2-923748842,S2-854329001,S2-460136490
S1-30221210	
S1-366945019	
S1-419304665	
S1-171510809	
S1-468681029	S2-340165460,S2-868568254,S2-861764252,S2-324316663,S3-543009430
S1-811303740	S2-802800935,S2-41187647,S2-428696060,S2-851592609,S2-263529378,S2-427675972,S2-31936374,S2-341674088,S2-45415575,S2-289468234,S2-326501256,S2-249724972,S2-417823779,S2-549261616,S2-864640952,S2-163425293,S2-27538782,S2-220323466,S2-241672314,S2-580985934,S2-499246395,S2-715970690,S2-472392747,S2-584671244,S2-368289089,S2-787775539,S2-840617072,S2-361446452,S2-257155385,S2-865830257,S2-582017691,S2-452262287,S2-443120788,S2-368141744,S2-120830004,S2-903095160,S2-520718563,S2-766147118,S2-232768510,S2-627097554,S2-15379310,S2-449985618,S2-262651627,S2-415804091,S2-549490617,S2-589709931,S2-616455580
S1-133325421	
S1-138510435	S2-598796961,S2-817984485,S3-253105739,S2-700133779,S2-972844710,S3-332316274,S2-731000382,S2-10943865,S3-404529355
S1-388700492	S3-411639844,S3-649043455,S3-432783650,S3-153795311,S3-41316710,S2-500931426,S2-632974409,S3-398017181,S2-311018486,S3-111206575,S3-513060177,S3-499730761,S2-262495070,S3-1779973,S2-283103213,S2-198734554,S3-859342973,S3-943155589,S2-85898373,S2-372085553,S2-338418468,S2-887334928,S3-189202196,S3-451804741,S3-119262899,S3-103791636,S3-752852257,S2-986903609
S1-283635573	
S1-3606227	
S1-461787088	S3-874818084,S3-809936700,S2-278743284,S3-374393279
S1-11762665	
S1-245009508	
S1-487865990	
S1-807198591	S2-2866163,S3-186280392,S3-106914206,S2-432795547,S2-558996446,S2-469113338
S1-437426557	S2-975178225,S3-290790462,S3-112836345,S3-110252160
S1-820717663	
S1-697430426	S3-853993625,S3-834196482,S3-915191603,S3-887861415,S3-29926860,S2-731829967,S3-974584752,S2-179451412,S3-858779037,S2-833875988,S3-914714358,S3-79921094,S2-651541572
S1-467718530	
S1-328853830	
S1-567398746	S2-615406777,S2-159342875,S3-256013728
S1-288179586	
S1-277120440	
S1-413086658	
S1-284547816	S3-227099960,S2-549245286,S2-389029862,S2-514214943,S2-122612997,S2-888289814,S3-449251224,S2-619947822,S2-336293058,S3-185044913,S3-478740633,S3-132568872,S3-351079205,S2-155633699,S2-112531767,S3-448859321,S3-264947730
S1-629879582	
S1-698954473	
S1-132337315	S3-170229472,S2-273003658,S2-275814442,S2-533591058,S3-314911686,S3-268844466,S3-143605286,S2-429544035,S3-139989770,S3-898838410,S2-620638030,S2-396373507,S3-294106297,S3-94789080
S1-6728823	S3-305377550
S1-566168062	
S1-697822440	S2-576986800,S2-12434856
S1-964925471	S2-982321784,S2-307925323,S2-224764738,S2-673904433,S2-617474570,S2-307589350,S2-283157116,S3-139319508,S2-587849833,S2-212173116,S3-139121086,S2-410838717,S2-929688754,S2-988697157
S1-665662163	S2-688672447,S2-799614982,S2-668729906,S3-479136929,S2-366232069,S2-291797798,S2-40056162,S3-504749716,S2-162996357,S2-172628063,S3-909559101,S3-88164515,S3-332335965
S1-40830766	
S1-934560237	S3-831891491,S3-38201471,S3-210446454,S2-400238075,S2-524100417,S3-158438097,S3-912059056,S3-989424038,S3-463566833,S3-721924011,S2-25360206,S2-239450464,S2-452274429,S2-376260098,S3-54211489,S3-193323633,S3-352555171,S2-970144416,S3-786701372,S3-486633882,S2-122203277,S3-665243072
S1-932043072	S3-591133764,S3-652936759,S3-18643007,S3-205355899,S3-903308931,S3-806039488,S3-351129227,S3-158938087,S3-226370428,S3-700719188,S2-919916406,S2-954703976,S2-102333507,S3-845917944,S3-456670870,S2-680087067
S1-607288836	S2-738154724,S3-136181254,S2-635122483,S2-863195496,S2-469589664,S3-464146812,S2-177619637,S2-142179700,S2-52191434,S2-843117095,S2-991799043,S3-549528939,S2-437824348,S2-834056061,S2-455157183,S3-226370125,S3-207943579,S3-39853402,S3-196571424,S3-950421484,S2-36076818,S3-751856659,S2-723045621,S3-836763111,S2-920384455,S3-734162216,S2-312010791,S3-665529843,S3-863002117,S3-276213813,S3-706610115,S3-123893258
S1-881658149	S3-681196639,S3-58552083,S3-87696103,S3-384457178,S3-993065866,S2-381964521,S3-567892808,S2-784718860,S3-748122616,S3-498150286,S2-335235331,S3-571417697,S3-929788561,S3-520498579,S3-500996398,S3-519191524,S3-808690195,S2-399672167,S3-128469007,S2-946852078,S2-432742526,S3-385756329,S3-92337190,S2-725952998
S1-313311092	S2-305872160,S2-668845585,S2-529959614,S2-45775835,S2-698358405,S2-782058062,S2-632107609,S2-358504456,S2-256072418,S2-588548717,S2-15835805,S2-498618273,S2-617881541,S2-206689911,S2-171964628,S2-77698963
S1-589253257	S3-738443422,S2-672443639,S2-657417123,S3-669813656,S3-776631204,S2-23434812,S3-475431644,S2-497300049
S1-168182736	
S1-70911786	
S1-764157893	
S1-279916985	S3-466106467
S1-912338564	
S1-742621289	S2-741346201
S1-60629534	S2-384308523,S2-258728595,S2-809621154,S2-452120619,S2-118256318,S2-717944182,S2-73750200,S3-241326686,S3-10142748,S2-177182408,S2-183806907,S3-293690891,S2-109779486,S3-222495391,S2-282401555,S2-569637966,S2-594540476,S3-353702111,S2-513229832
S1-920335851	
S1-247455396	
S1-13864555	S2-590761669,S2-737311826,S2-243902755,S2-735723416,S2-961584157,S2-702267609,S2-321681577,S2-763669874,S2-404768538,S2-487061741,S2-954673307,S2-760385237,S2-809912701,S2-887686294,S2-96000429,S2-809184972,S2-380253303,S2-863284280,S2-520773188,S2-413188374,S2-878595989,S2-312033050,S2-308325730,S2-661048792,S2-136595945,S2-751019276,S2-586035385,S2-85113215,S2-310207219,S2-965458823,S2-767739635,S2-352403187,S2-665994163,S2-266031212,S2-821301424,S2-279782418,S2-475225895,S2-601282438,S2-648605426,S2-211081757,S2-687954200,S2-204923015,S2-799021792,S2-785246908,S2-248613547,S2-359579050,S2-924091320,S2-960497500,S2-799647940,S2-633078778,S2-12169707,S2-671124898,S2-762254064
S1-935968877	
S1-832133442	
S1-432049747	
S1-403657175	
S1-153230899	
S1-785203518	
S1-323747485	
S1-2092817	S2-984457236,S3-875353175,S2-21542020,S2-389115449,S3-607612806,S2-386178416
S1-982444906	S3-659968540,S3-389777475,S3-422940856,S3-635582461,S2-268601533,S2-457883231,S2-509940413,S3-491429023,S3-374570939,S2-690542803
S1-203451327	S2-566051070
S1-125690932	S2-716143977,S2-254879884,S3-536694349,S3-776797649
S1-869357195	S2-213688147,S2-513561637,S3-235696749,S3-158005981,S2-164687846,S2-489472113,S2-270150045,S2-574395399,S2-994259151,S2-201861100,S2-692242340,S2-414650666,S2-391744840
S1-614304124	
S1-990224592	
S1-7733888	
S1-869758689	
S1-122540114	S2-968956382,S2-644039629
S1-600957870	
S1-832504289	
S1-40998767	
S1-76003975	
S1-116643047	S3-155235519,S2-776224371,S3-281061117,S3-648759812,S3-420920643,S3-357550506,S3-208229565,S3-251068055,S3-42429020,S2-915606339,S2-616814626,S2-733008905,S3-563633454,S2-468124791
S1-358618259	S3-497706013,S3-805359252
S1-371729996	
S1-77976857	S2-881277641,S3-671088798,S2-179230583,S3-508809685,S2-585960116,S2-662308862,S2-891065178,S2-486899718,S2-399359327,S2-886568015,S3-258423416,S3-309178673,S2-750913666,S2-411745008,S2-228109755,S2-376318123,S2-123593425,S2-413339912,S3-619246087,S2-838241339,S3-709425540,S2-946406846,S2-666876508,S2-398018300,S2-547280737,S3-107962304,S3-782509354,S2-109209491,S3-140169869,S3-937266136,S3-878415746,S2-268171621,S2-903428717,S2-124526706,S3-892956937,S3-735490628,S3-261692359,S3-942674995,S3-242967809,S3-660313308
S1-622231151	S3-26551225,S2-644483863,S2-801020803,S3-223861841,S2-62092247,S2-291635456,S2-896264951,S2-63004297,S2-394189263,S2-381719337,S2-492944301,S2-480177776
S1-236529471	S3-656325742,S2-937756097,S3-794805480,S3-113535522,S2-685139190,S3-605831427,S2-219365149,S3-623860787,S3-140295739,S3-84603217,S2-444775361,S3-388496869,S3-254830487,S3-336159939,S3-113445056,S3-604936310
S1-802954685	S2-226900647,S3-6484481,S2-365377224,S3-204405238
S1-341523116	
S1-373167744	
S1-484807075	S2-913236519,S3-746108894,S3-143366416,S2-345760522,S2-400871214,S3-665424789,S2-228042383,S2-58687980
S1-385821767	
S1-521731996	
S1-573874770	
S1-605463770	S2-239507156,S3-120427011,S2-43113841,S2-604871582,S2-841156750,S3-41440815
S1-161749400	S2-129588426,S2-73307398,S3-947554522,S2-32240573
S1-452987540	S2-899215861,S2-13049543
S1-249258670	S3-434301066,S3-508396372,S3-60667288,S2-906757673,S2-176415569,S2-82048141,S3-683410846
S1-938792097	S2-132745499,S2-820815336,S2-575707861
S1-807525840	S3-286679714
S1-256282960	
S1-740119573	S2-708180019,S2-620679445,S2-625389304,S2-442902415,S2-319597570,S2-683635163,S2-732475597,S2-861201345,S2-479285528,S2-665240173,S2-256483550,S2-731762629,S2-134910821,S2-122140775,S2-853483077,S2-442722130,S2-162666647,S2-707364299,S2-356053999,S2-746934996,S2-729999817,S2-219089453,S2-174904516,S2-663264245,S2-632093522,S2-581645518,S2-656343133,S2-566345675,S2-425737384,S2-879728336,S2-1466209,S2-167775591,S2-832565548,S2-349844732,S2-391934919,S2-163141808,S2-833227877,S2-293972182,S2-307595290,S2-101677614,S2-893048055,S2-287836977,S2-455999140,S2-691718681,S2-287660910
S1-945896358	S3-822404304
S1-924830758	S3-307189860,S3-814826135,S3-281592988,S3-146718733
S1-846529766	
S1-573506703	S2-839036323
S1-94445092	
S1-832047138	S2-832786842,S2-551250135,S2-812946530,S2-617761215,S2-197689027,S2-386041807,S2-679386497,S2-181784021,S2-842412986,S2-29700197,S2-168346428,S2-262651627,S2-903338907
S1-581797355	
S1-385927046	S2-128804737,S2-130246541,S2-511688795,S2-687783744,S3-4501364
S1-302485786	
S1-541696911	
S1-825345518	
S1-459996080	S3-519754194,S3-542465868,S2-114825881,S3-441340703,S3-113805300,S3-206896451,S3-536638699,S2-306790544,S3-697164355,S3-315168670,S2-803869763,S2-215604834
S1-342429842	S3-519138461,S3-66832403,S2-667124910,S3-24332842,S3-377007881
S1-401202131	
S1-281637547	S2-839173963,S3-206039753,S2-262169408
S1-411563198	S3-660849752,S2-304646838,S3-821954189,S2-687217525
S1-403520513	
S1-855389601	
S1-182662840	S2-757071629,S2-891702808,S2-928104404,S2-886947928,S2-382506114,S2-818215424,S2-939696371,S2-700614978,S2-908908251,S2-377299995,S2-576929411,S2-579951449
S1-359497386	S3-432783650,S3-649043455,S3-153795311,S3-57548085,S3-132640504,S2-15499438
S1-741960346	S2-461152207,S2-302087572
S1-189168540	S3-676706608
S1-218458177	
S1-243824842	S3-677519855
S1-16609748	S2-505865265,S2-318838986,S2-38248135,S2-126897901,S2-127049406
S1-645147697	S3-649785962,S2-466082368,S2-360932424,S3-466173362,S2-561389281,S3-16702027,S3-253175593,S2-175261528,S3-729336543,S2-39959,S3-18321694,S3-209331937,S2-606494399,S3-285037761,S2-140624494,S2-572546422,S2-958923684,S3-898727268,S2-681124632,S2-924316732,S2-599145689,S2-917950531,S2-815713745,S3-16955570,S2-759517975
S1-868349363	S3-542279277,S3-497151430,S2-286381380
S1-874294629	
S1-700600281	S3-104592212,S2-871822669,S2-169473497,S2-582848693,S2-918065800,S2-264840456,S2-376821699,S2-33227334,S2-165117044
S1-402877115	S3-141412884,S2-813290201,S2-521906236,S2-277479496,S2-597922911,S2-449582788,S3-16126416,S3-21006378
S1-615455408	
S1-292766321	S2-126222538,S2-836890188,S2-782627295,S2-905036684,S2-765101485,S2-100488052
S1-154180077	
S1-484352802	
S1-118036223	
S1-154070680	S2-516321970,S2-122204913
S1-552321484	S3-168476318,S3-703604992,S2-135672681,S2-890440390
S1-809913071	
S1-251444096	
S1-28825552	S2-136783683
S1-25587016	S2-636120686
S1-155964028	S2-25718329,S2-713917041,S2-942607725,S2-803483119,S2-282919015,S2-643723651,S2-900032565,S2-842654876,S2-113720472,S2-264658470,S2-20266045,S2-488287421,S2-433004652,S2-137497955,S2-713657075,S2-276242082
S1-472432286	S2-962554812,S2-933711970,S3-180420662,S2-233855016
S1-237514166	S2-936941579,S2-253281943,S2-508282528,S2-340864032,S3-407744521
S1-582257781	
S1-51342588	
S1-891676178	S2-787187670,S2-282857351
S1-79676158	S2-261419722,S2-209555917,S2-88396090,S2-407098803,S2-567768142,S2-551622949,S2-386611820,S2-787751736,S2-872551966,S2-436483556,S2-589441931,S2-85906403,S2-328146445,S2-110661787,S2-215785349,S2-331311222,S2-524604419,S2-432319564,S2-14084129,S2-325356658,S2-607323678,S2-710760973,S2-730702890,S2-457994502,S2-743287505,S2-319453186,S2-181063334,S2-542945420,S2-138477027,S2-360749777,S2-313245951,S2-353131400
S1-171137788	S2-884850141,S2-147776779,S2-599647444,S3-805366115,S2-578915473,S2-971086458,S3-101707977,S3-9275146,S3-524754988,S3-136435775,S3-785549828,S3-491292094,S3-509831864,S2-880119672,S3-462147663
S1-620001323	S2-959998703,S3-390311474,S2-257424029,S2-818313646,S3-555917343,S2-305245671,S2-331417017,S3-222080007,S3-957438915,S3-504372075,S2-600539072,S3-32234398,S2-394015202,S2-343117767,S2-36456572,S3-290961802,S3-526555857,S3-767918852,S2-919669697,S3-289032774,S2-111035157,S3-420533258,S3-660879688,S3-724376670,S3-564844905
S1-583390915	
S1-218948566	S3-113651607,S3-880600661,S3-77341464
S1-771519262	S3-967150389,S2-971576006,S3-241759217,S3-993170426,S3-348736780,S2-311185252,S2-453501503,S2-912698507,S2-453696066,S2-582724291
S1-577993050	
S1-284209086	S2-187386327,S2-818782073,S3-292565572,S2-979882447,S3-433935837,S2-18966963,S3-254149046
S1-964934201	
S1-86094936	S2-978177410,S2-880664704,S2-442169433
S1-966864924	
S1-846069907	
S1-270255759	
S1-951376783	
S1-379154805	
S1-416326893	
S1-468476865	
S1-914022652	S3-160710413,S2-592064369,S3-338404543,S2-645037504,S3-971660900,S2-558595419,S2-692240242,S2-468661548,S2-816885910,S3-866720450,S2-372581729,S3-583923051,S2-341685028,S3-227891058,S3-100612694,S2-652409191,S2-638344620,S2-252631022,S3-821392298,S2-185370872,S3-715221582,S2-81979269,S3-172516626,S3-16963268,S2-672365176,S3-584163261,S3-955309634,S3-544736730
S1-746193689	S2-616503149,S2-488032208,S2-466076673,S2-597136350,S2-674549936,S2-185922453,S2-693488922,S2-163754352,S2-399796398,S2-363799591,S2-165044426,S2-578666285,S2-560191861,S2-325969572,S2-578558365,S2-302577274,S2-108402077,S2-360902066,S2-180515146,S2-449675768,S2-612884808,S2-531662579,S2-631117267,S2-171220932,S2-65553137
S1-919952138	S2-872938081,S2-217768166,S2-310507440,S2-328180726,S2-205048213,S2-399309203,S2-712359177,S2-635559973,S2-162844502,S2-667856388,S2-60616924,S2-631064609,S2-398594868,S2-883479277,S2-152813133,S2-76404303,S2-631842884,S2-280206767
S1-969738952	
S1-191451677	S3-789714727,S3-656859130
S1-361627720	S3-470680101
S1-67628861	
S1-608383690	S3-606304347,S3-215616814,S2-960601824,S3-853087291,S2-750522226,S3-606580559,S3-729750887,S3-769261395,S3-970670252,S3-764157224,S3-567744919,S2-258667957,S2-160699556,S3-409435933,S3-716469844,S3-309264131
S1-867365570	S2-269275155,S2-284643290,S2-235300937,S2-696327218,S2-668495631,S2-104221686,S2-168800957
S1-857022301	
S1-75355888	S2-542324874,S2-746055146,S3-701059959,S3-105469367,S3-410999877,S2-322606016,S2-82947318,S2-715762077,S2-380691946,S3-278767874,S2-558248173,S3-65874695,S2-900182532,S2-142543389
S1-503757155	S3-585815941
S1-616950184	
S1-117902162	
S1-755575907	S2-550312839,S2-402866647,S2-14922824,S2-265006197,S2-713093852,S2-37605863,S2-259376686,S2-594619239,S2-244682502,S2-611084468,S2-382704580,S2-30769224,S2-45775835,S2-358504456,S2-588548717,S2-698358405,S2-782058062,S2-589803297,S2-384255338,S2-794199666,S2-379157261,S2-606954416,S2-514238372,S2-819043456,S2-703218436,S2-82752248,S2-50564377,S2-528025382,S2-789306297,S2-133027173,S2-498618273,S2-171964628,S2-77698963
S1-280095549	S2-60922642,S3-36964922,S3-214413605,S2-82785475,S2-848131289,S3-184155037
S1-893928935	S2-476099473
S1-66808800	S3-750479113,S3-698375333,S3-563320487,S3-308692086
S1-336641472	
S1-406655545	S3-504793761,S3-534253649,S2-735552954,S3-645237954,S3-773879615
S1-456937627	
S1-155315457	
S1-929809097	
S1-877292493	
S1-564279725	
S1-722435697	S3-747100244,S3-105509027,S2-429380206,S3-868001392,S2-500080685,S2-649101220,S2-373900606,S3-444573771,S3-711377319,S3-550108327,S3-29055209
S1-56106687	
S1-218000907	S2-303178419,S2-348933583,S3-165100347,S3-479440036,S3-283198005,S3-515010780,S3-73636580,S2-712097621
S1-639593524	
S1-794089336	
S1-530607323	
S1-180111202	
S1-128207618	
S1-668859793	S2-641484432,S2-371419379
S1-776896195	S2-250287295,S2-298501889,S3-281273470,S2-291346409
S1-341419376	
S1-944519934	S2-233998749
S1-27002930	
S1-185556361	S2-699165567,S3-149236848,S2-698213970,S3-279125295,S3-509376478,S2-246352613,S3-255991584,S3-66036293,S3-145205935,S3-173469938,S3-648835457,S3-388848,S2-875948581,S2-198437520,S3-418637575
S1-474755359	
S1-354141000	
S1-312705248	S2-131153421,S2-453401761,S2-262651627,S2-29700197,S2-885564817,S2-81527473,S2-135119653,S2-415804091,S2-616455580,S2-168346428,S2-903338907
S1-277375862	S3-698567840,S2-835917272,S2-700598063,S2-127209625,S3-146163775,S3-229750888,S2-34691646,S3-88817890,S2-506044392,S3-334531198,S3-216663365,S2-139941367,S3-183205154,S2-637310746,S3-286427526,S3-881113731,S3-829795388,S2-849420380,S2-187915995,S2-430052531,S3-592059879,S2-459363558,S2-769359538,S3-788470142
S1-978727771	
S1-321042893	
S1-489919097	S3-193982689,S3-350147773,S2-632872716,S2-619726120,S2-125459368
S1-409413534	S3-389777475,S3-422940856,S2-679340432,S2-457883231,S3-237629248,S2-598072554,S3-635582461,S2-369312672
S1-244874782	
S1-675900360	
S1-360683127	S2-954001628
S1-454610602	S2-539166617,S2-244519569,S2-760967510,S2-152875581,S2-647734531,S2-453693150
S1-763280668	S3-303086841
S1-244210172	S3-166520602,S3-146718733,S2-56527489
S1-857865367	S3-280209086,S2-229414267,S2-250835823,S2-40343059,S3-383037521,S3-46768834,S2-87275632,S2-540473501,S3-825749639,S3-217720108,S3-587883437,S2-319959493,S2-301718967,S3-333131341,S2-595581905,S2-199141201,S2-849442286,S2-584532464,S3-636148024,S3-233305147,S3-476544451
S1-33975060	
S1-653229989	S3-159278433,S2-300300272,S3-296803348,S2-37894773
S1-46615290	
S1-771609668	
S1-775696453	
S1-460033462	
S1-886070975	S2-268056302,S2-566556620
S1-942891205	S2-209159540,S2-195574295,S2-539712551,S2-655407438,S2-215023165,S2-332185750,S2-271291053,S2-580517962,S2-392495348,S2-395218575,S2-893452264,S2-513315376,S2-313735752,S2-753898444,S2-11649998,S2-577124408,S2-189350420,S2-751254603,S2-115812894,S2-72755196,S2-639852893,S2-585490372,S2-767582674,S2-797243298,S2-889754712
S1-484728325	
S1-665002447	
S1-713918708	S2-945902945
S1-116737194	S3-70932135
S1-435587816	
S1-177380392	S3-593746032,S2-607994352,S2-215445268,S3-143605286,S3-314911686,S3-268844466,S3-635356966,S3-294106297,S3-94789080
S1-557783855	S3-73684185,S2-197031142,S3-825596346,S2-97633982,S3-350370260,S3-259628603,S3-538530557,S2-132481414,S3-270057623,S3-63731163,S3-243758371
S1-992575999	S2-522687850,S3-621278738
S1-339696594	
S1-835581754	S3-583802778,S3-886265349,S3-582935119,S3-712950363
S1-221371082	S3-311301767
S1-950070401	S2-926217884
S1-389234911	S3-789724476
S1-521498418	S3-315673884,S2-152120086,S2-75088217,S3-344537821,S3-697788892,S3-56352938,S2-889345371,S3-285989833,S3-475970374,S2-126833697,S2-567326602,S2-567462961,S3-334249128,S3-715699088,S2-762888161,S3-81932792,S2-740294116,S2-567929214,S2-551360770,S2-810052978,S3-303204373,S3-189084854,S3-699026722,S2-33011673,S3-323550076,S2-624307928,S2-972889340,S2-834148564,S3-938020359,S2-285814995,S2-593196534,S2-504188507,S2-72662565
S1-869648800	
S1-138330900	
S1-627144525	S2-415027314,S2-230356707,S2-566684367,S2-516669821,S3-28680023,S3-145205935,S3-173469938
S1-746555042	S2-888960810,S3-783586803,S2-757518259,S3-610473703,S3-779999707,S2-963461077,S3-746492131,S2-486857159,S3-922260680,S2-157501607,S3-598641931,S2-91518712,S3-219611459,S3-878522660,S3-790873231,S3-242765417,S2-919713791,S3-791282859,S3-839925291,S3-999039243,S2-63697310,S3-945859738
S1-815567761	S2-985947350,S3-449072636,S3-497151430,S3-542279277,S2-524825420,S2-52627459
S1-804244480	S2-963610276,S2-614498743,S2-21962339,S2-395989132,S2-373134379,S2-987611867,S2-256237785,S2-422948650,S2-180134885
S1-131038804	S3-203302294
S1-490689266	
S1-945650918	S3-127146543,S2-102275356,S2-655191987,S2-104020427,S2-967361395,S3-169074124,S2-671882514,S2-530678102,S2-416906743,S2-161246243,S2-644067593,S2-949277488,S2-657611798,S2-811093359,S2-54797206,S2-477076148,S3-112064429,S2-69184579,S2-232575239,S2-841383785
S1-501053687	S3-256388083,S2-703233963
S1-641684922	
S1-901107675	S2-870508187,S2-692242340,S2-414650666,S2-391744840
S1-589023121	S3-232407272,S2-898097525
S1-366856374	
S1-117436807	
S1-358881525	
S1-109678923	S3-416870051,S3-629756891
S1-565682368	S2-196504480,S2-576940662,S2-386525936,S2-150975970,S2-414647364,S2-163395991,S2-817607055,S2-600904389,S2-413513633,S2-635487150,S2-75217079,S2-38827079,S2-171227599,S2-702366846,S2-875893829,S2-35322068,S2-771746663,S2-316896911,S2-92322579,S2-331873332,S2-337420573,S2-820815164,S2-730521036,S2-69245191,S2-427062954,S2-291644849,S2-230344467,S2-474308490,S2-739386823,S2-302054007,S2-473815800,S2-842081349,S2-502816364,S2-674079903,S2-272609403,S2-631977552,S2-857262168,S2-583339726,S2-456194866,S2-52804522,S2-454352954,S2-816684193,S2-696109598,S2-338006175,S2-471908725,S2-813641485,S2-924111301,S2-452685961,S2-317152754,S2-576293562,S2-485793518,S2-922996171,S2-164999379,S2-762695364,S2-361211798,S2-550225052,S2-56576313,S2-716987982,S2-458585786,S2-894769041,S2-76962210,S2-3319138,S2-234699109,S2-840714314,S2-433860699,S2-342987051,S2-239641965,S2-923500757,S2-30382724,S2-690655838,S2-835449021,S2-415670729,S2-668971573,S2-866466206,S2-478976831,S2-860355097,S2-842721511,S2-68748027,S2-213277943,S2-781393520,S2-201437355,S2-183518047,S2-4615798,S2-886436274,S2-19245434,S2-560955461,S2-56465834,S2-260117127,S2-420140678,S2-81925251,S2-21605450,S2-195534419,S2-493611809,S2-883612706,S2-424954698,S2-898008935,S2-433032085,S2-508344439,S2-223503487,S2-306289434,S2-214114455,S2-788354095,S2-579633576,S2-447813093,S2-405105351,S2-843635430,S2-108572031,S2-372385754,S2-210149663,S2-366466792,S2-472900054,S2-479233308,S2-29999226,S2-247372000,S2-823944463,S2-20213851,S2-499027495,S2-261461828,S2-525991458,S2-186467125,S2-5802395,S2-587732158,S2-876924172,S2-232161676,S2-407149621,S2-879328812,S2-122201731,S2-594646994,S2-834709327,S2-170100406,S2-452028099,S2-226494608,S2-765870100,S2-546445064,S2-450414338,S2-528473005,S2-445319317,S2-679884143,S2-691060668,S2-812938443,S2-748331160,S2-512739397,S2-783734967,S2-229525660,S2-479048111,S2-457106884,S2-914534929,S2-418436422,S2-810475663,S2-480944369
S1-159922135	S3-729912157
S1-449893244	
S1-997553932	S2-466028704,S2-204586522,S2-349238387,S2-913895312,S2-418923654,S2-845368070,S2-313620116,S2-63251045,S2-347177489,S2-76959567,S2-281501943,S2-925778943,S2-148855959,S2-827220954,S2-350098288,S2-398680149,S2-509521063,S2-730924879,S2-823715340,S2-816411639,S2-137714064,S2-261085201
S1-215745736	
S1-241670741	
S1-264578532	S3-347383258,S2-291941540
S1-566822758	
S1-752489684	
S1-112923460	
S1-185724001	S3-872965156,S2-291797798,S3-201393135,S2-482929382,S3-763858069,S2-56910470,S2-799614982,S3-889128833,S2-40056162,S2-431972665,S3-337496179,S3-909559101,S3-332335965,S3-504749716,S2-162996357
S1-488702780	S2-599466623,S3-843358137,S3-636851143,S3-688033929
S1-702779349	
S1-552549808	S2-687169918,S2-434033540,S2-260493939,S2-818401135,S2-316682952,S2-897980422,S2-192909287,S2-108412128,S2-486936539,S2-737105356,S2-590537855,S2-189818899,S2-242524460,S2-267907355,S2-728389979
S1-11494983	S2-905947371,S2-555427126,S2-373134379,S2-24363592,S2-987611867,S2-422948650,S2-256237785,S2-745343841,S2-350162455,S2-180134885,S2-735671818
S1-288250646	S3-41596524
S1-744315333	S2-36650126,S2-919387156,S2-738720231,S2-720885343,S2-643723651,S2-325791627,S2-321043133,S2-833585189,S2-777336616,S2-666855424,S2-941079017,S2-748586383,S2-110091784,S2-434626635,S2-591043625,S2-276242082,S2-945333185,S2-729200245,S2-713657075
S1-968800875	S2-640224252,S2-138001079,S2-823715340,S2-1539846,S2-815184857,S2-428220378,S2-261085201,S2-509521063,S2-730924879,S2-137714064
S1-207109620	
S1-505257686	
S1-860034577	S2-736685411,S2-595517508,S2-685369008,S2-502149517,S2-360702286,S2-890764231,S2-423232367,S2-777341549,S2-987611867,S2-422948650,S2-350162455,S2-180134885,S2-256237785
S1-260843980	
S1-618034883	
S1-441322	
S1-796227187	S2-268889147,S2-335103314,S2-436483556,S2-331311222,S2-160408804,S2-328146445,S2-740173023,S2-872551966,S2-589441931,S2-215785349,S2-14084129,S2-85906403,S2-406213043,S2-110661787,S2-432319564,S2-520914055,S2-676216851,S2-85950641,S2-181063334,S2-790907847,S2-727058836,S2-473210890,S2-177671929,S2-190603919,S2-851527743,S2-80420263,S2-221481547,S2-841745504,S2-312629170,S2-259125416,S2-635311962,S2-135130951,S2-330401512,S2-653478617,S2-811172828,S2-392167270,S2-769870857,S2-727662252,S2-637263812,S2-629397355,S2-422073668,S2-447469536,S2-776486096,S2-668410006,S2-550277548,S2-537354013,S2-542945420,S2-360749777,S2-138477027,S2-313245951,S2-287899361
S1-12875924	S2-592508582,S2-419708087,S2-401594094,S2-323548701,S2-790399139,S2-520986836,S2-455659817,S2-155873938,S2-387115807,S2-41061862,S2-492705598,S2-810611616,S2-40842012,S2-526470577,S2-165890474,S2-384692580,S2-37188246,S2-16084621,S2-621507101,S2-365215605,S2-443243519,S2-631129240,S2-73428582,S2-224657764,S2-716039525,S2-523304160,S2-651170353,S2-614973065,S2-365061259,S2-262928840,S2-488129,S2-145418741,S2-132197345,S2-653502544,S2-480211325,S2-845036002,S2-729741616,S2-31957566,S2-840460951,S2-853019776,S2-408274760,S2-789923795,S2-742438474,S2-486799995,S2-662994229,S2-262413466,S2-736585370,S2-569438165,S2-431435374,S2-180106844
S1-351369921	
S1-116081375	
S1-495246557	S2-937503352
S1-657654513	S2-579568693,S2-462051580,S2-242424964,S3-748697574,S3-19995931,S2-433773210,S3-630229531,S3-409754488,S3-478397596,S2-502946548,S3-300235871,S2-301349190
S1-734809873	
S1-922050595	
S1-100271992	
S1-892508757	
S1-198536254	S3-73840119,S3-709667052,S3-664095411,S3-800871230,S3-492559728,S2-721623614,S2-541527115,S2-527279673,S3-313851272,S2-364722413,S2-857670930
S1-621868336	
S1-107913416	
S1-186022238	
S1-553360501	S3-973323595
S1-183109134	S2-50302630,S3-735674792,S3-475071565,S3-952759495,S3-502277586,S3-581095226,S3-771795518,S2-315732709,S2-481493045,S2-747702850,S3-14161700,S3-513276985,S2-877523640,S3-328591030,S3-147610464,S3-520134808,S3-769355954,S3-461493944,S2-827455267
S1-719726318	
S1-758535367	S3-996970613
S1-622515318	S3-229245476,S3-799633693,S3-536522870
S1-802762694	
S1-901513537	S3-616804302
S1-981762308	S2-187141362,S2-554916492,S2-828368558,S2-412408719,S2-819203698,S2-541456973,S2-409261394,S3-391727888
S1-57859332	S2-783423148,S2-352851771,S2-119652341,S2-933623324,S2-893384549,S2-121857842,S2-840050388,S2-591411148,S2-967707653,S3-409581749,S3-573264220,S3-251537719,S2-369127415,S3-386874758,S3-116888900,S3-826806778,S2-986363726,S3-1044618,S2-997186207,S2-673981387,S3-166541976,S2-539795482,S3-739981514,S3-609804716,S2-970814887,S2-265201596,S2-897099863
S1-332184455	
S1-606042442	S2-535054656,S2-10469723,S2-570004405,S2-623078844,S3-222407794,S3-11513242,S2-174204912,S3-251031573,S2-456831975,S2-905292715,S3-474572936,S2-915224854,S2-85982908,S2-321039487,S2-751516200,S2-405694205,S2-480119760,S2-700210914,S2-614829335
S1-881502950	S2-12727760,S3-428568551,S2-759497365,S3-160710413,S2-796579511,S3-558551614,S2-258472471,S3-95407915,S2-238815330,S3-234621464,S3-573468067,S2-956449162,S2-630698480,S2-471623340,S3-464033633,S3-889914965,S2-486765715,S2-652409191,S2-904997122,S2-547214729,S2-179192369,S2-234053799,S3-420224393,S2-185370872,S2-252631022,S2-595936663,S2-255262799,S3-227891058,S3-386969349,S3-821392298,S2-593281772,S3-473197201,S2-638344620,S3-145052925,S2-359010929,S2-344883620,S2-211010248,S3-172516626,S3-16963268,S2-672365176,S3-584163261,S3-955309634,S3-544736730
S1-147569934	S2-913683294,S3-805018238,S2-365560384,S2-321139592,S3-244461082,S2-594586460,S2-490715823,S3-455624578,S3-404122213,S2-478231240,S3-34787589,S3-40231164,S2-571490474,S2-111028646,S3-911129332,S2-170061693,S3-966971924,S2-310934080,S3-883416242,S2-510132598,S2-134794516,S2-852320423,S2-98566614,S3-519767262,S3-569784796,S2-486563531,S2-75346113,S2-154650267,S3-999479231,S2-167308160,S2-337014797,S3-307914476,S2-948224847,S2-353144954,S3-586884162,S2-169867655,S3-148052111,S3-732757296
S1-226731020	
S1-422473631	
S1-356820551	
S1-925911205	
S1-491278586	
S1-830237057	S2-523533101,S2-377910973,S2-560842217,S2-198208329,S2-575705069,S2-256924553,S2-923353090,S2-117928803,S2-236557897,S2-68884874
S1-836701782	S3-839943964,S2-190731895
S1-102142476	
S1-762169586	S3-162829800,S3-223861841,S2-896264951,S2-480177776
S1-207907319	
S1-804171096	S2-747468532,S2-503910990,S2-228551697,S2-959177960,S2-162996357,S2-172628063,S3-504749716,S3-909559101,S3-88164515,S3-332335965
S1-118851226	
S1-881848076	
S1-639639555	S3-876865834,S3-380111359,S2-398527163
S1-567647679	S3-174533645,S2-156904567,S2-475198331,S2-511610799,S3-358863629,S2-715433794,S2-801335921,S3-223571173,S2-307041189
S1-979398012	
S1-755367201	
S1-717578802	
S1-138909017	S2-426972182,S3-591642265,S2-129588426,S3-992237895,S2-948980888,S2-73307398,S3-239535509,S3-547461133,S2-840153494,S3-45802831,S3-445308545
S1-717694316	
S1-888319453	
S1-674387874	
S1-832211747	
S1-850031175	
S1-137653591	S2-157290952,S3-448445415,S3-1051999,S3-145711603,S2-49888731,S2-981798333,S3-187184657,S3-419073660,S2-461121531,S2-153647290,S2-812393268,S3-272189245,S3-53881269,S3-595292802,S2-627558654,S2-389698795,S3-615568576,S2-590742711,S2-386434834,S3-129634846
S1-725593592	S2-904739176,S2-54120441,S2-784158407,S3-363424991,S2-402748029,S3-350132199,S2-33565280,S3-536114467,S3-474580513,S3-385286948,S2-193051075,S3-308879295,S2-573989519,S3-26392582,S3-588511311,S2-215804113,S2-313338381,S2-566216775,S2-638988014,S2-100961527,S2-454836919,S2-872974491,S3-11711086,S2-230419769
S1-804122429	S2-459446840,S2-845049437,S2-151752514
S1-820371961	S3-165560388
S1-876899003	S2-493943130
S1-176727388	S2-351731837,S2-363768781,S2-208931176,S3-120682093,S2-644216795,S3-303645750,S2-107354533,S2-216784937,S2-127284995,S2-588536573,S2-261526984
S1-500187754	
S1-835425265	S2-30643311,S2-373689031
S1-187932653	S3-18340342,S3-288784216,S3-932959420
S1-853669737	
S1-895156988	S2-163533044
S1-417134106	
S1-724291976	S2-188258395
S1-748540962	S2-929268186,S3-682528511,S3-359228059,S3-863854289,S2-839100206,S3-386730730
S1-664369179	
S1-964926889	S3-233903728,S2-633622791,S3-722110997
S1-39641619	S3-155235519,S2-776224371,S3-357550506,S3-420920643,S3-281061117,S3-648759812,S2-468124791,S2-278061636,S2-915606339,S3-619381492,S2-400877353,S3-611872961,S3-561847739,S2-727945502,S2-606859887,S2-298195039,S3-167082763,S3-392489799,S2-927235609,S2-216069955,S2-50104684,S3-305514458,S3-585537538,S2-616814626,S2-378256658,S2-476776641,S3-349477369,S2-857940467,S2-678033722,S3-326588692,S2-559922204,S2-772752303,S3-467713589,S3-341911642,S2-712241171,S2-733008905,S3-563633454,S3-655910150,S3-158306078,S2-294329794,S2-11016398,S2-901294694,S2-660641392,S2-21522366,S3-485526850,S3-212660347,S2-296319036,S2-654412645,S2-731591542,S3-637680091,S2-858413628,S3-639419709,S2-54055525,S3-249500603,S2-545912622,S3-460339900,S3-401441488,S2-565050765,S3-448089936,S3-245620982,S3-37330996,S3-194823703,S2-945362153,S3-13094871,S3-139977812,S3-242786245,S3-586305710,S3-360707321,S2-756487421,S2-414519646,S2-514749063,S2-886401721,S2-513378902,S3-660502929,S3-48898734,S3-42429020,S3-340946015,S2-959699201,S2-529097015,S3-545326501,S2-256572376,S2-278534646,S3-552365421,S3-136739261,S2-880816585,S3-46593546,S3-373034345,S2-218356664,S3-211046293,S3-315011352,S3-21440927,S3-594056134,S3-171859465,S3-207966774,S3-336046875,S2-785069387,S3-503682542
S1-2904533	S2-360118941,S3-93877192,S3-388547824,S3-598917717,S2-721623614,S3-800871230,S3-313851272,S2-541527115,S3-63221944,S3-833422492,S3-492559728,S2-939748635,S2-150404552,S2-118602294,S3-235196503,S2-364722413,S3-696777412,S3-996184187
S1-926354334	S3-278663282,S3-956632616,S3-353172975,S3-261387133,S3-861713965,S2-482687999,S2-624958302
S1-47869953	
S1-30695964	
S1-550246730	S2-560564222,S2-562775398,S2-359114791,S2-813199445,S3-591826903,S3-670807203,S3-963842609,S3-58168907,S3-610271673,S3-221228721,S3-82381399,S3-375963779,S2-273284707,S3-931836817,S2-195164138,S3-696625321,S3-880712025,S3-590186061,S3-589911509,S3-473625068,S3-873325018,S2-403804492,S2-665407484,S2-268335599,S2-857319654,S2-425844241,S3-613286818,S3-641592803,S3-612795236,S2-410856515,S2-350487755,S3-128595428,S3-134716693,S2-871842149,S2-21193899
S1-328508353	
S1-638621472	S2-446187745
S1-551445318	S3-103528225,S3-150873391,S3-4501364
S1-941417027	
S1-889765358	
S1-957045850	
S1-400760786	S2-332185750,S2-577124408,S2-392495348,S2-814088202,S2-382704991
S1-993376356	
S1-629514078	S2-597183509,S2-297856975
S1-870115237	S2-476961625,S2-313038037,S2-842735074,S2-436363819,S2-463346503,S2-258271103,S3-222537491,S3-583215160,S3-229254960,S2-433749983,S2-476099473
S1-141729586	
S1-965361244	
S1-248966888	S2-403948627
S1-496092312	S3-664291727
S1-260108763	
S1-457583255	
S1-55615857	S2-620638030,S2-391591600,S3-314911686,S3-268844466,S3-143605286,S3-404977902,S3-170229472,S2-747083268,S3-294106297,S3-94789080
S1-521034509	
S1-173339872	S3-793963193,S3-610081481,S3-764866077,S3-830839609,S3-299166362,S3-287452330,S2-937482160
S1-320198412	S3-462202999,S3-115337360
S1-823066174	S3-743007393
S1-503501183	
S1-831133424	S2-56249938,S2-347296492,S2-802196198,S2-421583576,S2-268159801,S2-117778034,S2-30622842,S2-885810218,S2-932768325,S2-24657576,S2-588536573,S2-261526984,S3-120682093,S2-216784937,S3-303645750,S2-127284995,S2-644216795,S2-116143022,S2-67059783,S2-107354533,S2-645789542,S2-151698256,S3-232128141,S3-277967558
S1-442414081	S2-260267016,S2-288862742,S2-272154752,S2-753181026,S2-768899647,S2-441057858,S2-43461296,S2-516317754,S2-821272890
S1-406600357	
S1-826568958	S2-118302376,S3-627020019
S1-857839601	S2-813290201,S2-467877840
S1-378776500	
S1-714893686	S2-626957515,S3-743257758,S3-943118872,S3-237366268,S3-840979553
S1-515161568	S2-797226707,S3-252065516,S3-701269923,S3-571507155,S2-423132274,S2-565469662,S2-211205682,S2-266877403,S3-251558527
S1-812117899	
S1-332272663	
S1-450305455	S2-322478758
S1-171207982	
S1-584055831	
S1-202035844	S2-734093127,S2-552285040,S2-577523774,S2-742191837,S2-660992703,S2-567979105,S2-479111476,S2-397696438,S2-704415180,S2-774512583,S2-817680963,S2-229315248,S2-306392202,S2-778419554,S2-485708698,S2-134668428,S2-111887997,S2-884173773,S2-791711694,S2-735153377,S2-333783469,S2-105719821,S2-776722434
S1-656456706	S3-627632769
S1-566183725	
S1-42596820	S3-37840728,S3-579126025,S3-448332409,S2-15383593,S2-787905395,S3-134559466,S2-852707109,S3-684027695,S2-372858191,S2-769391689,S2-34159244
S1-221443075	
S1-589966972	S2-165826321
S1-302236884	S3-847089076
S1-388440441	S3-756502793,S3-746684894
S1-676648395	S3-262576328,S3-621215313,S3-440616564,S3-352975238,S3-150083649,S3-997919729,S3-859788905,S2-599115390,S3-375272425,S2-822998453,S2-745822006,S3-749318541,S2-941264250,S2-242643209,S2-53385711,S2-844274948,S3-778791117,S3-690638578,S3-112427783,S2-591649583,S2-884319178,S3-982039407,S2-596794688,S2-680036486,S3-653485142,S2-63254869,S3-786816070,S2-735126619,S2-984183113,S2-647472626,S3-278280115,S3-336656395,S2-503582163,S2-444056037
S1-950597151	S2-220720134,S2-95074262,S2-258514425,S2-973573422,S2-454250437
S1-666876590	
S1-444713171	S2-888726804,S2-735690105,S2-840285448
S1-655715556	S2-933036513,S3-767945337,S3-794805480,S3-140295739,S2-390470647
S1-238511000	S3-668579888,S2-554952403
S1-172104058	
S1-856589797	S2-150951010,S2-69765727,S2-575519759,S2-749669684,S2-236093607,S2-55831140,S2-827706879,S3-430600994,S2-146866866,S2-730649105,S2-560883845,S2-627635433,S2-769390133,S2-421716177,S3-414026743,S2-181767769,S2-408527663,S2-3361485,S2-348226150,S2-146063669,S2-926235364,S2-900230114,S2-264926550,S3-151249074,S2-891023850,S2-721244863,S2-322804386,S2-525425556,S3-166829148,S2-870569367,S2-620957678,S2-346884535,S3-399277683,S2-451349609,S2-445745013,S3-311580311,S2-103153675,S3-527115252,S3-394471441,S2-843548099,S2-855535142,S2-672366545,S2-779676252,S2-735010401,S2-502130238,S2-151577977,S2-158073516,S3-160356845,S3-185302345,S3-469779777,S3-360196659,S3-546004470,S3-241304152,S2-13394411,S2-69336214,S2-606745939,S2-274074222,S2-215029777,S2-731516101,S3-199624342,S3-382651857,S2-889361037,S3-1416697,S3-518824085,S3-164750992,S2-763311041,S2-805980077,S3-496534080,S2-592166210,S3-472238516,S3-373621467,S3-374216090,S2-41908129,S2-901544239,S2-133962980,S3-168554976,S2-345397650,S3-377272337,S2-794349110,S2-540370049,S3-190396563
S1-987994833	S2-308004746
S1-791217329	S3-231890059,S3-913410466,S2-475624341,S2-464724439,S3-116158717,S2-695969120,S3-818476107,S3-773879615,S3-534253649,S2-735552954
S1-280637706	
S1-752391978	S2-185541085,S2-35199600,S2-252010908,S3-218999117,S3-957867193,S3-603915109,S3-640410970,S2-803426478,S2-347068899,S3-235056511,S2-148175247,S3-275717733,S3-915933899,S3-442771382,S2-769602975,S3-9959896
S1-711682948	
S1-194606702	S3-218919250,S3-294645575,S2-891602050,S3-787050424,S2-507874719,S2-626381798,S3-768528230,S3-142266993,S2-567582477,S2-182310586,S3-455018699,S2-45947912,S2-589098529,S2-961688903
S1-934461604	
S1-964349260	
S1-231943953	S2-456418899,S3-455289618,S2-925017350
S1-725017655	S3-193670824,S2-344416497,S3-474985958,S3-718206663,S3-661962385,S3-296375987,S3-718829720,S3-105764066,S3-42150415,S3-896314477
S1-667878051	
S1-281561810	
S1-391501577	S2-315732709,S3-970981041,S2-481493045,S2-818226892,S2-297295792
S1-376266466	S2-564597882,S2-967762125
S1-866433024	
S1-459696014	S3-466745368,S3-486140088,S3-834956894,S3-285239440,S2-600578301,S2-85974114,S2-594783306,S3-215346542,S3-948910487,S2-255783478
S1-78278999	
S1-922487978	S3-36555050,S2-911311609,S2-652970550,S2-865863577,S2-660249325,S3-267280018,S2-792054913,S2-471022327,S2-755009322,S2-126897901,S2-51480400,S2-127049406,S2-335476625,S2-429192568,S3-174580748
S1-832441709	
S1-271585788	S2-92747260,S3-189428662,S3-860953324,S3-441983270,S2-97872808,S3-307915392,S2-959244434,S3-447476102,S3-511051362,S3-757493451,S3-905608752,S3-889469004,S3-169522525,S3-194019414,S2-81919802,S3-311166279,S3-22595748,S3-417382806,S3-574670219,S3-216454169,S3-561949674,S2-64546224,S2-166262684,S2-982162234
S1-729032305	
S1-91050161	
S1-945789020	S3-669787511,S3-322789331,S2-584334963,S3-8958827,S3-938970668,S3-605285147,S3-597858985,S2-502946548,S3-300235871,S3-270598319,S2-301349190,S3-377104674
S1-748657926	S3-302558597
S1-909603292	
S1-289043767	
S1-291615942	S3-985655747
S1-732613749	S2-410494055
S1-386466240	
S1-165891282	S2-821193450,S2-797731527,S2-117784709,S2-141645526,S2-800051132,S2-601343838
S1-397398631	S3-291493633,S2-499725561,S3-978403682,S3-898653623,S3-990795967,S2-614188293,S3-448283785,S3-238707572,S2-982837782
S1-186954813	
S1-939880982	
S1-597762257	S3-205822525,S2-554172848,S2-147852121,S3-193622652,S2-687210829,S3-330916928,S2-900071815
S1-246963651	
S1-5347726	
S1-948768038	S2-76794280,S3-155937420,S3-882197105,S2-885663431,S3-784958161,S2-149547987,S2-422310169,S3-807008418,S2-589968436,S3-339044518,S2-961688903
S1-596007326	S3-275182149,S3-714414957
S1-265000576	S2-760784549,S3-310602967,S2-629849140,S2-654420557,S2-75326918,S2-340595205,S3-60175811,S2-619979022,S3-821160812,S3-942149144,S2-921790012,S2-910244224,S3-407929939,S2-861199538,S3-868925823,S2-497340827,S2-916218871,S2-235048242,S3-567114592,S2-439212245,S3-981377817
S1-720087100	
S1-850314473	
S1-613445780	S3-724991965
S1-519903331	
S1-294333645	S2-183197006,S3-259260722,S2-258271103,S3-222537491,S2-280020567,S2-476099473
S1-156107132	
S1-919196591	S3-684372600,S3-815283820,S2-485389932,S3-575213590,S2-427580965,S3-524684868,S2-645578868,S3-142699000,S2-570996301,S3-911632855,S3-346105309,S2-669407338,S2-112493429,S3-436283341,S3-953883684,S3-24390636,S2-372400970,S2-889343890
S1-824426077	
S1-135714583	S2-453693150
S1-324674388	S3-793963193,S3-764866077,S2-327232935,S3-287452330,S2-889727355,S2-442201176,S3-568630097,S3-623421323,S2-410205313,S2-200766179
S1-804198326	
S1-368357600	
S1-150599375	
S1-660253362	S2-295264295
S1-646006294	
S1-699390646	
S1-33776427	S3-291419604,S2-372728159,S2-117787896
S1-396159514	
S1-229210375	S2-185938477,S3-374393279,S3-525441915
S1-877702394	S2-675338128,S2-546580023,S2-372506190,S2-101514319,S2-656090889,S3-511814091,S2-356580584,S2-185187345,S2-144118900,S2-796750257,S2-993473021,S3-882783617,S2-742987157
S1-335728544	
S1-227892344	S3-187351118
S1-918001356	
S1-738970437	S3-393404590,S2-375017427
S1-907556285	S3-989930071,S2-794272150,S3-748379148,S2-23046221,S3-597052845,S3-198745928,S3-113235615,S2-228096120,S3-549388990,S3-290531826
S1-306275226	
S1-933814404	
S1-181609420	S2-212962679,S2-421757045
S1-434417645	S2-424895358,S2-752020000,S2-460464200
S1-664267481	S3-923225825
S1-241307698	
S1-826929053	S2-742144770,S3-385563432,S3-738405434,S3-101640247,S3-650094810,S2-165649102,S3-879564698,S2-334869461,S2-217693187,S2-368020936,S2-39889760,S3-88748689,S3-355014269,S2-631035436,S3-953204079,S3-293244015,S2-759467179,S2-349927121,S3-273704167,S2-425439096,S2-973292523,S3-889983640,S2-540774917,S2-68017899,S2-285341594,S3-482559512,S2-705851202,S3-728173132,S3-66586369,S2-525893677,S2-807113828,S3-949418688,S3-96973485,S3-471594619,S3-949268054
S1-656531567	
S1-20910419	S2-316668807,S3-84960180,S3-603287384,S2-656090889,S2-185187345,S3-511814091,S2-993473021
S1-356008572	S3-656762962,S3-241416723,S3-478283718,S3-453876974,S2-586622265,S3-142587214
S1-774836812	
S1-123678749	S3-778831295,S2-583072249,S2-185515584
S1-506296494	S2-390264224,S2-596956626,S2-86721176,S2-609747271,S3-397069000,S3-569346307,S2-770268651,S2-642891324,S2-93860076,S2-453709897,S2-477490719,S3-386881396,S3-392411120,S3-436696540,S2-506268760,S2-771309476,S2-194572788,S2-374482540,S3-650735894,S2-804592135,S2-372420151,S2-27531612,S3-702283620
S1-580697833	S2-636898164,S3-763252517
S1-170998977	
S1-69232284	
S1-224202445	S2-132745499,S2-759683786,S2-388155914,S2-384797760,S2-575707861
S1-129409679	
S1-758262063	S2-37680461,S2-602450575,S2-719278845,S2-522123201,S2-933006264
S1-451681499	S2-1268709,S3-126527275,S2-359973210,S2-216766918,S2-247556193,S2-955666537,S2-415764238,S2-912935602,S2-347296492,S3-153635228,S2-866696707,S2-135894576,S2-271274153,S2-862571393,S2-397614607,S2-897468272,S2-561554363,S2-196256029,S2-508589022,S2-4459955,S3-276097436,S2-105491843,S2-12155596,S2-970587697,S3-107416819,S2-560383408,S2-30622842,S3-296509342,S3-303645750,S2-588536573,S2-261526984,S3-120682093,S2-216784937,S2-127284995,S2-644216795,S2-116143022,S2-107354533,S2-645789542,S2-151698256,S3-232128141
S1-410702984	S3-202730228,S3-729970812,S3-496462913,S3-485092436,S3-266708050,S3-917353695,S2-186525369,S2-788835439,S2-348154049,S2-893984471,S3-921321649,S3-685687812,S3-695744748,S3-811359647,S3-276650556,S3-864397669
S1-147465602	S3-679473643,S3-563312993,S3-141432098,S2-273260986
S1-657657132	
S1-864085570	S3-169687642,S3-119809511,S2-942437454,S3-990315133,S3-375025626,S3-221900535,S3-182707711,S3-538116434,S2-181737978
S1-922674109	S2-283707523
S1-152115810	S2-409989611
S1-5421384	S2-307974036,S2-399950855,S2-70936993,S2-198351465,S2-728579117,S2-366188766,S2-224093491,S2-463324164,S2-797403279,S2-908510616,S2-578945271,S2-550468809,S2-458831613,S2-853572898,S2-487927714,S2-57057245,S2-168670799,S2-110811145,S2-307972559,S2-481493872,S2-802577451,S2-316682952,S2-527245953,S2-686979274,S2-789578372,S2-604594995,S2-943668267,S2-380266728,S2-497696239,S2-170798861,S2-222876217,S2-511060737,S2-590537855,S2-911660141,S2-502594473,S2-267907355,S2-690127271,S2-728389979,S2-562681799,S2-404951487
S1-706559967	S3-93182012,S3-463204261,S3-676839596,S3-303086841,S3-250100092,S2-368958125
S1-639431499	S2-116248414
S1-63975497	
S1-454231145	S2-668783021,S3-470818776,S2-411937849,S3-682883002,S3-279449537
S1-27508378	
S1-642101524	
S1-11246184	S2-225860545
S1-670760748	
S1-163438271	S3-31784947,S2-682444988,S2-7404622,S2-779250987,S2-239489153,S3-590329398
S1-573068519	
S1-927651996	S2-751317436,S3-303086841,S2-4985468,S2-149259132,S2-368958125
S1-593081836	
S1-878260787	
S1-458266075	S3-549388990,S3-292071516,S2-38862287,S3-657066226,S2-794272150,S2-332919724,S3-416596504,S2-858455185,S3-688962731,S2-23046221,S3-551493537,S2-550652480,S3-254382046,S3-321501926,S2-331682460,S3-290531826
S1-933363647	S2-960238503,S3-414770870,S2-928591314,S3-80957979,S3-475044361,S3-534253649,S2-735552954,S3-645237954,S3-773879615,S2-49771764,S3-640103832
S1-678133875	S2-441958415,S2-614973065,S2-170049056,S2-425994526,S2-195926808,S2-37188246,S2-853150438,S2-480211325,S2-387115807,S2-25272755,S2-504114659,S2-840460951,S2-638808587,S2-191787466,S2-454693032,S2-412721392,S2-312118854,S2-16084621,S2-716039525,S2-390718499,S2-43668840,S2-443243519,S2-621507101,S2-365215605,S2-578549018,S2-404068444,S2-224657764,S2-814175083,S2-662994229,S2-1517321,S2-679944130,S2-365061259,S2-180106844,S2-592508582,S2-262928840,S2-66228446,S2-488129,S2-117258626,S2-845723562,S2-356852109,S2-132197345,S2-481372376,S2-19191075,S2-649253315,S2-712874443,S2-262413466,S2-736585370,S2-569438165,S2-431435374,S2-523304160
S1-793019850	S2-456864392,S2-986651251,S2-813290201,S2-941457079,S2-467877840,S2-823406091,S3-16126416,S2-523387674,S2-550120604
S1-737273497	
S1-286264976	
S1-14816581	
S1-327143985	S3-20282244
S1-444032495	
S1-101045753	S2-905691054,S2-324757265
S1-94486532	S2-835661554
S1-398774970	
S1-632136965	S3-816085290
S1-790887991	
S1-213301344	S3-298791116
S1-301658594	
S1-439671313	
S1-817727039	
S1-773275466	S3-676800098
S1-302155210	S2-385920363
S1-752044446	
S1-705759195	S3-275026186,S2-17449532,S2-887200855,S3-89469605,S2-166910464,S2-388063112,S3-680635109,S2-483551709,S2-487825362,S3-803249957,S3-181746850,S3-405929168,S3-261942663,S3-853190869,S2-119014542,S2-700513429,S2-100488052,S3-446162814,S2-334784846
S1-862092661	
S1-613329027	S2-82411283,S3-702321300,S2-810225542,S3-704627655,S2-405098297
S1-26334883	S3-126544881
S1-140545093	S2-355105041,S3-557296941,S3-740646670
S1-950704113	
S1-477162050	
S1-127301549	
S1-980635432	S3-766949796,S2-51312072,S2-924265875,S2-573962843,S3-623861749,S2-973205399,S2-741172776,S3-875943390,S2-745933144,S3-761704071,S2-84925259,S2-674713063,S3-516722928,S2-192357196,S3-581262873,S3-120650403,S2-59337990,S3-651095723,S2-416694374,S3-969464319,S2-646367287,S3-49319043,S3-374187782,S3-580307175,S2-300619707,S2-593154361,S2-275638110,S2-921181121,S3-348571524
S1-136588069	
S1-381177686	S2-597959896,S3-380980907
S1-495099851	
S1-98065022	
S1-901047805	
S1-848852562	S3-699957411,S3-199059116,S3-630331250,S3-733602901,S3-884279254,S2-468367141
S1-248914477	
S1-850766754	
S1-750136146	S3-699430219,S3-976447994,S3-309197200,S2-46180734,S3-687769853,S3-707208941
S1-132542465	S2-614314679,S2-373132972,S2-905123184,S2-780349087,S2-276262055,S3-251037520,S3-206621972,S3-316091460,S2-162602516,S2-181651904,S3-3239822,S2-500002268,S3-165214064,S2-625882148,S2-901065440,S2-245695849,S2-732391368,S3-391972783,S2-655914471,S2-433715690,S2-963405936,S2-646792670,S2-404808019,S2-950057823
S1-981843558	S2-590245655
S1-620478575	S3-976358691
S1-474310615	
S1-621117023	S3-928972942,S2-387486932,S3-378048509,S3-652015435,S3-814285237,S2-322413111,S3-102266007,S2-986940248,S3-587553343,S3-264534055
S1-812979334	S3-976498035,S3-773257376
S1-410228098	S3-999897892,S2-695335585,S3-453911304,S3-303201034
S1-856710782	S2-264178850,S2-642695770,S3-698588388,S2-584364718,S3-350370260,S3-538530557,S3-259628603,S3-848783208,S2-650140311,S2-833459225,S3-763298637,S3-243758371
S1-51112073	S2-787907605,S2-160256169,S2-256524240,S2-671894677,S2-609803250,S2-298418269,S2-997507194,S2-468893746,S2-642216293,S2-120848784
S1-306776988	
S1-203404916	
S1-241480437	S2-275498044,S2-828561972,S2-554709901,S2-437361568,S2-872551966,S2-524604419,S2-215785349,S2-436483556,S2-85906403,S2-331311222,S2-328146445,S2-110661787,S2-735579571,S2-209555917,S2-198098329,S2-59982002,S2-450319569,S2-730702890,S2-360749777,S2-457994502,S2-64202533,S2-181063334,S2-542945420,S2-313245951,S2-138477027
S1-635705857	S3-846989316,S3-193694680,S2-711071335,S3-630331250,S3-945612989
S1-318218643	
S1-514974575	
S1-777091008	S2-445366378
S1-393818512	S2-471330745,S2-655191987,S2-967361395,S2-799840048,S2-241040528,S3-140897531,S2-949277488,S2-644067593,S2-811093359,S2-671882514,S2-575481946,S2-54797206,S2-477076148,S3-112064429,S2-69184579
S1-323547869	S2-228868338
S1-981327358	S2-255953911,S2-539376491,S2-234514383,S2-733237639,S2-382291687,S2-998382101,S2-587227192,S2-770742526,S2-534309499,S2-460464200,S2-177777608
S1-90745883	
S1-369922665	S2-44105043,S3-473681183,S3-463527045,S3-136124515,S3-803580884,S2-523682975,S2-741513938,S3-932098317,S3-852687019,S3-840478365,S3-131851194,S3-919067234,S3-189568535,S3-214339081,S3-130251706,S3-443863298,S3-662649359,S3-391548869,S2-566099391,S3-91979419,S2-570118724,S2-361563313,S2-882170407,S3-792102110
S1-805440050	S2-153647290,S2-874792632,S3-259108706,S2-56123558,S2-389698795
S1-721837602	
S1-921815569	S2-654291956
S1-628625090	
S1-350018831	S3-871468777
S1-424529930	S2-433380456,S2-900909086,S2-179888322
S1-14950203	S3-390619533,S3-534706212,S3-397830582,S3-107882656,S2-25931471,S2-544333562,S2-638937065,S3-349901470,S3-361173546,S2-780695094,S3-883476090,S2-947277516
S1-541558082	
S1-233694155	
S1-146941945	
S1-972669882	
S1-183461698	S3-361986488,S3-909388354,S3-160946420,S2-952772713,S2-850179920,S2-714785280,S2-229321473,S2-923803171,S2-927718446,S3-782321337
S1-624514617	
S1-436692127	
S1-631524485	S3-133503160,S2-167363579,S3-397830582,S3-254642639,S3-370939319,S3-107882656,S3-376585169,S2-493943130,S2-23924357
S1-388333810	S3-717232127,S3-480710196,S3-195525297,S3-534532524,S2-181355122,S3-497680542,S3-302137557,S2-141261386,S2-675127677,S3-882461134,S3-726394547,S3-812278466
S1-850983521	S3-521107522,S2-119553379,S2-512726650,S2-244749937,S2-415469156,S2-125442377,S3-725850141,S3-587410339,S2-842919420,S3-644555724
S1-984247811	S2-380148419,S2-963396966,S2-209118056
S1-930309799	S3-943934983
S1-586469515	
S1-620883655	
S1-698774268	S3-985450548,S3-545612591,S2-849420380,S2-835917272,S3-254122795,S2-114889366,S3-229750888,S2-34691646,S3-146163775,S2-506044392,S2-560384527,S3-183205154,S3-829795388,S2-637310746,S2-430052531,S3-106024135,S3-788470142,S3-334531198,S2-459363558,S2-769359538,S3-516686951,S2-187915995,S3-303440700
S1-834258213	S2-589341775,S3-321424177,S2-333727797,S3-227099960,S2-549245286,S2-319630194,S2-594066271,S2-708203474,S2-121809462,S3-34043874,S3-433611173,S3-478740633,S2-155633699,S3-132568872,S3-351079205,S2-112531767,S3-448859321,S3-264947730,S2-496102530
S1-423620626	S2-624777188,S2-23229135
S1-848518483	S2-841545719,S2-172946525,S2-225565512,S2-172203240,S2-377002896,S2-134898850,S2-256781534,S2-876318509,S2-12781223,S2-475245312,S2-160980423,S2-688422676,S2-661128680,S2-357528125,S2-353457949,S2-675822376,S2-80737444,S2-316793018,S2-162831178,S2-479111476,S2-65236902,S2-376297057,S2-690943030,S2-577523774,S2-385885387,S2-259489816,S2-774512583,S2-243438562,S2-293641074,S2-7421736,S2-262782004,S2-33885009,S2-67408637,S2-389153195,S2-330799164,S2-387866357,S2-689101624,S2-827160668,S2-778419554,S2-301463166,S2-87690299,S2-791711694,S2-105719821,S2-735153377,S2-776722434,S2-333783469
S1-197922151	
S1-410497766	S3-452919950,S3-859710598,S3-412212897,S3-27940543
S1-748238437	
S1-633779655	S3-565170665,S2-954854788,S3-43015548,S2-852462359,S2-601171662,S2-851024443,S3-497532904,S3-640790954,S3-399980415,S3-9971669,S3-67504906,S3-239347072,S3-623750751
S1-682381294	
S1-191703447	S2-691572152
S1-474166628	
S1-917398455	S2-595041353,S2-574133545,S2-226508155,S2-968869774,S2-130820531,S2-322606016,S2-78679004,S2-82947318,S2-380691946,S2-142543389,S3-590024645,S2-558248173,S3-65874695,S2-900182532,S3-358809868
S1-261865426	S3-366805099,S3-310411165,S2-391899862,S3-259737260,S2-770347320
S1-343559200	S3-970948856,S3-93544143,S2-564358924
S1-588094961	S3-439070366,S3-29765600,S2-834826649,S2-258472471,S2-712748272,S2-796579511,S2-785204544,S2-853563303,S2-238815330,S2-956449162,S3-338404543,S2-471623340,S2-623520248,S3-45520945,S2-344883620,S2-234053799,S3-234621464,S3-573468067,S3-584163261,S2-630698480,S2-595936663,S3-584324136,S3-205358920,S3-729518681,S2-598499244,S2-904997122,S2-12727760,S2-185370872,S2-341685028,S2-558595419,S3-658575284,S2-637828653,S2-179192369,S2-923758274,S2-593281772,S3-161740485,S3-420224393,S3-646756368,S3-339301670,S3-600301298,S2-218813573,S3-172516626,S3-16963268,S2-672365176,S3-544736730
S1-572730139	
S1-931180841	
S1-307045007	
S1-4989757	S2-302927324,S2-790907847,S2-242967168,S2-85906403,S2-826277100,S2-224574325,S2-640219101,S2-198098329,S2-565374315,S2-59982002,S2-292397494,S2-853252664,S2-122835184,S2-64202533,S2-110661787,S2-406213043,S2-328146445,S2-872551966,S2-215785349,S2-14084129,S2-331311222,S2-432319564,S2-629397355,S2-436483556,S2-874371911,S2-327822068,S2-113148849,S2-391184334,S2-559599671,S2-450809569,S2-312082854,S2-407098803,S2-246160469,S2-787751736,S2-86926787,S2-369784092,S2-820860718,S2-190603919,S2-113356144,S2-523809219,S2-535317779,S2-815041558,S2-196608011,S2-130167276,S2-447469536,S2-668559629,S2-313245951,S2-521188832,S2-676216851,S2-181063334,S2-542945420,S2-138477027,S2-360749777,S2-353131400
S1-557411773	S2-237176383,S3-405318251,S2-144849645,S3-404353458,S3-391727888,S2-260668580
S1-992030929	
S1-748761724	S3-642974554
S1-487452734	S3-330984769
S1-137046510	S2-544590949,S3-623771496,S3-743501011,S3-130994861,S3-536522870,S3-799633693
S1-771764328	S3-900595255,S2-409929288,S3-163668779,S3-756906132,S3-182771684,S3-168450236,S3-6608301,S3-699026722,S2-33011673,S3-81932792,S3-189084854,S3-334249128,S2-285814995,S2-150101348,S2-632530235,S3-715699088,S2-972889340,S3-303204373,S2-762888161,S3-938020359,S2-551360770,S2-624307928,S2-834148564,S2-567929214,S2-413861792,S3-660154408,S2-739279054
S1-941591633	
S1-592721832	S2-214014019,S2-419974646,S2-741060453,S2-309311409,S2-502712101,S2-385099535,S2-558869912,S2-448988157,S2-397594965,S2-104460387,S2-631117267,S2-534941235,S2-298947828,S2-302577274,S2-230023024,S2-611287581,S2-449675768,S2-531662579,S2-171220932
S1-942221484	
S1-204580844	
S1-927736109	
S1-444109687	
S1-257281473	S2-947327762,S2-275771469,S2-135356970,S3-687866517,S2-812537402,S3-707437296,S3-3725466
S1-670224096	S3-791282859,S2-157501607,S3-219611459,S2-63697310,S3-598641931,S3-839925291,S3-790873231,S2-91518712,S2-486857159,S3-779999707,S3-878522660,S3-427895351,S2-320409138,S2-412891969,S3-783586803,S3-337921221,S3-23529292,S3-435190050,S3-437394781,S3-534200357,S2-180348628,S3-777747421,S3-945859738
S1-549302006	S2-223642696,S2-657970573,S3-976600932,S2-402937789,S2-234583493,S3-645605893,S3-181370008,S3-648359732,S3-963010190,S3-809243427,S2-687434336,S3-386730730,S3-554209530,S3-167377553
S1-362773825	S3-250100092,S3-755407517,S3-303086841,S3-898474420,S3-286758040,S3-286101346,S2-4985468,S3-93182012,S2-247032879,S2-749590168
S1-935703127	
S1-651644262	S3-141117823,S3-655998808,S2-125167715,S3-6310714
S1-532703590	
S1-54076594	
S1-357629838	
S1-602775749	S2-298462354,S2-735947723,S2-149453500,S2-526399876,S2-36285484,S2-419659715,S2-286327080,S2-935199945,S2-826560412,S2-385131806,S2-189283488,S2-267690304,S2-12997522,S2-412065651,S2-145634817
S1-55306857	S2-531263075,S3-657200787,S2-931289673,S2-774907924,S2-759577852,S2-606935527,S2-232367077,S2-627681586,S2-174691298,S2-176484935,S3-387990810
S1-389823921	
S1-615024355	S2-844984869,S2-701125090,S2-15045692,S2-158049736,S2-203250474,S2-830207692,S2-823529389,S2-662194022,S2-24246960,S2-381231139,S2-313984536,S2-911458577,S2-266144148,S2-157661838,S2-709826429,S2-272800175,S2-379917486,S2-758112627,S2-506710495,S2-182304120,S2-397619252,S2-649384751,S2-841119001,S2-860073448,S2-110488400,S2-662012943,S2-663490785,S2-142131792,S2-579023214,S2-897299394,S2-460139523,S2-996819000,S2-499191423,S2-388690993,S2-931109853,S2-201593768,S2-206798727,S2-30031359,S2-471982668,S2-782343040,S2-759917947,S2-938297699,S2-836747571,S2-525862775,S2-432341031
S1-686410362	
S1-927040107	
S1-510655095	
S1-380833681	
S1-75045735	S2-686382087,S2-699207849,S3-900329889,S3-722656892,S3-316525262,S3-453027795,S3-404430564,S2-703292964,S2-654605148,S3-339586876,S2-902129089,S3-609383676,S2-181462484,S2-647711837,S3-136697891,S2-415939636,S2-189305291,S3-350831840,S2-966408556,S2-180344320,S3-623275590,S3-609069060,S3-962364551,S3-745501631,S2-174202129,S2-132369170,S2-2876081,S3-406058493,S2-614150889,S3-610934230,S2-833783595,S2-355464446,S2-121867875
S1-352812316	S3-802789763,S3-882034791,S3-337309876,S2-8689915,S3-958469580,S3-511423182,S3-426047142,S2-591207107,S2-441564983,S2-905049598,S3-869864247,S2-719282244,S3-265817537
S1-753651037	S2-751012290,S3-233662492,S2-140033379,S2-848621087
S1-528556147	
S1-302103847	
S1-925404217	
S1-617455147	S2-91750947,S3-116015712,S3-571852860
S1-727116642	S2-76920936,S2-775511815,S2-782062125,S2-500192151,S2-320685436,S2-261745733,S2-376835730,S2-579951449
S1-790148312	S3-894579119,S3-563320487,S2-796905512,S3-624926882,S3-158241656,S3-750479113,S3-134364239,S3-222525415
S1-895621536	S2-21458643,S3-158039581,S2-811854308,S2-540005643,S2-471540697,S2-142836837,S2-152072827,S3-649885708,S3-295106054,S3-404562197,S3-269293400,S2-450503447,S3-24277781
S1-520421085	S2-731591542,S3-207966774,S3-369383523,S3-454890513,S3-648759812,S3-420920643,S3-281061117,S2-776224371,S3-155235519,S3-357550506,S2-21522366,S3-42429020,S3-245620982,S2-660641392,S3-340946015,S2-294329794,S2-11016398,S2-756487421,S3-242786245,S2-901294694,S2-654412645,S3-561847739,S2-298195039,S2-144486536
S1-425003814	
S1-638110492	S2-73307398,S3-530460938,S3-303084869,S2-80213246,S2-811877949,S3-977565563,S3-629610535,S3-16826169,S3-540763726,S2-716065318,S2-93476889,S3-485182343,S2-481869839,S3-166658983,S3-445308545
S1-196459131	S3-340456652,S3-876865834,S3-326004661,S2-842834434,S2-299991932,S3-942154374
S1-795631320	S2-444873873,S3-926461971,S3-851766303,S3-709653223,S3-697488007,S3-259491306,S3-858299401,S3-954915242
S1-513693430	S3-178278142,S3-630688619,S3-253606315
S1-902774074	S2-499878038,S3-859545038
S1-966952251	S2-660083739,S2-590790455,S3-608390460,S2-414977940,S3-704632693,S3-51535212,S3-428476738,S2-996156898,S2-72635932,S3-435252035,S2-32998190,S3-998535259,S2-598386437,S2-168247007,S2-935130723,S2-223128222,S2-314399871,S3-8071421,S2-274028083,S3-740775657
S1-273979066	S2-520717224,S3-749486656,S2-794730061,S3-329332087,S3-585372342,S3-388513387,S3-498003837,S3-774646267,S2-118164477,S3-838698229,S2-126530476,S2-826357414,S2-40127442,S2-537783367,S2-812119527,S2-241690656,S2-210649645,S2-644137059,S3-182125461,S2-26879171,S2-624703762,S3-459141489,S3-950857703,S2-466409381,S2-770723338,S3-996725031,S3-833751236,S2-30878265,S2-141150536,S3-817505121,S2-613541675,S2-91511086,S3-584535082,S2-206262739,S2-929617108,S3-453905763,S2-721032788,S3-556049232,S3-64423932,S2-309729628,S2-541723836,S2-676837843,S2-429141071,S2-543009446,S2-356654780
S1-970518712	S2-649322186,S3-978904463
S1-134898809	S3-276494935,S3-699841329,S3-767722742,S2-394382508,S3-611233601,S2-325467676,S2-432782092,S2-245775011,S3-559706182,S3-422465932,S2-837097551,S3-695016187,S2-221510261,S3-514581778
S1-836916847	
S1-376090634	
S1-803338281	
S1-58616769	
S1-29956173	S2-4422096,S3-566344642
S1-77557834	
S1-447240062	
S1-920710760	S2-479500095
S1-992675855	S2-331931604,S3-129508285
S1-658717589	
S1-697204762	S3-975647605,S3-746108894,S3-143366416,S3-981753843,S3-420852366,S3-607641346,S2-993170928,S2-477080489,S2-26705740,S3-665424789,S3-294219520,S2-50378406
S1-89314954	S3-355104055
S1-454611891	S2-202562133,S2-400686521,S3-184465060,S3-328149806,S3-622740743,S3-732654838,S3-387130498,S3-74691160,S2-269146450,S2-953530216
S1-15326347	S3-672518413,S3-259628603,S3-63731163,S3-350370260,S3-538530557,S3-73684185,S3-888576995,S2-524260613,S3-989582369,S3-733417444,S3-905940154,S2-523674413,S2-844778584,S3-752408694,S2-642695770,S3-243758371
S1-89649397	
S1-370280626	
S1-866344609	S3-747530771,S3-371181109,S2-187997637,S2-678564188,S2-482500713,S3-547683295,S2-362195548,S3-755583451
S1-752824899	S2-677130605,S2-635416095,S3-457646526,S2-67790672,S2-171588881,S2-287496093,S2-677603652,S2-654905962,S2-908095957,S3-939230180,S3-97886640,S3-793215927,S3-473586589,S2-567802381
S1-387465863	S2-500006184
S1-185275719	S2-3990489,S2-732481203,S2-355688137,S2-36743305,S2-516317754,S2-821272890
S1-644609283	S2-990542034,S2-704651829,S2-527917597,S3-667168392,S2-702200396,S3-801808031,S3-906449069,S3-787571544,S3-396977582,S3-154035629,S3-54064382,S2-666062801,S3-833138509,S3-599724805,S3-40060015
S1-964540603	S2-737336509,S3-448487045,S3-27097956,S3-157201780,S2-387195296
S1-315923373	S2-167102275,S2-438390038,S2-768572878,S2-954351193,S2-671708959,S2-691904546,S2-577224857,S2-111149374,S2-544652833,S2-936440754,S2-645542908,S2-36805689,S3-357846561,S2-590300910,S2-72556550,S2-352953722,S3-248110332,S2-592282952,S3-177814027,S2-276355156,S2-768669951,S2-764457998,S2-134045736,S2-387701457,S3-109324671,S3-226497953
S1-66330797	
S1-766392501	S2-103128835,S3-8572871,S3-814285237,S3-326622710,S3-289958683,S3-77341464,S3-952172474,S3-239244555,S3-791541161,S2-441549239,S2-322413111,S3-724589372,S3-586596752,S2-601934367,S3-102266007,S2-250241425,S3-243209227,S3-22679509,S2-444740780,S3-264534055,S3-311390156,S2-556469960,S3-262007090
S1-543127091	S2-81691660,S3-313878238,S3-17567177,S3-554218094,S2-780032669,S2-181687792
S1-942087593	
S1-72073780	
S1-256724336	S3-576517876,S3-660655552,S3-598347388,S2-485529453,S3-725442509,S3-48317562,S3-278714769,S2-440567202,S3-49189979,S3-556859558,S3-498577949,S3-806285656,S2-591989746,S2-928688248,S2-671608955,S3-931165139,S3-370907174,S2-702989869,S3-556952663,S3-878510469,S2-191156696,S2-975572918,S3-922360704,S3-325000097
S1-301967281	S2-927684423,S3-531467956,S3-143164323,S2-662782138,S3-563312993,S3-679473643,S2-259558151,S2-11843593,S2-273260986
S1-106221717	S3-199124157,S2-832561902,S3-742095241
S1-112001316	S2-633271532,S2-499639282,S2-139593989
S1-211252202	
S1-472770480	S3-585794798,S2-955350482,S3-186714967,S3-100281171,S3-54506026,S3-637311800,S3-97056794,S2-460654776,S3-239724885,S2-998716769,S3-344441552,S2-149765951,S3-106250391,S2-647114126,S3-760001445,S2-79985512,S2-659591642,S2-319759458,S3-26987494,S3-195961903,S2-908443074,S3-829652692,S3-691530908,S2-7842667,S2-10223294,S2-41724756
S1-792234199	
S1-734336180	
S1-314140809	
S1-335846790	S3-383771705
S1-430291212	S2-707049436,S2-571667359,S2-144703472,S2-63003661,S2-862562699,S2-309615983,S2-602494240,S2-381450262,S2-584855462,S2-382939752,S2-338446054,S2-200484130,S2-46260646,S2-34447048,S2-666887579,S2-723410063,S2-715372529,S2-705051497,S2-525446600,S2-642114068,S2-350061833,S2-225850187,S2-578922865,S2-262196664,S2-491074414,S2-226471916,S2-678492868,S2-762338097,S2-60616924,S2-320212810,S2-606698875,S2-196583272,S2-809278624,S2-891888036,S2-724252066,S2-29535568,S2-519660567,S2-624599782,S2-408148624,S2-152342973,S2-631842884,S2-280206767,S2-591083111
S1-497340561	S2-780454483,S3-343892406,S2-315398223,S2-538147276
S1-943979179	
S1-895771779	S2-540827138,S3-436848926,S2-922573378,S3-363240648,S2-933804516,S3-473398570,S3-906910768
S1-972778043	
S1-323309438	
S1-635469979	
S1-737977090	
S1-738171125	S3-228236042,S2-846046791,S3-252420306,S2-812554081,S2-727004969
S1-850758051	
S1-58433955	
S1-469269527	S2-650901774,S3-790837162
S1-58842783	
S1-553069174	S2-382752962,S2-837814248,S2-455456848,S2-985670014
S1-684004682	
S1-592714675	S2-444873873,S3-926461971,S3-851766303,S3-709653223,S3-858299401,S3-697488007,S3-679100164,S2-828041009,S3-954915242
S1-364951958	
S1-261677136	
S1-653759388	S2-263932263,S2-929086167,S3-264465394,S3-435188247
S1-285770227	
S1-796167853	
S1-709206753	S2-265632339,S2-727642814,S2-544468551,S2-172807387,S2-651154224,S2-137812408,S2-607232392,S2-274609496,S2-547806152,S2-263501919,S2-565618073,S2-626208567,S3-110749428,S2-19138709,S2-186207001
S1-844695857	
S1-827759398	S2-433318960
S1-855669395	
S1-298019640	
S1-987969919	S3-484673397,S2-717582147
S1-930884894	
S1-648760452	
S1-875230664	S2-620444429,S2-651968840,S2-582848693,S2-918065800,S2-288867874
S1-496288380	S3-84276901,S3-778622384,S3-660849752
S1-42524052	S2-157212403,S2-358259188,S2-394770381,S2-791681400,S2-175166551,S2-673783504,S2-993225139,S2-218548108
S1-276453421	S2-137724817
S1-144863457	S3-147522583
S1-916933260	
S1-911537189	
S1-77374624	S2-256212416,S3-784779659,S2-768657787,S2-503609770,S3-806460396,S2-841118631,S3-367541667,S2-324087822,S2-765153223,S3-334077226,S3-502754423,S2-541774209,S2-995342663
S1-683256263	
S1-360355887	
S1-338840619	S3-640872368,S3-98161434,S3-652502693,S2-715147462,S3-53157861,S3-215944149,S3-567736743,S3-74903242,S2-520416119,S3-79017401,S2-701779378,S3-551442332,S3-20075601,S2-565041709,S3-753736305,S2-635327308,S2-839779332,S3-639754197,S2-271278715
S1-585298643	
S1-748369350	
S1-698844461	S3-217642217,S3-115470135
S1-834828540	S3-131480798,S2-225539298
S1-550240886	
S1-71210342	
S1-372897884	
S1-449095812	S2-19685812,S2-925837235
S1-115299046	
S1-64140802	
S1-437333243	
S1-456992910	
S1-404290206	S2-105415798
S1-91187097	
S1-66272365	S2-146018561
S1-724255456	
S1-306955088	S3-416862927,S2-768053815,S2-233559671,S3-265800527,S3-233567843,S3-326826684,S3-269590180,S2-717967391,S2-124623667,S3-191877213,S2-51807871,S2-228464184,S2-262030786,S2-934513223,S2-855405761,S2-366887997,S2-339560484,S2-974742136,S2-406181091,S3-979485735,S3-167017639,S2-875175107,S3-210459670,S3-780493716,S3-299370075,S2-376112786,S3-236379314,S2-48835339,S2-528835085,S2-456776326,S2-505062706,S2-465023675,S2-579289135,S2-19405330,S3-332758227,S3-946818490,S2-932571789,S2-940434362,S2-234349705,S2-933012964,S3-557391182,S2-246217264,S3-628176242,S3-202402802,S2-553327159,S3-243933344,S2-885709691,S3-540896613,S2-425580689,S2-323293917,S3-669845968,S2-507648852,S3-184036043,S2-681568197,S3-544442854,S3-412200993,S2-177702104,S3-440959913,S2-6053611,S2-73272087,S2-725275327,S3-441831669,S3-635306015,S3-437206871,S2-757225857,S3-836939554,S3-676829980,S3-522983222,S3-541713539,S3-116266531,S2-624018531,S2-726020020,S3-441188460,S3-269402240,S2-775094093,S2-976648659,S2-412095994,S3-145155011,S3-142342190,S2-707156746,S3-881130471,S2-465450543,S2-914704962,S2-556035065,S3-220570914,S3-159540785,S2-938840493,S3-960911477,S2-167215301,S3-402964716,S3-337444190,S3-936817396,S2-181719653,S3-379167066,S2-69751973,S2-860913710,S2-339903422,S3-924645013,S2-481513262,S2-240008978,S3-207509728,S3-14684668,S2-306407749,S2-881565404,S2-58268070,S3-358852345,S3-494199853,S2-390435992,S2-626499823,S3-523448992,S3-786488291,S3-70625626,S3-688199643,S3-472366154,S3-180587523,S3-999667491,S3-848254264,S3-557741412,S2-294837571,S2-985421392,S3-116508654,S2-726643279,S3-751595314,S3-25317684,S2-906596114,S2-58661799,S3-838794956,S3-723867253,S3-413030946,S2-281905157,S2-615153587,S2-747400550,S3-994706509,S3-290960350,S2-187896016,S3-671352596,S2-784868587,S3-753197196,S2-64258742
S1-293891244	S2-638418136,S3-793327870
S1-258462846	S3-977115982,S3-813531803,S3-584579007,S2-11900232,S3-730651487,S2-380449775,S3-578345236,S3-119224305,S3-304882055,S2-599878814,S3-712950363,S2-176419482,S3-416312172,S2-121411605,S3-135940600,S2-180742453
S1-397686495	
S1-984636983	
S1-972836911	S2-167594027
S1-968026177	
S1-539197690	S2-193315890,S3-550964951,S3-796731092,S3-485183610
S1-946965380	
S1-369711048	
S1-360352734	
S1-460418215	
S1-65296733	S2-264441488,S2-465258744
S1-214887765	
S1-993146670	S3-328279744,S3-221384142,S3-191254623,S2-184620797,S3-412212897,S3-27940543
S1-797268972	S3-361166079,S3-106789891,S2-806240536,S2-207551652,S2-768724593,S3-570314281,S3-371004798,S3-838325124,S3-624615267
S1-401228801	
S1-692435609	
S1-358631275	
S1-47921351	S2-663751826
S1-338830003	S3-367409572,S3-735510681,S3-619777656
S1-184123979	S3-430487649,S3-258911635
S1-608781404	S2-93476889,S3-824045193,S2-73307398,S2-122190064
S1-858190944	S2-141413098
S1-999155907	S2-614829335
S1-246478198	S3-475561833,S3-661962385,S3-296375987,S3-718829720,S3-718206663,S3-42150415,S2-235321313,S3-132072256
S1-61854703	
S1-157953247	S2-300797670,S3-576482148,S3-972639836,S3-969172081,S2-943873550,S3-984935641,S2-94756237,S3-852250207,S2-754288076,S2-999683546,S3-576494474,S2-233802786,S2-962131032,S3-492419993,S2-416223467,S2-168881130,S3-528947424,S2-288685126,S2-632299988,S2-790173257,S2-170940500,S2-772807735,S3-256985093,S2-352691923,S2-811605567,S2-974744869,S3-575891612,S3-954122061
S1-153136041	S3-980653505,S2-485389932,S3-575213590,S3-685252427,S2-559818183
S1-919267939	
S1-185120420	
S1-391063653	S3-259628603,S3-350370260,S3-538530557,S3-941856687,S2-650140311,S3-243758371
S1-853551723	
S1-150975476	
S1-149848357	
S1-450548914	
S1-651584988	S2-345404752,S2-504121577,S2-917000928,S2-879652452,S2-635735518,S3-523223882,S2-884741049,S2-802891334,S2-313312298,S2-13162105,S2-889611802,S2-712615027,S3-257440580,S3-63630836,S3-691618904,S2-465320216,S3-556875007,S2-903529789,S3-743538938,S3-439069622,S3-748489605,S2-365637045,S2-551038104,S2-197077377,S3-80380679,S2-796327704,S3-840554519,S2-341379175,S3-553012194,S2-228482024,S3-550195691,S2-358286927,S2-925072820,S3-530049938,S3-475167806,S2-649496714,S3-296553225,S2-752559621,S2-890007737,S2-27196551,S2-367843443,S2-434789845,S2-754828081,S2-115508190,S2-584802458,S2-296052137,S3-106907192,S2-446769015,S2-301873440,S2-440600558,S2-793921520,S2-256088097,S3-838868317,S2-499138211,S3-299041136,S2-465092069,S3-410605071,S2-308942961
S1-548377191	S2-591072126,S3-167377812,S2-229623554,S2-971327684,S2-515455468,S2-474701239,S2-567794297,S2-434030717,S2-443569378,S3-203075051,S2-365423335,S2-486548125,S2-827562037,S2-287070307,S2-385367026,S2-33142941,S2-455456848,S2-778256508,S3-134804715,S2-985670014,S2-640299814,S2-159274266
S1-128647284	S3-485200115
S1-832176702	S2-981498805,S3-722835527,S2-395660040
S1-999573789	S2-687223409,S2-127291960,S3-441375024,S3-95407915,S3-583923051,S2-785204544,S3-139024728,S3-339301670,S2-598499244,S3-172516626,S3-16963268
S1-852429384	S2-613595185,S3-237758574,S2-333915895,S3-150745945,S2-189566646,S3-247883166,S3-206881936,S3-253556175,S3-219702189,S3-26551225,S2-699198100,S2-882822204,S2-627387281,S2-916924958,S2-964865821,S2-524145394,S2-941763879,S2-244855047,S2-573791511,S3-225325307,S2-842233444,S2-896264951,S2-62092247,S3-223861841,S2-291635456,S2-492944301
S1-475934373	S2-626208567,S2-265632339,S2-543735504,S2-460816819,S2-727642814,S2-547806152,S2-263501919,S2-544468551,S2-94421348,S2-452843415,S2-123349874,S2-172807387,S2-565618073,S2-191304337,S2-470183985,S2-576593856,S2-389577623,S2-766278701,S2-771939408,S2-937373080,S2-336367707,S2-881221848,S2-683541392,S2-945905307,S2-186207001,S2-19138709,S2-264224340,S2-308426330,S2-486183238,S2-300743733
S1-981054772	S3-154589586,S2-476782286,S2-466604602,S3-256013728,S3-268104967
S1-549612411	S3-152409207
S1-22267193	
S1-284295769	S2-347524393
S1-622374625	S3-720613818
S1-885356254	S2-440469742,S2-758930813,S2-899215861,S2-383359949
S1-343087276	
S1-464175377	S2-12404234,S3-348796344,S3-909504201,S3-40060015
S1-110036027	S3-619749173,S2-217222143,S3-534413669,S3-600441546,S3-183135636
S1-35532917	
S1-917942564	
S1-885729259	S2-125875861,S2-616462026,S2-10943865
S1-270609465	S3-16534682,S2-667268085,S2-557881674,S2-390789384,S2-670777451,S2-170965258,S3-169074124,S2-779799597,S2-221973888,S2-278891555,S2-54797206,S2-477076148,S3-112064429,S2-69184579,S2-448514413,S2-397927479,S2-232575239,S3-126939583,S2-337192874,S3-125843914,S2-841383785
S1-995015295	
S1-359153312	
S1-439111395	
S1-256781282	
S1-614337078	S3-653381985,S2-190247723,S2-875823579,S3-449539868,S2-671903958,S2-846121989,S2-694994605
S1-564223388	S2-425089788,S3-742354391,S2-920705297,S3-585226222,S2-200974744,S2-166647024
S1-401466299	S3-975479366,S3-247662513,S3-937557884,S3-615290415
S1-861208837	
S1-239602289	S3-889234226
S1-316078576	S2-754539420,S2-784254464,S2-47057021,S2-383796201,S3-808213309
S1-19779048	
S1-568106836	
S1-942005613	S2-193418780,S2-969202077,S2-282885409,S2-939495417,S2-954723371,S3-973390471,S3-81426099,S3-368657100,S2-949085359,S2-485999537,S3-129093167,S3-577906013,S3-141422130,S2-971408868,S3-655102432,S2-213677366,S2-345641661,S3-172754774,S2-339220770,S2-309252133,S2-433765888,S3-901940672,S2-774917262,S2-236575699,S2-838936267,S3-897233475,S2-88593610,S2-248015080,S2-155568776,S3-439732123,S3-802082874,S3-712654785,S3-825770691,S2-196620491
S1-43865489	S2-862035814,S3-303086841,S3-378423042
S1-740092988	S3-13877081,S2-93426343,S3-251940212,S3-497151430,S3-542279277
S1-129610392	
S1-408643468	
S1-796183067	
S1-768191150	
S1-861313596	S2-198351465,S2-307974036,S2-70936993,S2-395762092,S2-399950855,S2-463324164,S2-728579117,S2-224093491,S2-686979274,S2-111400240,S2-57057245,S2-168670799,S2-526295217,S2-481493872,S2-366188766,S2-487927714,S2-797403279,S2-550468809,S2-110811145,S2-908510616,S2-802577451,S2-458831613,S2-648362230,S2-578945271,S2-183092653,S2-380266728,S2-307972559,S2-316682952,S2-943668267,S2-853572898,S2-604594995,S2-497696239,S2-170798861,S2-752620091,S2-222876217,S2-31615763,S2-590537855,S2-434033540,S2-939667642,S2-399619492,S2-317387421,S2-228724796,S2-641597062,S2-139963838,S2-714406923,S2-893479463,S2-833532894,S2-267907355,S2-690127271,S2-728389979,S2-562681799,S2-404951487
S1-174306760	
S1-791937290	S2-805210706,S2-637007830,S2-456882909,S2-859922157,S2-927725332,S2-82055109,S2-929104164,S2-693950016,S2-357041697,S2-93743960,S2-286327080,S2-4734011,S2-385131806,S2-151878595,S2-253570718,S2-346222185
S1-956261239	
S1-162146641	S2-426042460,S2-322282493,S2-833671117,S2-149164429,S3-367555480,S3-25816663,S2-242963247,S2-208987181,S2-773584148,S2-819203698,S2-541456973,S2-409261394,S3-391727888
S1-542503164	
S1-536394458	
S1-845220221	S3-78132696,S2-843179425,S2-571020101,S2-863823759
S1-940949278	S2-3976996
S1-935062147	S3-312552867,S2-918906020,S2-910543443
S1-4041342	S2-163395991,S2-38827079,S2-631977552,S2-150975970,S2-771746663,S2-454352954,S2-92322579,S2-528473005,S2-682413398,S2-817607055,S2-170100406,S2-30382724,S2-840714314,S2-291644849,S2-317152754,S2-898008935,S2-923500757,S2-473815800,S2-201437355,S2-499027495,S2-213277943,S2-260117127,S2-842721511,S2-600904389,S2-813641485,S2-472900054,S2-820815164,S2-68748027,S2-239641965,S2-287656003,S2-35322068,S2-214114455,S2-338006175,S2-414647364,S2-5562734,S2-164999379,S2-730521036,S2-635487150,S2-20213851,S2-424387851,S2-361211798,S2-4615798,S2-883612706,S2-234699109,S2-302054007,S2-835449021,S2-306289434,S2-272609403,S2-485793518,S2-3319138,S2-696109598,S2-579633576,S2-474308490,S2-75217079,S2-420140678,S2-437281736,S2-21605450,S2-765870100,S2-471908725,S2-450414338,S2-739386823,S2-842081349,S2-508344439,S2-405105351,S2-550225052,S2-56465834,S2-674079903,S2-702366846,S2-56576313,S2-415670729,S2-372385754,S2-458585786,S2-894769041,S2-456194866,S2-576293562,S2-545302890,S2-875893829,S2-594646994,S2-493611809,S2-108572031,S2-337420573,S2-433032085,S2-76962210,S2-122201731,S2-407149621,S2-219916953,S2-413513633,S2-331873332,S2-668971573,S2-924111301,S2-860355097,S2-876924172,S2-196504480,S2-560955461,S2-424954698,S2-433860699,S2-52804522,S2-195534419,S2-270502309,S2-790170069,S2-823944463,S2-583339726,S2-783734967,S2-342987051,S2-436744512,S2-478976831,S2-171227599,S2-409535686,S2-230344467,S2-5802395,S2-546445064,S2-69245191,S2-427062954,S2-316896911,S2-866466206,S2-576940662,S2-19245434,S2-346543718,S2-502816364,S2-857262168,S2-587732158,S2-81925251,S2-65342515,S2-247372000,S2-247602828,S2-29999226,S2-445319317,S2-679884143,S2-479233308,S2-223503487,S2-512739397,S2-479048111,S2-229525660,S2-457106884,S2-418436422,S2-810475663,S2-480944369,S2-914534929
S1-429703746	S2-273648631,S3-672200797
S1-254804716	
S1-814345889	S2-755747365,S2-653949062,S2-489580974,S2-507469336,S2-945312423
S1-694137400	S2-501607106,S2-688935360,S3-236710569,S3-681690328,S2-221921105,S2-793780621,S3-784451333,S2-285778267
S1-806290969	S3-856389012,S3-563312993,S3-679473643,S2-273260986
S1-212239498	
S1-863361456	S2-261198690,S2-723720966,S2-774147537,S2-607588520,S2-634903098,S2-341394500,S2-628740522,S2-177628668,S2-81357420,S2-233010987,S2-756864325,S2-243855266,S2-169644502,S2-671868851,S2-656724503,S2-730852516,S2-244185385,S2-240927021,S2-442039563,S2-716002301,S2-110802997,S2-384631774,S2-341547920,S2-332016410,S2-715162081,S2-591032606,S2-727306054,S2-71670232,S2-372363817,S2-405701199
S1-596375677	S3-794805480,S3-140295739,S3-623860787,S3-605831427,S3-830130507,S2-444775361,S3-779637191,S3-74389148,S2-467695372,S2-965994907,S3-332761000,S3-359674930,S2-389804270,S2-263315927,S3-113930740,S2-975926759,S3-669705348,S2-715120102,S3-581042902,S3-569256999,S2-53154969,S3-412903153,S3-67031431,S3-319050503,S2-128549796,S3-588464200,S3-445182323,S3-399623132,S2-907743625,S3-378568815,S3-336159939,S3-307264386,S3-433631907,S2-301965128,S3-665310917,S3-353346532,S2-432126585,S3-142963355,S3-36488916,S3-388496869,S2-73473402,S2-38112311,S3-324799566,S2-53905050,S3-404861798,S3-812603365,S3-410065571,S2-364401380,S2-933036513,S2-838276308,S3-129568472,S2-574080595,S3-305059297,S3-766179593,S3-460330527,S3-528850475,S2-971445829,S2-104465740,S3-233573602,S3-84603217,S3-254830487,S3-649650560,S3-690724436,S3-827560838,S2-940007554,S3-725901470,S3-379632645,S3-811106641,S3-452203670,S3-475886684,S3-767945337,S3-420440266,S2-45685056,S2-123295283,S3-359588675,S2-331372579,S3-244001640,S3-789762189,S2-707286830,S3-542004417,S3-465144439,S3-495891878,S3-206792199,S3-586087630,S2-626835015,S3-341355982,S3-216293132,S3-113445056,S3-604936310,S3-357004924
S1-858978488	
S1-767220900	S3-884440519,S3-860338090,S3-210957363,S3-245937115,S3-302390148,S3-222433161,S2-526795754,S3-365206497,S3-934716079,S3-174501981,S2-267256465,S3-543233507,S2-643406207,S3-423839474,S2-553993025,S2-22414693,S2-277127041,S2-328716317,S3-32008713,S2-927514353,S3-609327282,S2-489977947,S2-323876579,S2-43409198,S2-838624523,S2-249168069,S3-921065147,S3-968759620,S3-768574490,S3-176725575,S2-617915628,S2-216291150,S2-775200877,S2-697329617,S3-973472484,S3-665539695,S2-49282451,S2-399340996,S3-517300667,S2-638146969,S3-274359162,S3-783272384,S2-51460131,S2-905043820,S2-50700669,S2-615367222,S2-51876524,S2-159748356,S2-599619364,S3-489369298,S3-320205522,S2-160201160,S2-726231264,S2-432895507,S3-416325464,S3-927467351,S3-355886497,S2-633951497,S2-384507118,S3-154048776,S2-80879569,S3-163287721,S2-989450569,S3-653095708,S3-171799115,S3-36130462,S2-275314005,S2-425133130,S2-79106063,S2-481308310,S3-408777960,S2-783200261
S1-635491453	S3-334677842,S2-390595351,S2-721982848,S2-309615148,S2-178364993
S1-368890496	S2-219899220
S1-511545524	
S1-135958603	S2-692288338,S3-142699000,S3-346105309,S3-19208236,S3-42861845,S2-882743825,S2-704744875,S2-96258376,S3-837289282
S1-844412430	S2-79119646,S3-950511723,S2-784522829,S3-890245240,S2-129509348,S2-844444250,S2-358261978,S3-498570452,S3-793677440,S3-373677970,S3-412691315,S3-314780139,S3-601846176
S1-808253403	S2-685763419,S3-375419388,S3-629043063,S3-544292849,S3-22754126,S2-704575859,S3-918313533,S3-657736279,S3-358683320,S3-101060278,S3-939418591,S2-172289015,S3-557114025,S2-119435466,S3-35577968,S3-916379142,S2-405036560,S3-295764573,S3-353234450,S2-643287650,S3-215304648,S2-27758638,S3-207329139,S2-310107112,S2-157363918
S1-848917857	S3-685075906
S1-21935538	S2-347656928,S3-316993582,S2-133208860
S1-828340904	S2-581747299,S3-418458442,S3-6484481,S2-376062655
S1-141152921	S2-163395991,S2-474308490,S2-771746663,S2-674079903,S2-150975970,S2-817607055,S2-816684193,S2-38827079,S2-164999379,S2-560955461,S2-316896911,S2-452685961,S2-196504480,S2-458585786,S2-730521036,S2-696109598,S2-502816364,S2-92322579,S2-762695364,S2-4615798,S2-471908725,S2-473815800,S2-19245434,S2-232161676,S2-583339726,S2-600904389,S2-81925251,S2-433860699,S2-239641965,S2-407149621,S2-860355097,S2-790285699,S2-898008935,S2-331873332,S2-894769041,S2-454352954,S2-472900054,S2-75217079,S2-302054007,S2-485793518,S2-576293562,S2-883612706,S2-260117127,S2-414647364,S2-361211798,S2-820815164,S2-306289434,S2-287656003,S2-35322068,S2-765870100,S2-788354095,S2-528473005,S2-493611809,S2-924111301,S2-291644849,S2-447813093,S2-405105351,S2-56576313,S2-214114455,S2-781393520,S2-415670729,S2-739386823,S2-21605450,S2-813641485,S2-499027495,S2-840714314,S2-317152754,S2-213277943,S2-56465834,S2-342987051,S2-923500757,S2-76962210,S2-170100406,S2-68748027,S2-20213851,S2-372385754,S2-508344439,S2-436744512,S2-842721511,S2-424954698,S2-702366846,S2-875893829,S2-3319138,S2-716987982,S2-631977552,S2-478976831,S2-272609403,S2-550225052,S2-576940662,S2-456194866,S2-876924172,S2-823944463,S2-546445064,S2-30382724,S2-450414338,S2-842081349,S2-210149663,S2-866466206,S2-29999226,S2-479233308,S2-530539865,S2-108572031,S2-171227599,S2-594646994,S2-69245191,S2-427062954,S2-437281736,S2-386525936,S2-433032085,S2-52804522,S2-337420573,S2-879328812,S2-226494608,S2-835449021,S2-183518047,S2-234699109,S2-122201731,S2-635487150,S2-748331160,S2-413513633,S2-857262168,S2-843635430,S2-314351077,S2-790170069,S2-701865874,S2-886436274,S2-230344467,S2-424387851,S2-690655838,S2-186467125,S2-270502309,S2-587732158,S2-247372000,S2-917227544,S2-525991458,S2-668971573,S2-5562734,S2-324878401,S2-195534419,S2-32091509,S2-812938443,S2-331753019,S2-691060668,S2-480944369,S2-479048111,S2-229525660,S2-457106884,S2-418436422,S2-810475663,S2-914534929
S1-187004387	S3-290330680,S3-236762272,S2-682162863,S3-130643559,S2-89683327,S2-379104271,S2-571222870,S2-710179401,S2-663074204,S3-146626781,S2-94778253,S2-136440016,S3-374217774,S2-967997351,S2-579437630
S1-263392673	S2-127466452,S2-200677689,S2-590497178,S2-371997143,S2-238525545,S2-391439288,S2-694618089,S2-239774952,S3-153993979,S2-52227541,S2-12155596,S2-4459955,S2-30622842,S2-216784937,S2-588536573,S2-261526984,S3-120682093,S3-303645750,S2-127284995,S2-644216795,S2-116143022,S2-67059783,S2-107354533,S2-645789542,S2-151698256,S3-232128141
S1-550368170	S2-201495232,S2-654780212,S2-690843168,S2-162060482
S1-143665407	S2-262825257
S1-473333787	
S1-173906255	
S1-327901274	S3-453612949,S2-393336003,S2-190778854,S3-356436984
S1-763716904	
S1-668590001	S3-860059898,S3-639741855,S2-238289408,S2-517294532,S3-382843421,S3-430109791,S2-629080781,S2-786237267,S3-978821291,S2-538912849,S3-632059130,S2-116693744,S2-257697880,S3-225800145,S2-294246250,S3-68560638,S3-504836312,S3-743950165,S3-872904624
S1-589553100	S2-660839351,S2-532157362,S2-943501042,S2-627881801,S2-579951449
S1-44450013	
S1-367733350	S3-566713572,S2-658756194,S3-505610369
S1-55721868	S2-899215861,S2-342680409,S2-383359949,S2-13049543
S1-560803184	S3-884421597,S3-678007093
S1-810122828	
S1-960008350	S3-956311225,S3-594576972,S3-20672894,S2-920563454,S2-577073934,S3-379672337,S2-758028542,S2-927718446,S3-782321337
S1-463917421	S2-656768698,S2-272355977,S2-344479086
S1-871302092	S3-243395520,S3-416312172,S2-98376405,S3-712950363,S2-129448483,S2-380449775,S3-578345236
S1-187816684	
S1-249354768	
S1-438638381	S2-132745499,S2-759683786,S2-847553213,S2-329926491,S2-631273230,S2-653513768,S2-910292790,S2-385192332,S2-369428747,S2-374029445,S2-331429252,S2-404078450,S2-867523156,S2-298233881,S2-310883893,S2-375696549,S2-817208927,S2-792274378,S2-675000986,S2-218925462,S2-278625048,S2-811791602,S2-808659798,S2-845356962,S2-850159662,S2-866676003,S2-659620932,S2-885111283,S2-337047451,S2-575707861,S2-196601282,S2-157807720,S2-820815336,S2-748074457
S1-151918967	S3-632757908,S3-176295094
S1-481994813	
S1-28052141	
S1-13211519	
S1-392566689	
S1-994304	
S1-559190054	S3-186901215,S3-335382241,S3-794805480,S3-605831427,S3-140295739,S2-896550640
S1-53694776	S2-936890764,S3-651095723,S2-192357196,S2-973205399,S3-374187782,S2-416694374,S2-300619707,S2-298275189,S3-380724967,S2-741172776,S2-573962843,S3-581262873,S2-949164830,S3-194614557,S3-516722928,S2-146303656,S2-708457005,S2-802444266,S2-311565393,S2-667932147,S3-927875164,S3-761704071,S3-184466600,S2-795501322,S3-772127652,S2-776784867,S2-674713063,S2-84925259,S2-918671514,S2-948646900,S2-870329083,S3-169347244,S2-51312072,S2-924265875,S2-745933144,S2-59337990,S3-872443,S3-772751614,S3-580307175,S3-920414119,S3-766949796,S2-722875272,S2-423172024,S3-873060966,S3-214184245,S3-107830900,S2-791921510,S2-761883985,S3-777922490,S3-367842310,S3-49319043,S2-732368510,S3-874347409,S3-581884454,S3-416383695,S3-298579215,S3-120650403,S3-436234341,S3-450453776,S3-599214998,S2-967841727,S3-623861749,S3-502907404,S3-837242711,S3-969464319,S3-589103454,S2-593154361,S3-679662364,S2-275638110,S2-921181121,S2-300073033,S3-348571524,S2-174509697
S1-212169979	
S1-297334093	
S1-720049932	
S1-151026524	
S1-311686590	S3-36488916,S2-959699201,S3-528850475,S3-42429020,S3-155235519,S3-648759812,S3-357550506,S3-420920643,S2-776224371,S3-281061117,S2-294329794,S2-11016398,S2-278061636,S2-915606339,S2-513378902,S2-468124791,S3-105039093,S2-626008702,S3-655910150,S2-616814626,S2-733008905,S3-563633454,S3-208229565,S2-298195039,S2-565050765,S2-678033722,S3-311095954,S2-880816585,S2-545912622,S2-30424865,S3-503682542
S1-758279254	S2-651132130
S1-282911882	S2-233861282,S2-440714389,S2-344984769,S2-453235734,S2-266621942,S2-363768781,S2-566230695,S2-31174518,S2-529222992,S2-925323993,S3-153635228,S2-627478352,S2-7447996,S2-904755593,S2-981262680,S3-293159325,S2-588536573,S2-261526984,S3-120682093,S2-216784937,S3-303645750,S2-127284995,S2-644216795,S2-116143022,S2-107354533,S2-645789542,S2-151698256,S3-232128141
S1-502180936	S2-942437454,S3-169687642,S3-119809511,S3-990315133,S3-182707711,S3-375025626,S3-221900535,S3-538116434,S2-181737978
S1-233040222	S3-249331830,S3-664363499,S3-47297676,S3-236134502,S2-476782286,S2-333501890,S2-390033695,S3-248570505,S2-487925541,S2-592986735,S3-202257348,S3-409236597,S3-24805109,S3-474270213,S2-159342875,S3-256013728,S3-268104967,S2-9710692,S2-733182024,S2-392588012,S3-747915588,S2-466604602
S1-776615013	S3-770807876
S1-414547601	S3-170248262,S2-613420079
S1-966160167	
S1-485950384	S2-45716764
S1-338939566	S2-411341899,S2-544098477,S2-808541068,S2-194142349
S1-30166617	S3-784169953,S2-872750203,S2-526609400,S3-924702298,S3-640410970,S3-218999117,S3-603915109,S2-803426478,S3-957867193,S3-275717733,S3-915933899,S2-148175247,S2-347068899,S3-598106570,S2-885413993,S2-777190662,S2-718356064,S3-231518372,S3-492042221,S3-128261135,S2-674025350,S2-185288547,S3-9959896
S1-860620625	S2-952254680
S1-11454997	S2-10598620,S2-861194148,S3-186322869,S2-654753900,S2-385885037
S1-567424927	S2-507874719,S3-294645575,S3-142266993,S2-891602050,S3-768528230,S2-182310586,S2-567582477,S3-131943336,S2-626381798,S2-45947912,S3-455018699,S2-589098529,S2-961688903
S1-442719494	S2-505503934,S2-760886890,S3-430600994,S3-158883745,S2-451349609,S2-264926550,S2-729982053,S2-596097539,S2-146866866,S2-627635433,S2-744806072,S2-150951010,S2-424624528,S2-769390133,S2-263525146,S3-185302345,S2-206185027,S2-260645654,S2-620957678,S2-900230114,S2-53637148,S2-749669684,S2-181767769,S3-531812875,S2-274074222,S2-4063865,S3-151249074,S2-827706879,S2-735010401,S2-852561180,S2-421716177,S2-346884535,S2-664229357,S2-90230837,S2-217528887,S2-408527663,S2-765970633,S2-672366545,S2-348226150,S3-399277683,S2-325289354,S2-606745939,S2-146063669,S2-445745013,S2-359215532,S2-564688607,S3-469779777,S2-852250410,S2-495485388,S2-560883845,S2-926235364,S2-151577977,S2-731516101,S2-763311041,S2-356765231,S3-360196659,S2-730649105,S2-996789998,S3-527115252,S2-44584847,S2-125994360,S2-692245974,S2-989123271,S3-109955329,S2-855535142,S3-374216090,S2-889361037,S2-843548099,S2-779676252,S2-575519759,S3-518824085,S3-528602041,S2-61873123,S2-333607679,S2-670687228,S2-326643070,S2-389285236,S2-870569367,S2-7543447,S2-13394411,S3-382651857,S2-562221440,S3-343291616,S3-403784960,S2-449259622,S3-534962721,S2-747637740,S2-110702296,S3-546004470,S2-236093607,S2-55831140,S3-394081375,S3-394471441,S3-114050055,S3-36149327,S3-373621467,S3-518241260,S2-891023850,S2-134657547,S3-450829929,S2-312445250,S2-103153675,S3-25941980,S3-1416697,S3-143520926,S2-451055833,S2-774799831,S2-405828177,S3-487046030,S3-164750992,S3-1906275,S2-386664730,S3-15957984,S2-141927104,S3-199624342,S2-773267292,S2-3361485,S2-775425416,S3-414026743,S2-215029777,S2-452934392,S3-51040018,S3-160356845,S2-339135081,S2-71130755,S2-761459813,S3-320081424,S3-472238516,S3-311580311,S2-161422253,S3-241304152,S3-122827886,S2-644344149,S2-900728270,S2-492688125,S2-805980077,S3-496534080,S2-187727442,S2-511109504,S2-525425556,S3-309769910,S2-302022404,S3-493846641,S2-223290289,S3-390584244,S2-144736403,S3-168554976,S2-540370049,S2-901544239,S3-377272337,S2-133962980,S2-345397650,S3-190396563,S2-794349110
S1-513198302	S3-954340342,S2-349007439
S1-997450253	
S1-845929181	S3-902383139,S3-905237524,S2-884431259,S2-841406142,S2-127361516,S3-874516401
S1-882796400	
S1-423722776	S3-250193542,S2-436140462,S2-547617311
S1-734555291	
S1-467166423	
S1-851334426	S3-261935142,S2-917698035,S2-884019822,S2-633697608,S3-779258178,S2-616375372,S2-338411470,S2-582972507,S2-633012840,S3-678788683,S3-108661380,S2-71958034,S2-369546644,S3-884070059,S2-899044307,S2-407033938,S2-253264903,S3-751712066,S3-793791664,S2-334550068,S2-833106025,S3-725127118,S3-228774122,S3-690026318,S3-539643381,S2-818836648,S3-97079545,S2-321632581,S3-876820228,S3-31039120,S3-37382531,S3-573525407,S3-570874148,S3-55433316,S2-694973521,S2-533741158
S1-439680514	S2-130680691,S2-115770378,S2-891161363,S2-78474949,S2-85289298
S1-70355457	S2-977362191,S3-27411266,S3-549128463
S1-464797359	S2-839631876,S2-575760235,S2-778011611,S2-244011179,S3-276128090,S3-352806243,S2-761505735,S3-19039717,S2-866510554,S2-457908973
S1-470928762	S2-535985541,S2-390131914,S2-470861388,S2-477486013,S2-566446279,S2-585726411,S2-2035984,S2-401698859,S2-49265478,S2-971748520,S2-695588359,S2-520641940,S2-472404132,S2-717525852,S2-400475515,S2-334917739,S2-229434487
S1-6452507	S2-519241866
S1-677061945	
S1-701892935	S2-721049565,S3-871141022
S1-610164964	S2-127291960,S3-433446404,S3-146737822,S2-267765214,S2-783711549,S3-237945807,S2-585491591,S3-667465904,S3-442193587,S3-439070366,S3-6214004,S2-334668563,S3-172516626,S3-16963268,S3-584163261,S2-672365176,S3-955309634
S1-83314419	S3-280495401,S3-652860181
S1-176547366	S3-802045178,S3-585473339,S2-531181530,S2-416986535,S3-379578845
S1-173218122	S2-873956944
S1-320142671	S3-898844871
S1-757977718	S2-188003961,S2-920109004,S2-420701304,S2-491748471,S2-509521063,S2-730924879,S2-137714064,S2-884123437
S1-243527550	S2-321092368,S3-884913628
S1-571465398	S2-872076124,S2-659635024,S2-222425977,S2-805213044,S3-469183225,S3-602039910,S3-380494310,S2-991748927,S2-345391217,S2-205646360,S2-428115412,S2-569990287
S1-100979361	S3-393035340,S3-790083222,S2-753973677,S3-279125295,S3-388848,S2-660791587,S2-512506345,S2-420647716,S2-504124615,S2-875948581,S3-145205935,S3-173469938,S3-648835457,S2-198437520,S3-28680023,S3-509376478,S3-418637575,S2-516669821
S1-253633038	S2-698358405,S2-301142885,S2-385676064,S2-418643540,S2-450211512,S2-773546208,S2-110899258,S2-410639548,S2-804194449,S2-163134741,S2-588548717,S2-256072418,S2-782058062,S2-514238372,S2-582646612,S2-249529752,S2-144364980,S2-528025382,S2-50564377,S2-815397235,S2-72908555,S2-789306297,S2-814214685,S2-498618273,S2-171964628,S2-77698963
S1-902339398	
S1-279014952	
S1-298877090	
S1-659880907	
S1-538636180	S3-110252160,S2-293477230
S1-417572419	S2-452472029,S2-298054915,S2-703121772,S2-234674186
S1-828456943	
S1-234423373	
S1-899495608	S3-441340589,S3-120427011,S2-239507156,S2-43113841,S2-841156750
S1-49570634	
S1-525822765	
S1-787025067	
S1-287666599	
S1-673040139	
S1-264758485	S2-254246923,S2-197625341,S2-83676479,S2-965240012,S2-83232593,S2-408074053,S2-105732154,S2-552428086,S3-96152763,S2-73305400,S2-951699064,S2-899234382,S2-95522956,S2-90449558,S2-323015893,S2-264471824,S2-709110397,S2-99022571,S3-619658095,S2-494346051,S2-63319373,S2-60219940,S3-977242750,S3-310335810,S2-73721821,S2-209013801,S3-340406137,S2-82904663,S2-223255462,S2-693219987,S3-701141058,S3-307706042,S2-300083728,S3-83930885,S3-601372818,S3-424354096,S3-490941185,S3-815604407,S2-761679762,S3-823861029,S3-793692457,S3-124815563,S3-341467352,S3-198531762,S3-411501971,S3-254084719,S2-913289229,S2-153036511,S2-362214555
S1-590221431	
S1-752838534	
S1-992392548	
S1-736903406	
S1-566250265	S2-219134396,S2-168606948,S2-424804687,S2-441057858,S2-516317754
S1-393746933	
S1-81537455	S2-597170620
S1-813278276	
S1-950070723	
S1-51402971	
S1-924413564	
S1-828056863	
S1-164813708	
S1-401123521	S2-512094322,S2-127854332,S2-617410053,S2-38082880,S2-200011828,S2-288522089
S1-798970125	
S1-379282972	
S1-444208330	
S1-410474103	
S1-995209940	S2-365061259,S2-262928840,S2-702618819,S2-224657764,S2-16084621,S2-365215605,S2-37188246,S2-443243519,S2-716039525,S2-200405042,S2-736585370,S2-595732759,S2-333562392,S2-431435374,S2-401594094,S2-117258626,S2-522928762,S2-262413466,S2-662994229,S2-569438165
S1-880324939	
S1-108075743	
S1-414106970	
S1-296658329	
S1-131616589	S3-57341863,S2-699989363,S3-53086075,S2-550938181,S3-842477340
S1-184883568	S3-160710413,S3-674171716,S3-950496170,S2-712748272,S2-687223409,S2-796579511,S2-234053799,S3-441375024,S2-652409191,S3-227891058,S2-289621638,S2-853563303,S2-258472471,S3-428568551,S2-630698480,S2-514460657,S2-471623340,S3-698867281,S2-127291960,S3-558551614,S3-234621464,S3-573468067,S2-179192369,S3-885364674,S2-595936663,S2-12727760,S3-971660900,S2-904997122,S2-185370872,S2-956449162,S3-821392298,S3-386969349,S2-598499244,S3-406467254,S2-238815330,S2-593281772,S3-59817546,S2-251115314,S3-915067261,S2-637828653,S3-735577974,S3-29765600,S3-145052925,S2-427060894,S2-341685028,S2-645037504,S3-344025062,S3-715221582,S2-344883620,S3-667465904,S2-785204544,S2-359010929,S3-246270956,S2-398348129,S3-473197201,S3-831376498,S3-172516626,S3-16963268,S2-672365176,S3-584163261,S3-955309634,S3-544736730
S1-538082631	
S1-667751699	S3-303086841,S2-4985468
S1-4402005	
S1-155505115	S2-500991462,S2-691670898,S3-58947233,S3-791475604,S2-490506079,S2-532017207,S2-395019189,S3-403211523,S2-378492630,S3-866774724,S2-767322313
S1-955829630	S3-957498534
S1-652366527	
S1-469595223	
S1-718184733	
S1-712291565	S2-362767963,S2-523134059
S1-40806523	S3-281487737
S1-823468609	S2-20933279,S3-952220644,S3-948731453,S2-215874169,S3-925631694,S3-374469938,S2-419007959,S3-451809874,S2-798676930,S2-736616474,S3-828206510,S3-445104888,S3-41294756,S2-514348383,S2-97953505,S3-881118027,S2-876845419,S2-655940727,S2-946547363,S3-981519729,S3-339804248,S3-433362289,S2-121416707,S2-308862967,S3-793817926,S3-361432441,S3-231412481,S2-680265918,S3-461175723,S2-194902302
S1-491232871	S3-87095589
S1-856779985	
S1-175285229	S2-981160021,S2-179138198,S3-348550473,S3-383057808,S3-125440026,S3-417262441,S2-908257933,S2-367013531
S1-798863140	S3-150626033
S1-824076722	S3-954877121
S1-859043162	S2-723783175,S2-895188960
S1-391448154	S2-344230280,S2-931673932,S3-237380557,S2-660866709,S2-170695269,S2-509639881,S2-140501584,S2-880969832,S2-47203536
S1-180523534	S2-934567866,S3-459305509,S2-269277729
S1-164676607	
S1-425964729	S2-241443288
S1-947201313	S2-389698795
S1-573200	S2-678599482,S2-350793982,S2-529959614,S2-30372846,S2-668845585,S2-219033561,S2-192640484,S2-564437098,S2-228916470,S2-498618273,S2-815397235,S2-652466455,S2-449660771,S2-448733775,S2-596268411,S2-149320319,S2-465983582,S2-171964628,S2-77698963
S1-303691212	S2-446261879,S2-33885009,S2-324358182,S2-306392202,S2-131182559,S2-211233868,S2-110821807,S2-237522048,S2-467918977,S2-812675112,S2-12781223,S2-256781534,S2-357528125,S2-352405011,S2-661128680,S2-675822376,S2-875986261,S2-475245312,S2-876318509,S2-160980423,S2-688422676,S2-353457949,S2-229969412,S2-684648142,S2-322900048,S2-479111476,S2-774512583,S2-339186553,S2-385987931,S2-299665429,S2-206901220,S2-815912416,S2-157109150,S2-12135431,S2-778419554,S2-139145704,S2-791711694,S2-776722434,S2-105719821,S2-735153377,S2-333783469,S2-87690299
S1-921706387	S2-345391217,S2-428115412,S3-380494310,S2-659635024,S2-222425977,S2-805213044,S2-205646360,S3-602039910,S3-469183225,S2-930683992,S2-569990287,S2-872076124
S1-866022981	S2-143399
S1-835676480	
S1-39401877	
S1-174390454	
S1-946744214	
S1-425616377	S2-501566135,S2-160268141
S1-780502827	S2-723261550,S2-794116158,S3-582555375,S3-856521630,S2-902347171,S3-146291028,S2-704766324,S3-141114669,S2-123998332
S1-892372706	S3-566216167,S2-601815656,S3-356623615,S3-205351946,S2-560005387,S2-629060014,S2-359421622,S3-633003742,S2-270300229
S1-493363382	S2-919906404,S2-737010497
S1-856518038	
S1-971104153	S2-368323093,S2-855020475,S2-118368734,S2-154773553,S2-894647426,S2-431658688,S2-392014116,S2-293477230,S3-110252160,S3-301991120
S1-809330920	S2-934983526,S2-140501584
S1-68626877	
S1-84850234	
S1-137875047	
S1-709699522	S2-593196534,S2-840451578,S2-334579497,S3-496867691,S2-762888161,S3-541813140,S2-567326602,S2-567462961,S3-334249128,S2-740294116,S2-567929214,S2-810052978,S3-303204373,S2-834148564,S3-81932792,S3-699026722,S3-938020359,S2-551360770,S3-715699088,S2-150101348,S2-972889340,S3-189084854,S2-347521078,S2-939068466,S2-897568013,S2-152120086,S2-118195544,S2-409929288,S3-591429403,S3-900595255,S3-163668779,S2-75088217,S2-380788632,S3-564151203,S3-151381602,S2-413861792,S3-660154408,S2-739279054
S1-959671957	
S1-641622504	
S1-264833805	S2-552224337,S2-994259151,S2-459696168,S3-180857360,S3-211860383,S2-720115596,S2-692242340,S2-414650666
S1-460845609	S2-642731145
S1-570687888	S2-241397864,S3-925057665,S2-965171829,S3-45586223,S3-644916995,S3-560791095,S3-13718201,S3-185129893,S3-769355954,S2-727701442,S2-827455267,S3-461493944,S3-520134808,S2-418473945,S2-586567836
S1-691479068	S2-319946546,S2-677553439
S1-775133516	
S1-255065121	S2-6843168,S2-449269071,S2-405255576,S2-216363771,S2-4852609,S2-578666285,S2-307854304,S2-171220932,S2-531662579,S2-578558365,S2-449675768,S2-612884808
S1-25183991	
S1-838183517	S3-353797445
S1-931228719	S3-405636483,S2-356934572,S3-625342608,S2-551379749,S3-241416723,S3-453876974,S3-478283718,S2-54604875,S2-741346201,S2-963631542,S3-412676114,S3-641917269
S1-115026316	
S1-355685907	S2-898349222,S2-350098288,S2-827401264,S2-504564891,S2-815184857,S2-118058131,S2-419972975,S2-889748797,S2-596088098,S2-912780073,S2-313620116,S2-428220378,S2-509521063,S2-730924879,S2-137714064,S2-816411639,S2-261085201
S1-286994042	
S1-681392030	
S1-816350345	S3-441570444,S3-200493620,S3-245399576,S3-768979773,S3-445394051,S3-356635187,S2-190859864,S3-33123260,S3-479136929,S3-504749716,S2-162996357,S2-172628063
S1-28971575	S3-758749976,S3-1095114,S2-629573383,S2-481719154,S3-744115010,S2-114923918,S3-585096773,S2-882767563,S2-744975512,S2-492424717,S2-480420010,S2-952551714,S3-604203791,S3-883867506,S3-886297878
S1-165673175	S2-908964557,S2-730901035,S2-154321276,S2-79804194,S2-341000745,S3-336539187,S2-780959934,S2-94778253,S2-367521742,S2-136440016,S2-967997351
S1-55790876	
S1-289477063	S3-390693190,S3-828624547,S2-853561220
S1-908551239	S2-365764277,S3-407990991
S1-440648846	
S1-974645096	S3-194183087
S1-107252663	
S1-186487137	
S1-374088570	S3-20382145,S2-322399037,S3-873046404,S2-583105633,S2-199382830
S1-786170207	
S1-914958503	S2-55464322,S3-20527341
S1-221823648	
S1-223974265	S2-906092640
S1-958139421	S2-965318431
S1-920341118	
S1-70365948	S2-194788715,S2-52258215,S3-465142196
S1-937984740	
S1-679660495	
S1-662125193	
S1-892864684	S2-487105579,S2-673392824,S2-992606611,S2-146090465,S2-85593314,S2-539376491,S2-998382101,S2-996323374,S2-733237639,S2-725719816,S2-617260223,S2-255953911,S2-561903626,S2-382291687,S2-579702952,S2-9969781,S3-130280669,S2-25986744,S2-253758910,S2-534309499,S2-770742526,S2-587227192,S2-177777608,S2-110019645,S2-460464200
S1-542279914	
S1-109545202	
S1-350433118	
S1-419235241	
S1-766866439	
S1-707048164	
S1-945702783	
S1-596459711	
S1-379992117	S2-899215861,S2-709432442,S2-430949689,S2-28701385,S2-718026833,S2-236947103,S2-485234501,S2-310304762
S1-554153436	
S1-76844593	S2-676253350,S3-196854838
S1-424209592	
S1-424010232	S2-754967059,S3-588279892,S3-6484481,S2-155533026,S3-462649864,S2-612164988
S1-7101839	
S1-593819345	S2-196078923,S3-632600724,S2-699953766,S2-644926234
S1-367749530	S2-801076368,S2-237091054
S1-549070553	S3-328876979,S3-802211286,S3-182707711,S3-221900535,S3-538116434,S3-375025626,S3-316499965,S3-753211425,S2-518047487,S2-758096646,S2-589607485,S2-849572392
S1-547547561	
S1-198832266	S2-937482160,S3-2123184
S1-57861376	
S1-414883860	
S1-727987012	
S1-471942318	S2-46397080,S3-771007514
S1-416973921	
S1-945437722	
S1-298646564	
S1-169648109	
S1-821761785	
S1-839504741	S3-508473123,S2-40059826
S1-751295948	S2-644926234
S1-550551866	S3-28118892,S3-296676455,S3-304569563,S3-657195699
S1-154437507	S2-681941147,S2-423100521,S2-860890263,S2-337468809,S2-899578824,S2-759812507,S2-838321405,S2-441594085,S2-230499114,S2-421274182,S2-566345675,S2-425737384,S2-672797856,S2-493596870,S2-621107908,S2-731762629,S2-307895261,S2-349844732,S2-442902415,S2-122140775,S2-256483550,S2-66107949,S2-479285528,S2-853483077,S2-153580989,S2-442722130,S2-775375330,S2-861201345,S2-373552567,S2-732475597,S2-790840546,S2-707364299,S2-349553073,S2-23474383,S2-622481264,S2-162666647,S2-745873332,S2-262471583,S2-342821508,S2-735509914,S2-725866426,S2-589134878,S2-179598886,S2-904674341,S2-859839012,S2-432885029,S2-293972182,S2-307595290,S2-287836977,S2-101677614,S2-893048055,S2-455999140,S2-691718681,S2-287660910
S1-350245409	S2-116308816
S1-458776971	
S1-390189180	
S1-326811583	S2-462123292,S2-439505128,S3-792059934,S3-119587425,S3-756399481,S2-939193282,S2-852544934,S3-651836690,S2-809565748,S2-803801624,S2-414729973,S3-647078832,S3-843306882,S2-627606484,S2-589618731,S2-174546090,S3-896341416,S2-79285098,S2-159002608,S2-859430543,S3-706502211,S3-373976200
S1-830802523	
S1-78424718	
S1-502280437	S3-153180176,S3-101278872,S3-969473434
S1-331722877	S3-722199372,S3-24153355
S1-900870097	S3-319996523,S3-748093623,S3-652936759,S3-183575506,S3-812920908,S2-847928686,S2-528703875,S3-816716333
S1-371921281	
S1-960782355	S2-226405894,S2-550290248,S3-415432962,S2-964785550,S2-154966534,S2-646077972
S1-628250332	S2-959640908
S1-278047041	
S1-148678669	S3-273557852
S1-887329419	
S1-220560462	
S1-840233923	
S1-285717388	
S1-436849523	
S1-541407190	
S1-254346741	S3-623832380,S2-818305848,S3-923287548,S3-866939718,S3-63461182,S3-960291511,S2-510071279,S2-10419116,S2-246473777,S2-836224104,S2-538876277,S2-14994912,S3-247929179,S3-88806363
S1-321400092	
S1-320133533	
S1-943567970	
S1-553334532	S2-47087232,S2-461120225,S3-256773652,S2-329823413,S3-106914206,S3-186280392,S2-2866163,S2-840280724,S3-34663500,S2-985763575,S3-371166864,S2-889437651,S2-542006042
S1-420313992	S3-693187588
S1-336476210	S2-765620673
S1-830371097	
S1-481242702	
S1-78396716	
S1-767637123	S3-511592689
S1-609880827	S3-13864398
S1-313989365	S2-739135680
S1-847178730	
S1-252433119	
S1-466794996	
S1-663199736	S2-342048437
S1-156899942	S2-156372582,S2-289993468,S2-6736160
S1-505090910	S3-244751796,S3-276147450,S2-129661142,S2-165649102,S2-892516596,S2-233701604,S2-217693187,S2-368020936,S2-349927121,S2-334869461,S3-88748689,S2-425439096,S2-631035436,S3-293244015,S3-879564698,S3-953204079,S2-973292523,S2-759467179,S3-273704167,S2-39889760,S2-540774917,S3-355014269,S2-134129534,S2-429721451,S3-119083528,S3-889983640,S2-765638233,S2-877875891,S3-216612304,S2-742144770,S3-69722673,S2-965962266,S2-705851202,S3-813352567,S2-907587008,S2-716706622,S3-482559512,S3-471594619,S3-949268054
S1-561742625	
S1-219518763	S3-938761667,S3-563312993,S3-679473643,S3-795847236,S2-273260986
S1-496563197	
S1-569600086	S2-432951535,S2-510192086,S2-661128680,S2-486912342,S2-530639029,S2-387866357,S2-689101624,S2-12781223,S2-648926260,S2-158628055,S2-390163518,S2-353457949,S2-830962638,S2-731793189,S2-644857087,S2-833292268,S2-241836868,S2-595793323,S2-256781534,S2-475245312,S2-688422676,S2-357528125,S2-363749565,S2-876318509,S2-211182661,S2-675822376,S2-160980423,S2-286609543,S2-263903751,S2-138907788,S2-125085360,S2-259489816,S2-446261879,S2-316306615,S2-776722434,S2-742191837,S2-774512583,S2-87690299,S2-855560218,S2-740925778,S2-353669951,S2-583046238,S2-791711694,S2-105719821,S2-735153377,S2-333783469
S1-440023753	S3-499635183,S3-175389484,S2-324746252,S3-302006097,S3-665742128
S1-575424563	
S1-684211926	
S1-279736597	S2-961415907,S2-296993408,S2-390131914,S2-329395983,S2-401698859,S2-351531383,S2-834698201,S2-40184714,S2-209628885,S2-526207849,S2-717525852,S2-400475515,S2-334917739
S1-584442364	
S1-493265091	S2-203573701,S2-785164911,S2-374296008,S2-65661329,S2-945333185,S2-696603250,S2-840637264,S2-691479746,S2-76571134,S2-713657075,S2-92430590
S1-554853783	
S1-191756474	S2-198007789,S2-306873271,S2-96305618,S2-366716589,S3-293771553,S2-462868587,S2-217588357,S2-350586891,S2-465443194,S2-460602427,S2-115343573,S2-614078486,S2-407015168,S2-368323093,S3-110252160,S3-301991120,S2-176192534,S2-293477230,S2-84065029,S3-216223789,S2-216860121,S2-142650576
S1-125389787	S3-233662492,S2-414797414
S1-837558861	S2-3091877,S2-686618546,S3-498496151,S2-699870056,S2-849757222,S2-231721415,S2-211971793,S3-676061825,S3-566512004
S1-776557248	
S1-85359133	
S1-593494851	S3-572338828,S2-894007869,S2-461187556
S1-520992658	S2-796475101
S1-176496041	S3-180896839,S2-917253060
S1-100172315	
S1-857915278	S2-505889439
S1-610266870	S3-859090261,S3-451785952,S2-109107262,S2-548540625,S3-252532454,S3-681926238,S2-498171206,S3-359666432,S2-260799992,S2-86343422,S2-714750919,S3-922124683,S2-138596041
S1-60414795	
S1-217571332	S2-986046414,S3-458782873,S3-427091499,S2-723327964,S3-327441900,S3-575066964,S2-206794291,S3-581851069
S1-248350153	S3-970948856
S1-596589446	
S1-841567476	S2-520985670,S2-238740742,S2-316554535,S2-258514425,S2-527535505,S2-530717028,S2-95074262,S2-113599171,S2-784648512,S2-997681197,S2-178367478,S2-741154042,S2-882035228,S2-656372744,S2-959448286,S2-143680470,S2-439587113,S2-560080134,S2-64780820,S3-174144946,S2-431800852,S2-592329684,S3-113480492,S2-366480050,S2-548800301,S2-884112579,S2-288097594,S2-667289877,S2-427952917,S2-373455256,S2-454250437,S2-635069132,S2-418127332
S1-703428973	S3-94029266
S1-56362648	S3-175823786,S2-905164550,S2-172175713,S2-133216960,S3-991575503,S3-558509835,S2-676567040,S3-182531873,S3-39708185,S3-400236849,S2-444778097,S2-653225509,S3-642228704,S3-412212897,S3-27940543
S1-117525650	S3-230664101
S1-82893030	S3-581770123,S3-306876817,S3-519191524,S3-719174716,S2-784718860,S3-498150286,S3-929788561,S2-486528370,S3-384457178,S2-381964521,S3-87696103,S2-335235331,S2-49778907,S3-993065866,S3-748122616,S3-567892808,S3-530748882,S3-270974921,S2-262652360,S2-920245998,S2-910757629,S3-938666154,S2-767410938,S3-128469007,S2-946852078,S3-385756329,S2-432742526,S3-92337190,S2-725952998
S1-842247360	S2-880872953,S3-169408950,S2-851819965,S3-944150190,S2-774087123,S2-704267442,S2-747212112,S2-434275741,S2-350732497
S1-321907297	
S1-326960507	S2-997087610
S1-466401281	S3-361166079,S3-125065601,S2-948565280,S2-221669172,S2-14656980,S3-106789891,S3-849521015,S2-96933811,S2-10304011,S3-440132454,S2-245398640,S2-11894851,S3-48552906,S3-157187789,S2-210983158,S2-70073568,S2-820799023,S2-735182127,S2-971690720,S3-346018248,S3-388211055,S2-309036642,S3-838325124,S3-773543357,S3-41369159,S3-371004798,S3-828565760,S3-952448125,S3-768306829
S1-343625826	S2-127466452,S2-590497178,S2-195398814,S3-153993979,S2-623695100,S2-638023848,S2-117778034,S2-52227541,S3-145598710,S3-303645750,S2-216784937,S2-127284995,S2-644216795,S2-588536573,S2-261526984,S3-120682093,S2-116143022,S2-107354533
S1-801645099	
S1-690582233	
S1-594543866	S2-151878595,S2-262774967,S2-712631655,S2-114949473,S2-603465974,S2-179832238,S2-781075685,S2-768691037,S2-54987718,S2-31345545,S2-638685196,S2-652433296,S2-77410794,S2-862839325,S2-747796669,S2-357041697,S2-730015433
S1-853130354	
S1-167577766	S3-92435063,S3-576190352
S1-488735192	S2-832711025
S1-921220291	S2-762401713,S3-729420528
S1-109319200	
S1-924297339	
S1-733101088	
S1-202021320	
S1-348316765	S3-52672496,S2-93157796,S2-355105041,S3-557296941,S2-433282618
S1-906572599	
S1-601242427	S3-910113749,S2-43100722,S2-463934196,S3-51906823,S3-163026597,S3-846490653,S2-236595177,S3-865380359,S2-928104975,S3-613806254,S2-207372895
S1-282045327	
S1-901987948	
S1-614982217	S3-121528790,S2-967508302,S3-427944577,S2-68476347,S2-484872768,S2-889343890
S1-872877475	S2-638972720,S3-478740633,S2-155633699,S2-112531767
S1-88592935	S2-616082483,S2-397619252,S2-649384751,S2-841119001,S2-661268851,S2-357135493,S2-806426504,S2-379917486,S2-22164316,S2-266144148,S2-790234687,S2-806468917,S2-272800175,S2-698328473,S2-524955460,S2-10763922,S2-823529389,S2-709826429,S2-506710495,S2-158049736,S2-706030014,S2-491849467,S2-367812531,S2-237780269,S2-712338489,S2-113504960,S2-931109853,S2-671099396,S2-432341031,S2-782343040,S2-759917947,S2-938297699,S2-867098208,S2-836747571,S2-525862775
S1-621761582	S2-983437274,S3-821506373,S2-100353798,S2-882962180,S3-735121555,S3-113175514,S2-14610811,S3-366535659,S3-670718916,S3-27940543,S3-412212897
S1-327553650	S3-381211140,S3-595746038,S2-305347468,S3-737998219,S3-202405755,S2-534783306,S2-179403793,S3-308178777,S3-938883144,S2-757559318
S1-841221633	S2-132745499,S2-895971988,S2-759683786,S2-847553213,S2-817208927,S2-575707861,S2-157807720,S2-196601282
S1-734200028	
S1-474997434	
S1-330039904	
S1-911131495	S3-448496810,S3-443923383,S3-196854838
S1-317277042	
S1-814048116	
S1-472314762	
S1-37359273	
S1-868064087	
S1-142759990	S3-615611250,S2-965544329,S3-141014173,S2-322374241,S3-687944058
S1-716771492	
S1-863887077	
S1-898799870	
S1-780690767	S3-281193138,S3-158005981,S2-870508187,S2-121065236,S2-459696168,S2-994259151,S2-137237854,S2-391744840,S2-692242340,S2-531750060,S2-414650666,S2-201861100,S2-851454400,S2-624376269
S1-378062593	S2-261512231,S2-311391076
S1-295805789	S3-211244974,S3-989407407,S3-293446007,S2-287736515,S2-572627257,S2-649063172
S1-25179165	S2-254606551,S2-765745601,S2-708635638,S2-466413972,S2-528480286,S2-460136490,S3-278790248
S1-122654163	S2-702922305
S1-406704964	S2-309925793
S1-348169318	S3-533986122
S1-544835046	
S1-484133102	S2-247006449,S3-695824400,S2-946999401,S2-314498082,S2-933898303,S2-458077734,S2-432421307,S2-413184009,S3-590032049,S2-492434484,S3-340575802,S2-185146097,S2-750049512,S3-228972860,S2-701639159,S3-84392982,S2-967858020,S2-713561963,S2-623647248,S2-477307971,S2-750551500,S2-794103426,S2-141815024,S2-967845147,S3-22910112,S2-936855211,S2-293495465,S2-120966088,S2-378323612,S2-113203814,S3-692225096,S2-175397364,S2-787585023,S3-819631935,S2-378387029,S2-157501688,S2-39795183,S2-13709160
S1-574922107	S2-413005942,S3-448598719
S1-299519782	S2-977097318
S1-654686958	S3-122250540,S3-780469457,S3-37668346,S3-465908354,S3-910648354,S3-194139699,S3-754720870,S2-829511196,S3-27302712,S3-391842415,S3-144807473,S3-187481083,S2-332139199,S3-198463156,S3-511385451,S3-361038699
S1-509332273	S2-150951010,S2-575519759,S2-69765727,S3-430600994,S2-827706879,S2-749669684,S2-627635433,S2-408527663,S2-348226150,S2-146063669,S2-346884535,S2-926235364,S2-560883845,S2-359215532,S2-769390133,S2-181767769,S3-151249074,S2-721244863,S2-322804386,S2-421716177,S2-146866866,S2-620957678,S2-325289354,S2-90230837,S3-414026743,S2-525425556,S2-855535142,S2-730649105,S2-870569367,S3-399277683,S3-311580311,S3-166829148,S3-527115252,S2-451349609,S3-241304152,S3-160356845,S2-779676252,S2-735010401,S3-394471441,S3-185302345,S2-264926550,S2-891023850,S2-502130238,S2-3361485,S3-360196659,S2-445745013,S2-69336214,S2-103153675,S3-199624342,S2-151577977,S2-843548099,S3-469779777,S3-546004470,S3-382651857,S2-900230114,S3-15957984,S2-606745939,S2-672366545,S2-13394411,S3-1416697,S2-215029777,S2-731516101,S2-889361037,S2-274074222,S2-158073516,S3-164750992,S3-472238516,S2-763311041,S3-373621467,S3-374216090,S2-223290289,S3-496534080,S2-41908129,S2-901544239,S2-133962980,S3-168554976,S2-345397650,S3-377272337,S2-794349110,S2-540370049,S3-190396563
S1-195181543	S3-516606414,S2-757691850,S3-895544214
S1-899424683	
S1-513215566	S3-158005981,S2-851454400,S2-391744840,S2-624376269
S1-552065633	S2-68792225
S1-915362429	S2-538876277,S2-433548881,S3-923068748,S3-420714758,S3-88806363
S1-979860618	S2-380844305,S3-89047684,S2-713844924,S3-748900659,S2-47156516,S3-797408753,S2-584130904,S3-26362601,S3-940647417,S3-753519406,S2-488475367,S2-473044202,S2-255041975,S3-248395390,S2-850892023,S2-397755340,S2-121079549,S3-224645058,S2-246552417,S2-400208514,S3-219183366,S3-904452092
S1-390937720	
S1-915388329	
S1-200656762	
S1-775361341	S3-872487737,S3-652936759,S3-456670870,S3-365726613,S3-769381412,S3-183575506
S1-716955096	S2-400771946,S2-707253226,S2-855880338,S3-339216822
S1-222208388	S3-363935854,S3-268671125,S2-878265976,S2-45747511,S2-668257689,S3-236237306,S2-100961527,S2-872974491,S2-454836919
S1-848114421	
S1-680474567	
S1-385823757	
S1-613457143	S2-294026675,S3-526808622,S3-444770758,S2-114282057,S2-699339386,S3-386821909,S2-227208356
S1-108326575	S3-225625798
S1-663434335	S2-941767664
S1-328105321	S2-871235243,S2-487261682,S2-868258820
S1-544583538	
S1-559951900	S3-874516401,S3-204196840,S3-233903728
S1-436523202	S3-671885817
S1-238274296	
S1-352600381	
S1-236397740	
S1-481032281	S2-191271486,S2-16377238,S3-394177924,S3-285936977,S3-415788717
S1-941569544	S2-244892384,S2-463447267,S2-476789903,S2-809621154,S2-452120619,S2-118256318,S2-507033552,S2-706722151,S3-353702111,S2-932984826,S2-923994427
S1-42531464	
S1-972508292	S3-281518519
S1-334994069	S2-827237320
S1-37071617	
S1-446787657	S2-630673875
S1-117227369	
S1-539053304	S3-155953708,S3-649043455,S3-432783650,S3-153795311,S2-632974409,S2-311018486,S2-500931426,S2-807911977,S3-536301569,S3-57548085,S3-223770854,S3-7179839,S3-111206575,S3-170051519,S3-739124977,S3-77335496,S2-887334928,S3-189202196,S3-451804741,S3-119262899,S3-103791636,S3-752852257,S2-986903609
S1-712766268	
S1-418788596	
S1-603640862	
S1-253565247	S3-291419604,S2-178664085
S1-754570857	S3-964920674
S1-808301478	
S1-395575279	
S1-892042493	S2-552574908,S2-900182532
S1-43464107	
S1-584535237	S3-404074619,S2-630806969,S2-492416277
S1-623889119	
S1-691663442	S2-652940422,S3-600319593
S1-123406737	S2-315732709,S3-970981041,S3-771795518,S3-581095226,S2-542133438,S2-684799340,S3-830475941,S2-385702337,S3-461493944,S2-827455267
S1-390812473	
S1-374959431	S2-346469702,S3-413529352,S2-972846311,S2-410289611,S2-389029862,S3-150160007,S3-209537898,S2-254977967,S3-319758064,S3-170044290,S3-478740633,S2-155633699,S3-351079205
S1-870635515	S2-164061618,S2-997587076
S1-837460284	S3-786041543,S2-738755317,S2-408352123,S2-809642840
S1-983652708	S2-137714064
S1-830412925	
S1-218715962	
S1-722985117	S3-448240127,S3-37668346,S3-910648354,S3-465908354,S2-124599089,S3-725659286,S2-208362849,S3-588634094,S3-835462208,S3-482730056,S2-314889422,S2-957770804,S3-511385451,S3-198463156,S3-361038699
S1-801019538	
S1-261253059	
S1-946741193	S2-540618870,S3-564844905,S2-880816549,S3-660879688
S1-539879230	S2-83796020,S3-127246506
S1-265738186	S2-413392218
S1-696909117	
S1-199483176	
S1-179039599	
S1-373639218	
S1-798361803	S3-677735659
S1-960605766	S2-51370111,S3-767156889,S2-45768307,S3-20145244,S2-664246199,S2-405259584,S3-744380548,S3-969464817,S2-435305662,S2-498579687,S2-888095962,S2-562231400,S2-683458848,S2-160163104,S3-311605874,S3-368223531,S2-528807948,S2-436018272,S2-571157020,S2-343180354,S3-544925633,S3-890170624,S2-326741277,S2-198825615,S2-835642370,S3-752679174,S2-627244188,S3-707526238,S2-645531565,S2-286369022,S3-765352042,S3-444982084,S2-197155931,S2-871678115,S3-784107607,S3-708794267,S2-874066866,S3-782516603,S2-950500992,S3-108445268,S2-388455187,S2-378381254,S2-652252009,S2-955670053,S2-897013488,S3-114057207,S2-502961045,S3-593681495,S3-86092633,S2-769567108,S2-304465196,S3-679767637,S3-655705679,S2-205321115,S2-633973793,S2-558669049,S2-609379029,S3-939755984,S2-482614373,S2-253195767,S2-372157341,S3-402214754,S2-685906093,S2-258531914,S3-854202197,S3-308239228,S3-795256334,S3-527839724,S2-841037990,S2-699599306,S2-15829772,S3-382553271,S2-846811661,S2-310644691,S2-892559512,S3-235752727,S2-871920618,S3-580211298,S2-308140714,S3-496254231,S3-308131479,S2-78074287,S2-689273940,S2-160988895,S3-215540151,S2-150448594,S3-237244013,S3-929713578,S3-931011967,S2-497280515,S3-135657866
S1-313637163	
S1-243801757	S2-794272150,S2-124569614,S2-826287925,S2-467985924,S3-290531826,S3-694058063
S1-184484093	S2-54263095,S3-671171705,S2-298091794,S2-733495175,S3-976105864,S3-424447823
S1-973398451	S3-966218194,S3-919828432,S3-2031084,S2-265990899,S3-499596377,S2-634929055
S1-957648469	S3-527850482,S3-506683334,S3-403135036,S2-489075170,S3-473292756,S3-225910780,S3-901176774,S3-15509962,S2-111395931
S1-862836975	S3-709165996
S1-958740646	S3-17638785,S2-163785018,S2-506361349,S2-957751980,S2-45947912,S3-455018699,S2-961688903
S1-477299338	S3-788948600,S3-724674803,S2-928054459,S3-450695526
S1-135626981	S2-620617205,S2-925837235
S1-274896234	S3-667368937,S3-398847448,S3-191254623,S3-222453609,S3-182531873,S2-737791349,S3-586549163,S3-83457359,S3-921047975,S2-224293301,S2-504381946,S3-412212897,S3-27940543,S3-654815193,S2-128707716
S1-675552533	S2-296231872,S3-901459121,S3-430583169
S1-191917402	S3-76927825,S3-860953324,S3-98907938,S2-99577592,S2-240360706,S2-183545903,S3-169522525,S2-24795043,S2-959419015,S2-714142248,S3-951714665,S3-216454169,S3-574670219,S3-561949674,S2-64546224,S2-166262684,S2-982162234
S1-916949745	S2-307032576,S3-675394736,S3-115610084,S2-580231896,S3-724579025,S2-389144542,S2-743038146,S2-616563119,S2-32583731,S3-712950363,S2-114905552,S2-180742453,S3-534436607,S3-646596253
S1-547546143	S2-616119329,S3-204797159,S3-473220059,S3-510512300,S3-423553648,S3-61492696,S2-773360952,S2-460039844,S2-426902140,S2-464273620,S3-313109239,S3-19276695,S3-374083271,S3-295494196,S2-909290458,S2-765670168,S2-56123358,S2-903981421,S2-598447812,S3-377310522,S2-341105645,S3-152253897,S3-429698185,S3-548351196,S2-519267513,S2-863530983,S3-54951837,S2-842960526,S2-315259606,S3-677688858,S3-585991841,S2-163754935,S3-650698905,S2-84880112,S2-530374423,S2-537554778,S3-143861997,S2-599857100,S2-13904271,S2-229000030,S3-218772551,S2-450936808,S2-777996089,S3-575237915,S2-364893972,S2-776265784,S2-115040976,S2-253281943,S2-454415628,S2-991424102,S2-873243602,S3-197592988,S3-331134376,S3-287116445,S3-564067092,S2-508282528,S2-254145053,S3-668886037,S2-371165238,S2-202962538,S2-968369661,S3-367408440,S3-389250095,S3-535686716,S2-805435500,S2-369446266
S1-473031691	
S1-900274312	S2-913222704,S2-109545102,S2-992392317
S1-168580824	
S1-16689462	
S1-832397184	
S1-970805269	S2-796889356,S3-697536876,S3-649043455,S3-432783650,S3-153795311,S2-630286356,S2-574622330,S2-402590614,S3-7179839,S2-986903609,S3-752852257,S3-451804741
S1-921558237	
S1-650606886	S2-583489416,S3-633749264,S3-965151080,S3-934113162,S2-590947524,S3-812706030,S2-991799043,S2-36076818,S2-437824348,S2-843117095,S2-569320888,S3-612034004,S2-52191434,S2-885653999,S2-142179700,S3-549528939,S3-207943579,S2-834056061,S3-950421484,S3-226370125,S3-863002117,S2-276951536,S2-177619637,S3-276213813,S3-706610115,S3-123893258,S3-39853402,S3-196571424
S1-403253082	S2-985790832,S2-728867657,S2-361249432,S2-11751224,S2-453797636,S2-732481203,S2-638840832,S2-769200446,S2-441057858,S2-43461296,S2-516317754,S2-821272890
S1-766015940	S2-848437803,S2-390872262,S2-635461926,S2-166137675,S2-558248173,S3-65874695,S2-900182532,S2-142543389
S1-751486859	
S1-643802882	S3-627345153,S3-378652249,S3-499300803,S2-685773322,S2-755422031,S3-870604482,S2-149044897,S3-21128846,S3-81341057,S3-654854802,S3-740785174
S1-681201139	
S1-720938641	S2-772143504,S2-298744098,S2-729910101,S2-97051761,S2-229009075,S2-168253995,S3-153149485,S2-907404223,S2-134726523,S2-856954450,S2-50149822,S2-119688774,S2-874200747,S2-854136481,S2-962300938,S2-729765209,S2-111953653,S2-153618817,S3-161130258,S2-359549629,S2-978339219,S2-845890525,S2-841621186,S2-1683369,S3-262305894,S2-91491361,S2-249582358
S1-479811748	
S1-748877611	
S1-498238235	
S1-361263438	S3-288854181,S3-966836125
S1-707236749	
S1-865180372	S2-303262676,S3-605831427,S3-794805480,S3-140295739,S3-623860787
S1-337342340	S2-858967380,S2-350947983,S2-790370274,S2-274211324
S1-179183063	S3-289471783,S2-345444974,S2-979259826,S2-993371238,S3-344640612
S1-449213331	
S1-499844706	S2-591857630
S1-659039108	
S1-300368375	
S1-403168933	
S1-366735642	
S1-830790643	S3-660502929,S3-356643720,S3-648759812,S2-185981663,S3-357550506,S2-776224371,S3-420920643,S3-281061117,S3-155235519
S1-411013981	
S1-402237778	
S1-210805484	
S1-57549624	S2-756848974,S2-642424396,S2-548700789,S2-597653318,S2-252524095,S2-228916470,S2-434122610,S2-107712684,S2-393006321,S2-529632109,S2-582646612,S2-39676027,S2-448718545,S2-178626602,S2-594992634,S2-698358405,S2-358504456,S2-206689911,S2-588548717,S2-256072418,S2-225532345,S2-481772709,S2-348368831,S2-164745612,S2-302258079,S2-244682502,S2-36200495,S2-661539844,S2-1766567,S2-823661059,S2-815397235,S2-498618273,S2-171964628,S2-77698963
S1-793510573	S2-325540470,S2-150079492,S2-802644314,S3-521832759,S2-276951536,S2-52191434,S3-207943579,S2-834056061,S3-226370125,S2-991799043,S2-142179700,S3-612034004,S2-843117095,S2-437824348,S3-950421484,S3-549528939,S2-36076818,S2-569320888,S2-710934195,S3-812706030,S2-654081678,S3-232387152,S2-840571813,S2-606708687,S2-312010791,S2-506398801,S2-249520557,S3-907898048,S2-590947524,S3-662187909,S2-177619637,S2-863195496,S3-863002117,S3-123893258,S3-706610115,S3-276213813,S3-39853402,S3-196571424,S3-751856659
S1-911373323	S2-643072905,S2-860666814,S3-78398255,S2-929276849,S3-864868235,S2-86621461,S3-992847024,S2-497875047,S3-620464346,S3-284106369,S2-360808756,S3-828969039,S2-856790262,S3-786261533,S3-161160393,S2-783009128,S2-37067108,S3-704282438,S2-547055393,S2-303717938,S3-823709100,S3-526450234,S3-7088167,S2-450044511,S2-942888561,S2-950895920,S3-680955378,S2-287826664,S2-78796632,S2-544092002
S1-24519478	S3-462126525,S3-78735904,S2-275857056,S3-563312993,S3-679473643,S2-927684423,S2-259558151,S3-147126661,S3-674944234,S2-371556073,S2-273260986
S1-153314910	S2-889754712
S1-161337311	
S1-808492569	S3-5154643,S3-671001781,S3-58564576,S3-367401300,S2-734928705,S3-764250231,S2-593649617,S2-396321116,S3-949785465,S3-11731436,S2-843621916,S3-261318058
S1-721592216	
S1-53756907	S2-275410177,S3-258911635
S1-284011706	S2-885211447,S3-331104519
S1-376690332	
S1-618544321	
S1-873538908	
S1-420208517	
S1-189935138	
S1-434852732	
S1-106011786	S2-667336308,S2-54797206,S2-477076148,S3-112064429,S2-69184579
S1-487652257	
S1-139403590	S2-328225771,S3-653892892,S2-593117235,S3-121123148,S3-380459629,S2-325113261,S3-838198930,S3-917847584,S3-613536057,S2-211411785,S2-489125381
S1-553735146	S3-392306828,S3-148278525,S3-720542254,S3-944787442,S2-651931697
S1-870902025	S2-125260070,S3-554352466,S2-361000260,S3-549647259,S2-403887208,S2-588308744,S2-507661920,S3-451669699,S2-808688607,S3-198713893,S3-776890116,S3-505931600,S3-745549958,S2-135889565
S1-798978238	S2-550501526,S2-66872234,S3-865819891,S2-696579743,S2-909393104,S2-318858911,S2-33786585,S3-414692533,S2-237197663,S2-951876781,S2-794392489,S2-588373541,S2-6863660,S3-914237298,S2-957307017,S3-397323735,S2-757559318,S2-447939311,S2-238661101,S2-566147672,S3-13938062
S1-187058094	S3-884440519,S3-860338090,S2-384507118,S3-36130462,S2-275314005,S3-210957363,S2-526795754,S3-222433161,S3-305290216,S2-617915628,S2-489977947,S2-277127041,S2-249168069,S3-934716079,S2-643406207,S2-838624523,S3-609327282,S3-968759620,S2-905043820,S2-927514353,S2-43409198,S3-416325464,S3-927467351,S3-174501981,S2-638146969,S3-245937115,S3-489369298,S2-49282451,S3-768574490,S2-267256465,S2-328716317,S3-327814015,S2-697329617,S3-163287721,S2-599619364,S2-775200877,S2-216291150,S2-51460131,S3-665539695,S3-83247506,S2-22414693,S2-160201160,S2-80879569,S3-355886497,S3-543233507,S3-154048776,S2-399340996,S2-326708787,S3-11841972,S2-159748356,S3-320205522,S2-783200261,S2-79106063,S2-481308310,S3-408777960
S1-549086594	S3-133350303,S3-802772895,S3-774379715
S1-669418249	
S1-666553695	S2-415094438,S2-399741745,S3-635163210,S3-800373176,S3-56547092,S3-252532454,S3-681926238,S2-812234458,S3-402973010
S1-256542131	
S1-976927639	S2-326079630,S2-347417379,S2-647453818,S2-354668833,S2-327426931,S2-391275741,S2-819424842,S2-102331861,S2-723163255,S2-140526794,S2-579157671,S2-648006387,S2-323819437,S2-585483606,S2-135384077,S2-716002301,S2-628078119,S2-233010987,S2-110802997,S2-108871171,S2-12575492,S2-671868851,S2-760947511,S2-656724503,S2-728291907,S2-452457309,S2-136894372,S2-730852516,S2-545606373,S2-384986812,S2-454801715,S2-715162081,S2-22851635,S2-487074065,S2-718110993,S2-727306054,S2-244185385,S2-108255677,S2-284447386,S2-343249303,S2-172418935,S2-312057229,S2-288977263,S2-372363817,S2-405701199,S2-591032606,S2-332016410,S2-71670232
S1-153612711	S2-73307398,S2-421394495
S1-394593621	
S1-280808416	
S1-204794934	S2-490387106,S3-563320487,S3-468295066
S1-484961803	
S1-622874768	S3-930667296,S2-824058655,S2-311321885,S3-312769838,S3-424493319,S3-494703789,S3-49372074,S3-827405706,S2-757559318,S2-566147672,S3-13938062
S1-904228116	S2-205364902,S3-815486214,S2-596432342,S3-94893528,S3-492367560,S2-794627014,S2-87275632,S3-217720108,S3-215102083,S2-485671283,S3-46768834,S3-383037521,S2-474347321,S3-587883437,S2-471586982,S2-319959493,S2-529516858,S3-377823013,S2-981288433,S3-811674419,S2-655620152,S2-12968289,S3-841132088,S2-857322860,S3-466425674,S2-438894107,S3-233305147,S2-584532464,S3-636148024,S3-476544451,S2-607671754,S3-651246765
S1-564729135	S2-455679736,S3-316535295,S3-887861415,S3-362251097,S3-851356994,S3-858779037,S3-974584752,S2-608426330,S2-746345044,S2-180805168,S2-146924076,S3-968256261,S3-291725492,S3-914714358
S1-277140469	
S1-917085859	S2-92739677,S3-328149806
S1-421901356	S2-384986812,S2-196529174,S2-642386828,S2-760947511,S2-848793642,S2-564824577,S2-644705796,S2-487074065,S2-842834677,S2-649479648,S2-519587507,S2-383026734,S2-162958155,S2-336328397,S2-731941810,S2-172418935,S2-586145543,S2-512297695,S2-716002301,S2-284447386,S2-454801715,S2-110802997,S2-645819700,S2-332016410,S2-715162081,S2-591032606,S2-727306054,S2-71670232,S2-405701199
S1-28577691	
S1-366242630	S2-168875948,S2-475198331,S3-358863629,S3-14820683,S3-138614111,S2-2120243,S3-333486763,S2-715433794
S1-818416113	
S1-548090179	S2-887498830,S2-205198310,S2-209159540,S2-195574295
S1-98168281	
S1-328447918	
S1-994954926	S3-536380620,S2-656246788,S3-366306886,S2-807498603,S3-624004443,S2-378594731,S3-279125295,S3-203282428,S3-899886482,S3-851392145,S3-66036293,S2-551889486,S2-566684367,S3-414877849,S2-400437689,S3-132446852,S3-234432919,S2-235879870,S2-373006692,S2-678758834,S3-870753181,S2-316024368,S2-857650841,S2-420647716,S2-695941387,S3-770352126,S3-145205935,S3-648835457,S3-173469938,S3-388848,S2-875948581
S1-768087173	S2-529309853
S1-459868019	S3-554239363,S3-450890505,S2-850315061,S3-685835939,S3-301935265,S2-983827561,S3-802490649
S1-407867221	S2-427343789,S2-382912544,S2-593276182,S2-282338612,S2-57054764,S2-993136015,S2-371165238,S2-252848787,S3-295494196,S2-84880112,S2-978932161,S2-530374423,S2-56123358,S2-688812645,S3-54951837
S1-998375147	S2-982837782,S3-558246344,S2-437333410,S2-614188293,S3-517676150
S1-618707493	
S1-803859993	S3-133475797,S2-481888546,S2-977097318,S2-488229934
S1-528021997	S2-370304218,S2-523828058,S2-732348214,S2-905102370,S2-827557278,S2-728766510,S2-771477725,S2-419659715,S2-36285484,S2-114949473,S2-717457275,S2-145634817,S2-346222185
S1-426144880	S3-512441534,S3-860953324,S3-254337295,S3-327816282,S3-266346136,S2-641666475,S2-959419015,S3-144415837,S3-397887459,S3-710478737,S3-98907938,S2-341854825,S2-810869356,S3-305259031,S3-284686530,S2-458256156,S3-57036928,S3-574670219,S3-561949674
S1-397453629	
S1-905606216	S3-517050609,S2-527995036,S2-178249934,S3-841707544,S3-651376464
S1-585509512	S2-454077168,S2-349746325,S2-221468906,S3-73397530,S3-843358137,S3-935308831,S2-690923110,S2-841661802,S3-991992721,S3-688033929
S1-588255571	S2-700513429,S3-749907829,S2-984591112,S3-226811143,S2-241295043,S3-181746850,S3-614041939,S3-827253506,S2-837999335,S2-17449532
S1-236312382	S3-854580111
S1-350095841	S2-577328632,S2-353726538,S2-624780708,S3-345483970,S2-825961227,S2-870439666,S2-848243024,S2-265992450,S2-27012953,S2-174474102,S3-304112587
S1-936989032	
S1-561721636	S2-603036358,S3-117656314,S3-845021083
S1-719556755	
S1-945077204	
S1-795559136	S2-964199454
S1-696954397	S2-631999902,S3-568305051,S3-136184348
S1-564026363	S2-520239223,S2-361743784,S2-316554535,S2-95074262,S2-741154042,S2-258514425,S2-751365543,S3-198503872,S2-530717028,S3-151781408,S2-667289877,S2-373455256,S2-427952917,S2-454250437
S1-807527947	S2-840565535,S2-661475178,S2-774649998,S2-374959935,S2-770859792,S2-390595351,S3-334677842,S2-721982848,S2-309615148,S2-178364993
S1-355266439	S2-963610276,S2-395989132,S2-21962339,S2-811931836,S2-591172992,S2-718152245,S2-451476932,S3-189175578,S2-987611867,S2-256237785,S2-422948650,S2-180134885
S1-869118709	S3-833164157,S2-408544919,S3-192402236,S3-485092436,S2-634309864,S2-381661909,S2-634997087,S3-714367346,S3-695744748,S3-811359647,S3-276650556
S1-854207766	S2-202538022
S1-720206442	
S1-936443037	S3-819044944
S1-897422624	S2-788631280,S2-716002301,S2-545606373,S2-730014105,S2-645819700,S2-110802997,S2-606258540,S2-341394500,S2-177628668,S2-628740522,S2-803041670,S2-405701199,S2-727306054,S2-332016410,S2-591032606
S1-613517393	S2-649519831,S2-593664813,S3-945806165
S1-193524792	
S1-906423755	S2-586842600,S2-77983015,S3-614694143,S2-317869422,S2-471814700,S2-776238938,S2-237942590,S2-244199728,S2-457922710,S2-914745374,S3-512029235,S3-653733974,S2-1110482,S2-739127679,S2-978803984,S2-240845455,S2-352238141,S2-51194900,S2-651378765,S3-509232212,S3-633143546,S2-58409496,S3-608989900,S3-166201816,S2-481626882,S3-136830931,S3-233897163,S2-308963995,S3-158909971
S1-256480068	
S1-243849821	S2-854729013,S3-453723305,S2-391923408,S3-720542254,S3-148278525,S3-935912987,S2-550075337,S3-785243635,S2-498753394,S3-430723846,S2-651931697
S1-83307865	S2-250204631,S2-139063576,S3-939255752,S3-115016831,S2-591119790,S2-527208784,S3-694412480,S2-754171782,S2-555512633,S3-683514148,S3-975737769,S3-772682892,S2-294164481,S3-600114866,S3-958916242
S1-604847839	S2-10598620,S2-706820189,S2-654753900,S2-385885037
S1-868488947	S2-691192967,S3-499441659,S2-481785227,S3-11427376,S2-430355611,S3-112228889,S2-35456195
S1-352328499	S2-890189149
S1-563382731	S2-69144283
S1-667800903	S2-600409962,S3-52166335,S2-380691946,S2-799745101,S2-558248173,S3-65874695,S2-900182532,S2-629292074,S3-27338974
S1-566012078	S2-492226967,S2-733600601,S2-783612581
S1-59305245	
S1-87702457	
S1-869420577	
S1-514591654	S3-646036727,S3-146718733,S3-365536973
S1-642032166	S2-958950474,S3-394553751
S1-721254668	S3-525761296
S1-943187307	S2-484194691,S2-84241377
S1-333207746	
S1-365672071	S2-826060272,S2-98410176,S3-124791977,S2-837508674,S3-647956963,S3-397830582,S3-864117905,S3-107882656,S2-310645685,S2-741759843,S3-846362109,S3-725197703
S1-452737699	S3-528114324,S3-453876974,S3-478283718,S2-2552865,S3-206400358,S3-938728257,S3-241416723,S3-456394361
S1-932397839	
S1-924136701	S2-123507309,S3-311531750,S2-920221386
S1-174758675	
S1-319826201	
S1-272091966	
S1-887118742	S3-947496562,S3-314352714,S2-534418356,S3-556997978,S3-705820684,S2-957642302,S2-59236714,S2-399039160,S2-492888262
S1-766482715	
S1-50925734	S2-947252841
S1-354996295	
S1-859395027	S2-553793346,S2-562279908,S2-654916655,S2-528088314,S2-101574814,S2-650105578,S2-112980381,S2-453693150,S2-269347338,S2-615462581,S2-106902974,S2-624580053
S1-45318326	
S1-526349990	
S1-402744932	
S1-619173831	S3-550088801,S3-281859755,S3-925750740,S3-189893840,S2-338578589,S3-705091593,S3-61466907
S1-960357563	S3-814857567
S1-236295728	
S1-311486232	
S1-761648489	
S1-921225809	
S1-551617811	
S1-644586610	S2-151298480
S1-491313845	S3-46725398,S2-463989480,S2-848437803,S2-595041353,S2-390872262,S2-980392060,S3-568167574,S2-672638076,S2-635461926,S3-278969086,S3-452588062,S3-65874695,S2-558248173,S2-629292074,S3-590024645,S2-900182532,S2-142543389,S3-363650733,S3-358809868,S3-27338974
S1-823609361	
S1-520089442	S3-677964678,S2-521859773,S3-382134067,S3-393442672,S3-12167004,S2-114503889,S3-632894548,S2-30971794,S2-496699317,S3-340577897,S2-732638071,S2-88492775,S2-142179700,S3-809251754,S2-91503311,S2-991799043,S3-207943579,S2-52191434,S2-843117095,S3-549528939,S3-705619816,S3-950421484,S2-834056061,S3-226370125,S2-36076818,S2-455157183,S2-569320888,S2-196263187,S2-235943013,S2-654081678,S3-785396649,S2-501901045,S2-637160760,S3-710729991,S2-80219941,S2-850338675,S2-130050547,S3-863002117,S3-276213813,S3-706610115,S3-123893258,S3-39853402,S3-196571424
S1-647498564	
S1-911150048	
S1-909764447	S2-253220239,S2-282681210,S2-498585240,S2-616791145,S3-715699088,S2-632530235,S3-334249128,S2-285814995,S2-558090285,S2-578045215,S2-762888161,S3-303204373,S3-763717780,S3-938020359,S2-740294116,S3-189084854,S3-323550076,S2-567929214,S2-567326602,S2-567462961,S2-33011673,S2-551360770,S2-150101348,S2-810052978,S2-834148564,S3-699026722,S2-972889340,S3-81932792,S3-903700835,S2-939068466,S3-679385217,S3-519188137,S3-151381602,S3-737754113,S3-564151203,S2-413861792,S3-660154408
S1-118186228	S3-902579749,S2-21458643,S3-203911406,S3-841218744,S3-148688330
S1-931077592	
S1-228298454	S2-822685269,S2-694069746,S2-31886085,S2-526888719,S2-608628306,S2-737516222,S2-985040511,S2-382418837,S2-701845970,S2-996787820,S2-71480360,S2-69040924,S2-831993179
S1-332790057	S3-285580842,S2-255308360,S2-46538175,S3-709053276,S3-8961753,S2-789671781,S2-677218888
S1-843616710	S2-73307398,S3-547461133,S2-389610073,S3-824045193,S3-239535509
S1-598648941	S2-932633525
S1-373457471	S2-865924013,S2-759795387,S2-803878780,S2-785255930,S3-353345004,S3-654020794,S2-763063986,S3-944940220,S2-858606143,S2-638375186,S2-49875761,S2-327669113,S2-91298500,S2-84651473,S2-69159577,S3-523165122,S2-249268536,S3-152756395
S1-939058378	S2-695276894,S2-614188293
S1-50157089	S2-647114126,S3-760001445,S3-100281171,S2-460654776,S3-54506026,S3-637311800,S3-513980368,S3-344441552,S2-149765951,S3-239724885,S2-998716769,S3-97056794,S2-319759458,S2-63030452,S2-79985512,S3-813770733,S2-951872715,S2-116109113,S3-829652692,S2-7842667,S2-646814786,S3-691530908,S2-10223294
S1-502049068	
S1-645049490	S3-534514289,S3-119602917,S3-328149806,S3-876221955,S2-365426762,S3-435515690,S3-270081662,S3-481247345
S1-208259086	S2-413184009,S3-590032049,S3-340575802,S2-458077734,S3-84392982,S2-247006449,S2-750049512,S2-492434484,S3-695824400,S2-946999401,S2-314498082,S2-933898303,S2-701639159,S2-185146097,S2-432421307,S3-228972860,S2-713561963,S2-13709160,S2-623647248,S2-750551500,S2-175397364,S2-787585023,S2-794103426,S2-477307971,S2-378323612,S2-39795183,S2-378387029,S2-46677929,S2-157501688,S2-967845147,S3-692225096,S3-381821363,S2-293495465,S3-22910112,S2-113203814,S3-819631935,S2-936855211,S2-120966088
S1-924768035	S2-288862742,S2-498835407,S2-405121183,S2-992930351,S2-151590877,S2-36743305,S2-732481203,S2-43461296,S2-516317754,S2-821272890,S2-441057858
S1-558011533	S2-230344467,S2-923500757,S2-883612706,S2-771746663,S2-472900054,S2-19245434,S2-38827079,S2-234699109,S2-550225052,S2-4615798,S2-433860699,S2-631977552,S2-823944463,S2-75217079,S2-68748027,S2-92322579,S2-730521036,S2-302054007,S2-163395991,S2-447813093,S2-674079903,S2-214114455,S2-414647364,S2-196504480,S2-546445064,S2-76962210,S2-788354095,S2-866466206,S2-576293562,S2-69245191,S2-427062954,S2-413513633,S2-820815164,S2-21605450,S2-317152754,S2-164999379,S2-407149621,S2-474308490,S2-361211798,S2-122201731,S2-150975970,S2-886436274,S2-576940662,S2-817607055,S2-437281736,S2-424954698,S2-456194866,S2-924111301,S2-502816364,S2-485793518,S2-499027495,S2-372385754,S2-857262168,S2-560955461,S2-260117127,S2-338006175,S2-30382724,S2-81925251,S2-20213851,S2-860355097,S2-583339726,S2-840714314,S2-876924172,S2-471908725,S2-493611809,S2-213277943,S2-342987051,S2-171227599,S2-287656003,S2-478976831,S2-545302890,S2-306289434,S2-183518047,S2-291644849,S2-594646994,S2-56465834,S2-436744512,S2-405105351,S2-270502309,S2-528473005,S2-790285699,S2-415670729,S2-600904389,S2-331873332,S2-316896911,S2-52804522,S2-587732158,S2-226494608,S2-842081349,S2-842721511,S2-272609403,S2-170100406,S2-690655838,S2-56576313,S2-702366846,S2-875893829,S2-762695364,S2-765870100,S2-35322068,S2-337420573,S2-668971573,S2-579633576,S2-3319138,S2-739386823,S2-790170069,S2-458585786,S2-424387851,S2-635487150,S2-894769041,S2-835449021,S2-223503487,S2-508344439,S2-843635430,S2-433032085,S2-195534419,S2-108572031,S2-922996171,S2-525991458,S2-879328812,S2-278381110,S2-186467125,S2-748331160,S2-512739397,S2-261461828,S2-834709327,S2-457106884,S2-479048111,S2-480944369,S2-810475663,S2-229525660,S2-418436422,S2-914534929
S1-525106846	S3-454526712,S2-479630399,S2-745431033
S1-44019475	S3-218985997,S3-462767372,S2-438001266,S2-55443886
S1-761279766	S2-825293373,S2-867415170,S2-300838785,S3-450162016
S1-752903823	S3-361904822,S3-867340817,S3-609410320
S1-921624599	
S1-523999331	
S1-336587531	S3-479308765
S1-61016123	S2-641526786,S3-806597953,S3-260792982,S2-771642406,S3-618670510,S3-947847463,S3-150343224,S2-76298765,S3-563239493,S2-212889053,S3-756178931
S1-975452002	S2-197077377,S2-649496714
S1-555191033	S2-607574428,S3-606580559,S3-853087291,S2-445206439,S2-760779498,S2-980531726,S2-648060330,S3-418254302,S3-174673311,S2-258667957,S3-409435933,S3-309264131,S3-306622975
S1-40587009	
S1-440802559	
S1-416130915	
S1-830223982	
S1-593999035	
S1-211401849	
S1-596485916	
S1-638466806	
S1-57508614	S2-340559548,S2-198055302
S1-880890425	S2-383368593,S3-594128269,S3-295807089,S3-148506496,S2-239285297,S3-158479579,S3-543504031,S3-198865788,S2-172659489,S3-102693404,S2-507481655,S3-974419359,S2-435086058,S3-109494748,S2-494224415,S2-757944179,S2-727828977,S3-571754888,S3-461726279,S2-791125743,S3-442160789,S3-78708881,S2-374694927,S3-128503790
S1-198174393	
S1-347048251	
S1-160103007	
S1-791934662	S2-233254042,S2-76014254,S2-613337542,S2-238273304,S2-977206465,S2-728867657,S2-845097869,S2-557730532,S2-400381490,S2-769200446,S2-441057858,S2-43461296,S2-516317754,S2-821272890,S2-164001294,S2-366517115
S1-50469196	S2-791442950,S2-132745499,S2-820815336,S2-575707861
S1-322635163	
S1-508306248	
S1-438409093	S3-247235440,S3-909836662,S3-617243387,S2-823011586,S3-200381706,S2-256845882,S3-305418293,S2-230730449,S2-224808217,S3-154354521,S3-11427376,S2-591604693,S3-987241457,S2-290761954,S2-396253366,S3-117595477,S3-134345991,S2-640452120,S3-29539919,S3-319680126,S2-78093822,S2-35456195,S2-430355611,S2-175422550,S3-112228889,S2-574772160,S2-624793890
S1-571777559	S2-785480804,S3-436772924,S3-339542517,S3-443632315,S3-817316267,S2-105326016,S3-445407058,S2-819196119,S2-474177491,S3-27616337
S1-476024246	S2-443984832,S3-196854838,S3-430212410,S2-87935452
S1-915801650	S2-831514104
S1-2706888	S3-239437891,S3-71372524,S3-670725271,S3-834118895,S3-823874060,S3-413668374,S2-219793337,S3-444430560,S3-425686238,S3-456443846,S3-147733146,S3-537818169,S3-347049544,S3-652733194,S3-934449620,S3-507600973
S1-451892808	S2-99841028,S3-174616686
S1-158892085	S2-492951487,S2-81849136,S3-663064957,S3-195961903,S3-239724885,S3-54506026,S3-97056794,S3-100281171,S3-344441552,S3-637311800,S3-760001445,S2-647114126,S3-119929779,S3-513402968,S3-41022751,S2-710093681,S2-240768063,S3-691530908,S2-7842667,S2-10223294
S1-520290406	
S1-630130733	S2-419764225,S3-584381202,S3-133025004,S2-372172880,S3-944444308,S3-814285237,S2-556469960,S3-580529142,S2-54878371,S2-581508866,S2-250241425,S3-517966786,S3-264534055,S3-262007090
S1-473872582	
S1-92502000	
S1-388246740	
S1-877882228	
S1-721391054	S2-198061333
S1-779827243	
S1-209427810	S3-483970483
S1-772735199	
S1-867189499	
S1-337335507	S3-889703718,S3-840619626,S3-241416723,S3-478283718,S3-453876974,S3-456219605,S3-229237575,S2-356934572,S2-566926988,S3-625342608,S2-551379749,S2-54604875,S2-438499966,S3-533653150,S3-206400358
S1-658336143	S3-412204870,S3-511423182,S3-426047142,S3-341700635,S2-365501774,S2-19788659,S3-446331963,S3-869864247,S2-400389140,S3-798555053,S2-117670829,S3-537303683,S2-438970636,S3-265817537
S1-252495749	S3-201285624
S1-417202716	
S1-848119107	S2-708203474,S2-702824963,S3-402929020,S3-227099960,S2-142461838,S2-188725687,S2-683888969,S2-972846311,S2-286713667,S3-319758064,S3-448859321,S3-478740633,S3-351079205,S3-132568872,S2-155633699,S2-496102530
S1-44579491	
S1-628575121	S2-224677205,S3-849521015,S3-472352547,S3-468714759,S3-756384481,S3-930988224,S2-556104241,S2-511054937,S3-598531874,S3-936345413,S3-45405748,S3-898813963,S3-481954813,S2-70073568,S2-768724593,S2-305823974,S3-570314281,S2-716920209,S2-605794219,S2-10304011,S2-740144668,S3-270035748,S2-174408214,S3-346018248,S3-838325124
S1-387424759	S2-404836993,S2-218687082,S2-377668046,S3-387046232,S3-785243635
S1-113090772	
S1-360909582	S2-508913749,S3-234212219,S2-980146537,S2-907718698,S2-642731145,S2-140501584
S1-924197183	
S1-886002896	
S1-320092458	S3-905411851
S1-870705974	
S1-878988377	S3-386821909
S1-432374	
S1-323199760	
S1-681838424	
S1-600741270	S3-682522957
S1-335836576	
S1-297868773	S2-997681197,S2-38473586,S2-79814708,S2-524347321,S2-592329684,S2-80566218,S2-419746796,S2-316554535,S2-564983228,S2-811757174,S2-119126440,S2-439587113,S2-882035228,S3-179747520,S2-266437162,S2-50027423,S3-177426325,S2-353124673,S2-803435980,S2-37279931,S2-373455256,S2-427952917,S2-667289877,S2-454250437,S2-809135614,S2-502869154,S2-418127332
S1-211820155	
S1-618364441	S2-272562904,S3-746001767,S3-857316350,S3-923287548,S2-533761278,S3-780413175,S2-304441869,S3-420747405,S3-315715096,S2-671509422,S2-977763543,S3-247929179,S3-88806363
S1-363099334	S2-256229261,S3-151054500,S3-125510505,S3-114880207,S2-904499170,S2-744158764,S3-242935744,S2-249474337,S2-490354642,S3-340241613,S2-774895175,S2-27154574,S2-885056328,S2-50052974,S2-584555228,S2-679904170,S2-545728751,S2-335333394,S2-812189129,S3-178999843,S2-417820712,S2-537754807,S2-971438576,S2-751110005,S2-499124223,S2-313682739,S2-694645,S2-260046754,S3-171838279,S3-345328499,S2-210618071,S3-311093548,S2-127854814,S2-595832712,S2-632264751,S2-10101781,S2-757114089,S3-311723248,S2-955460186,S2-324459745,S3-219239569,S3-139858754,S3-238620961,S2-925952157,S3-175922765,S2-421310285,S2-305115400,S2-251967599,S3-210144248,S3-276626555,S2-597974635,S3-14072286,S2-642886561,S2-627318262,S3-24372787,S3-272194606,S2-528157836,S2-471709179,S2-629062703,S2-156062008,S3-302261079,S2-796754110,S2-84228909,S2-949159564,S2-978113803,S3-249543089,S3-335275646,S2-31895154,S2-282114200,S2-134381946,S2-415627747,S3-260077737,S2-559187304,S2-648762390,S2-811577717,S2-258380976,S2-425100703,S2-55451808,S3-227462379,S2-176859274,S2-550066697,S3-301889389,S2-721671070,S2-267802783,S3-229144142
S1-665355186	S3-441375024,S2-267765214,S2-514460657,S2-208562741,S2-427060894,S3-735577974,S3-885364674,S2-415583960,S3-583923051,S3-889914965,S3-29765600,S2-785204544,S3-20727238,S2-185735427,S3-212514545,S2-390813878,S2-54990563,S3-339301670,S2-645037504,S3-6214004,S3-839020948,S2-334668563,S3-172516626,S3-584163261,S3-16963268,S2-672365176
S1-783575505	S2-230730449
S1-187164752	S2-817164692
S1-904571917	S3-656301964,S3-385527697,S2-611191709,S2-436681596,S2-884767551,S2-140264710,S2-385737126,S2-688568942,S2-781305124,S2-355512237,S2-188545494,S2-912770774,S3-823386887,S2-96436109,S2-591220622,S3-827504692,S2-790027525,S2-250679895,S3-204341157,S2-200358534,S2-706904722,S3-401374045,S3-443370351,S3-65395991,S3-709920899,S3-918778929,S3-576521821,S3-993780661
S1-923410733	
S1-28185392	S2-408871054
S1-650567604	
S1-286576790	
S1-136775058	
S1-550938653	S3-28515363,S2-425781342,S3-106431656,S3-139773902,S2-245398640,S2-778826623,S2-207551652,S2-699476037,S3-301206769,S3-16314602,S2-76675573,S2-131030751,S3-609571405,S2-740144668,S2-10304011,S2-444613214,S3-45405748,S2-305823974,S3-773543357,S3-346018248,S2-174408214,S3-388211055,S2-309036642,S3-838325124,S3-41369159,S3-312401338
S1-704867541	
S1-565539266	S3-389777475,S3-422940856,S2-294676347
S1-104814249	S2-784700581,S2-360999428,S3-230636475,S2-668256209,S2-64345529,S3-587410339,S3-644555724
S1-829348020	S3-318831635,S2-532870340,S3-935989990,S3-955234150,S3-35945424,S3-400718177,S2-475046833,S2-414542241
S1-672842987	
S1-19233755	S2-800873754,S2-693042531,S2-528186654,S2-172134446,S2-266144148,S2-272800175,S2-379917486,S2-506710495,S2-922587322,S2-823529389,S2-758112627,S2-388123985,S2-496683615,S2-862985378,S2-239094631,S2-9633590,S2-176076467,S2-10239962,S2-647176030,S2-959204099,S2-782343040,S2-759917947,S2-938297699,S2-836747571,S2-525862775,S2-432341031
S1-179792708	S3-723246327,S3-289119514,S2-54325054,S2-965397927,S3-689137208,S3-807113889,S2-751886174,S2-574111477,S3-886730199,S3-664380926,S2-341484417
S1-27158214	
S1-367607515	S2-201609848,S2-480783610
S1-383364857	
S1-774556681	S3-229522319,S3-523819923,S2-751585102,S3-618782952
S1-371975648	S2-233526442,S2-80738928,S3-87792126,S3-863346982,S2-751927301
S1-917409598	
S1-563586539	S3-870552560
S1-992953434	
S1-437250458	
S1-755935894	
S1-86804153	S2-925778943,S2-730924879
S1-439413861	
S1-640963226	S2-96280745,S3-964912072,S2-261324941,S3-557296941,S2-355105041,S2-585739367,S2-735804688,S2-133015656,S2-433282618
S1-564553270	
S1-960756168	S2-409929288,S3-182771684,S3-163668779,S3-895070925,S3-756906132,S3-6608301,S2-740294116,S2-150101348,S2-972889340,S2-762888161,S2-285814995,S2-551360770,S2-632530235,S2-567929214,S3-303204373,S3-699026722,S3-938020359,S2-834148564,S3-189084854,S2-413861792,S3-660154408,S2-739279054
S1-482297851	
S1-126920508	S2-369786317,S3-400431743,S3-61466907
S1-775350452	S2-576293562,S2-790285699,S2-287656003,S2-771746663,S2-38827079,S2-163395991,S2-474308490,S2-372385754,S2-843635430,S2-894769041,S2-92322579,S2-923500757,S2-631977552,S2-817607055,S2-458585786,S2-30382724,S2-234699109,S2-291644849,S2-594646994,S2-502816364,S2-75217079,S2-414647364,S2-499027495,S2-579633576,S2-413513633,S2-407149621,S2-164999379,S2-150975970,S2-788354095,S2-883612706,S2-19245434,S2-454352954,S2-450414338,S2-415670729,S2-342987051,S2-270502309,S2-816684193,S2-857262168,S2-876924172,S2-922996171,S2-405105351,S2-424387851,S2-386525936,S2-195534419,S2-716987982,S2-587732158,S2-790170069,S2-213277943,S2-230344467,S2-232161676,S2-226494608,S2-879328812,S2-479048111,S2-457106884,S2-480944369
S1-324203503	S3-496610616,S2-202802,S2-922163067,S3-986805566,S2-700095711,S2-622276818,S3-398909534
S1-44270372	
S1-177764089	
S1-836203525	
S1-608967311	
S1-23537063	
S1-562251323	
S1-58789724	
S1-812101265	S3-404764768
S1-786497576	S2-103061053
S1-434802827	S2-866299920,S2-75326918,S2-910244224,S3-942149144,S3-732432454,S2-497340827,S2-619979022,S2-654420557,S3-407929939,S3-821160812,S3-60175811,S2-557021462,S2-235048242,S3-567114592,S2-439212245,S3-981377817
S1-306354356	S2-595057704,S2-550290248
S1-832844259	
S1-853144073	S2-929504081,S3-684901080,S2-487836954,S3-382172245,S2-713040117,S2-927718446,S3-782321337
S1-544664901	S2-476833485,S3-497151430,S3-542279277,S3-447153083,S3-138024767,S3-347569284,S2-83892837
S1-900973509	
S1-998129023	S2-501409073
S1-621086607	
S1-287654159	S3-577906013,S3-435481566,S2-345436931,S3-439732123,S2-213677366,S2-155568776,S3-802082874,S3-712654785,S3-825770691,S2-196620491
S1-96384915	S3-386331118,S3-214281985,S3-90643255,S3-815728016,S2-317221528,S3-843358137,S3-636851143,S3-354330061,S3-394525298,S3-95624694,S2-391533331,S3-688033929,S3-391752905,S3-9648333,S2-841661802,S3-882373206,S3-991992721,S3-356768678
S1-955128132	S2-411791155
S1-527604533	S2-642256465,S2-792871347
S1-179556323	
S1-251987303	
S1-314962839	
S1-719238784	
S1-177610112	S2-975926759,S3-779637191,S2-626835015,S3-433631907,S3-605831427,S3-140295739,S3-623860787,S3-794805480,S3-604936310,S3-825010156
S1-469219828	S2-924039608,S3-548108907
S1-871676572	S2-131265347
S1-972686011	
S1-315450523	
S1-473290688	S2-633185510,S2-352774552,S2-740173023,S2-872551966,S2-224574325,S2-268889147,S2-215785349,S2-790907847,S2-335103314,S2-589441931,S2-723316244,S2-550277548,S2-328146445,S2-110661787,S2-331311222,S2-432319564,S2-436483556,S2-64202533,S2-391184334,S2-709431079,S2-181063334,S2-257695247,S2-739771169,S2-542945420,S2-138477027,S2-360749777,S2-313245951,S2-353131400
S1-524297749	
S1-877492668	
S1-887697090	S3-716341527
S1-212460801	
S1-862776192	
S1-349075346	
S1-816057608	S2-259376686,S2-606954416,S2-265006197,S2-550312839,S2-388189262,S2-384255338,S2-1766567,S2-500451147,S2-698358405,S2-589803297,S2-635805666,S2-162893045,S2-202314048,S2-358504456,S2-256072418,S2-45775835,S2-814214685,S2-692412054,S2-782058062,S2-351872642,S2-794199666,S2-312585480,S2-169181306,S2-669424714,S2-326599634,S2-348051170,S2-806229978,S2-564437098,S2-322363431,S2-465983582,S2-453426463,S2-509546243,S2-2694599,S2-245473532,S2-770737747,S2-382704580,S2-30769224,S2-36200495,S2-496845058,S2-367023229,S2-691502306,S2-823661059,S2-498618273,S2-171964628,S2-77698963
S1-406156258	
S1-763929053	
S1-814311971	S2-839036323
S1-826696794	
S1-862223871	S3-887812553,S3-29539919,S3-63337717,S2-711139117,S2-857845796,S3-742095241,S2-35456195,S2-430355611
S1-597564310	
S1-967882810	S2-334858563,S2-838587297,S2-46856543,S2-306304956,S2-736941613,S2-542760148,S2-489318339,S2-73068585,S2-36143462,S2-317736419
S1-187913417	S2-863195496,S2-635122483,S3-136181254,S2-738154724,S2-469589664,S3-226370125,S3-612034004,S2-843117095,S2-834056061,S2-991799043,S3-207943579,S2-177619637,S2-142179700,S2-52191434,S2-569320888,S2-36076818,S3-950421484,S3-39853402,S3-196571424,S2-437824348,S3-549528939,S3-751856659,S2-325540470,S2-840571813,S3-907898048,S2-276951536,S3-296068118,S2-710934195,S2-590947524,S2-95005556,S3-665529843,S3-863002117,S3-276213813,S3-706610115,S3-123893258
S1-771849721	S2-518785679,S3-195999910,S2-525075591,S3-702728385,S3-673851166,S3-193622652,S2-807799978,S2-827889570,S2-561268449,S3-128573256
S1-541567309	
S1-763791563	S3-64442398,S3-103308595,S3-6484481,S2-512551144,S2-208552682,S2-495195460
S1-225119054	S2-446769015,S2-465092069
S1-119775295	S2-54120441,S2-784158407,S2-573989519,S2-196069738,S3-308879295,S2-193051075,S2-33565280,S2-402748029,S2-904739176,S3-363424991,S3-385286948,S3-474580513,S3-26392582,S2-363862503,S2-74790471,S2-99374569,S3-138217920,S2-992451386,S2-574651509,S2-528033198,S2-45747511,S2-195364660,S2-220868456,S3-440012377,S2-629754657,S2-550085614,S2-182351316,S3-493889505,S2-100961527,S2-872974491,S2-454836919,S3-11711086,S2-230419769
S1-455806760	
S1-810060607	
S1-26029243	S3-205393192,S3-474602404,S2-170098100,S3-22063780,S3-83453994,S3-686696492,S2-766998880,S2-518892482
S1-929291617	
S1-411827788	
S1-918043867	S2-323640644
S1-374494307	S2-454048355,S3-946854891
S1-631944125	S2-890979368
S1-65849923	S2-402143932,S2-879503122,S2-483958158,S3-546434620,S3-797556308,S3-683661887,S2-489470935,S3-171552676,S3-288953280,S3-242600514,S2-515658561,S3-770490906,S3-299743454,S2-773402563,S3-601609405,S2-917461886,S2-566867523,S2-266855915,S3-409936792,S2-592512288,S3-11943508,S3-380269699,S3-544470422,S2-309428859,S3-669893702
S1-740182466	
S1-927618239	
S1-998446528	
S1-48372319	S2-430933214
S1-216865654	
S1-778274212	S2-139382504,S2-856548610,S2-406023466
S1-942584485	
S1-891538220	
S1-307785858	S2-472983089,S2-241392560,S2-871822669,S2-687752327,S2-264840456,S2-620444429,S2-376821699,S2-296444260,S2-33227334,S2-288867874
S1-355053030	
S1-438047370	
S1-849976870	
S1-357344139	S2-327985597,S3-389335587
S1-158306158	S2-260645315,S2-614829335
S1-526298462	
S1-136406261	S2-981057815,S2-615724140,S2-658744822
S1-734562177	S3-691536297,S3-119997632,S2-515906427,S3-538396263,S3-361926689,S3-137262896,S2-705629748
S1-524200959	
S1-469886849	S2-715147462,S3-640872368,S2-175327935,S3-74903242,S3-215944149,S3-652502693,S2-81713125,S3-53157861
S1-644419558	
S1-196090442	S2-577254297,S2-629491710
S1-755416342	
S1-6232617	S2-954854788,S3-640790954,S3-497532904,S3-466900189,S2-851024443,S3-239347072,S2-430256480,S3-785584213,S3-9971669,S3-67504906,S2-299679063,S3-276297013,S3-107670339,S3-12915638,S3-565170665,S2-601171662,S3-623750751,S3-468606536,S3-629121423
S1-303060578	
S1-368948304	
S1-64831661	
S1-281862082	S2-703267899
S1-86909806	S3-412204870,S3-511423182,S3-426047142,S3-341700635,S3-798555053,S2-973481827,S3-727514078,S2-719282244,S3-265817537
S1-577969980	S3-555512753
S1-53860766	S2-911688611
S1-400092918	S2-1268709,S2-955666537,S2-196256029,S2-415764238,S2-359973210,S2-12155596,S2-176852840,S3-303645750,S2-216784937,S2-127284995,S2-644216795,S2-588536573,S2-261526984,S3-120682093,S2-116143022,S2-107354533
S1-67674994	
S1-908259334	S2-226508155,S3-1445567,S2-376558427,S2-558248173,S3-65874695,S2-900182532,S3-27338974
S1-78797388	S3-237380557,S3-17072649,S2-359472616,S2-611424449,S2-614983466,S2-552283792,S2-945311947,S2-47203536,S2-140501584,S2-880969832
S1-869423895	S2-595819398,S3-179691045,S2-44225039,S3-939238548,S3-620464346,S2-86621461,S2-360808756,S3-864868235,S3-828969039,S2-497875047,S2-856790262,S3-460086700,S3-284106369,S2-790107653,S2-395044621,S3-786261533,S2-306831505,S2-239479959,S3-806381727,S3-994263400,S3-871125774,S2-721523610,S3-78398255,S2-48526055,S2-287826664,S2-942888561,S2-950895920,S2-146338336,S2-78796632,S2-544092002
S1-332019466	S2-745250456,S2-758857125,S2-447002728,S2-174950304,S2-117015725,S2-396541025,S3-14034003,S2-161246243,S2-381955905,S2-38562654,S2-278891555,S3-127146543,S2-784921440,S2-784656488,S2-607659618,S2-54797206,S2-477076148,S3-112064429,S2-69184579,S2-397927479,S2-448514413,S2-232575239,S2-337192874,S3-125843914,S2-841383785
S1-454111437	S3-291419604,S2-463798526
S1-99115147	S3-64597833
S1-71296969	
S1-964342182	S3-981422876,S3-62120843
S1-794451397	S3-354330061,S3-742706256,S3-843358137,S3-636851143,S3-173763927,S3-90643255,S3-991992721,S3-688033929
S1-909454649	
S1-947028134	S3-391894634,S3-404353458,S2-676408687,S2-541456973
S1-509283665	
S1-15020282	S3-219226424,S2-542791646,S2-711394469,S2-347966607,S2-648977847,S2-110584707,S3-79854379,S2-433296406,S2-465183214,S3-635439375,S2-771956609,S3-667257201,S3-106625409,S3-495475125,S3-53728436,S2-957249564,S3-921153675,S2-738999755,S3-442699492
S1-102621309	S3-799200363,S2-516505860,S3-447816916,S3-107312348,S2-496900894,S3-361572474,S2-823512657,S2-229288031,S2-218326446,S2-719688678,S2-982837782,S3-448283785,S2-614188293,S3-238707572,S3-392239540,S2-68221768
S1-46745889	S3-347564335,S2-794272150,S3-787149784,S3-954469048,S3-771882180,S3-640420453,S2-858455185,S3-113235615,S3-549388990,S3-693557428,S3-290531826
S1-537121104	
S1-722578559	S3-382215834
S1-416542302	
S1-450406921	S2-365423335,S2-474701239,S2-486548125,S3-203075051,S2-591072126,S2-827562037,S2-443569378,S2-229623554,S2-307853916,S2-971327684,S2-567794297,S2-515455468,S3-167377812,S2-772329522,S2-954592046,S2-719371403,S2-73071682,S2-778745347,S2-389777497,S2-406831419,S2-455456848,S2-33142941,S2-778256508,S3-134804715,S2-985670014,S2-167279978,S2-159274266,S3-144823758,S2-331584074,S3-229922665
S1-398196803	S2-925809161,S3-775177849,S3-527850482,S3-15509962,S3-225910780,S2-111395931,S3-901176774
S1-74885134	
S1-507776698	
S1-212332469	S3-239653609,S2-716229167,S3-609989467,S3-151484250,S3-455206440,S2-217800012,S3-459357172,S3-87013838,S2-640189693,S3-390866058,S3-45167101,S3-683755169,S2-387384986,S3-625293494,S2-61019612,S3-745312271,S3-338129967,S3-820348989,S2-676387102,S2-839533786,S2-593464325
S1-922939030	S2-435241683,S2-439347023,S2-468474977,S2-201204597,S2-119195701,S2-697392370,S2-617403033,S2-737226550,S2-486831396,S2-458774346,S2-335563212,S2-807965570,S2-516046517
S1-646238144	
S1-819546345	S2-442902415,S2-912341730,S2-731762629,S2-852771740,S2-325362566,S2-904674341,S2-257992460,S2-584654166,S2-48350229,S2-441594085,S2-522562069,S2-421274182,S2-665240173,S2-332633461,S2-493596870,S2-893048055,S2-122937971,S2-399845052,S2-551443593,S2-307595290,S2-293972182,S2-287836977
S1-754504377	
S1-235949262	S2-635069132,S2-524347321,S2-322315889,S2-119126440,S2-38473586,S2-997681197,S2-79814708,S2-101590468,S2-319533228,S2-639533860,S2-801096297,S2-667289877,S2-454250437
S1-30151590	
S1-992538093	S3-190408341,S2-73307398,S3-540763726,S2-147343073,S3-846575405,S3-494561968
S1-575449189	S2-485858363,S3-752580302,S3-328149806,S2-202562133,S3-752222225,S3-74691160,S3-35386100,S3-732654838,S3-772509595,S3-319731919,S3-387130498,S3-341121462,S2-259955145,S3-199976141,S2-953530216,S2-132567480
S1-220550575	
S1-887389939	S2-872881085
S1-650059632	S2-243223168,S2-990265043,S2-862257849,S2-956846377,S2-332127380,S2-7690725,S3-153149485,S2-359549629
S1-98910320	
S1-50432598	
S1-843445319	
S1-595727368	S2-414780353,S2-710585808
S1-686940795	S2-156011929
S1-333310034	
S1-286557884	S3-51277587
S1-212363226	S2-447020095,S2-159893786,S2-932308229,S2-166499266,S2-158020123,S2-463519105,S2-552102143,S2-819239296,S2-377327965,S2-728168395,S2-427775433,S2-586793379,S2-380458846,S2-273508178,S2-400400629,S2-36650126,S2-433312346,S2-504880603,S2-951124941,S2-276242082,S2-713657075
S1-311569835	S2-676682121,S2-797731527,S2-246807635,S2-601343838,S2-311818055
S1-27029362	S2-962398982,S3-16308995,S2-45326712,S2-466208646,S2-983514893
S1-2946223	S2-743110464,S2-575603129
S1-17225841	
S1-382549381	
S1-740449041	
S1-979042353	S3-357595251,S2-608812480,S2-433282618,S2-46248579
S1-367309164	S2-928104975,S2-69379393,S3-392308541,S2-23891767,S2-64521383,S2-244624782,S3-29982317,S3-35384583,S2-43100722,S2-207372895,S3-163026597,S2-590263825,S2-393064356,S3-622867251,S3-17896392
S1-427487721	
S1-515548222	
S1-327546569	
S1-175246082	
S1-146513196	S2-596405161,S2-374343532,S2-109828025,S2-479633490,S2-507093932,S2-577623217,S2-836323092,S2-490608374,S2-911810263,S2-681266042,S2-366051649,S2-242145239,S2-835142245,S2-54947464,S2-342576010,S2-898577463,S2-121457470,S2-125086919,S2-166561956
S1-255687648	S3-549508086,S3-287701777,S2-348153771,S2-891206617,S2-103542778
S1-319529139	S3-394926832,S3-328078171
S1-155814648	S2-782627295,S2-163897504,S2-836890188,S2-126222538,S2-765101485,S2-905036684,S3-80270455,S2-28966534,S2-483941882,S3-210773793,S3-817274946,S2-100488052
S1-63162461	
S1-130377203	S2-890608218,S2-725866426,S2-465050991,S2-546206841,S2-268101571,S2-432885029,S2-479285528,S2-790840546,S2-122937971,S2-477877010,S2-483231444,S2-442902415,S2-188383883,S2-242107029,S2-875930539,S2-731762629,S2-861201345,S2-23474383,S2-732475597,S2-707364299,S2-114968985,S2-442722130,S2-853483077,S2-122140775,S2-153325227,S2-833227877,S2-349553073,S2-502667533,S2-725477472,S2-591212513,S2-223885392,S2-663264245,S2-899578824,S2-219089453,S2-620679445,S2-287836977,S2-621107908,S2-580455199,S2-162708622,S2-691718681,S2-751280357,S2-529900388,S2-293972182,S2-307595290,S2-101677614,S2-893048055,S2-455999140,S2-287660910
S1-460184656	S3-308343706,S3-380764924,S2-654732224,S2-883585071,S3-508758139,S3-174088307,S2-397379870,S3-201878120,S3-545120543,S3-36563968,S2-426942131,S2-37514100,S3-364983093
S1-950787437	S3-331668015
S1-125294099	S2-118285256,S2-972992772,S2-718224552,S2-689520511,S2-23950077,S2-45614916,S2-587227192,S2-177777608,S2-770742526,S2-534309499,S2-460464200
S1-279376727	S2-870204276,S2-551459326,S2-405121183,S2-561291613,S2-36743305,S2-272154752,S2-441057858,S2-516317754,S2-821272890
S1-488602119	
S1-124094285	S2-119553379,S3-521107522,S3-230636475,S2-125442377,S2-244749937,S2-974539274,S3-710817614,S3-587410339,S3-644555724,S2-842919420
S1-748568260	S3-551087044,S2-399383464,S3-138929330,S3-995645222,S3-737853821,S2-27720962,S2-975774729,S2-597162339,S2-600093922,S2-27988295,S3-772271474,S2-472234834,S2-296823562
S1-804287238	S2-747728731
S1-678432639	S2-544652833,S2-899266699,S2-630233447,S2-592282952,S3-177814027,S2-276355156,S2-768669951
S1-899811746	S2-801550629,S2-987150977,S2-574753690,S2-120103114,S3-659344570,S2-109889328
S1-793615008	
S1-65481235	
S1-405835481	S3-27766065,S3-869155022,S2-736257611,S2-425781342,S3-828565760,S3-838325124
S1-974356821	S3-459495115,S2-144507082,S3-344640612,S2-993371238,S2-979259826,S2-252614627,S3-268984100,S2-916592985,S3-772969910,S3-780436970,S3-76869836
S1-310893881	
S1-657598238	
S1-409937795	
S1-810581309	
S1-372391151	
S1-946825840	S2-546580023,S2-184163786,S3-882783617,S3-511814091
S1-857320472	S2-498073130,S2-524003,S3-403049460
S1-692127788	S3-470606552,S2-551560717,S2-309433805,S3-855546679
S1-532843885	
S1-174690843	S2-184745879,S3-866089293,S2-915118777,S3-974584752,S3-858779037,S2-581972308,S3-887861415,S3-376328065,S3-914714358
S1-501187535	
S1-928763911	
S1-439074922	S3-379790994,S2-406082564,S2-827336204,S2-612729040,S2-476099473
S1-641963962	S3-204602846,S3-578996599,S3-941856687,S3-243758371
S1-356951822	S2-386644643,S2-502533189,S2-813202751,S3-470091654,S3-37732874,S2-976286103,S2-327643443,S2-948924998,S2-742357926,S2-632762674,S3-534413669,S3-183135636,S3-600441546,S3-821503922,S3-115556815,S3-40310316,S2-271168133,S3-62741968,S3-428301742
S1-354705482	
S1-163766842	S2-484097072
S1-236963798	
S1-12487330	
S1-476831471	
S1-339709848	S2-477080489,S3-196216752,S3-143366416,S3-746108894,S2-993170928,S3-67754071
S1-955330970	
S1-181306265	S2-233737778,S2-377610564,S2-745250456,S2-77285953,S2-117553903,S3-125843914,S3-112064429
S1-282537195	S3-941268956,S2-316507033,S3-849979224,S3-875431861,S2-255099960,S3-971596805,S3-760166253,S3-76936783,S2-702779633,S2-180368317,S2-888775893,S2-424686198,S2-134430685,S2-252900576,S3-118948917,S2-240339419,S3-470561213,S2-504155254,S2-541338078,S2-245397922,S2-631776778,S3-902192482
S1-396980960	S3-221084202
S1-102669952	S2-854720015
S1-313931084	
S1-631165181	S2-349509896,S2-225890501,S3-436893675,S2-848546452,S3-206696582
S1-545328963	S2-308963995,S2-586842600,S2-77983015,S3-614694143,S2-317869422,S2-776238938,S2-237942590,S2-471814700,S2-457922710,S3-653733974,S2-244199728,S2-200535675,S3-512029235,S2-352238141,S2-1110482,S2-661904810,S3-509232212,S2-128018319,S2-739127679,S3-166201816,S2-240845455,S2-651378765,S3-76271038,S3-501425410,S3-608989900,S3-154456342,S3-158909971
S1-737368602	
S1-640566342	
S1-847137082	
S1-771779014	
S1-623273818	
S1-965549055	S3-407339813,S2-147307224,S2-936429118,S3-974464936,S3-322357019,S2-598830970,S3-627057168,S2-373176675,S2-905187103,S2-259074979
S1-162744257	
S1-32735042	S2-738208036,S2-469605018,S2-606888654,S2-120156642
S1-335367173	
S1-954361853	
S1-860354142	
S1-576220090	
S1-24032871	
S1-882633915	
S1-498738124	S2-737105356,S2-150130644,S2-822764316,S2-372446484,S2-60462005,S2-686979274,S2-563101540,S2-304289049,S2-648362230,S2-487927714,S2-242524460,S2-307972559,S2-79166589,S2-316682952,S2-578945271,S2-57057245,S2-168670799,S2-908510616,S2-458831613,S2-853572898,S2-167931844,S2-481493872,S2-183092653,S2-527245953,S2-144207255,S2-426959200,S2-357158018,S2-227994730,S2-819927478,S2-590537855,S2-245146157,S2-260493939,S2-290701360,S2-911660141,S2-154694505,S2-73254796,S2-418372406,S2-728579117,S2-723621095,S2-31495493,S2-802577451,S2-366188766,S2-70002326,S2-893395111,S2-317387421,S2-454996040,S2-317389623,S2-649607870,S2-923054166,S2-259754115,S2-909133099,S2-904631497,S2-884751117,S2-502594473,S2-267907355,S2-690127271,S2-728389979,S2-562681799
S1-694737362	
S1-513838109	S3-487593789
S1-181880787	S2-515455468,S2-229623554,S2-827562037,S2-443569378,S2-307853916,S2-567794297,S3-167377812,S2-365423335,S3-203075051,S2-591072126,S2-474701239,S2-434030717,S2-322707527,S2-170074927,S2-8945388,S2-335787273,S2-552735005,S2-823977498,S2-455456848
S1-156029536	S2-222630895,S2-839516127,S2-936667243,S2-666772132,S2-867393246,S2-63004297,S2-62092247,S3-223861841,S2-896264951,S2-291635456,S2-480177776
S1-786761991	
S1-579682598	
S1-833279970	S3-909675749,S3-181351888,S3-901776718
S1-282875018	S3-473681183,S3-136124515,S2-795118404,S2-764173536,S2-523682975,S3-932098317,S3-463527045,S2-44105043,S3-852687019,S3-803580884,S3-131851194,S2-741513938,S2-566099391,S3-792102110
S1-439730777	S3-574136968,S3-595947230,S3-331578987,S3-627345153,S3-378652249,S3-609634727,S3-757990812
S1-190955512	
S1-229464659	S3-290961802,S3-852276566,S2-575923010,S2-101803612,S3-390311474,S3-109157115,S2-919669697,S3-660879688,S3-512354044,S3-510164984,S3-622204173
S1-266099244	
S1-314540974	
S1-126840887	
S1-776560239	S2-898637428,S3-384600392,S3-670725271,S3-834118895,S3-347049544,S3-577631513,S2-871854496,S2-219793337,S3-520139194,S3-934449620,S3-397543659,S3-671380172,S3-652733194,S2-49017126,S2-752364650,S3-223417921,S3-507600973
S1-202490639	S3-957833618,S3-913713053,S3-734450889,S3-815529137,S3-804331307,S3-669813656,S2-23434812,S3-348080509,S2-881236466,S2-654376136,S2-271255836,S3-262070891,S2-531462891,S2-900983559,S2-64054006,S3-927598411,S2-419299232,S3-117710853,S2-773421283,S2-560903787,S2-989319944,S2-198794428,S3-400377877,S2-828386617,S2-762363892,S2-288206902,S3-656238208,S2-437292607,S2-780877591,S2-337459364,S2-656807481,S3-597010522,S3-198878761,S2-441451904,S2-590597518,S3-726497780,S3-203950488,S3-243204784,S3-645889950,S2-497300049,S3-692939926,S3-395185704,S3-475431644,S2-843034402,S3-23777275
S1-577399555	S3-981834950,S3-943285091
S1-945770627	
S1-420073336	S2-263428904
S1-587555977	S2-938529251,S2-196074802,S2-713289344,S2-1901843,S3-465603295,S3-804176389,S3-97704343,S3-325287446,S3-218885461
S1-453963106	
S1-340955071	S3-661524384,S2-651931697
S1-168366893	S2-401313862,S2-453475485,S2-559896003,S2-784516874,S3-808354772,S3-397830582,S3-107882656,S3-578012270,S2-638937065,S3-959066676
S1-919733927	S3-836612652,S3-923466299
S1-411938108	S3-587202811,S3-485092436,S2-186525369,S3-122508616,S2-951490262,S3-362588497,S2-185841406,S3-695744748,S3-811359647
S1-60357877	
S1-842728679	
S1-432787385	S3-625563128,S3-390311474,S2-150840385,S3-660879688
S1-432627765	
S1-417534835	S2-461980747,S2-277663938
S1-692448146	
S1-306751495	S2-347417379,S2-723163255,S2-323819437,S2-326079630,S2-579157671,S2-647453818,S2-140526794,S2-293365442,S2-742328277,S2-628078119,S2-285110127,S2-233010987,S2-156246102,S2-812183,S2-780902159,S2-570597094,S2-715162081,S2-819424842,S2-14290577,S2-429592070,S2-496615663,S2-341394500,S2-372363817,S2-332016410,S2-591032606,S2-727306054,S2-71670232
S1-809024061	
S1-391548630	S2-896550640,S2-975926759,S3-604936310
S1-802012324	S2-503572894,S3-117824825,S3-997418129,S3-827606452,S2-444227595,S3-602653373,S3-976026616,S3-357123311,S3-603014267,S2-470040772,S3-920642722,S2-468802119,S3-944976758,S3-368957959,S2-293132902,S2-406694790,S3-982132526,S3-239014592,S2-311153754,S2-513348082,S3-965283428,S2-710534719,S2-269430298,S3-493822936,S3-376453945
S1-259948914	
S1-822011789	
S1-73734420	S2-165851862,S3-481483244,S3-703227715,S3-505562503
S1-248876822	
S1-928122344	
S1-460252171	S2-73774274,S2-466208646
S1-80960427	S2-167363579,S3-133503160
S1-322759440	S2-934863559,S2-521234908,S3-358987321,S2-741368687,S3-563699670,S3-691687931,S2-927079990,S3-855036394,S3-67182875,S3-988874301,S3-766805540,S3-423599766
S1-154848511	
S1-202685045	
S1-747799453	S2-525539982
S1-417415127	S2-850985588
S1-820009183	S2-340280254,S3-622831211,S2-764679785,S2-688450525,S3-65055151,S3-955234150,S3-935989990,S3-35945424
S1-429533736	
S1-820751255	
S1-285459966	
S1-966556536	S2-782242042,S2-21646382,S2-734284607,S2-579951449
S1-918887395	S2-191544832,S3-530829748
S1-906281937	
S1-996229500	
S1-665706894	S2-494346051,S3-310335810,S3-823861029,S3-341467352,S2-223255462,S3-793692457,S3-903824521,S3-711714455,S3-815604407,S2-99022571,S2-746667871,S3-977242750,S2-83676479,S2-965240012,S2-390228284,S2-197625341,S2-83232593,S2-63319373,S2-264471824,S3-619658095,S2-693219987,S2-552428086,S2-899234382,S2-408074053,S3-80247890,S2-323015893,S2-90449558,S3-411501971,S2-73721821,S2-60219940,S3-424354096,S3-254084719,S3-96152763,S2-300083728,S2-242271500,S3-706874458,S2-153036511,S2-362214555,S2-913289229
S1-171199616	
S1-998207330	S2-974147979
S1-234962770	S3-595619712,S3-226370428,S3-536187236,S3-591133764
S1-903467626	S2-581955670
S1-613659910	S3-652936759,S3-874277054,S2-656508062,S3-983813305,S3-835134829,S3-563120359,S2-737418546,S3-769381412,S3-183575506,S3-468729387,S3-423820132,S3-541988174
S1-513115995	S3-486468637,S3-570550626
S1-747035688	S2-971642492,S2-389467570,S2-731478366,S2-351574837,S2-420430689,S2-860419166,S2-186207001
S1-141126090	S3-713643592,S3-513786087,S3-860953324,S2-99577592,S3-574670219,S3-561949674,S2-982162234
S1-310570321	
S1-596450212	S3-439834210,S2-366852870
S1-825696206	S2-724611952,S2-523698352,S3-166209819,S3-213525427,S2-571175080,S2-850011357,S3-342442576,S2-431983334,S2-522771715,S3-218469758,S2-266185323,S2-905981292,S2-192311080,S2-189114632,S2-687849221,S2-454666027,S2-919462873,S2-386268013,S2-168175019,S2-919190096,S2-51657800,S2-536060625,S2-668555803
S1-969666788	
S1-479783161	
S1-201953835	S2-884418256,S3-557707615,S2-807723118,S3-316993582
S1-487415868	S3-990664102
S1-138217554	
S1-379948455	S3-321273292,S3-371157585,S3-240911861,S2-681937980,S2-673447281,S3-632099394,S3-285936977,S2-413879575,S3-428965378,S3-653163464,S2-41040151,S2-925017350,S3-208810693,S2-312916976,S3-415788717,S2-510182438,S3-104813287
S1-666435696	S2-832662008
S1-276132619	S2-649786436,S3-834118895,S3-670725271,S2-506446243,S2-708519186,S2-919980711,S3-507600973,S3-652733194,S3-347049544,S3-934449620
S1-413524687	
S1-128671327	S2-76020210,S3-701269923,S2-266877403
S1-596462122	S2-411750557,S2-663583469,S3-911774812,S3-111903472,S2-985763603,S3-483962972,S2-885208350,S2-565634563,S3-349395274,S3-592576613,S2-315976514,S3-950466793,S2-811271280,S3-739313467,S3-166399047,S3-769090684,S3-142815286,S3-688006018,S3-390803854,S2-409587721,S3-318345272,S2-13018737,S2-7394473,S3-460511584,S3-648818292,S2-961878201,S3-136431032,S3-43833612,S3-465425743,S2-973466802,S3-170550578,S3-898498231,S2-425564366,S2-132932901,S2-645462566
S1-952920088	S3-935989990,S3-955234150,S3-35945424
S1-200873832	S3-923287548,S3-247929179,S3-88806363
S1-392005627	
S1-895983230	
S1-37630161	
S1-492161824	S2-23994709,S3-994263400,S3-871125774,S3-560187222,S3-353760872,S2-395044621,S2-234398475,S2-856790262,S3-828969039,S2-306831505,S3-864868235,S2-497875047,S3-620464346,S3-786261533,S2-360808756,S2-86621461,S3-284106369,S3-992847024,S2-450044511,S2-287826664,S2-94081474,S2-628148458,S3-453968933,S2-399295915,S2-266902142,S3-667265217,S2-327770703,S2-48526055,S2-706085276,S2-942888561,S2-950895920,S2-544092002,S2-146338336,S2-78796632
S1-585407266	
S1-248501128	
S1-367310883	
S1-374654283	S3-780628497,S3-538530557,S3-350370260,S3-259628603,S2-681887266,S3-360098180,S3-659303460,S2-843017410,S3-243758371,S2-187944959
S1-407581185	S2-662288775
S1-302092482	
S1-779999399	
S1-126756412	
S1-362166519	
S1-691021205	S3-770012413
S1-377404174	S3-6425231
S1-338441694	S3-820478802,S3-855546679,S2-484947063
S1-859778794	
S1-408720940	S2-555933648,S2-443532385,S3-759438974,S2-628756879,S2-193699868,S2-15701329
S1-633523724	S2-258806421,S2-974386688,S2-881391518,S2-903049209,S3-605342473,S3-326302381,S3-389918335,S2-754942901,S2-481501167,S2-140087991,S2-781038713,S3-881066108,S2-782424151,S2-108715695,S3-157596892,S3-477444492,S2-160961809,S3-364206090
S1-186748283	S2-541776016,S3-894898544,S3-922244935,S3-280785828
S1-970274589	
S1-620608935	S2-818781061,S3-650143209,S2-416655804,S3-977993000,S2-757559318,S2-238661101
S1-11776038	S3-668454428,S3-548198553,S3-609989467,S2-729140419,S3-455206440,S3-151484250,S3-28311551,S2-839533786,S2-869895454
S1-538168805	S3-656921344
S1-151356672	
S1-268426904	S3-441844060,S3-494478591
S1-343809867	S3-304569563,S2-262200560,S2-372362601,S3-296676455,S3-657195699,S3-576684102,S2-768673590,S3-472523072,S3-615557105
S1-691332637	S2-347417379,S2-140526794,S2-323819437,S2-723163255,S2-579157671,S2-326079630,S2-647453818,S2-628078119,S2-742328277,S2-293365442,S2-156246102,S2-812183,S2-285110127,S2-780902159,S2-233010987,S2-715162081,S2-381461578,S2-23480006,S2-452457309,S2-424247102,S2-261198690,S2-634903098,S2-240927021,S2-223230811,S2-21506332,S2-341394500,S2-16554760,S2-439172085,S2-628740522,S2-110802997,S2-720201856,S2-604379778,S2-487074065,S2-586145543,S2-372363817,S2-100375375,S2-116241308,S2-332016410,S2-591032606,S2-727306054,S2-71670232
S1-868606175	
S1-725440288	
S1-385570865	S2-201495232,S2-832847034,S2-690843168,S2-502654460,S2-810370437,S2-544098477,S2-596418955,S2-162060482,S2-189878047
S1-451116961	S2-108130484
S1-183363639	
S1-571938194	S3-642869048,S3-935968898,S3-6809066,S3-188639179,S2-429136430,S3-324293175,S2-987187785,S3-169202997,S2-36107020,S2-329728747,S2-989755261,S2-513311683,S2-275338185,S3-660555443,S2-264201301,S3-601846176,S2-169176884,S3-717495070,S2-665063362,S3-835263032
S1-89941196	
S1-696715355	S3-515941798,S2-850453737,S3-221554836,S3-286238001
S1-653247657	
S1-268149339	S3-353172975,S3-975856655,S3-526688923,S3-956632616,S3-861713965,S3-261387133,S2-533204539,S2-282330401,S3-278497934,S3-253792885
S1-994276304	S3-300368164,S3-536693804,S3-937330852,S2-919282950,S3-30732076,S2-64653760,S3-466892048,S2-665189960
S1-749745623	
S1-327377768	S3-599714712,S3-851766303
S1-639327786	S3-480341531
S1-31205819	S2-539990820,S3-860953324,S2-183545903,S2-24795043,S2-613519157,S2-923651016,S2-186197005,S2-796802476,S2-959419015,S3-144415837,S2-341854825,S2-810869356,S2-866013220,S2-282117873,S2-326669797,S3-57036928,S3-60167279,S2-659135687,S2-714142248,S3-574670219,S3-216454169,S3-561949674,S2-64546224,S2-166262684,S2-982162234
S1-546682283	S3-207101587,S2-950780682,S3-520797255,S3-864684876,S3-108999919,S3-378652249,S3-627345153,S2-724736428,S2-733989247,S3-757990812
S1-791488058	S3-212660347,S3-155235519,S2-148554663,S3-569563685,S3-281061117,S3-420920643,S3-648759812,S3-357550506,S2-776224371,S2-298195039,S2-915606339,S2-616814626,S3-105039093,S3-563633454,S2-278061636,S2-476776641,S2-468124791,S2-545912622,S3-311095954,S3-208229565,S2-565050765,S3-503682542
S1-975588880	S2-695716096,S3-871697729,S3-639477433,S3-477353991
S1-367148113	S2-686569908,S3-807239007
S1-92173166	
S1-643639852	
S1-99838517	S2-786085582,S3-522314275
S1-785847572	S3-424616464,S3-416314565,S3-760436007,S3-53820990
S1-232222482	S3-638648261
S1-348673679	
S1-475260329	S2-241392070,S2-683707503,S2-426049855,S2-878595989,S2-318542048,S2-545367345,S2-763669874,S2-489795031,S2-487061741,S2-954673307,S2-760385237,S2-961584157,S2-347457758,S2-310207219,S2-460398545,S2-590761669,S2-243902755,S2-702267609,S2-191595068,S2-809184972,S2-380253303,S2-352403187,S2-305315061,S2-321681577,S2-404768538,S2-243159401,S2-43320510,S2-737243783,S2-851391522,S2-827738560,S2-96000429,S2-737311826,S2-324274596,S2-204923015,S2-863269535,S2-965022781,S2-755388476,S2-927388627,S2-85113215,S2-256852362,S2-785246908,S2-799021792,S2-312033050,S2-924091320,S2-799647940,S2-960497500,S2-359579050,S2-633078778,S2-12169707,S2-671124898,S2-762254064
S1-832896346	S2-12486881,S2-263868441,S2-540420659,S2-221399429,S2-730403243,S2-664348256,S2-91790174,S2-272845478,S2-106376998,S2-525242261,S2-909409438,S2-526899156,S2-635891079,S2-321816304,S2-522032723,S2-164660220,S2-542810245,S2-317736419,S2-771548411,S2-149262963,S2-68683284,S2-297997912,S2-260791980,S2-224448366,S2-137375752,S2-225855053,S2-492412191,S2-144554045,S2-231416823,S2-441432859
S1-584177675	S3-174263374,S2-976837700,S2-224833729,S2-572549238,S2-971838383,S2-970368862,S2-804895558,S2-622743900,S2-234761707,S2-59836501,S2-292224471,S2-176001168,S2-277789704,S2-496320578,S2-355609699,S2-370589845,S2-114051495,S2-922107799,S2-287136759,S2-881799150,S2-394116370,S2-35983797,S2-12758701,S2-24771735,S2-796589250,S2-709988524,S2-461546336,S2-622039008,S2-96986880,S2-302832642,S3-300518520,S2-922507175,S2-538456905,S2-203482318,S2-617450402,S2-594884237,S2-421382074,S2-449362420,S3-282713581,S2-41973808,S2-108903931,S2-745535514,S2-548552463,S3-241459480,S2-449715538,S3-277561622,S3-201264804,S2-650126951,S2-825173866,S2-298123480,S2-31408125,S2-630072645,S2-557486065,S2-58907874,S2-712420496,S2-470774050,S2-2018493,S2-876489913,S2-982205149,S2-544615935,S2-541664823,S2-676225640,S2-484792231,S2-124385771,S2-609208580,S2-115631556,S2-738464568,S3-303430909,S2-221704086,S3-298209968,S2-952774226,S3-252285627,S3-103041532,S2-947208210,S2-459262326,S2-411792314,S2-718639701,S2-58477203,S3-169186161,S2-625045406,S3-286283857,S2-852210456,S2-652300840,S2-635320398,S2-883906033,S3-178190202,S2-423448400,S2-318304856,S2-67613505,S2-796038667,S2-577848713,S2-381605370,S2-244788597,S2-955277799,S2-489273375,S2-655231133,S2-137544633,S2-76614026,S2-32079335,S2-368146434,S2-409461967,S2-536237085,S3-275675657,S2-865952472,S2-938591604,S2-212722576,S3-248617889,S2-603069239,S2-834822493,S3-119060072,S2-943168589,S2-253862699,S2-542560047,S2-748412914,S2-72136245,S2-815930718,S2-206045133,S3-177091087,S2-199131123,S2-354998081,S2-107275267,S2-900702186,S3-304016742,S2-869567434,S2-845222944,S2-201027011,S2-613774823,S3-252134176,S2-64560471,S2-401713436,S2-95401115,S3-277132144,S2-472815024,S3-27780700,S3-181774593,S2-975527854,S2-184631474,S2-813050616,S2-413706716,S2-768742348,S2-111526286,S2-973656680,S3-270061873,S2-588588038,S2-344435782,S2-906586504,S3-264322475,S2-527236354,S2-923419163,S2-860691241,S2-868287033,S2-127085037,S2-597692962,S3-182065924,S2-715056911,S2-929870483,S2-722907330,S2-97819000,S2-4915757,S2-574600665,S2-467424733,S2-970634212,S2-641083418,S2-980609185,S2-141063444,S2-532296086
S1-321805538	S2-605060032,S2-116494631
S1-441985466	S2-554700259
S1-259998187	S2-923803171,S2-847913325,S3-169396770,S2-120875470,S3-327314489,S3-782321337,S2-931930117,S2-532694095,S3-587995046,S2-927718446,S2-196859247
S1-84838337	S3-412137880,S2-110362477,S2-155258524,S2-504124615,S3-720697712,S3-921238776,S2-716763977,S2-660791587,S2-198437520,S3-173469938,S3-388848
S1-559606358	S2-656841625
S1-285639517	S3-317158376
S1-15301463	S3-403456488,S3-423356621,S3-955234150,S3-35945424,S3-935989990
S1-862669059	S3-407339813
S1-747808656	S3-340353131
S1-815293385	
S1-904153344	
S1-542211755	S2-489821618,S3-281534787,S3-593953702,S2-240940806,S3-17805189,S2-24840953,S3-910766186,S3-671466724,S3-883753566,S2-91252658,S2-935491914,S2-916000601,S3-662282103,S2-12775029,S2-686087587,S3-178489141,S2-898015928,S2-372115144,S2-327261780,S3-680473034,S2-601336237,S2-901958760,S2-717299972,S3-695151704,S2-427840097,S3-614137179,S3-314096113,S3-823588430
S1-534520678	
S1-610149670	S2-601177655,S2-809918482,S3-744911212,S3-339503285,S3-588852284
S1-255988217	
S1-121300600	S2-518342888,S2-954978245,S3-285420226,S3-251259889,S2-270975867,S2-298418269,S2-997507194,S2-468893746,S2-120848784
S1-359210231	
S1-89857733	
S1-400306734	
S1-4024559	
S1-342754370	S2-759683786,S2-552062206,S2-295198302,S2-132745499,S2-713706868,S2-829800661,S2-479887068,S2-273850198,S2-668134855,S2-559195935,S2-644353306,S2-658827685,S2-337047451,S2-854895588,S2-650272417,S2-575707861,S2-820815336,S2-196601282,S2-157807720,S2-748074457
S1-630868457	S3-654854815
S1-592988810	
S1-943879014	S2-863634640,S3-937294502
S1-95264755	S2-266877403,S3-251558527
S1-407116838	S2-192047647
S1-481586703	S2-387801997,S3-214108428,S2-721982848,S2-309615148,S2-178364993,S3-334677842,S3-311231437
S1-629942645	S2-158631160,S2-994988897,S3-70409524,S2-396321116,S2-328974840,S3-230718187,S2-593649617,S2-734928705,S3-949785465,S3-11731436,S2-550160179,S3-261318058
S1-974369508	S3-538736491
S1-261345307	
S1-978947873	S2-719474660,S3-597052845,S2-877338096,S2-794272150
S1-559691865	S2-521187523,S2-47841445,S2-756273687,S2-21862008,S2-191642999,S2-446638113,S2-693518082,S2-557629172,S2-846704896,S2-479009247,S2-942526403,S2-928104404,S2-734284607,S2-579951449
S1-112698887	S2-132745499,S2-384797760,S2-575707861
S1-463954056	S2-668938269,S3-79744255,S2-864585474,S2-361470693,S3-252532454,S3-681926238,S2-86343422,S3-859090261
S1-850735340	
S1-455034843	
S1-758631377	S2-860779572,S3-381963164
S1-265301518	
S1-899309274	
S1-360871186	
S1-401787789	S3-517574550,S3-728137475
S1-811062762	S3-889676973,S3-457893391,S2-300053323,S3-580082175,S3-702690972,S3-361857338
S1-889296005	
S1-148391306	S2-692288338,S3-980653505,S3-676065906,S2-96258376,S2-882743825,S3-941205108,S3-182259104,S3-743900414,S2-485389932,S2-570996301,S3-142699000,S3-575213590,S2-68476347,S2-918742078,S2-507680787,S2-889343890,S2-958602058
S1-911827835	S3-460030734,S2-131927923
S1-511010319	S3-807258077
S1-838803180	S3-109268704,S3-35384583,S2-43100722,S2-80935451,S2-361856323,S2-523392011,S3-613806254
S1-172179362	S2-829508603,S2-762465090,S2-222043431
S1-909039820	
S1-343224704	S3-109309535,S2-204361357,S2-379104271,S2-896963780,S3-130643559,S2-730901035,S2-79804194,S2-491350784,S3-374217774,S2-94778253,S2-367521742,S2-136440016,S2-579437630,S2-967997351
S1-615241702	S3-777176258
S1-814475089	S3-720955181
S1-736083154	S3-929885058
S1-631992370	
S1-879957116	S2-963429859,S3-233662492,S2-183668783,S3-262706720,S2-704452687
S1-695551699	S3-614694143,S3-204151963,S2-1110482,S2-244199728,S2-661904810,S2-206800725,S2-776238938,S2-586842600,S2-774910695,S2-77983015,S2-830617707,S2-237942590,S3-34229523,S2-822947971,S2-579947154,S2-914745374,S2-754154558,S3-233897163,S2-51194900,S2-352238141,S2-739127679,S2-58409496,S3-512029235,S2-457922710,S3-166201816,S2-481626882,S3-591507153,S2-317869422,S3-535649740,S3-136830931,S2-651378765,S2-922909613,S3-509232212,S3-147163300,S3-608989900,S3-633143546,S3-653733974,S2-240845455,S2-978803984,S2-557031545,S2-308963995,S3-334379933,S3-154456342,S3-606497358,S3-501425410,S3-224826899,S3-207552422,S2-526276696,S2-390421927,S2-405833229,S2-35994221,S3-158909971,S2-237210971,S2-889388542
S1-915683125	
S1-558777207	
S1-489691585	
S1-685136113	S3-388785891
S1-558772965	
S1-619498151	S3-114155854,S3-478740633,S2-155633699,S2-112531767,S2-59686400
S1-612840301	S2-257559228,S3-592681571,S3-492559728,S3-800871230,S2-721623614,S2-541527115,S3-313851272,S3-411548568,S2-150404552,S2-585685463,S2-820159474,S3-709667052,S3-996184187
S1-832858249	S2-66294135,S2-483215034,S2-812946530,S2-617761215,S2-197689027,S2-551250135,S2-386041807,S2-31936374,S2-582017691,S2-443120788,S2-220323466,S2-220200394,S2-480657989,S2-241672314,S2-651193172,S2-499246395,S2-247456490,S2-840617072,S2-135119653,S2-81527473,S2-802800935,S2-131153421,S2-740935688,S2-481459118,S2-766147118,S2-788294964,S2-715970690,S2-168346428,S2-262651627,S2-903338907,S2-549490617,S2-415804091
S1-951113242	S2-771309476,S3-705765070,S2-122414967,S2-372420151
S1-629969170	
S1-308760358	
S1-185461178	S3-634569857,S3-937178419,S3-503954447,S2-916450974
S1-134717804	S3-108818816,S3-233662492
S1-613642244	
S1-581913128	
S1-476945809	S3-48437907
S1-572630755	
S1-865415130	S3-704517961,S2-998936820,S2-487825362,S3-628804020,S3-438134763,S2-23631044,S2-100488052,S2-334784846
S1-74446127	
S1-992495575	
S1-142134980	S2-704344797
S1-36985251	
S1-911946238	S3-799806987,S3-52791858,S3-534413669,S3-600441546,S3-183135636,S3-428301742
S1-562441786	
S1-806145538	S3-460339900,S2-886401721,S3-360707321,S2-654412645,S2-50104684,S2-901294694
S1-744150463	S2-192909287,S2-897980422,S2-260493939,S2-511060737,S2-818401135,S2-168670799,S2-687169918,S2-454996040,S2-578945271,S2-307972559,S2-686979274,S2-908510616,S2-487927714,S2-466471930,S2-481493872,S2-57057245,S2-458831613,S2-183092653,S2-316682952,S2-648362230,S2-853572898,S2-833532894,S2-102175863,S2-370483549,S2-372446484,S2-590537855,S2-346144327,S2-589522525,S2-299820792,S2-366066563,S2-79166589,S2-649607870,S2-805177125,S2-399619492,S2-909133099,S2-144207255,S2-259754115,S2-717399330,S2-170798861,S2-267907355,S2-690127271,S2-728389979,S2-562681799
S1-673367190	S2-533423723
S1-768943161	S3-565906721,S2-140683787
S1-939230476	
S1-926721643	
S1-404657424	S2-692242340,S2-414650666,S2-391744840
S1-298826786	
S1-679923653	
S1-296448605	
S1-279157594	S3-386317419,S3-843358137,S3-636851143,S3-991992721,S2-394504549,S3-506597767,S3-710923272,S3-58415997,S2-699485667,S2-914106488,S3-708058445,S2-976325659,S3-226805063,S3-710246281,S2-772493474,S2-694535549,S3-9648333,S2-841661802,S3-882373206,S3-688033929
S1-149954337	
S1-461332926	S3-684372600,S2-889343890
S1-988353353	S2-48344434,S2-231387799,S3-550108327,S3-711377319,S3-29055209
S1-263165322	S2-49472193
S1-895878395	S2-113372393
S1-502818456	
S1-803808238	S2-122204913,S3-130472529,S2-69040924,S2-831993179,S2-71480360
S1-153427223	S2-268889147,S2-853252664,S2-435680343,S2-640219101,S2-740173023,S2-292397494,S2-335103314,S2-160408804,S2-331311222,S2-826277100,S2-589441931,S2-215785349,S2-14084129,S2-524604419,S2-872551966,S2-436483556,S2-328146445,S2-110661787,S2-85906403,S2-726999880,S2-392167270,S2-181063334,S2-457944153,S2-177671929,S2-915172574,S2-606734163,S2-935367306,S2-377148918,S2-135130951,S2-895555195,S2-739771169,S2-313245951,S2-542945420,S2-360749777,S2-138477027
S1-891380811	S3-942537947,S2-143747920,S3-135611910,S3-610209802,S2-867111458,S2-135889565
S1-169108778	S3-655906431,S2-649763434,S3-829738385,S3-851766303,S2-731252896,S3-256797329,S3-875736078,S2-595141695,S3-533942546,S3-765088900,S2-393681998
S1-662822472	S2-293093798,S3-507573515,S2-335765426,S2-560056039
S1-898536059	S3-553316175,S3-643070448,S3-479425308,S2-909948740,S2-261873404,S2-324072363,S3-847810365,S2-963274624,S3-288626189,S2-473860988,S2-873335967,S3-172751061,S2-185619158,S3-73344476,S3-843723483
S1-781279647	
S1-297665872	
S1-528564226	
S1-354050429	
S1-412936963	
S1-149368793	S3-499730761,S2-198734554,S3-432783650,S3-649043455,S3-153795311,S3-155953708,S3-7774167,S3-398017181,S2-356961212,S3-375158886,S3-7179839,S3-918452629
S1-113640854	S2-483399924,S3-952381034,S3-665672054
S1-106775939	S2-662012943,S2-253950301,S2-223805136,S2-704516263,S2-823529389,S2-272800175,S2-266144148,S2-254404079,S2-379917486,S2-647176030,S2-506710495,S2-198493039,S2-415414139,S2-165303940,S2-631109596,S2-39869945,S2-596145832,S2-659611183,S2-292703511,S2-277585286,S2-758112627,S2-521711964,S2-127797648,S2-142131792,S2-958761019,S2-239094631,S2-762100715,S2-201593768,S2-931109853,S2-57242208,S2-747224749,S2-867932680,S2-388123985,S2-501117248,S2-192675707,S2-282397555,S2-15045692,S2-38394933,S2-10763922,S2-996819000,S2-211021895,S2-26500789,S2-912528411,S2-897299394,S2-830207692,S2-860073448,S2-908424011,S2-367812531,S2-30031359,S2-300997588,S2-867098208,S2-782343040,S2-938297699,S2-759917947,S2-836747571,S2-525862775,S2-432341031
S1-429061067	
S1-181129782	S3-978239907,S3-188111987
S1-337279319	
S1-600462984	
S1-277346734	S2-550290248,S3-342312004,S3-415432962,S2-803130729,S2-721854500,S2-671757029,S2-246040917
S1-300372880	S2-821985243,S2-399295915,S2-94081474,S2-628148458,S3-193199078,S2-402203179,S3-748064746,S3-586454453,S3-68884086,S2-360808756,S2-497875047,S3-992847024,S2-856790262,S3-284106369,S2-395044621,S3-864868235,S2-86621461,S2-306831505,S3-620464346,S3-786261533,S3-84645065,S2-235178002,S2-34084714,S3-80540848,S3-680955378,S2-942888561,S2-950895920,S2-287826664,S2-78796632,S2-544092002
S1-90874088	S2-102331861,S2-819424842,S2-354668833,S2-669423393,S2-327426931,S2-648006387,S2-585483606,S2-730014105,S2-329159982,S2-306772016,S2-760947511,S2-848793642,S2-190377370,S2-22851635,S2-177628668,S2-647651815,S2-774116008,S2-16554760,S2-428253338,S2-604379778,S2-727306054,S2-405701199,S2-332016410,S2-591032606,S2-715162081
S1-235769541	
S1-286268691	S3-167377812,S2-912958018,S2-591072126,S2-567794297,S2-443569378,S2-486548125,S2-365423335,S2-971327684,S3-203075051,S2-474701239,S2-827562037,S2-229623554,S2-307853916,S2-5797561,S2-719371403,S2-455456848,S2-778256508,S2-985670014,S2-640299814,S2-159274266
S1-27541239	S2-755366621
S1-912557383	
S1-210606315	
S1-90128015	S3-122839712,S2-790370274
S1-590317213	
S1-751085398	S3-195881591
S1-186112379	
S1-20777578	S3-684831564,S2-949637818
S1-424976769	S2-18126063,S3-443109567
S1-210055577	
S1-184229550	S2-709309644,S3-843072382
S1-598560016	S3-606033369,S3-714414957,S3-357412741,S3-629605968,S3-275182149,S3-249450612,S3-286812122,S2-278409647
S1-784693509	S3-102602053,S3-155973496,S3-890640332,S3-307476331,S3-906390963,S2-828652360,S3-234981474,S2-352000508
S1-800528107	
S1-420921475	S2-474308490,S2-823944463,S2-771746663,S2-730521036,S2-92322579,S2-508344439,S2-21605450,S2-866466206,S2-525991458,S2-583339726,S2-232161676,S2-38827079,S2-924111301,S2-894769041,S2-56576313,S2-923500757,S2-493611809,S2-458585786,S2-600904389,S2-3319138,S2-762695364,S2-499027495,S2-820815164,S2-843635430,S2-291644849,S2-56465834,S2-502816364,S2-817607055,S2-452685961,S2-122201731,S2-860355097,S2-30382724,S2-5562734,S2-816684193,S2-415670729,S2-361211798,S2-4615798,S2-163395991,S2-75217079,S2-213277943,S2-306289434,S2-702366846,S2-875893829,S2-372385754,S2-576293562,S2-560955461,S2-196504480,S2-19245434,S2-35322068,S2-317152754,S2-424954698,S2-433860699,S2-407149621,S2-69245191,S2-427062954,S2-331873332,S2-68748027,S2-594646994,S2-739386823,S2-788354095,S2-478976831,S2-338006175,S2-842721511,S2-226494608,S2-528473005,S2-414647364,S2-386525936,S2-631977552,S2-76962210,S2-234699109,S2-20213851,S2-576940662,S2-471908725,S2-883612706,S2-150975970,S2-316896911,S2-201437355,S2-287656003,S2-842081349,S2-433032085,S2-337420573,S2-183518047,S2-170100406,S2-876924172,S2-674079903,S2-270502309,S2-247602828,S2-550225052,S2-171227599,S2-413513633,S2-472900054,S2-447813093,S2-405105351,S2-302054007,S2-195534419,S2-52804522,S2-635487150,S2-456194866,S2-579633576,S2-485793518,S2-81925251,S2-790170069,S2-210149663,S2-545302890,S2-668971573,S2-342987051,S2-857262168,S2-164999379,S2-437281736,S2-247372000,S2-230344467,S2-690655838,S2-454352954,S2-587732158,S2-879328812,S2-922996171,S2-765870100,S2-479233308,S2-691060668,S2-331753019,S2-480944369,S2-479048111,S2-457106884,S2-418436422,S2-810475663,S2-229525660,S2-914534929
S1-52130270	
S1-241444667	S3-980364068
S1-319976599	S3-88397327,S3-267477936
S1-359789353	S2-24840953,S2-291520609,S3-662282103,S3-883753566,S2-91252658,S3-17805189,S2-823668132,S3-910766186,S2-12775029,S3-671466724,S2-764244831,S2-931341526,S3-178489141,S2-11589683,S2-950030383,S3-502588105,S2-734781211,S2-784977344,S2-372115144,S2-347438165,S2-528327142,S3-928367837,S3-100995264,S3-281534787,S2-690928531,S2-529710080,S2-653107508,S2-647979040,S2-91871546,S3-367775600,S3-306882540,S2-601336237,S3-356569509,S2-901958760,S3-614137179,S3-314096113,S3-823588430
S1-888864024	S2-842491639,S2-63536183,S3-273987200,S3-429825233,S3-247057175,S2-35456195,S2-430355611
S1-412886077	S3-59655722,S2-714057666,S3-740323634,S2-765620673
S1-905824996	
S1-720468760	
S1-252003139	S2-594619239,S2-122098468,S2-382704580,S2-244682502,S2-713093852,S2-768311502,S2-402866647,S2-30769224,S2-37605863,S2-169642713,S2-652466455,S2-561898874,S2-348846232,S2-256072418,S2-588548717,S2-45775835,S2-448733775,S2-596268411,S2-149320319,S2-816613726,S2-747319151,S2-115680009,S2-36200495,S2-326599634,S2-498618273,S2-171964628,S2-77698963
S1-724315493	S2-530240754,S3-538628736,S3-254567788,S3-805427623,S3-258178187,S3-154598584,S2-217512767,S2-100576065,S2-555076636,S2-929861419,S2-577061093,S2-36918488,S2-640286144,S2-462289445,S2-13121981,S3-510712039,S2-453477407,S3-904520104,S3-653562004,S2-126969688,S2-342241619,S3-680562534,S3-211505270,S3-329442069,S2-519534487,S3-450409075
S1-800072803	
S1-279661956	S3-120427011,S3-416935759,S3-150768830,S2-755350822,S2-841156750,S3-41440815
S1-221722813	S3-607643623
S1-960787494	S2-324757265,S2-905691054,S2-690471635,S2-262557078
S1-916406672	S2-188224294,S2-695579363,S2-114618640,S2-574360801
S1-820196196	S3-955943023
S1-291403667	S2-825832817
S1-443318138	S2-525539982
S1-986526816	
S1-611075098	
S1-730079802	
S1-54352084	
S1-319761497	
S1-725894936	S2-721521726,S3-911632855,S3-346105309,S2-23002575,S3-276105444,S3-934470311,S3-392620860,S2-41718449,S2-559818183,S2-958602058,S2-9779349
S1-862053862	S3-456274923,S3-581095226,S3-771795518,S3-980429101,S3-108142525,S2-684799340,S3-6131674,S2-679489604,S2-574073519,S2-210153187,S2-158248730,S2-352852285,S2-131953404,S2-567509199,S2-704244710,S3-129445997,S3-512123493,S2-385702337,S3-974456981,S3-769355954,S3-461493944,S3-520134808,S2-727701442,S2-827455267,S2-418473945,S2-586567836
S1-229630451	S2-694572210
S1-243635503	
S1-182790097	S2-870950136
S1-285120447	S2-223128564,S2-865491061,S2-24496898
S1-866481061	S3-109253135,S3-131480798,S3-204025459
S1-652394838	
S1-705393454	S3-802441299
S1-513633011	S2-171851553,S3-58584651
S1-826043166	S2-223230811,S2-742328277,S2-191995440,S2-244185385,S2-365572475,S2-288977263,S2-381461578,S2-823445802,S2-648006387,S2-250583864,S2-261880225,S2-35761716,S2-169193540,S2-224112939,S2-803041670,S2-336328397,S2-172418935,S2-230117144,S2-596170464,S2-774116008,S2-341394500,S2-243855266,S2-162958155,S2-656729775,S2-332016410,S2-715162081,S2-591032606,S2-727306054,S2-71670232,S2-405701199
S1-919231695	S3-223861841,S2-896264951
S1-928760114	S3-778831295,S2-987619171,S3-628562691,S2-457392212
S1-613137824	S3-19499776,S2-232895386,S2-374992264
S1-251261735	S2-559065379,S2-236255623,S3-851766303,S2-393681998
S1-312481466	
S1-541943581	
S1-692250120	
S1-789560793	
S1-278756630	
S1-146503088	
S1-458605878	
S1-304099102	
S1-648136590	
S1-685099735	
S1-428677845	S3-485092436,S3-864397669,S3-695744748,S3-811359647,S3-335601989,S3-276650556
S1-341133443	S3-595998179
S1-104866121	S2-571786048,S3-694505711,S2-153006055,S2-755081639,S3-489739258,S2-289542642,S3-603301433,S3-590601557,S3-587102111,S2-901140315,S2-913863077,S3-314383049,S3-918915600,S2-47590837,S2-215292791,S3-946349892,S3-350306154,S2-704014123,S2-345370463,S2-963953914,S2-880260739,S2-423797924,S2-923906143,S2-857347612,S2-521641651,S2-864073655,S3-277034614,S2-257596720,S3-489128981,S3-928905666,S2-831248110,S3-719698094,S3-563935679,S2-360375154,S2-860108059,S3-964798418,S3-961194140,S2-297198574
S1-629953436	
S1-261789011	
S1-383177577	
S1-112704648	
S1-317468570	
S1-799330644	
S1-257057513	S2-552285040,S2-734093127,S2-660992703,S2-742191837,S2-12781223,S2-475245312,S2-876318509,S2-256781534,S2-675822376,S2-688422676,S2-661128680,S2-357528125,S2-80737444,S2-105511417,S2-262782004,S2-322900048,S2-432951535,S2-774512583,S2-510192086,S2-182312548,S2-493820585,S2-715182049,S2-50675000,S2-372092495,S2-385987931,S2-138907788,S2-139145704,S2-791711694,S2-333783469,S2-735153377,S2-105719821,S2-776722434,S2-87690299
S1-71090905	S2-767190149,S2-408235089,S2-896264951,S2-62092247,S3-223861841,S2-291635456,S2-951843795,S2-63004297,S2-394189263,S2-492944301,S2-480177776
S1-574668375	S2-697096175
S1-981670420	
S1-470841570	S3-723180815,S2-660124820,S3-473502862,S3-103893520,S3-41936821,S2-735060857
S1-660621852	
S1-412010600	
S1-753157613	S3-331249459,S3-359666432,S2-498171206,S3-691426638,S2-777827118
S1-180811452	S3-196270823,S3-408870576,S3-876286485,S2-129353789,S3-863854289,S3-457155049,S3-241584093,S2-240418141,S2-543529651,S2-119710416,S3-359228059,S2-117777608,S3-554209530
S1-912879692	S3-95690529,S3-485092436,S3-563614967,S2-328856783,S3-262540116,S2-296456430,S3-695744748,S3-276650556,S3-811359647,S3-864397669,S2-781836094
S1-963388771	S2-225131023
S1-806455406	
S1-850703001	S2-89534684,S3-657360815,S2-482521534,S3-570646618,S2-386427373
S1-16642923	
S1-158380911	
S1-749675254	
S1-878053360	
S1-282276740	S2-19712848,S2-479863886,S2-39728646,S2-860181323,S2-333740416,S2-783104892,S3-173369035,S2-416906743,S2-948337610,S2-561689138,S2-33771868,S2-656851742,S2-543152568,S2-156120291,S2-54797206,S3-112064429,S2-477076148,S2-69184579,S2-448514413,S2-397927479
S1-945468102	
S1-856879317	
S1-703703543	S2-954603630,S2-111719341,S2-343655884,S2-902211970,S2-909211841,S2-838571672,S2-735060857,S3-41936821,S2-44385188,S2-904772357,S3-494415355,S3-888005576
S1-13855693	
S1-725250835	
S1-779163586	S2-409584464,S2-11499637
S1-635279754	
S1-127444556	
S1-4748189	
S1-318793512	
S1-274646138	S3-722821805,S3-910648354,S3-465908354,S2-332337466,S3-37668346,S2-78407334,S2-4629475,S2-867748389,S2-188591593,S2-495860240,S3-664202010,S3-125238956,S3-926883771,S2-604300802,S3-870091529,S3-384558609,S3-658417107,S3-194139699,S3-417289092,S3-542598300,S3-511385451,S3-198463156,S3-361038699
S1-148940522	S3-526808622,S2-364846438,S2-112895673,S3-386821909,S2-921214043,S2-396836746,S3-539670955
S1-517531810	
S1-429735814	S2-627316091
S1-687794903	S3-727574124,S2-640605961,S2-809642840
S1-690898835	
S1-463001178	S2-414077337
S1-364434072	S2-97051761,S2-319139570,S2-329152523,S2-302513926,S2-814594333,S2-450926188,S2-894395820,S3-243905570,S3-202617504,S2-752480236,S2-442605774,S3-161130258,S3-262305894,S2-359549629,S2-845890525,S2-91491361
S1-223483180	
S1-44427760	S3-184064850
S1-394090442	S2-399843026,S3-201878120,S2-397379870,S3-545120543,S3-508758139,S3-174088307,S2-883585071,S3-308343706,S2-37514100,S3-380764924,S2-426942131
S1-70854521	S3-311676359,S2-238333400,S2-170531490,S3-53652269
S1-626494746	S2-299760539
S1-40214460	
S1-220825875	S2-891161638,S2-356216035,S2-906846521,S3-969430138,S3-103627903,S2-983779864,S3-173425015,S2-91871546,S2-94664200,S3-410704385,S3-93918853,S2-49643910,S3-611382648,S2-91252658,S3-910766186,S2-24840953,S3-662282103,S3-883753566,S3-17805189,S3-671466724,S3-417094887,S3-56465962,S3-588701703,S2-198910526,S3-210974791,S3-33955667,S3-981409157,S2-916000601,S3-823588430,S3-614137179,S3-314096113
S1-911545093	
S1-21590818	
S1-770749194	S2-730667304,S3-110252160
S1-468729698	S3-784107607,S2-51370111,S3-20145244,S2-45768307,S3-311605874,S3-744380548,S3-368223531,S3-767156889,S3-939755984,S3-801151247,S2-498579687,S2-304465196,S2-435305662,S2-197155931,S2-664246199,S3-86092633,S2-253195767,S2-160163104,S2-571157020,S2-950500992,S2-436018272,S2-835642370,S2-405259584,S2-871920618,S3-795256334,S2-326741277,S3-957976500,S3-444982084,S3-308239228,S2-528807948,S3-130429929,S3-876643074,S3-765352042,S2-15829772,S3-931011967
S1-375627852	
S1-784942211	S2-1661398,S2-420415100,S2-269598285,S3-286238001,S3-515941798,S2-850453737,S2-953146928,S3-221554836,S2-865568527,S2-875950440
S1-78437133	S3-737063286,S3-116671839,S2-550468215,S3-111078671
S1-650239343	S3-327861517,S3-341700635,S3-511423182,S3-426047142,S3-265817537
S1-216071082	S2-490017050
S1-465595083	S3-188401974,S2-227790043,S3-34787589,S2-490715823,S3-244461082,S3-966971924,S2-478231240,S2-571490474,S3-404122213,S3-911129332,S3-40231164,S2-111028646,S2-170061693,S3-883416242,S2-310934080,S2-248393724,S2-647075780,S3-150736095,S2-86882746,S2-465924204,S3-640312725,S2-43058926,S3-592410141,S2-167308160,S3-307914476,S2-948224847,S2-337014797,S2-169867655
S1-23400040	S2-469472740,S2-685763110,S3-870545709,S2-364978725,S3-639741855,S2-823010878,S2-657405070,S2-629080781,S2-283018727,S2-136357659,S3-625384549,S2-676451151,S2-364337745,S3-474596212,S2-222041327,S3-746639998,S2-424814666,S3-504836312,S3-68560638
S1-107811142	S3-957219601,S2-972241639
S1-217503263	
S1-777898303	
S1-286064736	S2-141171537
S1-802853694	
S1-828694006	
S1-41863081	S2-531389178,S2-894647426,S2-835238693,S2-118368734,S2-405317804,S2-925826384,S2-198834992,S3-170824418,S2-948480548,S2-622316984,S2-490813748,S2-375036336,S3-283936189,S2-115343573,S3-103605931,S3-301991120,S3-110252160,S2-176192534,S2-293477230,S2-84065029,S3-216223789,S2-216860121
S1-777555607	S3-800078803,S2-447215140,S2-811662548,S3-41595586,S3-341689388,S3-389777475,S3-709859781,S3-422940856,S3-419517851,S2-871567834,S3-679781436,S2-616509752,S3-393949549,S2-634517258,S3-751285605,S3-627271012,S3-248153324
S1-816804092	
S1-249304557	S3-554239363
S1-926015541	S2-713987930
S1-347803900	
S1-633748483	
S1-810785334	
S1-592498716	S3-521237649,S2-858290314,S3-587453783,S2-496786588,S2-654104435,S2-363744462,S3-860352814,S3-258911635
S1-604067124	S2-822693678,S2-157412130,S3-585096773,S3-744115010,S2-984480537,S2-744975512,S3-688211664,S3-604203791,S3-886297878
S1-400207416	S3-316037521,S2-277802271,S2-555597720,S3-393683677,S2-406076562
S1-481363029	S3-417737010,S3-843782291,S3-241584093,S3-414687226,S3-918047298,S3-319060061,S2-984958474,S3-90431403,S2-667339539
S1-927372443	
S1-956515241	
S1-832233358	S2-822965109
S1-587142328	
S1-47138044	S2-531199615,S3-43980577,S2-717823377,S2-513249146,S3-794897946,S3-479478615,S2-54179922,S2-424539747,S3-259204005,S2-852066946,S2-512297262,S3-7311672,S3-333855510
S1-739118392	S3-747588419,S3-670725271,S3-834118895,S3-223417921,S2-393982053,S3-779481461,S2-94432627,S3-863102453,S3-934449620,S3-671380172,S3-652733194,S3-347049544
S1-584499457	S3-920990721
S1-838780973	
S1-282277625	S3-530833997,S2-637768140,S2-715568703
S1-780331711	S2-900544727,S2-234906407,S2-738804968,S2-361263825,S2-479851748,S2-640434082,S2-771111158,S2-477430378,S2-100485538,S2-623862561,S2-583775694,S2-103926383,S2-14327438,S2-898775129,S2-522042091,S2-666421037,S2-288277707,S2-656431010,S2-647118389,S2-732373543,S2-489029878,S2-768890177,S2-20187320,S2-884195671,S2-679849222,S2-909177427,S2-315711263,S2-90433864,S2-90067640,S2-555656139,S2-181932157,S2-690661246,S2-341455263,S2-125086919
S1-582041644	S3-329138827,S3-389250095,S3-548351196,S2-993136015,S3-313109239,S3-668886037,S2-382912544,S2-57054764
S1-341610520	
S1-924009686	S3-266430450
S1-398652017	S3-875534645,S2-357512134,S3-134345991,S2-640452120,S3-305418293,S2-35456195,S2-430355611
S1-532603416	
S1-52131287	S3-110590793
S1-363200816	
S1-618570184	S3-526808622,S2-183669799,S3-144241652,S2-699339386,S2-722480479,S2-209675859,S2-438363390,S2-465307413,S2-202434342,S2-438844313,S2-3441158,S2-643611929,S2-231641638,S2-295418151,S3-48600900,S2-930506664,S2-410654841,S2-186023339,S2-213567493,S2-627643084,S2-593974216,S2-75433294,S2-491173574,S2-921879591,S2-770078408,S2-837878490,S2-902673223,S2-396836746,S2-921214043,S3-539670955,S2-227208356
S1-588081735	S2-368655648,S3-291161514
S1-116975535	
S1-190274340	S2-771746663,S2-474308490,S2-92322579,S2-38827079,S2-600904389,S2-56576313,S2-361211798,S2-842721511,S2-342987051,S2-170100406,S2-816684193,S2-4615798,S2-163395991,S2-843635430,S2-68748027,S2-499027495,S2-790170069,S2-458585786,S2-894769041,S2-528473005,S2-247602828,S2-415670729,S2-576293562,S2-508344439,S2-823944463,S2-583339726,S2-75217079,S2-20213851,S2-56465834,S2-164999379,S2-405105351,S2-817607055,S2-21605450,S2-3319138,S2-730521036,S2-150975970,S2-433032085,S2-820815164,S2-424387851,S2-813641485,S2-454352954,S2-550225052,S2-306289434,S2-924111301,S2-331873332,S2-923500757,S2-545302890,S2-407149621,S2-196504480,S2-414647364,S2-631977552,S2-472900054,S2-30382724,S2-183518047,S2-860355097,S2-842081349,S2-866466206,S2-471908725,S2-493611809,S2-840714314,S2-213277943,S2-239641965,S2-594646994,S2-702366846,S2-875893829,S2-696109598,S2-525991458,S2-739386823,S2-372385754,S2-270502309,S2-35322068,S2-456194866,S2-883612706,S2-788354095,S2-316896911,S2-302054007,S2-338006175,S2-452685961,S2-716987982,S2-19245434,S2-560955461,S2-69245191,S2-427062954,S2-226494608,S2-674079903,S2-424954698,S2-234699109,S2-317152754,S2-478976831,S2-576940662,S2-247372000,S2-201437355,S2-635487150,S2-195534419,S2-857262168,S2-433860699,S2-232161676,S2-898008935,S2-76962210,S2-668971573,S2-122201731,S2-171227599,S2-291644849,S2-765870100,S2-876924172,S2-879328812,S2-579633576,S2-485793518,S2-81925251,S2-922996171,S2-29999226,S2-512739397,S2-587732158,S2-210149663,S2-690655838,S2-386525936,S2-450414338,S2-479048111,S2-480944369,S2-457106884,S2-418436422,S2-810475663,S2-229525660,S2-914534929
S1-725151419	S3-995832703,S3-761084325,S3-509758759,S3-136072742,S3-482741610,S2-535500845,S3-139241638,S2-187077983,S3-767000746,S2-560056039,S3-106277081,S3-145348428,S3-556719577,S3-713247713,S2-163744459,S2-556107739,S3-746290232,S3-802490649,S2-816565908
S1-248417578	
S1-8271658	
S1-78474751	S3-405551565
S1-975769032	
S1-662375410	
S1-136807077	S2-322413111,S3-814285237,S3-102266007,S2-233000404,S3-133025004,S3-587553343,S2-250241425,S2-982026672,S3-289958683,S2-829457311,S3-264534055,S2-556469960
S1-309924975	
S1-882754131	S2-688450525,S2-340280254,S3-622831211,S2-764679785,S3-935989990,S3-35945424,S3-955234150
S1-85024477	
S1-416469670	S3-100871963,S3-539384861,S3-956632616,S3-353172975,S3-261387133,S3-861713965,S3-45739167,S3-420472262,S3-253792885,S2-624958302,S3-278497934
S1-202530197	S3-706516514
S1-9379136	S2-865421646,S3-578073713,S3-357412741,S3-629605968
S1-761701313	
S1-383424767	S2-132974071,S2-953146928,S3-286238001,S2-850453737,S3-221554836,S3-515941798,S2-91835830,S2-327325549,S2-341837102,S3-258233103,S2-257194140
S1-327685774	
S1-612138552	
S1-61407019	
S1-126393436	S2-884380584
S1-648289113	
S1-395106511	
S1-546751738	S2-267966885
S1-617253448	
S1-842881175	
S1-748867572	
S1-596987084	
S1-654186623	
S1-279028557	S3-692561188,S2-582457489,S2-933396506,S2-520194767,S3-273367484,S2-164408447
S1-139425336	
S1-497319950	S2-314197026,S3-290990541
S1-401942506	S2-606861999,S2-132481414,S3-254405024,S2-666978675,S3-845557579,S3-350370260,S3-357009167,S3-538530557,S3-259628603,S3-733417444,S2-681887266,S3-659303460,S3-672854413,S2-523674413,S3-905940154,S3-73684185,S3-843274962,S3-752408694,S3-243758371,S2-187944959,S3-813129692
S1-592380810	S2-790399139,S2-737231796,S2-401594094,S2-520986836,S2-592508582,S2-41061862,S2-492705598,S2-323548701,S2-455659817,S2-155873938,S2-631129240,S2-387115807,S2-621507101,S2-37188246,S2-16084621,S2-716039525,S2-365215605,S2-404068444,S2-443243519,S2-73428582,S2-523304160,S2-262413466,S2-736585370,S2-662994229,S2-569438165,S2-431435374
S1-774387323	
S1-815745575	S2-173102731,S3-193622652,S3-702728385,S3-813978106,S2-225653845
S1-457922425	S3-100222498
S1-5283798	S2-727236945
S1-686264813	S2-305315061,S2-558642920,S2-729709581,S2-613234078,S2-732841364,S2-349099978,S2-860290832,S2-735723416,S2-590761669,S2-702267609,S2-261879080,S2-763669874,S2-487061741,S2-954673307,S2-760385237,S2-404768538,S2-243902755,S2-961584157,S2-357585176,S2-737311826,S2-567353185,S2-609467766,S2-863284280,S2-520773188,S2-586035385,S2-85113215,S2-12169707,S2-621920146,S2-590885672,S2-785246908,S2-312033050,S2-204923015,S2-924091320,S2-960497500,S2-799647940,S2-799021792,S2-633078778,S2-671124898,S2-359579050,S2-762254064
S1-737552114	S2-688368418,S2-80455011,S2-11683033,S2-229767182,S2-217902830,S2-172922502,S2-11079141
S1-792718315	S3-114897857,S2-182301675,S3-860953324,S3-266346136,S3-284686530,S3-574670219,S3-561949674,S2-982162234
S1-720096870	
S1-676682334	S3-296375987,S3-718829720,S3-661962385,S3-718206663,S3-474985958,S2-952398769,S3-349019095,S2-533414721,S3-96198738,S3-38701030,S2-206317453,S3-42150415,S3-844054592,S3-132072256
S1-606359690	S2-323688051,S2-14526572
S1-979207238	S3-551099592,S3-865579410,S3-455334145,S3-639741855,S2-629080781,S3-605609101,S3-654438900,S3-549932155,S2-786237267,S2-469472740,S2-657405070,S2-572613583,S2-685763110,S2-823010878,S2-136357659,S3-552612055,S2-83160900,S2-795317815,S2-435210874,S3-790004309,S3-870545709,S3-68560638,S3-504836312,S3-743950165,S3-872904624
S1-998639597	S3-920482145,S2-557334697,S3-551610427,S2-717061992,S2-423132274,S3-701269923,S3-866119784,S3-931749255,S3-251558527,S2-510339752,S3-805610701,S2-266877403,S2-571116600
S1-126440778	S3-592548056,S3-341588842,S2-273530886,S3-562200233
S1-119171444	
S1-472910122	S2-444635429,S3-477044718
S1-342669845	S3-787991457
S1-280609787	S2-10598620,S2-920552656,S2-82793702,S2-792771990,S2-385885037,S2-499234375
S1-547630919	S2-511196623,S2-103860627,S3-57054393,S3-195525297,S2-181355122,S3-534532524,S3-822202068,S2-484874692,S2-215427310,S2-824062894,S3-680449256,S3-615256298,S3-928828192,S3-389342961,S3-545041422,S2-643339067,S3-882461134,S2-141261386,S3-726394547,S3-812278466
S1-80363633	S2-472112591
S1-253185653	S3-783715722,S3-923715883,S2-323976681,S3-140433585,S3-137364450,S2-851689640,S3-497151430,S3-542279277
S1-171963189	
S1-57235044	S2-353671245,S3-2021399,S2-378241139
S1-100302483	S2-960211313
S1-504729796	
S1-497653195	S2-659796439,S3-142081166
S1-671189801	S3-227587900,S3-193622652,S3-702728385,S2-196648324,S2-859269439
S1-314509757	S2-653225509,S3-453154695,S3-642322363,S3-769630687,S2-762651911,S2-444778097,S2-676567040,S3-215397671,S3-182531873,S3-83457359,S2-245511812,S2-651311331,S2-983437274,S3-400236849,S3-277521842,S2-842435364,S2-697766099,S3-366535659,S3-586549163,S3-602610101,S2-858003343,S3-82348174,S2-882570128,S2-82340467,S3-942805304,S2-855949650,S3-642228704,S3-27940543,S3-412212897,S3-654815193,S2-128707716,S3-651620728,S3-991575503,S2-53274973
S1-4869416	
S1-218222451	S3-732654838,S2-767764452,S3-328149806,S3-420793339,S2-851729280,S2-606616032,S2-562362247,S2-503779729,S3-251349252,S2-3961924,S2-485858363,S3-199976141,S2-953530216
S1-969227075	S2-996787820
S1-553802698	
S1-894338608	S3-157201780,S2-209578663,S2-256407454,S2-371010937,S3-258647389,S2-622980862,S2-306177882,S3-466826718,S3-501405225,S2-83664858,S2-820033214,S2-94924133,S2-103772338,S3-27097956
S1-842779104	
S1-423403395	S3-31041357,S2-994081839,S3-720542254,S3-148278525,S2-651931697,S2-225966471,S2-604036214,S2-261267322,S2-962308116,S3-745069286,S3-876055713,S2-886153760,S3-909158714,S3-655497472
S1-359794131	
S1-867590148	S2-676265693
S1-340481848	
S1-85256606	
S1-23979328	S2-62813986,S2-464273620,S3-564067092,S3-647445801,S3-16847549,S3-473220059,S2-476292017,S3-196531948,S2-863530983,S3-517679707,S2-418991508,S3-585991841,S2-87996955,S2-426902140,S3-575237915,S2-163754935,S2-34802085,S3-668886037,S2-886262876,S3-54951837
S1-609076271	S3-603014267,S2-642060068,S3-989317080,S3-357123311,S2-480310921,S2-470040772,S3-746020510,S2-269430298
S1-392885498	S2-250307271,S3-383621598,S2-13804674,S2-568320821,S3-25569843,S3-94467399,S3-516896055,S2-282454868,S2-138330206,S3-648603085,S3-845402020
S1-291751421	
S1-252842639	S2-588813869,S2-169205992,S3-549464739,S3-156410949,S3-260987183,S2-468409428,S2-936770341,S2-54843954,S3-321646468,S3-43493176,S2-480408486,S3-942647343,S3-17712032
S1-745949803	S3-550370878,S3-46128158,S3-225710057,S2-605320389
S1-114549366	
S1-75252744	
S1-602440532	S2-565634563,S3-739313467,S3-349395274,S3-592576613,S3-111903472,S2-885208350,S2-811271280,S2-985763603,S3-483962972,S2-663583469,S2-315976514,S3-911774812,S2-7394473,S3-390803854,S3-170550578,S3-898498231,S2-973466802,S2-94816190,S3-166399047,S2-961878201,S2-409587721,S3-688006018,S3-769090684,S3-136431032,S2-425564366,S2-13018737,S3-142815286,S2-132932901,S2-645462566
S1-755237986	S2-460136490
S1-373808545	S3-105556855,S3-536522870,S3-799633693,S2-460936926
S1-893310982	S2-379743714,S2-904034500,S2-390789384,S2-686970157,S3-126939583,S2-54797206,S2-477076148,S3-112064429,S2-69184579
S1-499895342	
S1-353202458	
S1-130034572	S2-155507226,S2-132237443,S2-778796017,S2-247630151,S2-621614129,S2-552147199,S3-337654425,S2-249942318,S2-820033214,S2-94924133,S2-232432141
S1-65852263	S3-571507155,S2-211205682,S3-798711147,S3-532722750,S3-866119784,S3-931749255,S2-266877403,S3-805610701,S3-251558527
S1-615814764	S2-326352254,S2-464504449,S2-312379347
S1-878244571	S3-103836624,S2-62092247,S3-181545963,S3-223861841,S2-896264951,S2-291635456,S2-394189263
S1-444951364	S3-259292425
S1-148428619	S3-221900535,S3-182707711,S3-538116434,S3-375025626,S2-542945341,S3-472639009,S2-1577999,S2-181737978
S1-527709196	
S1-387997909	S2-19065105,S3-290432487,S3-611565511
S1-946191589	S2-271126774,S3-374800362,S3-846897963,S3-36416804,S3-973323595,S3-39913032
S1-545601093	
S1-987233197	
S1-435042803	
S1-706636624	
S1-375348297	S3-106914206,S2-2866163,S2-885222719,S2-704179083,S2-611831678,S3-207108221,S3-33675711,S2-585485673
S1-277460033	S3-904847840,S3-679369182,S2-430289783
S1-768044770	
S1-123820987	
S1-687558889	S2-240191300,S2-173401955,S3-607213822,S3-241441354
S1-808835688	
S1-888224418	
S1-289853373	S3-984960842,S3-655272160,S3-191254623,S2-651311331,S2-14610811,S3-400236849,S3-182531873,S2-444778097,S2-737791349,S3-362574136,S2-653225509,S2-973581153,S3-167785218,S3-83457359,S3-642322363,S3-453154695,S2-969344678,S3-651620728,S3-412212897,S3-27940543,S2-53274973
S1-14745303	
S1-682591208	
S1-281119892	
S1-75131896	S2-980205776,S3-880503205,S3-374136447,S2-959051028,S2-29520678,S3-630418304,S3-840478151,S3-994384355,S3-347245156,S2-579934370
S1-132606107	S3-143939394
S1-104662239	S2-896587297,S2-854136481,S2-168253995,S2-50149822,S2-841621186,S2-359549629
S1-629223907	
S1-277654353	
S1-470136588	S3-527112422,S3-963209449,S2-583478499,S2-994988897,S3-623210845,S2-328974840,S3-367401300,S2-550160179,S3-261318058
S1-157171292	
S1-386857604	S3-151252897,S2-67458562,S2-322427535,S2-676291617,S2-931116504,S2-932582398,S2-519518433,S2-923081660,S3-289887362,S3-291419604
S1-458813085	
S1-467918423	S2-296089650
S1-756412192	S2-586842600,S2-77983015,S2-776238938,S2-471814700,S3-614694143,S2-457922710,S2-237942590,S2-206800725,S2-651378765,S2-317869422,S2-661904810,S2-739127679,S2-244199728,S2-352238141,S3-512029235,S3-147163300,S3-653733974,S2-51194900,S3-166201816,S2-914745374,S2-240845455,S2-1110482,S3-76271038,S3-136830931,S2-978803984,S3-509232212,S3-289365532,S3-633143546,S2-426683016,S3-608989900,S2-557031545,S3-334379933,S3-501425410,S2-953161388,S3-606497358,S3-154456342,S3-591507153,S3-350383017,S3-158909971,S2-237210971
S1-967698579	S3-532722750,S2-665054867,S2-752683436,S3-211713759,S3-580419903,S3-883883192,S2-668318546,S3-950788429,S3-752283801,S3-931749255,S3-805610701,S2-266877403,S3-866119784,S3-904485815,S3-251558527,S2-510339752
S1-840707969	S3-929391359,S3-210759170,S2-584740071,S3-119805468
S1-190623472	
S1-954357377	
S1-715767637	S3-343053996,S3-338526350,S2-990287008,S2-189034795,S3-453723246,S3-564275734,S3-273817340,S2-718026766,S3-405694159,S2-925313012,S3-31534133,S2-738999755
S1-349458496	S2-587434991
S1-597776332	
S1-61110770	S2-212589599,S3-962179618,S3-35945424,S3-955234150,S3-935989990,S2-665889889
S1-443223161	
S1-149064476	
S1-966218415	S3-940323665,S2-713459552,S3-894978496,S3-629605968,S3-357412741,S3-6502666,S2-484844221
S1-280188529	S2-590932286,S2-234824184,S2-760779498,S3-26605086,S2-879720898,S2-990075414,S3-606580559,S3-853087291,S3-409435933,S2-886403197,S2-149184993,S2-648060330,S2-251561384,S2-615157500,S2-252165195,S2-612983681,S3-928768337,S2-161640009,S3-769793045,S2-98715804,S3-309264131,S2-750522226,S3-306622975,S3-716469844
S1-303487417	S3-385562842,S2-658744822,S2-644926234
S1-950052790	S3-451428258,S3-748825502,S3-295950006,S3-769195596,S3-374960734,S3-867109894,S2-4013678,S3-177144197,S2-713973162,S2-318060787,S3-721106526,S2-242228320,S3-36015959,S3-868003520
S1-522715990	
S1-967840468	S2-185083228,S2-593615988,S2-183628238,S2-857874103,S2-502946548,S3-300235871
S1-583341853	
S1-11731423	
S1-857396548	S2-603835248
S1-771465672	S3-812314763
S1-341939498	S2-732348214,S2-523828058,S2-862839325,S2-905102370,S2-504852890,S2-518882374,S2-728766510,S2-77410794,S2-844976185,S2-768691037,S2-827557278,S2-36285484,S2-156794782,S2-517651534,S2-253570718,S2-189283488,S2-383495104,S2-236387212,S2-3854345,S2-179832238,S2-75235244,S2-160589281,S2-322565314,S2-893415910,S2-346222185,S2-221823268,S2-730015433
S1-832893875	S2-721523610,S3-741315013,S3-632086069,S2-331371627,S2-360808756,S3-992847024,S2-714499169,S2-497875047,S3-11800374,S3-828969039,S2-86621461,S3-284106369,S3-864868235,S3-786261533,S2-306831505,S2-856790262,S3-620464346,S2-395044621,S2-37067108,S3-264642771,S2-3650707,S3-196855690,S2-44225039,S2-497414681,S2-547055393,S2-402203179,S2-282793746,S3-640525295,S2-303717938,S2-743989347,S2-809187549,S3-486558856,S3-526450234,S2-48526055,S2-94592097,S2-942888561,S2-950895920,S2-287826664,S2-146338336,S2-78796632,S2-544092002
S1-728223702	S3-526146643,S2-361057246,S3-137925410
S1-780745371	S3-712488741,S2-233559671,S3-441831669,S3-979485735,S2-73272087,S2-976648659,S3-628176242,S2-932571789,S2-51807871,S2-366887997,S2-465450543,S2-885709691,S2-465023675,S2-177702104,S2-228464184,S2-717967391,S3-117489751,S3-220570914,S3-440959913,S2-262030786,S3-326826684,S3-269590180,S2-181719653,S2-940434362,S3-299370075,S2-914704962,S3-269402240,S3-243933344,S2-725275327,S2-681568197,S2-624018531,S3-191877213,S2-974742136,S2-19405330,S2-768053815,S3-210459670,S2-855405761,S3-337444190,S2-406181091,S2-124623667,S2-875175107,S3-494199853,S3-265800527,S3-116266531,S3-472366154,S2-246217264,S3-202402802,S2-456776326,S2-934513223,S3-184036043,S2-528835085,S3-416862927,S2-376112786,S2-933012964,S2-234349705,S2-553327159,S3-145155011,S2-425580689,S2-505062706,S3-70625626,S3-881130471,S2-579289135,S2-339560484,S2-48835339,S3-669845968,S2-412095994,S3-180587523,S2-6053611,S2-726020020,S2-757225857,S3-780493716,S3-14684668,S3-936817396,S3-402964716,S3-236379314,S2-507648852,S3-540896613,S3-960911477,S3-946818490,S2-938840493,S3-541713539,S3-441188460,S2-156508257,S3-403649450,S3-130668390,S2-881565404,S2-323293917,S3-207509728,S3-159540785,S3-676829980,S3-522983222,S3-635306015,S3-523448992,S2-775094093,S2-747400550,S3-167017639,S2-615153587,S2-906596114,S3-233465018,S2-58661799,S2-707156746,S2-64258742,S3-671352596,S2-784868587
S1-145606139	S3-174120620,S3-981614837
S1-91063734	
S1-992898301	
S1-572666706	
S1-42848680	S2-405833229,S2-307050051,S2-35994221
S1-941259582	S2-57321427
S1-591911604	S3-826904965,S3-660849752,S3-936018315
S1-688381069	S3-195881591,S2-736576060,S3-867143407
S1-997242359	S2-914745374,S2-651378765,S2-317869422,S2-586842600,S2-471814700,S2-237942590,S2-822947971,S2-77983015,S2-206800725,S2-457922710,S2-776238938,S2-244199728,S2-830617707,S3-614694143,S2-51194900,S2-661904810,S2-774910695,S2-579947154,S2-978803984,S3-136830931,S2-240845455,S3-608989900,S2-544749149,S3-512029235,S2-352238141,S2-922909613,S2-481626882,S3-166201816,S3-204151963,S3-653733974,S2-35786351,S3-334379933,S2-739127679,S3-509232212,S2-557031545,S2-441721546,S3-501425410,S2-1110482,S2-754154558,S2-58409496,S3-76271038,S2-308963995,S3-147163300,S3-207552422,S3-233897163,S3-289365532,S3-606497358,S3-34229523,S3-224826899,S3-243455348,S3-158909971,S2-237210971,S2-889388542
S1-374242157	S3-327441900
S1-803989749	S3-295264606,S2-621779787,S3-475109578,S3-11181705,S3-478740633,S2-155633699,S2-112531767,S3-264947730
S1-137767490	
S1-562101057	
S1-999555430	S3-17663837,S2-726629416,S3-393800476,S3-829213012,S3-116566976,S3-783997341
S1-968656774	S3-924816717,S3-282617278
S1-919043101	
S1-978421811	S2-346720876,S2-896587297,S2-515695074,S2-667231030,S3-205046672,S3-135100647,S2-992858013,S2-520331259,S2-110246983,S2-123026241,S2-517992141,S2-593211446,S2-990258480,S2-638649645,S2-729910101,S2-153618817,S3-153149485,S2-979222867,S3-222768176,S3-202617504,S3-262305894,S2-359549629,S2-1683369,S2-249582358
S1-527832128	
S1-237928886	S3-492336373
S1-660775568	S2-132656797
S1-71172417	S3-976543618,S2-962352984,S3-860953324,S3-327816282,S3-582795639,S2-458256156,S2-183545903,S3-512441534,S3-542626598,S2-24795043,S3-98907938,S3-987779674,S2-341854825,S2-326669797,S2-796802476,S2-923651016,S2-659135687,S2-959419015,S3-144415837,S2-810869356,S2-186197005,S3-555835036,S2-866013220,S3-146251477,S2-154839895,S2-480494361,S2-92017112,S2-237482059,S3-598173382,S2-894794415,S2-574829049,S2-828622977,S2-81919802,S3-574670219,S3-561949674,S3-216454169,S2-64546224,S2-166262684,S2-982162234
S1-251039333	S2-248238931,S2-916927315,S3-880542050,S2-965913035
S1-101076392	S3-681196639,S2-784718860,S3-498150286,S3-929788561,S3-384457178,S3-58552083,S2-381964521,S3-87696103,S2-335235331,S2-486528370,S3-571417697,S3-839140221,S3-748122616,S3-567892808,S3-993065866,S3-245151653,S3-270974921,S2-54032434,S3-520498579,S3-938666154,S3-530748882,S2-379049339,S2-767410938,S3-237166943,S2-116474422,S2-262652360,S2-920245998,S2-910757629,S2-479158208,S2-717210412,S3-654701120,S3-128469007,S2-946852078,S2-432742526,S3-385756329,S3-92337190,S2-725952998
S1-688410303	S2-6843168,S2-449269071,S2-487982433,S2-104374098,S2-216363771,S2-631468297,S2-405255576,S2-401142292,S2-41902160,S2-220030167,S2-724262933,S2-180515146,S2-363910451,S2-315653214,S2-25782345,S2-399796398,S2-522934731,S2-531662579,S2-171220932,S2-448988157,S2-115767582,S2-573120083,S2-697380605,S2-214014019,S2-502712101,S2-674549936,S2-449675768
S1-915917021	S2-508876323,S3-517197880
S1-203378313	S2-35843445
S1-600079333	S2-680241768,S3-692728867,S2-983214269,S2-761059652,S2-888675324,S3-934473511,S2-814345740,S2-496029925,S2-801639233,S3-497137040,S3-94492552,S2-553499352
S1-560298023	
S1-448166395	
S1-680786781	
S1-396386541	S3-257528355,S2-381571041,S3-6484481,S3-315514687,S2-45191299
S1-242121095	
S1-635565918	S3-153855948,S2-67023339,S2-392454021,S2-400437689,S2-717930126,S3-279125295,S2-187447253,S2-566684367,S3-43960139,S2-246352613,S2-56263514,S3-790083222,S2-770905400,S3-95959464,S2-945220521,S2-53035997,S3-145205935,S3-173469938,S3-648835457,S3-388848,S2-875948581,S2-198437520,S3-509376478,S3-418637575
S1-32343449	
S1-851548503	S3-104394875,S3-315601276,S3-404718873,S2-124272862,S3-249364287,S2-627368384,S2-97402817,S3-324033786,S3-937557884,S2-642771948,S3-615290415
S1-554474453	
S1-937421126	S2-614829335
S1-612600067	
S1-565936968	S2-434488100,S2-650748429,S3-520483535
S1-71173342	
S1-275767880	
S1-786529142	S2-552735005,S3-229922665,S3-229462616,S2-52898861
S1-387008828	S2-479978581
S1-316401765	
S1-109461302	
S1-354336647	S2-242337301,S2-492552234,S3-193622652,S3-702728385,S3-237461498
S1-183433043	S2-937361328,S3-154044639,S3-70356664,S2-874738219,S2-779228843,S3-340955232,S2-837097551,S3-734584971,S3-885604995,S2-307399111,S2-505652464,S3-616430555,S3-216381692,S3-748709741,S3-672539496,S2-343477919,S3-955129964,S2-221510261,S3-514581778
S1-146758502	
S1-153700682	S2-912842646,S2-681000852,S3-255949410,S2-124440914,S2-278362232,S3-712950363,S2-823077365,S2-599878814,S3-536803067
S1-160707106	
S1-24274161	S2-748026841
S1-88777681	
S1-464518977	S3-327697183,S3-698176038,S3-325217172,S2-431521506,S2-632484173,S3-282705822,S2-22749687,S3-409750006,S2-112237953,S3-74760689,S3-929871959,S2-752739377,S3-45028193,S3-129092707,S2-79786463,S2-92237295
S1-53041046	S3-233662492
S1-651763365	
S1-517900514	S3-35466860,S2-191192340,S2-460136490
S1-571933530	
S1-890435070	S2-271561002,S2-600990370,S3-749831388,S3-223836731,S3-892530938
S1-633819812	S3-123336938,S3-317103907,S3-457664258,S2-701322733,S2-154011917,S2-642824085,S3-189356973,S3-729133343,S3-24332842,S2-474019814,S2-278503106,S3-377007881,S2-585634271,S3-425756529
S1-627821025	
S1-63099926	S2-833750378
S1-837155673	S2-594728439
S1-338829638	
S1-162770787	
S1-700562956	
S1-940946191	S3-695097022,S3-274585906,S3-398991242,S3-814285237,S2-511191340,S2-803719564,S2-250241425,S3-289958683,S3-264534055,S3-311390156
S1-465082733	
S1-908932165	
S1-644502395	
S1-853146245	
S1-67551885	S3-620192089
S1-538770994	S2-615051340
S1-632827236	
S1-708417088	
S1-265348700	S2-383809016,S2-720980104
S1-623087726	S3-600173935,S3-989716611,S2-543546093,S2-177191751,S2-836462536
S1-240965065	S3-408215400,S3-510684887
S1-222424647	
S1-132262190	
S1-47756016	S3-357412741,S3-629605968,S2-955883614,S3-563031531,S3-367553667
S1-171653159	S3-313851272,S2-541527115,S2-721623614
S1-677990937	S2-537321919,S3-937850526
S1-755898212	
S1-253952559	S2-959261793,S3-303086841,S2-875344660,S2-4985468,S3-189441505
S1-300116004	S3-966839845
S1-181768827	S2-334236762,S2-47710537,S3-993422494,S2-329716616,S3-141429350,S2-462664875,S2-890620191,S3-806666721,S3-938405536,S3-235669891,S3-757046488,S2-122764060,S3-320974821,S2-777935405
S1-652668768	S2-186632756
S1-996189067	
S1-674972522	S2-938260273,S2-888365430,S2-465258744
S1-308675602	
S1-157665666	S2-236763649,S2-750692436,S3-145711603,S2-49888731,S2-389698795,S3-615568576
S1-999617935	
S1-161877337	
S1-106042723	
S1-429112441	
S1-615144404	S2-597653318,S2-548700789,S2-756848974,S2-642424396,S2-107712684,S2-252524095,S2-228916470,S2-434122610,S2-393006321,S2-448718545,S2-529632109,S2-39676027,S2-594992634,S2-582646612,S2-178626602,S2-256072418,S2-556812738,S2-698358405,S2-348368831,S2-45775835,S2-358504456,S2-588548717,S2-481772709,S2-302258079,S2-164745612,S2-37605863,S2-683700380,S2-430590320,S2-375250586,S2-351872642,S2-322363431,S2-15835805,S2-27838767,S2-326599634,S2-15329865,S2-259979264,S2-220827941,S2-816613726,S2-832409291,S2-498618273,S2-171964628,S2-77698963
S1-828302204	
S1-537490349	
S1-149180521	
S1-905290477	S2-175166551,S2-423542515,S2-263586958,S2-81469515,S2-582233389,S2-219204529,S2-64629142,S2-822663550,S2-556986084,S2-927586314,S3-144398850
S1-762592735	
S1-450360068	S3-432371277
S1-302710833	S2-316885787
S1-398966385	S3-317732264
S1-898355913	S3-274886122
S1-796155338	S3-373192472,S2-35398264,S2-355105041,S3-557296941,S3-573561262,S2-433282618
S1-966715994	
S1-530898943	
S1-477608148	S3-48896109
S1-10458491	S3-566105219
S1-784952994	S2-848504371
S1-319141543	
S1-575921420	
S1-836764916	S2-374553011,S2-208571893,S2-56351504,S2-13845021,S2-290349096
S1-344832253	S3-686587524,S3-229825990
S1-710147242	
S1-786043456	S2-180460796,S2-709547190,S3-455749634
S1-922861247	
S1-156269562	
S1-258463054	S2-36918488,S2-530240754,S3-254567788,S2-524751384,S3-805427623,S3-538628736,S2-555076636,S3-258178187,S3-154598584,S2-100576065,S2-640286144,S2-929861419,S2-217512767,S2-462289445,S2-577061093,S2-453477407,S3-18475256,S2-13121981,S2-342241619,S3-211505270,S2-519534487,S3-450409075,S3-680562534,S3-653562004,S3-510712039,S2-126969688,S3-417674013,S3-329442069,S3-904520104,S2-816808430
S1-846870843	S2-494645065,S2-752010519,S2-817995760,S2-637116804,S2-431888193,S2-724252066,S2-677988513,S2-564943805,S2-577750821,S2-624599782,S2-521142265,S2-426370413,S2-633353088,S2-39332977,S2-60616924,S2-480000887,S2-280206767,S2-309615983,S2-309046974,S2-749791176,S2-380077892,S2-631842884,S2-320212810
S1-694532506	S2-24857534
S1-799213255	
S1-633129109	S3-319712022,S3-492916107,S2-450984178,S3-35945424,S3-955234150,S3-935989990,S3-63269964,S3-489433920
S1-406502736	
S1-541452496	S3-67056298,S2-915439753
S1-560848017	S2-909537694,S2-407581245
S1-363357887	
S1-159659883	
S1-952894638	
S1-181963191	S2-395536311,S2-579633576,S2-922996171,S2-30382724,S2-361211798,S2-38827079,S2-92322579,S2-338006175,S2-260117127,S2-771746663,S2-171227599,S2-201437355,S2-291644849,S2-790285699,S2-56576313,S2-843635430,S2-287656003,S2-631977552,S2-816684193,S2-762695364,S2-576293562,S2-163395991,S2-528473005,S2-56465834,S2-108572031,S2-433032085,S2-270502309,S2-150975970,S2-499027495,S2-75217079,S2-876924172,S2-474308490,S2-478976831,S2-170100406,S2-424954698,S2-817607055,S2-454352954,S2-923500757,S2-234699109,S2-835449021,S2-415670729,S2-840714314,S2-226494608,S2-414647364,S2-788354095,S2-883612706,S2-405105351,S2-668971573,S2-386525936,S2-342987051,S2-19245434,S2-587732158,S2-213277943,S2-317152754,S2-857262168,S2-247602828,S2-594646994,S2-52804522,S2-230344467,S2-337420573,S2-413513633,S2-38866254,S2-457106884,S2-810475663,S2-479048111,S2-418436422,S2-480944369
S1-888699746	S2-816692609,S2-477184380,S2-984745088
S1-711808948	
S1-989439466	S3-312396063,S2-879900545
S1-538674211	S2-586707388,S2-281480389,S2-982837782,S3-448283785,S3-238707572,S2-614188293
S1-255779322	S2-224293301,S3-586549163,S2-128707716
S1-274090278	S2-927405158,S2-532139277,S3-986189904,S2-133772533,S3-740126170,S3-479003961,S2-633524524,S2-325639360,S3-858283056
S1-245462690	S2-430954938,S2-899215861,S2-186564470,S2-170394338,S2-393460427,S2-417890812,S2-575283631,S2-383359949,S2-189400542
S1-154882565	
S1-956108284	
S1-227361974	
S1-252242682	S2-167308687
S1-114965885	S3-974456981,S3-771795518,S3-581095226,S3-590973472,S2-368842632,S3-512123493,S3-67404112,S2-558133053,S3-513276985,S2-376286004,S2-665494398,S2-644029227,S2-297295792,S3-952759495,S2-213711767,S3-723423105,S2-38167807,S3-615771901,S2-934360529,S3-185129893,S2-362827666,S2-827455267,S3-769355954,S2-586567836,S3-461493944,S3-520134808,S2-727701442,S2-418473945
S1-755404584	S2-175693057,S2-362544420
S1-224016706	
S1-611106612	S3-448044730,S2-61286238,S3-83940767,S3-252532454,S2-245746426,S2-864804487,S3-681926238
S1-521374394	S2-785255930,S3-457094694,S2-865924013,S3-849438238,S3-353345004,S2-723193655,S3-175676184,S3-413743563,S2-69159577,S3-654020794,S2-858606143,S3-592637171,S3-126849814,S3-554004775,S3-133188589,S2-327669113,S3-944940220,S2-763063986
S1-729124566	S3-174516575,S3-163424321,S3-637951351,S3-406400990,S3-36186163
S1-488231271	
S1-436784195	
S1-965708474	S3-200939472,S2-550566045,S2-249116362,S2-462676010,S2-155851591,S3-505157875,S2-253978760,S2-607702272,S2-921445352,S2-388684631,S2-353099576,S3-263347582,S2-725600682,S2-651515040,S2-96472724,S2-297759193,S2-272060260,S3-622374923,S2-703564944,S3-524852000,S2-123047266,S2-296509882,S3-51403675,S2-984289151,S2-247118475,S2-601841038,S3-408579503,S3-33261849,S3-267809924,S2-961819305,S3-192674148,S3-718896875,S3-198581078,S3-117050618,S2-932667678,S3-465927722,S2-385288007,S3-49759317,S2-684840928,S2-437180288,S2-787817087,S2-342222010,S2-673348045,S2-666316291,S2-270893928,S3-672845079,S2-386396342,S2-743818351,S2-803414407,S2-556412687,S2-243143732,S2-581325402,S2-777640539,S2-965404477,S2-951752993
S1-895638794	S2-183382165
S1-673096008	S3-665618295,S2-356062478,S2-837125146,S3-853831169,S3-115123385
S1-116010043	S3-210204520
S1-624654827	
S1-807429818	
S1-870525516	
S1-27095617	
S1-526183251	S3-808401206
S1-228759031	
S1-17220725	
S1-70864351	
S1-465376969	S3-241416723,S3-478283718,S3-453876974,S3-577372051,S3-681187966
S1-283139117	
S1-454837338	S2-208258589
S1-214961558	S3-909581020,S2-557334697,S2-453985279,S2-423132274,S3-701269923,S2-717061992,S2-773524886,S3-735860306,S3-883883192,S3-931749255,S3-251558527,S2-266877403,S3-904485815,S3-805610701,S2-571116600
S1-788981743	S2-819424842,S2-669423393,S2-354668833,S2-648006387,S2-102331861,S2-327426931,S2-233010987,S2-405701199,S2-727306054,S2-591032606,S2-715162081,S2-372363817,S2-332016410
S1-368548561	
S1-12859933	
S1-566485202	S2-122016488,S2-236320919,S3-235056511,S2-148175247,S2-213160343,S3-275717733,S3-218999117,S3-640410970,S2-803426478,S3-957867193,S3-603915109,S3-915933899,S3-714314807,S3-9959896
S1-177823671	
S1-635892043	
S1-175107354	S3-998199778
S1-960928443	
S1-207510690	S3-497151430,S3-542279277,S3-348459315
S1-327973576	
S1-444955163	
S1-194955748	
S1-385770508	S3-851879881,S2-178998603,S2-893788363,S2-490480532,S3-891046582,S3-869449184
S1-870944211	S2-276242082
S1-755032725	S3-36015959,S2-656124133,S3-374960734,S2-713973162,S3-721106526,S2-172277229,S3-769195596,S3-295950006,S3-177144197,S2-318060787,S2-242228320,S2-4013678,S3-451428258,S3-748825502,S3-867109894,S2-357224984,S2-451711220,S2-259690696,S2-946163004,S2-582659799,S3-628532275,S3-124439387,S2-490860528,S3-237139499,S2-448029694,S2-328297081,S3-817486191,S2-355375441,S2-668251046,S2-773481405,S3-415297930
S1-773256076	
S1-314201829	S2-547192708,S2-440469742
S1-679782609	S3-406334715,S3-313594398,S2-821935735,S2-415574947,S2-492416277
S1-350057104	S2-244100926,S2-409285786,S2-853088082,S2-228590500
S1-202909837	S2-228488443
S1-225489340	
S1-33355590	
S1-774329154	
S1-538274103	S2-392716402,S2-75362421,S3-156461474,S2-201704513,S3-291419604
S1-687973023	S3-369549215,S2-988460965,S2-639677538,S2-113758592,S3-286238001,S3-408902665,S2-953146928,S3-221554836,S3-515941798,S2-875950440,S2-850453737
S1-886614137	S3-175124966,S3-323156824,S3-291419604,S2-100745911,S2-827285422,S2-463798526
S1-583547492	
S1-468701231	S3-81645529,S2-737116534
S1-119164918	S3-313142983,S3-800871230,S3-492559728,S2-721623614,S2-541527115,S2-642054358,S3-313851272,S3-411548568,S2-857670930,S2-164337155,S3-359077875,S3-800496910,S3-48195512,S2-188156537,S3-996184187
S1-930644837	S3-187517415,S3-983445894,S2-842435364,S3-745150893,S3-83457359,S3-387409614,S2-762651911,S3-452919950,S3-670718916,S2-537451160,S3-602610101,S3-412212897,S3-27940543,S2-128707716
S1-81523269	S3-160710413,S3-950496170,S2-289621638,S2-258472471,S2-471623340,S3-878303120,S3-139024728,S2-185370872,S2-598499244,S2-238815330,S2-179192369,S2-904997122,S2-630698480,S3-59817546,S3-205358920,S2-645037504,S2-234053799,S3-646756368,S3-6214004,S2-547214729,S2-785204544,S3-29765600,S3-145052925,S2-185735427,S2-341685028,S2-593281772,S3-935370916,S3-339301670,S2-685860226,S3-20727238,S2-252631022,S3-227891058,S2-218813573,S2-359010929,S3-172516626,S3-16963268,S2-672365176,S3-584163261,S3-955309634,S3-544736730
S1-519752161	
S1-389170212	S3-483189984,S2-592944442,S2-170061693,S2-642886701,S2-571490474,S3-34787589,S2-594586460,S3-455624578,S2-111028646,S3-244461082,S3-883416242,S3-966971924,S3-40231164,S2-310934080,S2-490715823,S3-911129332,S2-478231240,S2-486563531,S2-741227816,S2-829330268,S2-169867655,S2-370655517,S2-795252023,S3-519767262,S2-589456724,S3-307914476,S2-167308160,S2-948224847,S2-337014797,S2-353144954,S2-852320423,S3-586884162,S3-148052111,S3-732757296
S1-636549603	S3-742638805,S3-34704353,S2-795300051,S2-908828573,S2-918635377,S2-891351756,S2-172445690,S3-106373883,S3-55534742,S2-899440500
S1-828167822	
S1-967577604	S3-842287983,S2-467689486,S2-276568653,S3-727502248,S3-996138535,S3-194443565,S3-623450952,S2-734728931,S3-30933709,S2-997915108,S3-558610034,S3-979808234,S2-324514879,S3-439204114,S2-548532191,S3-230780970,S2-610846413,S3-238894985,S2-527303869,S3-794176675,S3-754247847,S3-280244111,S2-79066731,S2-36369930,S2-782436948,S2-543579293
S1-867800447	
S1-657091961	S2-463768264,S2-538114756,S2-485234501
S1-241872490	
S1-201376315	
S1-75134768	S3-386317419,S3-843358137,S3-636851143,S3-991992721,S3-193184334,S3-506597767,S2-914106488,S3-90643255,S2-349746325,S3-873124833,S3-500224739,S2-694535549,S3-9648333,S2-841661802,S3-882373206,S3-688033929
S1-964198931	
S1-922174062	S3-882666003
S1-199459184	S3-308425713,S3-524961006,S3-357412741,S2-588999275,S3-370011183
S1-742355281	S3-202730228,S3-729970812,S3-485092436,S3-496462913,S2-606002887,S2-542152243,S2-634309864,S3-602324151,S2-381661909,S2-634997087,S3-695744748,S3-811359647,S3-276650556,S3-864397669
S1-927698206	S2-227513489,S2-607473930,S2-630042597,S3-353093634,S2-928458209,S2-405001342,S3-153670200
S1-563962591	S3-593591922,S2-530497707
S1-529620662	
S1-463470385	S3-585991841,S2-863530983,S2-765670168,S2-436833294,S2-427343789,S2-371100138,S2-254423387,S2-936941579,S2-163754935,S3-668886037,S3-535686716
S1-773889195	S3-200939472,S2-368303033,S2-951752993
S1-422926253	S2-798296383,S2-716952674,S3-146718733,S3-934217351,S3-469202984,S2-536625542
S1-328237344	S2-476520242,S2-232355365,S3-286236264,S3-344602430
S1-826782380	
S1-81031831	
S1-330281696	S2-715976968,S2-761310289
S1-932910678	S3-472558584
S1-824109609	S2-594867750,S3-793327870
S1-986280179	S2-743989347,S3-509725183,S3-80540848,S2-694451422,S2-48526055,S2-604844673,S3-526450234,S3-294381382,S3-613819407,S2-109304596,S2-706085276,S3-102422791,S3-918802090,S2-75898473,S2-544092002,S2-54705079,S2-78796632,S2-822508996,S3-78398255,S3-824384691,S2-942888561,S2-287826664,S3-680955378
S1-661015088	S2-477341436,S2-347502472,S2-454250437,S2-524347321,S2-576303232,S3-253012548,S2-564983228,S2-521995988,S2-741154042,S2-258514425,S2-455306622,S2-50027423,S2-889805056,S3-107415720,S2-116854229,S2-191159193,S2-810771943,S2-795458674,S2-398173516,S2-522425265,S2-656372744,S2-136485766,S3-148987812,S3-113480492,S3-106519833,S2-334991974,S2-399866773,S2-366480050,S2-288097594,S2-667289877,S2-373455256,S2-427952917,S2-809135614,S2-635069132,S2-502869154,S2-418127332
S1-954480619	
S1-370087413	
S1-913535115	
S1-552949765	
S1-960588220	
S1-117385968	S3-582734439
S1-156385687	
S1-308348859	S2-388189262,S2-14922824,S2-265006197,S2-550312839,S2-698358405,S2-588548717,S2-358504456,S2-256072418,S2-384255338,S2-782058062,S2-2694599,S2-606954416,S2-589803297,S2-814214685,S2-245473532,S2-514238372,S2-528025382,S2-410639548,S2-334966422,S2-498618273,S2-171964628,S2-77698963
S1-571872429	
S1-111197942	S3-373174224,S2-378890560,S2-407041470,S3-628844003,S3-248428840,S2-182346899,S2-552147368,S3-18321694,S2-207612244,S2-841131695,S2-560834621,S2-145776103,S2-924316732,S2-681124632,S2-599145689,S2-917950531,S3-16955570
S1-679952101	
S1-632005916	
S1-102047612	
S1-767396971	
S1-16819367	S3-651426343
S1-428632	S2-724168869
S1-416699363	S2-607473930,S2-227513489,S2-83466993,S2-455175238,S2-945130753,S2-223400128,S2-405001342,S2-184923125
S1-152718448	S3-783893023,S3-932998026,S2-25703437
S1-610665482	
S1-452308590	S3-172485866,S2-556471383,S2-911311609,S3-387838104,S2-318838986,S2-127049406,S2-126897901,S2-957881246,S2-444319208,S2-77833410
S1-721895642	S2-809642840
S1-875212383	
S1-389693529	S2-158508029,S2-971939817,S2-80369337
S1-382930093	S2-811791602,S2-877261759,S2-132745499,S2-157807720,S2-575707861
S1-825091133	
S1-933789478	
S1-18557885	S3-35945424,S3-935989990,S2-712942586
S1-595156952	S2-667289877,S2-346500126,S2-527535505,S2-649804506,S2-455306622,S2-285394035,S2-521995988,S2-597829042,S2-944471925,S2-373455256,S2-454250437,S2-427952917
S1-241678218	S2-438102426,S2-127407896,S3-339542517,S3-443632315,S3-608105897,S3-817316267,S3-250792484,S2-474177491,S2-682080483
S1-317981351	S3-420292701,S2-227148298
S1-54624388	
S1-297537234	
S1-76364596	S2-713252665,S2-299820792,S2-357158018,S2-889206958,S2-313435170,S2-218583208,S2-168670799,S2-307972559,S2-686979274,S2-853572898,S2-908510616,S2-316682952,S2-481493872,S2-458831613,S2-648362230,S2-578945271,S2-183092653,S2-57057245,S2-110811145,S2-527245953,S2-487927714,S2-723514776,S2-577331856,S2-366066563,S2-737105356,S2-590537855,S2-589522525,S2-690127271,S2-728389979,S2-267907355
S1-184332804	S2-489075170,S3-527850482,S2-745852168,S3-434609056,S3-506683334,S2-961115916,S2-663131664,S2-563079744,S2-34264548,S2-298182599,S2-801303006,S2-609806276,S2-132586239,S3-156109161,S2-132290996,S2-167973485,S2-712832935,S2-400619500,S2-925809161,S2-137357518,S3-457754398,S2-382186500,S3-684023621,S2-290642777,S2-309700320,S3-717250183,S2-319111183,S3-174714898,S2-571650422,S2-847915218,S3-15509962,S3-225910780,S2-111395931,S3-901176774,S3-840582155
S1-729914991	
S1-468762582	S2-569185530,S2-296026349,S2-149332210,S2-383359949
S1-964576684	
S1-262506206	
S1-981091224	S2-841545719,S2-225565512,S2-690943030,S2-737281951,S2-159054342,S2-172203240,S2-385885387,S2-256781534,S2-545980090,S2-160980423,S2-876318509,S2-292103635,S2-688422676,S2-661128680,S2-12781223,S2-475245312,S2-119148412,S2-675822376,S2-357528125,S2-353457949,S2-389153195,S2-7421736,S2-172946525,S2-402310965,S2-825925421,S2-165740135,S2-234874002,S2-875986261,S2-740925778,S2-872518576,S2-577523774,S2-642019022,S2-369601779,S2-530639029,S2-746272377,S2-33885009,S2-774512583,S2-221406627,S2-293641074,S2-387866357,S2-689101624,S2-105719821,S2-869085133,S2-262782004,S2-583046238,S2-380247355,S2-330799164,S2-827160668,S2-160991833,S2-87690299,S2-791711694,S2-735153377,S2-776722434,S2-333783469
S1-116687061	
S1-75897373	S3-539636650
S1-602454079	S2-734455813,S2-827336204,S2-418953571,S3-449232729
S1-772468356	S3-655922463
S1-587039597	
S1-555751497	S2-853892875,S3-478306989,S2-186101057,S3-296676455,S3-657195699,S3-304569563,S2-24717203,S3-645879446,S2-933346128,S3-615557105
S1-532630246	
S1-449223690	
S1-464309352	
S1-403517648	
S1-48753422	S2-4848552,S2-27382765,S3-895544214,S3-20234364,S2-54734793
S1-481204193	
S1-456896133	S2-37529707,S2-4774515
S1-98442615	
S1-574137829	S2-498279189
S1-589719894	
S1-950871075	S2-652732981,S2-469247228,S3-470778682,S2-250798653,S2-994988451
S1-320094808	
S1-367793476	S3-379632645,S2-996183605,S3-605831427,S3-794805480,S3-140295739,S3-623860787,S3-113445056,S3-649650560
S1-27826103	
S1-368113874	S2-535500845,S3-509758759,S2-512389276,S3-556719577,S3-413929819,S3-686300948
S1-463664106	S3-693862324,S3-416500897,S3-431497121,S3-643070448,S3-553316175,S3-479425308,S2-141496015,S3-884389807,S3-187761079,S3-393673925,S3-726859841,S2-185619158,S3-73344476,S3-843723483
S1-160840431	
S1-571393401	
S1-154796075	S2-344142885,S2-723720966,S2-607588520,S2-341394500,S2-671868851,S2-136894372,S2-545606373,S2-647651815,S2-570597094,S2-383026734,S2-715162081,S2-332016410,S2-591032606,S2-71670232
S1-947853407	S3-487920757
S1-700327545	S3-123442731,S2-625694383,S2-344309941
S1-450864103	
S1-442224792	S2-778011611,S3-29809973,S2-956806845,S2-102667012,S3-206645778,S3-206406066,S2-200209700,S3-341496080,S2-296107821,S2-642742876,S3-352806243,S2-761505735,S2-457908973,S3-257338765,S3-19039717,S2-307208042,S2-866510554,S2-426685250,S3-103890912,S3-218693874,S2-7689463
S1-387418200	
S1-932913306	
S1-153680800	S3-295807089,S3-148506496,S2-383368593,S3-158479579,S2-172659489,S3-543504031,S3-102693404,S2-643188975,S2-774424755,S2-239285297,S3-974419359,S3-198865788,S3-594128269,S2-494224415,S2-757944179,S3-571754888,S3-442160789,S2-727828977,S3-128503790,S3-78708881,S3-109494748,S3-461726279,S2-791125743
S1-25581751	
S1-574871837	S2-128804737,S2-130246541,S3-15485958,S2-687783744,S3-4501364
S1-109220061	
S1-334001328	S2-662893358,S3-69889650,S3-564258306,S2-566608680,S3-508078452,S3-361166079,S3-472352547,S2-682730825,S3-468714759,S3-301206769,S3-324628330,S3-811438712,S2-300551603,S3-427782234,S2-174408214,S3-388211055,S2-309036642,S3-838325124,S3-773543357,S3-41369159,S3-828565760,S3-346018248,S3-952448125,S3-768306829
S1-569100881	S3-43289411
S1-284308279	S3-506048519,S2-200884445
S1-637520401	S2-851208599,S2-96175952,S3-568220636,S2-144536487
S1-796524983	
S1-340996011	
S1-690538628	S3-911873735
S1-795351574	
S1-851869949	S2-535208231,S2-658744822
S1-325106163	S3-553316175,S3-643070448,S3-479425308,S3-255788263,S3-172751061
S1-126736366	
S1-182136219	S2-694994605,S3-11758460
S1-151277938	S2-481469113,S2-138715572,S2-81389633,S3-185900969,S2-456200597,S2-384773668,S3-264465394,S3-435188247,S2-929086167,S3-448718146
S1-3806944	S2-694357805
S1-256047752	S3-669787511,S3-301739219,S3-952781655,S2-727452803,S2-502946548,S3-300235871,S2-301349190
S1-834748037	
S1-484893855	
S1-388834487	
S1-106198727	
S1-421557027	S3-902579749,S2-21458643,S3-203911406,S3-800028564,S2-142836837
S1-829872052	S2-433422679
S1-381408998	
S1-440024889	S2-434595875,S3-404718873,S2-908073473,S3-862474309,S2-487562835,S2-802806265,S2-627368384,S3-615290415
S1-535929356	
S1-740096526	
S1-46737571	S2-733604720,S2-521608640,S2-466926568,S2-115654081,S2-907059082,S2-852731091,S2-193474430,S2-585490372,S2-745255643,S2-893372748,S2-902396661,S2-179966462
S1-684624531	S3-880477424,S3-992221802,S3-296676455,S3-657195699,S3-304569563
S1-561463598	S2-668203194,S2-571655517,S3-557296941,S2-355105041,S2-735804688,S3-9649869,S2-6690110,S3-754675587,S3-248318994,S2-408894907,S2-596694486,S3-853222279,S3-573561262,S3-657548963,S2-289796859,S3-46789556,S2-962509490,S3-720639723,S3-764008248,S2-263133113,S2-305014221,S3-728963351,S3-437072070,S2-680236286,S2-146201376,S2-608812480,S2-851674393,S2-917083214,S2-433282618,S3-740646670,S2-46248579
S1-647822760	S3-280209086,S2-229414267,S2-40343059,S2-250835823,S3-825749639,S3-217720108,S2-301718967,S2-471586982,S3-46768834,S3-3966586,S2-540473501,S3-383037521,S3-140180743,S3-215102083,S2-474347321,S3-814706702,S2-87275632,S2-319959493,S3-587883437,S2-835128494,S2-849442286,S2-584532464,S3-636148024,S3-233305147,S3-476544451
S1-695579546	S2-832420098,S2-687108915,S2-959135100,S2-42019211,S2-561554363,S2-493753026,S2-825161428,S2-268159801,S3-18208188,S2-578598868,S2-269836982,S2-117778034,S3-303645750,S3-120682093,S2-644216795,S2-216784937,S2-127284995,S2-588536573,S2-261526984,S2-116143022,S2-67059783,S2-107354533,S2-645789542,S2-151698256,S3-232128141,S3-277967558
S1-27679866	
S1-952478207	
S1-52451029	
S1-304676785	S3-563614967,S3-485092436,S3-74676298,S3-833164157,S2-542793063,S2-505564717,S3-979381521,S3-182890574,S2-185841406,S2-408544919,S2-240975298,S3-45895204,S2-581379344,S3-953228254,S2-381661909,S2-279286807,S2-268476040,S3-695744748,S2-781836094,S3-276650556,S3-864397669,S3-811359647
S1-281485564	
S1-576071593	S3-435394351,S2-455470543,S3-227099960,S2-336293058,S2-315308828,S3-235507588,S2-466868435,S2-189295417,S2-902347838,S3-294328996,S3-170044290,S2-131208030,S2-47542965,S2-286713667,S2-415338569,S3-143120013,S3-457330766,S2-332879840,S2-227063665,S2-246667519,S2-84937623,S2-655050404,S2-478099954,S3-478740633,S3-351079205,S2-155633699,S3-132568872,S2-112531767,S3-448859321,S3-264947730,S2-496102530
S1-773412773	S3-701507365,S3-285854470,S2-280125977,S3-656835377,S2-439068023,S3-356013817,S3-739166117
S1-574607489	S2-88854012,S3-192602438,S2-281091664,S2-670799036,S3-202977017,S2-487606342,S2-795885628,S2-689304594
S1-9908431	S3-470091654,S3-534413669,S3-600441546,S3-183135636,S3-428301742
S1-928475010	
S1-354301488	S2-635282128
S1-453096104	
S1-950580825	
S1-626914593	
S1-1727907	S3-821285475
S1-263499558	
S1-136941529	
S1-263933904	S3-16308995,S2-906490736,S2-466208646
S1-768057805	
S1-334587457	
S1-537393121	
S1-859252896	S2-891161638,S2-906846521,S2-356216035,S3-969430138,S3-103627903,S2-94664200,S2-49643910,S3-93918853,S3-611382648,S2-24840953,S3-662282103,S2-91252658,S3-910766186,S3-671466724,S3-883753566,S3-417094887,S2-782206568,S2-793241867,S3-210974791,S2-363551450,S2-240940806,S3-823588430,S3-614137179,S3-314096113
S1-619822250	
S1-260404059	S2-145382114,S2-346593929
S1-620610020	S2-325791627,S2-777336616,S2-666855424,S2-321043133,S2-36650126,S2-738720231,S2-483822967,S2-760635829,S2-919387156,S2-643723651,S2-431575804,S2-499133268,S2-276242082,S2-460474343,S2-833585189,S2-85835450
S1-49602077	
S1-4217359	
S1-385222288	
S1-548024059	
S1-902835440	
S1-304071988	S2-897323689,S2-830956644,S2-903095160,S2-66294135,S2-483215034,S2-368289089,S2-262651627
S1-39934423	S3-933679756,S3-566816498,S2-322396311
S1-983237906	
S1-148265622	
S1-390614809	
S1-359602399	S2-444582508,S2-223128564,S2-432785182,S2-306434882,S2-102847047
S1-229457978	
S1-745728794	S3-945334205
S1-515029365	S2-212638647
S1-28757932	S2-948256106,S3-221554836,S2-850453737,S2-953146928,S3-515941798,S3-286238001,S2-724672730,S2-875950440
S1-515190313	
S1-110141944	
S1-669609886	S3-54951837,S3-61492696,S3-460123193,S3-313109239,S3-36735973,S3-548351196,S2-863530983,S3-585991841,S3-647445801,S3-152253897,S2-364893972,S3-517679707,S3-677688858,S3-2953131,S3-19276695,S2-371100138,S2-61810131,S2-937253129,S2-765670168,S3-329138827,S2-915177454,S3-374350316,S3-374083271,S3-593740455,S2-426902140,S2-17650244,S2-519267513,S3-528264250,S2-476292017,S2-645223995,S2-886262876,S3-218772551,S2-418991508,S2-464273620,S2-530374423,S3-291651370,S2-31941244,S2-253281943,S2-873243602,S2-842960526,S2-436833294,S3-423553648,S3-331134376,S2-57054764,S2-909290458,S3-367408440,S2-991424102,S2-663049678,S2-805435500
S1-166601186	S3-450434727,S3-371718109,S2-925754206,S2-374710414,S2-392651736,S2-268271366,S3-612413586,S3-808096111,S2-297165742,S2-457228401,S2-462409058,S2-507037118,S3-481959010,S3-936913491,S3-219474659
S1-488506845	S2-80478966
S1-699941151	S3-907702304,S3-563320487,S3-855948574
S1-684205378	S2-108412128,S2-87232873,S2-922575892,S2-245146157,S2-366066563,S2-705111203,S2-77681723,S2-527245953,S2-841389317,S2-923054166,S2-853572898,S2-641597062,S2-883306169,S2-649607870,S2-481493872,S2-487927714,S2-57057245,S2-465328489,S2-316682952,S2-458831613,S2-908510616,S2-428033094,S2-168670799,S2-307972559,S2-209393081,S2-578945271,S2-183092653,S2-648362230,S2-274025389,S2-227994730,S2-590568477,S2-915969557,S2-318367768,S2-505529032,S2-800239881,S2-640383095,S2-502975737,S2-121165186,S2-399950855,S2-869458921,S2-891724637,S2-74264214,S2-916507935,S2-590537855,S2-43175471,S2-198351465,S2-919068154,S2-290701360,S2-136217329,S2-399619492,S2-722947711,S2-228724796,S2-833532894,S2-370483549,S2-909133099,S2-526295217,S2-939667642,S2-73254796,S2-167931844,S2-267907355,S2-690127271,S2-728389979,S2-562681799
S1-131486694	S3-705951579
S1-441593499	
S1-804063448	
S1-941287961	
S1-163864374	
S1-881015038	S3-556531217,S3-826386187,S3-897370432,S3-225757840,S2-463659759,S3-970711629,S3-511423182,S3-426047142,S3-214039611,S2-365501774,S2-19788659,S2-771669000,S2-117670829,S3-38945604,S2-108235395
S1-60048111	S2-217289357,S2-600882335,S2-386836902,S2-483890899,S2-766333269,S2-873947164,S2-430923333,S2-179933918,S3-300632977
S1-755362802	S3-383326396
S1-350438578	
S1-140279129	S2-549390214
S1-473891779	S2-769211950,S2-948046830
S1-512080827	
S1-330552811	S3-553012194,S2-434789845,S2-551038104,S2-229011684,S2-884741049,S3-341311058,S2-815236585,S2-465092069,S2-308942961,S2-428382682,S3-410605071
S1-586851970	
S1-966027321	S2-180000980,S3-363342458,S3-843993154
S1-479921563	S2-310432095
S1-697463198	
S1-717384347	
S1-322494711	
S1-635510698	S3-788144385
S1-259300137	
S1-402366232	
S1-875631699	
S1-328471041	
S1-523623802	S2-61842356,S3-291474209,S2-658721746,S2-173482979
S1-335722233	
S1-743304229	S2-201437355,S2-748331160,S2-452028099,S2-771746663,S2-38827079,S2-528473005,S2-433032085,S2-170100406,S2-163395991,S2-474308490,S2-92322579,S2-860355097,S2-234699109,S2-923500757,S2-631977552,S2-75217079,S2-876924172,S2-226494608,S2-424387851,S2-56576313,S2-579633576,S2-499027495,S2-171227599,S2-594646994,S2-150975970,S2-291644849,S2-317152754,S2-76962210,S2-164999379,S2-883612706,S2-19245434,S2-213277943,S2-3319138,S2-338006175,S2-762695364,S2-843635430,S2-450414338,S2-4615798,S2-424954698,S2-668971573,S2-342987051,S2-405105351,S2-587732158,S2-415670729,S2-56465834,S2-879328812,S2-502816364,S2-857262168,S2-230344467,S2-525991458,S2-210149663,S2-247602828,S2-436744512,S2-914534929,S2-479048111,S2-418436422,S2-480944369
S1-407845038	
S1-518508156	S2-865476389,S3-17887531,S2-654671118,S2-45137304,S3-927034323,S3-513068580,S3-493734669,S3-820813749
S1-702812433	S2-712272622,S2-222648403,S2-932633525,S2-889370707,S2-838919476,S2-253018996,S2-69040924,S2-831993179
S1-509571057	S2-585668799,S2-702831997
S1-164659791	S3-404718873,S2-967710871,S3-185040617,S2-487562835,S3-913985036,S2-627368384,S3-615290415
S1-224534945	
S1-731277614	
S1-618285952	
S1-391598653	S3-911520059,S3-181380822,S3-875151451
S1-263277646	S2-111157923,S2-649717345,S3-277871164
S1-396448962	S3-236843869,S3-326171289,S3-970762726,S2-402690310,S2-64589483,S3-258932040,S2-720359759,S2-219431565,S3-683542290,S2-215544481,S2-522599878,S2-967291292,S2-538462411,S2-211871577,S3-530949417,S2-957347810,S3-66614888,S3-231028123,S2-644912045,S2-315914891,S2-601343838,S3-675888210,S2-311818055,S2-684858920
S1-619033493	S2-661904810,S2-586842600,S2-77983015,S2-776238938,S2-774910695,S2-244199728,S2-471814700,S2-457922710,S3-614694143,S2-237942590,S2-317869422,S2-914745374,S3-653733974,S2-1110482,S3-512029235,S2-426683016,S3-76271038,S2-51194900,S2-352238141,S2-978803984,S2-240845455,S3-289365532,S2-544749149,S3-509232212,S2-651378765,S3-166201816,S2-739127679,S3-136830931,S3-147163300,S2-557031545,S3-633143546,S2-35786351,S3-334379933,S3-662003974,S3-606497358,S3-154456342,S2-323685279,S3-158909971
S1-284714934	S3-862570882
S1-628169346	
S1-341407306	S2-316371051,S3-451726251,S2-447071291,S2-373414528
S1-363414052	S2-606960820,S2-199982263,S2-522550492,S3-644268904,S2-549026889
S1-582600323	
S1-171387573	
S1-822527440	S2-181355122,S3-195525297,S3-534532524,S3-518009025,S3-822202068,S3-219305565,S3-621835752,S2-206191908,S2-429194665,S3-634894225,S2-609015340,S2-488298258,S3-222980923,S2-963940885,S3-882461134,S2-141261386,S3-726394547
S1-278247824	S3-64859743,S3-9648333,S3-261533299
S1-840168502	S2-69072620
S1-469200043	
S1-644993010	S3-203075051,S3-167377812,S2-474701239,S2-971327684,S2-443569378,S2-827562037,S2-434030717,S2-229623554,S2-515455468,S2-591072126,S2-307853916,S2-975264550,S2-73818758,S2-149814690,S2-878438208,S2-837236093,S2-455456848
S1-352958862	S3-937258891
S1-927150955	S2-600882335,S3-289194795,S2-986142144,S2-483890899,S2-430923333,S2-766333269,S2-873947164
S1-11490381	S3-366674483,S2-503137813
S1-804025354	S2-842945239
S1-249574225	S2-618096059
S1-506313987	S3-514839543,S3-579126025,S3-448332409,S3-574333335,S3-390775641,S3-134559466,S3-831999162,S3-196339962,S2-927569078,S3-626303650,S3-205122166,S3-251774684,S2-671611509,S2-34159244
S1-404435514	
S1-480231687	S2-13904464,S3-455878690,S3-889161347
S1-391842573	
S1-652302768	
S1-328371553	S2-418903350
S1-950785629	S2-828407985,S2-399373485,S2-377323803,S2-259549417,S2-413044152,S2-706770439,S2-502268839,S2-644432152,S2-797243298,S2-80754123,S2-810427397,S2-770310003,S2-520230091,S2-266941210,S2-589465549,S2-889754712
S1-528145300	
S1-686672707	
S1-366969181	S3-142985971,S3-756933653,S2-308524176,S2-889084857,S3-131480798,S3-204025459,S2-556348861
S1-398718199	S3-753814313
S1-8860800	S2-286535254,S2-643440787,S2-987187785,S3-498570452,S2-484997738,S2-20402049,S3-601846176
S1-584449139	
S1-449251995	
S1-448808180	S2-571786048,S2-47590837,S2-704014123,S2-913863077,S2-857347612,S2-901140315,S2-923906143,S2-257596720,S2-521641651,S2-153006055,S2-215292791,S2-963953914,S2-880260739,S2-755081639,S2-864073655,S2-831248110,S3-946349892,S3-587102111,S3-350306154,S3-314383049,S3-603301433,S3-489128981,S3-918915600,S3-928905666,S3-590601557,S3-964798418,S2-289542642,S3-489739258,S2-345370463,S3-563935679,S2-297198574,S2-485363837,S2-860108059
S1-280525219	S3-840074511,S2-594364648,S2-948238675,S3-644533432,S2-762040580,S2-14831310,S2-500368166,S2-471234721,S2-712097621,S3-21213511
S1-839795446	
S1-621351324	
S1-489515721	S2-698171904
S1-56326829	S3-239829451,S2-649063172
S1-604176767	S2-487105579,S2-732802768,S2-289470841,S2-539376491,S2-24832253,S2-635626927,S2-13393742,S3-130852582,S2-617260223,S2-449099083,S2-766176189,S3-148634666,S2-534309499,S2-770742526,S2-587227192,S2-177777608,S2-460464200
S1-341841821	S2-557875899,S2-632140129,S2-487105579,S2-673392824,S2-98346850,S2-304832264,S2-453354075,S2-24832253,S2-778499827,S2-379235308,S2-841150901,S2-534309499,S2-770742526,S2-587227192,S2-177777608,S2-460464200
S1-122992596	S2-485384405,S2-562467537,S2-135894576,S2-271274153,S2-254102236,S3-276097436,S2-496305450,S2-132815959,S2-862571393,S2-397614607,S2-897468272,S2-806905532,S2-925323993,S3-149624361,S3-296509342,S2-456829775,S2-578598868,S2-932768325,S2-489009274,S2-588536573,S2-261526984,S3-120682093,S2-216784937,S3-303645750,S2-127284995,S2-644216795,S2-116143022,S2-107354533,S2-645789542,S2-151698256,S3-232128141,S3-277967558
S1-133929117	
S1-39082718	S2-463492748,S2-883950674,S3-122500755,S3-838268095
S1-467198990	S2-366716589,S2-635612978,S2-531389178,S2-431658688,S2-118368734,S2-490813748,S3-170824418,S3-219361526,S2-150131961,S2-622316984,S2-293477230,S3-110252160,S3-301991120,S2-176192534
S1-955594204	S3-297184753,S2-568841403,S2-664858314,S3-933512031,S3-40060015
S1-706557560	S3-820158978,S3-296676455,S3-657195699,S3-304569563
S1-778218023	S2-390264224,S2-596956626,S2-770268651,S3-397069000,S2-609747271,S2-642891324,S2-93860076,S3-102923208,S2-453709897,S2-86721176,S3-386881396,S3-650735894
S1-403028834	S3-501405225,S2-602330339,S2-306177882,S2-707169539,S2-62016908,S2-312379347
S1-755395214	
S1-790765650	
S1-229996942	S2-267704559,S2-925837235
S1-589829833	
S1-851142120	
S1-218699364	S3-439070366,S3-160710413,S3-536864538,S2-712748272,S2-267765214,S3-338404543,S3-433446404,S3-146737822,S2-956449162,S3-729518681,S3-234621464,S3-573468067,S2-238815330,S3-237945807,S3-442193587,S2-783711549,S3-667465904,S3-16116477,S3-584163261,S3-428568551,S2-415583960,S3-735577974,S2-923758274,S2-208562741,S2-558595419,S2-585491591,S3-417588939,S2-944824718,S3-172516626,S3-16963268,S2-672365176
S1-981414798	
S1-929826833	
S1-607950025	
S1-714922663	
S1-254246053	
S1-318245270	
S1-456715439	
S1-487189073	
S1-578752300	
S1-611573336	S2-305014221,S3-513145077,S2-874536384,S2-355105041,S3-557296941,S2-735804688,S2-433282618
S1-255022363	S3-379662508,S2-786285537,S3-321763682,S3-258233103,S2-959324772
S1-668525331	S3-127133786,S2-634309864,S3-485092436,S2-691503607,S3-615509047,S3-15222278,S3-587202811,S3-695744748,S2-781836094,S3-276650556,S3-864397669,S3-811359647,S3-335601989
S1-558847131	
S1-55862260	
S1-818133811	S3-888122986,S3-379489736,S2-447023575,S3-502450482,S3-220456649,S3-781742102,S2-913103827,S3-191481170,S3-963417875,S3-463045734,S3-707329332,S3-649433029,S3-98290638,S2-485212200,S3-949521349,S2-499227923,S2-727985910,S2-751138543,S3-762240221,S2-870214029,S3-140050054,S2-287725527,S3-940040526,S2-346754882,S2-936929237,S2-863962112,S3-496228982,S2-700394291,S3-412237831,S2-623942574,S3-371647352,S2-465431082,S2-281040900,S2-262380805,S2-326537409,S2-578461425,S2-394198281,S2-581292974,S2-757022047,S2-610635386,S3-673404083
S1-238737960	
S1-442062312	S2-52104698,S2-942758749,S2-202683428,S2-186207001,S2-264224340,S2-945905307
S1-298951977	
S1-122297973	S2-986269740,S3-239294698,S2-167095441,S3-377007881
S1-211101344	S3-543615454,S2-306967889,S3-448598719,S3-772933706,S3-360607211,S2-704899,S2-938939867,S3-593000003,S2-229018309,S3-30685240,S2-654225236,S2-422031637,S3-997833693,S3-58587444,S3-619859704,S3-3284783,S3-879055548,S3-684688450,S3-44150091,S3-170481640,S2-213494336,S3-116384999,S2-620514533,S3-908905910,S3-962607042,S2-747065175,S3-532878966,S3-737427769,S3-268995381,S3-287423250,S3-54572444,S3-473688766,S3-536768540,S3-162375529,S2-572678116,S3-562859775,S2-413005942,S2-878702003,S3-912144701,S2-184320017,S2-252166881,S3-928165158,S2-490311134,S3-753987185,S3-433722539,S3-209500528,S2-865142405,S3-914145666,S3-578410773,S3-835265034,S2-212321472,S3-505288016,S2-787025555,S2-772538964,S2-574043644,S2-139167725,S3-907901378,S2-870316030,S2-668319789,S3-646937616,S2-696874059,S3-226591402,S3-207266365,S2-1573677,S3-298324883,S3-589474474,S3-84866279,S2-283307998,S2-414441071,S2-787311845,S3-555512753,S3-470154349
S1-44872528	S2-16090066,S2-562831177
S1-426826382	
S1-758228351	S2-278743284,S3-874818084,S3-809936700,S3-733958312,S3-374393279
S1-557511474	
S1-629118510	S3-66352642,S2-187447253,S2-797972900,S3-279125295,S3-132446852,S3-851392145,S3-870753181,S2-551889486,S3-173469938,S3-388848
S1-889785911	
S1-913301865	S3-58853115,S3-419385933,S2-278085758,S2-168247007,S2-891333193,S2-852948100,S2-769794271,S2-314399871
S1-947431711	
S1-744129313	S2-400234733
S1-693437858	
S1-992391746	
S1-943700205	
S1-227906598	S2-5090551
S1-840247873	S3-507643213,S3-536522870,S3-799633693,S3-104595182,S3-217727979
S1-583059672	S3-611127086,S2-130739933,S3-911129332,S3-40231164,S3-455624578,S3-684054190,S3-404122213,S2-478231240,S2-571490474,S2-111028646,S2-170061693,S3-34787589,S3-244461082,S2-594586460,S3-966971924,S2-310934080,S3-307914476,S2-894782883,S3-176337247,S2-730959173,S2-905010143,S2-846373870,S3-831171501,S3-569784796,S2-481912995,S3-610460480,S3-8209357,S2-367981309,S2-321139592,S2-167308160,S2-948224847,S2-337014797,S2-353144954,S2-852320423,S3-586884162,S3-148052111
S1-886195710	
S1-981258859	
S1-291737024	
S1-613244295	
S1-900066052	S2-598719596,S3-517909883
S1-541152783	S2-545606373,S2-788631280,S2-195720166,S2-286866018,S2-466585870,S2-23480006,S2-716002301,S2-512297695,S2-604379778,S2-169193540,S2-187378635,S2-110802997,S2-730014105,S2-455586035,S2-460498193,S2-586145543,S2-570597094,S2-606258540,S2-645819700,S2-69853777,S2-324819925,S2-656729775,S2-156170900,S2-656724503,S2-847780584,S2-730852516,S2-405701199,S2-261880225,S2-454801715,S2-177628668,S2-343249303,S2-842834677,S2-384986812,S2-288977263,S2-332016410,S2-591032606,S2-727306054,S2-715162081,S2-71670232,S2-372363817
S1-270971412	
S1-463604416	S2-413188374,S2-125428906,S2-469596449,S2-275332781,S2-50219793,S2-911303312,S2-590761669,S2-243902755,S2-961584157,S2-305315061,S2-702267609,S2-763669874,S2-487061741,S2-954673307,S2-760385237,S2-735723416,S2-729198204,S2-27100245,S2-404768538,S2-321681577,S2-255724270,S2-863284280,S2-737311826,S2-202595061,S2-520773188,S2-96000429,S2-107562545,S2-574546963,S2-785246908,S2-575613452,S2-621920146,S2-241093078,S2-419620946,S2-21816956,S2-736649801,S2-349099978,S2-54142592,S2-683707503,S2-85113215,S2-633078778,S2-312033050,S2-204923015,S2-924091320,S2-960497500,S2-799647940,S2-799021792,S2-12169707,S2-671124898,S2-359579050,S2-590885672,S2-762254064
S1-979509841	S2-525768036,S2-721865466,S2-365747937,S2-977206465
S1-665624518	S2-460269084,S2-132745499,S2-62229619,S2-791442950,S2-44214863,S2-511572915,S2-868071065,S2-866676003,S2-575707861,S2-196601282
S1-251863044	S2-445821175
S1-793595080	S3-652936759,S3-536187236,S3-365726613,S2-737418546,S3-423820132
S1-151302070	S3-77708475,S2-88596243,S2-700216205,S3-632957389,S2-236765913
S1-215335896	S3-974182477,S2-922610620,S3-353172975,S2-787083540,S3-497386071,S3-975856655,S3-956632616,S3-261387133,S3-861713965,S2-416859599,S2-533204539,S2-747684749,S2-435045310,S2-624958302
S1-431387492	S2-433715690,S2-497928999,S3-372327116,S3-374196775,S2-64141712,S2-775551147,S2-404808019,S2-950057823,S2-963405936,S2-646792670
S1-190731022	
S1-302250545	S2-620581322,S2-911410670,S3-546156682,S2-272355977
S1-489169236	
S1-608900722	
S1-204350436	S2-877203687,S2-754539420,S2-167525095,S3-218458290,S2-225597179,S3-820813749
S1-262527438	
S1-767282763	S3-800199131
S1-509953095	S3-521096361,S3-701269923,S3-842397946,S2-773524886,S3-909581020,S2-847764795,S2-211205682,S2-423132274,S3-664458051,S3-364531551,S3-931749255,S3-251558527,S3-805610701,S2-510339752,S2-266877403
S1-716443744	S2-121160830
S1-154824365	
S1-289717548	
S1-62254317	S3-119855724,S3-489317093,S3-186215378,S2-606708687,S2-142179700,S3-206185900,S2-843117095,S3-226370125,S2-834056061,S2-991799043,S3-950421484,S2-36076818,S2-569320888,S2-437824348,S3-207943579,S2-52191434,S3-549528939,S3-612034004,S2-455157183,S3-706610115,S2-637160760,S3-836763111,S3-645194104,S2-723045621,S3-785396649,S3-809072924,S2-586389447,S3-718959298,S3-934113162,S3-241292493,S2-920384455,S3-382134067,S2-48847539,S2-30971794,S3-734162216,S2-769718401,S2-188069479,S2-850338675,S3-107211053,S3-863002117,S3-276213813,S3-123893258,S3-39853402,S3-196571424
S1-399389416	S2-472862697,S2-423068379,S2-60388632,S3-809956848,S2-3921832,S3-669346845,S3-864938817,S3-585251996,S3-778728629,S3-962941796,S3-971640921,S3-990379977,S3-441254784,S3-769034171,S3-416310655,S2-789671781,S3-394463058,S3-763627629,S2-6582113,S3-70080466,S2-220089561,S2-677218888,S3-146067013,S3-489732004,S3-363176495
S1-293049146	S3-581457040,S3-368806155,S3-606580559,S3-853087291,S2-445206439,S3-26605086,S2-234824184,S2-329640580,S2-886403197,S3-970670252,S3-409435933,S3-309264131
S1-755546342	S2-57345324,S2-139985823,S2-45775835,S2-192640484,S2-256072418,S2-782058062,S2-358504456,S2-698358405,S2-443055943,S2-12962379,S2-115680009,S2-577785884,S2-432313044,S2-259376686,S2-39676027,S2-434122610,S2-691502306,S2-832409291,S2-794199666,S2-453426463,S2-77698963,S2-151714683,S2-618160041,S2-498618273,S2-171964628
S1-93940841	S3-349531973,S2-556850133,S2-551999900,S3-43493176,S2-171639497,S3-659344570,S3-942647343
S1-25125090	S3-843358137,S3-636851143,S2-914106488,S3-394525298,S2-703088139,S3-9648333,S3-991992721,S3-688033929
S1-589457852	
S1-603318865	
S1-762326721	
S1-239407314	S2-727945502,S3-158306078,S2-945362153,S2-218356664,S3-2863887,S2-848013024,S3-429723707,S2-133531925,S2-46958660,S2-380291298,S2-661477703,S2-931053591,S2-882166907,S3-186505920,S3-434121022,S2-942423426,S2-649939897,S2-277310540,S2-599267976,S3-326349464,S3-240811636,S3-257403337,S2-925218033,S3-12447597,S2-828410601,S2-18966963
S1-847655278	S3-47801529
S1-333779149	S2-932119009,S2-537770687,S2-478098680,S3-930076750,S2-667610764,S3-194329473,S3-236959322,S3-430731029,S3-823049343,S2-647784620,S2-388292775,S3-317090648,S2-789696056
S1-378164861	
S1-311931834	
S1-650051667	S2-18181148,S2-146303656,S2-298275189,S3-380724967,S3-49319043,S2-745933144,S2-870329083,S2-573962843,S2-973205399,S2-674713063,S2-795501322,S3-580307175,S3-872443,S3-623861749,S2-416694374,S3-194614557,S3-450453776,S3-374187782,S2-192357196,S3-260176884,S2-59337990,S3-804634055,S3-837242711,S2-300619707,S3-651095723,S3-581262873,S2-741172776,S2-275638110,S3-679662364,S2-593154361,S2-921181121,S3-348571524
S1-556368452	S2-308532399,S3-879022958,S2-631805285
S1-847355223	
S1-585187511	S2-1517321,S2-804230414,S2-333562392,S2-16084621,S2-37188246,S2-653502544,S2-348735225,S2-115833383,S2-489123334,S2-79504231,S2-365215605,S2-404068444,S2-631129240,S2-59984023,S2-854165551,S2-349437957,S2-208062084,S2-198413725,S2-525888519,S2-614973065,S2-219976450,S2-845723562,S2-504114659,S2-578549018,S2-736585370,S2-262413466,S2-662994229,S2-431435374,S2-523304160,S2-569438165,S2-180106844
S1-423930733	S3-207016660
S1-132253939	
S1-606887450	S2-442371375,S3-107113177
S1-721423097	S3-140512997,S2-36980301
S1-37990706	
S1-386614948	S2-684799340,S3-743592424,S3-429708803,S3-771795518,S3-581095226,S2-574073519,S2-158248730,S3-771332654,S3-390788612,S2-787156822,S3-513276985,S2-131953404,S2-481493045,S2-679489604,S3-14161700,S2-877523640,S2-297295792,S2-458728094,S2-210153187,S2-385702337,S3-13718201,S3-147610464,S3-769355954,S3-461493944,S3-520134808,S2-727701442,S2-827455267,S2-586567836
S1-265128056	S3-226224866,S2-480392582,S2-272355977
S1-388951829	S3-157711795,S2-191774671,S3-768109776,S3-831120040,S2-954181345,S2-582681168,S3-520031246,S2-167593039,S3-842010238,S3-55282625,S2-875852741,S3-184993345,S2-97260074,S2-158609714,S3-286651103
S1-960355473	
S1-665735345	
S1-776193593	S3-995995024
S1-326297661	S2-860601549
S1-432977003	
S1-245096108	S2-851316528,S2-298507312,S2-399075342,S2-587556583,S2-995911274,S2-215067797,S2-232727373,S2-103193600,S2-782930818,S2-940199002,S2-646859791,S3-507149524,S2-90319751,S2-241852926,S3-376291509,S2-54654102,S2-540528998,S2-995303166,S2-197803170,S2-329891010,S3-264526451,S3-49655801,S2-341558564,S2-392419592,S2-565195807,S3-310692407,S3-383093917,S2-274830889,S2-350908023,S2-439517477,S2-895188960,S2-983481558,S3-529723582,S3-398088707,S2-699555547,S2-382821796,S3-495934611,S2-572012846,S3-492400434,S2-270125015,S3-159508486,S2-249715681,S2-623170354,S2-582453529,S2-804688327,S2-597189772,S2-197506420,S2-935712364,S2-437795706,S2-999336114,S3-105444910,S2-370166727,S2-155739439,S2-945217603,S2-287789340,S2-915721206,S2-393170785,S3-514936285,S2-478524280
S1-21476795	S2-679824604,S3-511814091
S1-901191191	
S1-532986535	
S1-822032809	
S1-34957343	S2-288080167,S2-881424712,S3-812167450,S2-43796282,S3-139156493
S1-131136834	
S1-216804167	
S1-881598601	S2-696710395,S2-827562037,S2-486548125,S2-365423335,S2-567794297,S2-434030717,S2-443569378,S2-515455468,S3-203075051,S3-167377812,S2-474701239,S2-229623554,S2-307853916,S3-106987532,S2-322707527,S2-455456848,S2-985670014
S1-668643873	
S1-288066363	
S1-995989300	S3-871125774,S3-353760872,S3-560187222,S3-994263400,S3-864868235,S2-497875047,S2-86621461,S2-450044511,S2-395044621,S2-360808756,S2-234398475,S2-306831505,S3-992847024,S2-856790262,S2-287826664,S3-115810423,S2-643072905,S3-526450234,S2-942888561,S2-950895920,S2-544092002,S2-146338336,S2-78796632
S1-233527636	S2-752275966,S3-54978908,S3-220447801,S3-380950129,S3-628589479,S3-971771668,S3-981270149,S3-448043341,S3-487450297,S2-799971180,S2-467067137,S2-61833670,S2-37600979,S2-296756640,S3-773410910,S2-649328437,S2-543844154,S2-544119260,S2-639867814
S1-556234994	
S1-546515638	
S1-104486305	
S1-379259955	S3-64117171,S3-794337481,S2-46391568,S2-996804842
S1-946133653	S3-456394361,S3-453876974,S3-241416723,S3-478283718,S3-865312667,S2-338007912,S3-25893775,S2-581954030,S2-289392589
S1-640023178	
S1-420472686	
S1-733814374	
S1-612217752	
S1-6374980	
S1-583792630	
S1-198678778	
S1-712864914	S3-307941757,S2-69072620
S1-47040385	S3-785365205,S3-211713759,S2-510339752,S2-466019660,S3-521096361,S3-986498701,S3-463092097,S2-601375191,S3-503926405,S2-847764795,S3-83322464,S3-532722750,S3-706215035,S3-361604066,S3-931749255,S3-805610701,S2-571116600,S2-266877403,S3-251558527
S1-404124513	
S1-956930131	S2-566345675,S2-423100521,S2-860890263,S2-681941147,S2-441594085,S2-838321405,S2-759812507,S2-337468809,S2-425737384,S2-421274182,S2-731762629,S2-621107908,S2-790840546,S2-442902415,S2-162666647,S2-672797856,S2-307895261,S2-349844732,S2-872901699,S2-493596870,S2-66107949,S2-479285528,S2-732475597,S2-442722130,S2-861201345,S2-256483550,S2-853483077,S2-707364299,S2-122140775,S2-23474383,S2-342821508,S2-153580989,S2-775375330,S2-622481264,S2-735509914,S2-803615644,S2-600127521,S2-656343133,S2-885694042,S2-211586264,S2-582015598,S2-188383883,S2-242107029,S2-859839012,S2-223885392,S2-20824731,S2-293972182,S2-307595290,S2-287836977,S2-101677614,S2-893048055,S2-455999140,S2-691718681,S2-287660910
S1-161456522	
S1-822255279	
S1-859807445	S3-200194257
S1-985181624	
S1-951970212	
S1-648695822	S2-83676479,S2-965240012,S2-552428086,S2-254246923,S2-264471824,S2-899234382,S2-83232593,S2-693219987,S2-494346051,S2-408074053,S2-197625341,S3-619658095,S2-709110397,S3-340406137,S2-73305400,S2-951699064,S2-95522956,S3-490941185,S2-90449558,S2-105732154,S2-60219940,S2-223255462,S3-307706042,S2-99022571,S2-63319373,S2-323015893,S3-341467352,S3-198531762,S2-390228284,S2-82904663,S3-823861029,S3-96152763,S3-977242750,S3-310335810,S3-815604407,S3-601372818,S3-424354096,S2-300083728,S2-73721821,S3-701141058,S2-209013801,S3-711714455,S3-793692457,S3-124815563,S2-761679762,S3-125187535,S3-411501971,S2-242271500,S3-83930885,S3-254084719,S2-362214555,S2-913289229,S2-153036511,S3-706874458
S1-936095007	
S1-686927598	
S1-558736111	
S1-184167907	S3-669813656,S3-957833618,S2-23434812,S3-475431644,S3-692939926,S2-497300049
S1-111821062	
S1-864632129	S3-140295739,S3-605831427,S3-623860787,S3-794805480,S2-128549796
S1-135880222	
S1-508381910	S3-678366248,S3-76784585,S2-721750676
S1-297473029	
S1-710176801	
S1-293072113	
S1-807485962	S3-669787511,S3-938970668,S3-319393449,S3-605285147,S2-285321678,S2-237430534,S2-502946548,S3-300235871,S3-270598319,S2-301349190
S1-738533060	S2-859325500,S2-580985934,S2-715970690,S2-105233743,S2-604215504,S2-630563734,S2-551250135,S2-643060476,S2-630744083,S2-66294135,S2-483215034,S2-239181012,S2-472392747,S2-386041807,S2-395262272,S2-617761215,S2-812946530,S2-65607990,S2-847678051,S2-553497012,S2-584246869,S2-444836103,S2-227631137,S2-453401761,S2-79609725,S2-830956644,S2-15379310,S2-582017691,S2-352375698,S2-531576066,S2-584234240,S2-361446452,S2-220323466,S2-443120788,S2-802800935,S2-168346428,S2-262651627,S2-549490617,S2-415804091
S1-494268853	S2-592447788
S1-559551054	
S1-130047832	S2-24227028,S2-690661246,S2-108303797,S2-836323092,S2-374343532,S2-731163714,S2-82734494,S2-281790304,S2-717186104,S2-561911284,S2-898775129,S2-125086919,S2-898577463,S2-121457470
S1-825046730	
S1-857854771	
S1-67591383	
S1-840031094	
S1-608345788	S2-56439762
S1-556536621	S3-146163775,S3-133564228,S2-34691646,S2-560384527,S2-835917272,S3-229750888,S2-402969079,S2-764637565,S2-113786225,S2-127209625,S2-611768483,S3-406155028,S3-36670599,S2-459363558,S2-769359538,S3-334531198,S3-788470142,S3-516686951,S2-187915995,S3-303440700
S1-547443147	
S1-585720119	
S1-351025388	S2-898171285
S1-153348996	S2-834174638,S3-775336392,S3-976939583
S1-762241152	S2-6675433,S3-553316175,S3-479425308,S3-643070448,S3-238835113,S3-255788263,S2-473897414,S3-172751061,S3-73344476
S1-388637520	S2-393744454,S3-573286745,S2-550445677,S2-421792987,S3-443632315,S3-911469127,S3-339542517,S3-57649488
S1-372253974	
S1-69960399	S2-747065175
S1-51432491	S2-229623554,S2-515455468,S2-474701239,S2-827562037,S2-486548125,S2-443569378,S2-591072126,S3-203075051,S3-167377812,S2-307853916,S2-567794297,S2-365423335,S2-118844428,S2-322707527,S3-106987532,S2-548904273,S2-56084234,S2-743228187,S2-642972921,S2-552735005,S3-229462616,S2-329387901,S2-236901498,S2-33142941,S2-975011984,S2-455456848,S2-778256508,S3-134804715,S2-985670014,S2-167279978,S2-640299814,S2-159274266,S3-144823758,S3-144011415
S1-587613711	
S1-601945198	S3-923287548,S3-113453447,S2-14994912,S3-885247434,S3-866939718,S3-467472732,S2-131071561,S3-486874370,S3-77161371,S3-341812305,S2-246473777,S2-649496656,S2-836224104,S3-420747405,S2-538876277,S2-272562904,S2-977763543,S2-792241636,S3-907361213,S2-528500723,S3-63064029,S3-422934058,S2-75515650,S2-646823293,S3-247929179,S3-88806363,S3-518808841
S1-163077720	
S1-179666311	
S1-791548645	
S1-799632615	S3-525077201
S1-638106937	S2-905947371,S2-963610276,S2-987611867,S2-422948650,S2-256237785,S2-745343841,S2-350162455,S2-180134885,S2-735671818
S1-916773322	S2-600882335,S3-202075271,S3-18485921,S3-198206450,S2-483890899,S2-766333269,S2-873947164,S2-179933918
S1-291991311	S2-872518576,S2-751788773,S2-293609147,S2-12781223,S2-160980423,S2-876318509,S2-256781534,S2-661128680,S2-353457949,S2-675822376,S2-357528125,S2-299665429,S2-322900048,S2-774512583,S2-339186553,S2-50675000,S2-580299414,S2-735153377,S2-390163518,S2-220675675,S2-139145704,S2-791711694,S2-105719821,S2-776722434,S2-333783469,S2-87690299
S1-608093705	S2-240858371,S2-916924958,S2-404481139,S2-394189263,S2-512351794,S2-818469684,S3-223861841,S2-896264951,S2-291635456
S1-361145923	S3-890030005,S3-268844466,S3-314911686,S3-143605286,S2-747083268,S2-396373507,S2-620638030,S3-179811157,S3-294106297,S3-94789080
S1-974201445	S3-15510893,S3-901730479,S2-813270700,S2-9863354,S3-700525641,S3-781035811,S2-20747568,S3-304238123,S3-35144681,S3-307167439
S1-686104161	
S1-977675218	
S1-891130183	S3-876865834,S3-638348022,S3-494782848,S2-711518364,S3-741817626,S3-571489632,S2-572640446
S1-272480291	
S1-428709431	
S1-861316759	
S1-973233920	
S1-164017572	S3-184278105
S1-628997689	
S1-324132627	S3-646984759
S1-866560305	
S1-434744980	
S1-154383438	
S1-109181119	
S1-973962409	
S1-598177508	
S1-296698451	
S1-684772333	S3-853713832,S2-884527227,S2-634518520,S3-233903728
S1-970488686	S2-61033548
S1-477458226	S3-178795615
S1-824502786	S2-714017263,S2-911311609,S3-36555050,S2-126897901
S1-890420551	S3-629605968,S3-357412741
S1-706942192	S2-876014403
S1-715392321	S2-373689031
S1-499302167	S2-496259043,S2-132745499,S2-860566775,S2-258151832,S2-219238467,S2-426317735,S2-791442950,S2-819959602,S2-203581789,S2-64085661,S2-575707861
S1-941480870	S2-754942901,S3-192881615,S2-528505089,S3-389918335,S2-903049209,S3-326302381,S3-605342473,S3-505154645,S2-320542608,S2-140087991,S3-250827115,S2-185847994,S2-87573754,S2-505309955,S2-782424151,S2-108715695,S3-157596892,S3-477444492,S3-364206090,S2-160961809,S3-881066108
S1-780594162	
S1-454066584	
S1-375409942	S2-878908417,S2-184071134,S2-516046517
S1-131314062	
S1-927747606	
S1-57279347	
S1-535787043	S2-721671070,S2-490354642,S2-751110005,S3-260077737,S3-229144142
S1-815441395	
S1-883973644	S3-16308995,S2-500717435,S2-240911981,S2-466208646
S1-824734356	
S1-819933808	
S1-299511557	
S1-499106473	
S1-491204002	
S1-177614351	
S1-421367923	S2-732348214,S2-523828058,S2-862839325,S2-518882374,S2-827557278,S2-844976185,S2-370304218,S2-728766510,S2-905102370,S2-504852890,S2-77410794,S2-768691037,S2-286327080,S2-385131806,S2-724159659,S2-253570718,S2-58557496,S2-82055109,S2-927725332,S2-805210706,S2-552084383,S2-683569943,S2-145634817,S2-521080389,S2-346222185,S2-221823268,S2-730015433
S1-981127042	
S1-736167252	
S1-789319902	
S1-471490066	
S1-245165869	
S1-580832167	S3-678317256
S1-450027927	S3-361960805
S1-881701203	S3-289461357
S1-12064769	
S1-324777964	
S1-101352599	
S1-468861150	
S1-92254645	
S1-102971431	S2-284549066,S3-585991841,S2-863530983,S3-54951837,S3-535686716
S1-352105774	
S1-498703392	
S1-866012426	
S1-799416225	S3-770887925,S2-787743405,S2-242312917,S3-107705008,S2-100971581
S1-994904668	S3-118817784,S2-68953848,S3-133306723,S3-134610473,S2-910936057,S2-546862925,S2-82336112,S2-162977575,S2-81057662,S2-602043291,S2-204694262,S2-758220477,S2-860116011,S3-259390809,S3-19048639,S2-298418269,S2-997507194,S2-468893746,S2-120848784,S2-642216293
S1-820060849	
S1-680937376	S2-495860240,S3-465908354,S3-910648354,S3-37668346,S2-648013668,S3-564043361,S2-980348449,S2-249651122,S2-721856017,S3-353715579,S3-511385451,S3-361038699
S1-444711104	
S1-579617619	S2-309311409,S2-502712101,S2-419974646,S2-348904049,S2-385099535,S2-715996788,S2-243583566,S2-631336275,S2-360902066,S2-627990516,S2-315653214,S2-35200360,S2-631117267,S2-578558365,S2-49669890,S2-482058583,S2-191466839,S2-358383866,S2-487982433,S2-357493045,S2-584083582,S2-188504546,S2-732472111,S2-233487138,S2-686328848,S2-248542738,S2-69247117,S2-448244470,S2-449675768,S2-612884808,S2-531662579,S2-649262871,S2-171220932,S2-65553137
S1-697130648	S3-617785548,S3-701059873,S2-357191228,S3-869894140,S3-872352979
S1-9355688	
S1-884849325	S3-412893334
S1-246732269	
S1-325250785	S3-166209819,S2-724611952,S2-522771715,S2-431983334,S3-342442576,S2-571175080,S2-523698352,S3-254957942,S3-167258027,S3-213525427,S3-218469758,S2-313243230,S2-950733894,S2-585668799,S2-346931335,S2-806523322,S2-100171087,S2-926375813
S1-512435279	
S1-602806324	
S1-681072884	
S1-997230305	
S1-513839574	
S1-237816694	
S1-155228361	S2-211716509,S2-100717071,S2-827425282,S2-139873441,S2-103001409,S2-100745911,S3-291419604,S2-67902828
S1-455235613	
S1-72252837	
S1-803680437	
S1-149310172	S2-590761669,S2-43553563,S2-847167076,S2-440430990,S2-179988180,S2-305315061,S2-404768538,S2-763669874,S2-586035385,S2-243902755,S2-735723416,S2-487061741,S2-954673307,S2-760385237,S2-321681577,S2-961584157,S2-702267609,S2-661048792,S2-308325730,S2-279782418,S2-821301424,S2-266031212,S2-85113215,S2-736649801,S2-27100245,S2-665994163,S2-702609757,S2-965458823,S2-767739635,S2-601282438,S2-687954200,S2-785246908,S2-312033050,S2-960497500,S2-204923015,S2-924091320,S2-799021792,S2-799647940,S2-359579050,S2-633078778,S2-12169707,S2-671124898,S2-590885672
S1-246574404	
S1-139192427	S3-824665012
S1-763705781	S2-575670266,S2-374274364,S2-644067593,S2-904034500,S2-972719897,S2-687303897,S2-104020427,S2-561689138,S2-464065938,S2-656851742,S2-686970157,S2-435168767,S2-835093454,S2-110325207,S2-948337610,S2-543152568,S2-861548439,S2-54797206,S2-477076148,S3-112064429,S2-69184579,S2-448514413,S2-397927479
S1-937138847	S2-614243385
S1-210245110	S3-360707321,S2-977223500,S3-490874759,S3-193622652,S3-702728385
S1-92125762	
S1-629282051	
S1-791269398	S3-525077201,S2-501229667,S3-223681761,S2-494300649,S3-93704936,S3-820068241,S2-247182870,S3-347764941,S2-10134943
S1-33211137	
S1-69670668	S2-169179962
S1-654697159	
S1-894646020	S2-396466193,S3-239236932,S3-624004475,S3-476510737,S3-804563758,S3-147568614,S3-512354044,S2-629929234,S3-510164984
S1-744140360	S3-787114018,S3-631456075,S3-660849752,S3-653354138,S2-948811530,S3-622392520,S2-687217525
S1-351838745	
S1-891539767	
S1-898279595	S2-770419582,S3-382064174,S2-402548398,S3-374393279,S2-710082259,S3-608818760,S2-497224574
S1-162220839	S2-98375494,S3-125440026,S3-348550473,S3-185183560,S2-707950106,S2-560538546,S2-367013531,S3-417262441
S1-305440895	
S1-298443567	S2-689333275
S1-196670006	
S1-490801230	S2-242337301,S2-492552234,S3-702728385,S3-193622652,S2-574694543,S2-78569371,S2-574618795,S3-433098514,S3-558955637,S3-562683261
S1-783148417	
S1-762807101	
S1-684532398	S3-87413705,S3-219632055,S2-841241016,S3-77070519,S3-876865834,S3-936554891,S2-796423452,S2-476510219,S3-671324774,S2-468421280
S1-311614538	
S1-643560768	
S1-361609987	S2-565633791,S2-715133075,S2-788237473,S2-702387399,S3-320389401,S2-790370274
S1-427783220	S2-202253970,S2-437436072,S2-717525852,S2-334917739
S1-770963722	S2-351749527
S1-402237262	S3-851379516,S3-630331250,S3-184284986,S3-107460970
S1-876648601	S2-949554463,S2-915995162
S1-494949183	
S1-709742992	S2-348226150,S3-199624342,S3-311580311,S3-394471441,S3-160356845,S3-441607348,S3-112294156,S3-195467557,S3-228173950,S2-150951010,S3-360196659,S3-430600994,S2-3361485,S2-90230837,S2-891023850,S2-263525146,S2-260645654,S2-69765727,S2-852561180,S2-505503934,S2-181767769,S2-779676252,S2-721244863,S2-322804386,S2-408527663,S3-151249074,S2-146063669,S2-760886890,S2-206185027,S2-627635433,S3-492296137,S2-843548099,S2-765970633,S2-346884535,S2-451349609,S2-560883845,S2-562221440,S2-274074222,S2-763311041,S2-53637148,S2-769390133,S2-827706879,S2-264926550,S3-527115252,S2-672366545,S2-13394411,S2-620957678,S2-670687228,S3-487046030,S3-109955329,S2-236093607,S2-55831140,S2-421716177,S3-143520926,S2-449259622,S2-747637740,S2-495485388,S2-749669684,S2-575519759,S2-730649105,S2-996789998,S2-731516101,S3-158883745,S3-1416697,S2-326643070,S2-855535142,S2-692245974,S2-4063865,S2-573676257,S3-399277683,S2-773267292,S2-7543447,S3-394081375,S2-774799831,S2-445745013,S2-606745939,S2-729982053,S2-502130238,S2-735010401,S2-141927104,S2-217528887,S2-151577977,S2-424624528,S2-870569367,S3-361287279,S2-360844347,S3-185302345,S3-450829929,S2-744806072,S2-312445250,S2-926235364,S3-414026743,S2-664229357,S2-564688607,S2-110702296,S2-852250410,S3-496534080,S2-356765231,S2-96049422,S2-884163187,S2-989123271,S2-146866866,S2-596097539,S2-889361037,S2-125994360,S3-15957984,S3-382651857,S2-325289354,S3-36149327,S3-263972871,S3-374216090,S2-359215532,S2-223290289,S2-405828177,S3-546004470,S3-469779777,S3-373621467,S3-122827886,S2-339135081,S3-534962721,S3-351017910,S2-400999459,S3-493846641,S3-164750992,S3-25941980,S3-472238516,S2-525425556,S3-114050055,S3-531812875,S3-249882202,S3-309769910,S2-451055833,S2-644344149,S2-683252059,S2-496737709,S3-377272337,S2-133962980,S2-540370049,S2-901544239,S3-168554976,S3-101947146,S2-345397650,S3-190396563,S2-794349110
S1-366329737	S3-824969929,S3-607685316,S3-834118895,S3-670725271,S3-199261457,S2-752364650,S3-347049544,S3-934449620,S3-507600973
S1-277159753	
S1-678250778	
S1-535388640	S2-606076013,S3-78384607
S1-975349315	
S1-921009020	
S1-192381489	S3-816520047,S3-657195699,S3-296676455,S3-304569563,S3-615557105,S3-708779239,S2-319446123,S3-101283585
S1-997789034	
S1-329014655	S2-305116173
S1-41022735	S2-851304279,S3-6971930,S2-677218888,S3-146067013,S3-489732004,S3-363176495
S1-970573754	S2-229622749,S3-495736024,S2-166647024
S1-531110798	
S1-947513822	S2-916093817
S1-873216059	S3-263922313,S2-722480479,S2-114282057,S2-548874361,S2-757537721
S1-931739582	S2-308415673,S3-580680390,S2-32882833
S1-654370336	S3-614816055,S2-931580496
S1-298645743	S3-109603680,S2-910936057,S2-381004426,S3-116962452,S2-772554331,S2-521143288,S2-567087139,S2-20274460,S2-626194866,S2-949792524,S2-241255925,S3-194751371,S2-748059646,S2-298418269,S2-997507194,S2-468893746,S2-725402452,S2-5604414,S2-4251699,S2-825957189,S2-120848784
S1-398966459	
S1-487154804	S2-34107264,S2-661539844,S2-540140052,S2-819043456,S2-164896117,S2-691502306,S2-27838767,S2-142012964,S2-45775835,S2-266812235,S2-358504456,S2-588548717,S2-129772677,S2-256072418,S2-782058062,S2-662495675,S2-698358405,S2-615329971,S2-617881541,S2-259979264,S2-30372846,S2-252524095,S2-174789634,S2-577785884,S2-794199666,S2-449660771,S2-367023229,S2-448733775,S2-498618273,S2-171964628,S2-77698963
S1-620106632	S2-828561972,S2-554709901,S2-437361568,S2-275498044,S2-377148918,S2-872551966,S2-331311222,S2-122986928,S2-14084129,S2-364789789,S2-85906403,S2-524604419,S2-406213043,S2-872380498,S2-727662252,S2-432319564,S2-589441931,S2-436483556,S2-328146445,S2-110661787,S2-215785349,S2-390617892,S2-520914055,S2-360749777,S2-369784092,S2-250861878,S2-727058836,S2-473210890,S2-177671929,S2-377099365,S2-422073668,S2-637263812,S2-769870857,S2-330401512,S2-221481547,S2-181063334,S2-542945420,S2-138477027,S2-313245951,S2-287899361,S2-353131400,S2-161245638
S1-869098393	S2-316507033,S3-875431861,S3-941268956,S3-760166253,S3-76936783,S2-255099960,S3-971596805,S2-888775893,S2-702779633,S2-180368317,S3-118948917,S3-849979224,S2-424686198,S3-278133520,S2-134430685,S2-240339419,S3-470561213,S3-902192482
S1-871106693	S2-254606551,S2-520574204,S2-621793763,S2-907836189,S3-35466860,S2-765745601,S2-309010107,S2-708635638,S3-186945565,S2-460136490
S1-43216757	S3-106587401,S3-153795311,S3-933394124,S3-649043455,S2-357776916,S3-432783650,S3-57548085,S2-832872201,S3-132640504,S2-85898373,S3-41316710,S2-402590614
S1-868689834	S2-49032554
S1-243465743	
S1-165368525	
S1-132356749	S2-585481350,S2-937861831,S3-204149943,S2-538740262,S3-159109212,S2-229132051,S2-620272066,S2-10943865
S1-888123971	S2-677988513,S2-148311620,S2-494645065,S2-724252066,S2-817995760,S2-637116804,S2-269185203,S2-213537074,S2-795066184,S2-280206767,S2-183114979,S2-606698875,S2-398594868,S2-707049436,S2-386798735,S2-631842884
S1-60980827	
S1-212949733	S2-948307150
S1-952571031	S2-982919729,S2-462664875,S3-806666721,S2-792673249,S2-47710537,S3-240155,S2-334236762,S2-890620191,S2-329716616,S3-938405536,S3-141429350,S3-687426260,S3-567302900,S3-757046488,S2-122764060,S3-320974821,S2-777935405
S1-64279143	S3-968238896,S3-404718873,S3-365603609,S2-821742025,S2-54782238,S3-913985036,S2-88030318,S3-942657432,S3-280602956,S3-615290415
S1-892577020	S2-317461756,S2-258137372,S3-247675808,S2-244892384
S1-418840732	S3-540354213,S3-60901555
S1-762924595	S2-517992141,S2-298744098,S2-859046356,S2-302513926,S3-144448241,S2-920391377,S2-520331259,S3-153149485,S2-729910101,S2-856954450,S2-848250649,S2-276726037,S2-455242515,S2-729765209,S2-346720876,S2-526717564,S2-153618817,S2-110246983,S2-956846377,S3-161130258,S2-359549629,S2-978339219,S2-845890525,S2-841621186,S2-1683369,S2-91491361,S2-237196627,S2-249582358,S2-7690725
S1-403461984	S3-477108982,S2-21883086,S3-537537798,S3-316302123,S3-706699380,S3-652936759,S3-516092378,S2-737418546,S3-257686238,S3-645178693,S3-43376721,S2-217090320,S3-812920908,S2-711391803,S3-423820132,S3-541988174
S1-306805484	
S1-215469834	
S1-303121780	S2-184487406,S2-201951823,S2-637263812,S2-325356658,S2-521188832,S2-849701220,S2-85950641,S2-851527743,S2-281076373,S2-473210890,S2-709431079,S2-727058836,S2-739771169,S2-585924612,S2-328146445,S2-436483556,S2-559599671,S2-85906403,S2-221481547,S2-14084129,S2-110661787,S2-664099225,S2-331311222,S2-872551966,S2-6481087,S2-607323678,S2-215785349,S2-432319564,S2-841745504,S2-635311962,S2-377099365,S2-250861878,S2-217619185,S2-730702890,S2-636012187,S2-292397494,S2-209555917,S2-680766197,S2-275498044,S2-368611005,S2-790907847,S2-386143705,S2-319453186,S2-727662252,S2-668559629,S2-457994502,S2-811172828,S2-107054057,S2-181063334,S2-542945420,S2-360749777,S2-138477027,S2-353131400,S2-313245951
S1-771448241	S3-942657432,S3-404718873,S2-124272862,S3-9820592,S2-487562835,S3-73813331,S3-148513444,S2-97402817,S2-844677735,S3-182311074,S3-284135565,S2-892919390,S2-674056605,S2-996779983,S2-895279854,S3-211985545,S3-860711501,S3-615290415,S2-178124786,S2-642771948
S1-740041904	S3-203278166
S1-328120327	S2-32810254,S3-392062402,S3-851766303,S2-239918057,S3-779486588,S2-393681998,S3-533942546
S1-110602510	S2-271437591
S1-968308125	S3-378652249,S3-627345153,S3-217898672,S3-149565445,S3-600965461,S2-637663493,S3-583438239
S1-334146653	
S1-492381760	
S1-506230682	
S1-314328455	S2-440804053,S2-789196436,S2-116079882,S2-484802103,S2-966644375,S3-233662492,S2-997456312,S2-403283328,S2-606317185,S3-175060006
S1-891297605	S2-3375355,S2-754454929,S3-986062491
S1-458365510	S2-364506233,S2-138734544
S1-451998438	S3-283843365,S3-100295915,S3-611190314,S3-770045098,S3-374393279,S3-563068003,S3-660614146
S1-65820296	S3-26551225,S2-936667243,S3-107020099,S2-333915895,S2-879680900,S2-291635456,S2-675989169,S2-62092247,S2-896264951,S2-951843795,S3-223861841,S2-63004297,S2-394189263,S2-381719337,S2-492944301,S2-480177776
S1-183986600	
S1-418796564	
S1-488537245	
S1-111273522	S2-899863708,S2-217662545,S2-98213991,S2-729122677,S3-127478466,S2-468873531,S2-280443664,S2-368020936,S2-589106927,S2-973292523,S3-293244015,S2-540774917,S2-349927121,S3-355014269,S2-334869461,S3-88748689,S2-425439096,S2-631035436,S2-886893459,S3-879564698,S3-889983640,S2-759467179,S2-165649102,S2-39889760,S3-273704167,S2-134129534,S3-953204079,S2-217693187,S2-936157177,S3-761753813,S3-777553326,S2-230335137,S2-607876613,S3-101640247,S2-278232414,S2-609942540,S2-131613322,S2-751470939,S2-318518990,S2-242381265,S3-403855120,S2-705851202,S2-909434764,S3-494956920,S2-322926562,S2-887029801,S3-813352567,S2-130162381,S2-347662605,S2-32504820,S3-22488403,S3-317128676,S2-516236204,S2-590060142,S3-907951312,S2-68017899,S2-925622945,S3-482559512,S3-471594619,S3-949268054
S1-755478990	S2-579157671,S2-723163255,S2-647453818,S2-347417379,S2-326079630,S2-140526794,S2-628078119,S2-742328277,S2-606085469,S2-656184247,S2-730852516,S2-244185385,S2-715162081,S2-16554760,S2-372363817,S2-332016410,S2-727306054,S2-591032606
S1-312896045	
S1-63259774	S2-771309476,S2-277017543
S1-263724589	
S1-43612074	
S1-657809107	S2-461152207,S2-302087572,S2-30643311
S1-8766085	S2-831946967
S1-779526307	
S1-967514668	S2-261198690,S2-344142885,S2-774147537,S2-326079630,S2-805464775,S2-288977263,S2-545606373,S2-730852516,S2-788631280,S2-110802997,S2-591032606,S2-372363817,S2-405701199,S2-332016410,S2-715162081,S2-71670232
S1-217259238	S3-138993874,S2-817310761
S1-426114168	
S1-680779707	S2-132745499,S2-868071065,S2-575707861,S2-820815336
S1-832279158	
S1-598604242	
S1-805433833	S3-406400990,S3-637951351,S3-640979850,S2-445403170,S2-278103426,S2-555940778,S3-36186163,S2-686016320
S1-315461446	S3-221900535,S2-860000696,S3-375025626,S3-182707711,S3-538116434,S2-325821652,S3-444058293,S2-525410727
S1-629968168	
S1-24479142	S3-555512753
S1-633523699	S2-311321885,S2-824058655,S3-930667296,S3-312769838,S3-613416520,S2-416655804,S2-757559318,S2-566147672,S3-13938062
S1-340515379	
S1-828521537	
S1-767574104	S3-166209819,S3-342442576,S2-522771715,S3-254957942,S2-571175080,S2-523698352,S2-724611952,S3-218469758,S2-313243230,S2-850011357,S3-213525427,S2-431983334,S2-224125326,S3-167258027,S2-346931335,S3-321599638
S1-237534098	S2-963186955,S3-68622020,S2-475431729,S3-55104788
S1-454810103	
S1-872627167	S3-320445774,S3-303086841,S2-989475688,S2-417768434,S3-14606986,S3-113044668,S2-100713942,S2-650987505
S1-932539298	
S1-238873381	
S1-552219034	
S1-960834585	
S1-149118665	
S1-855106705	
S1-371254311	S3-840478365,S2-44105043,S2-764173536,S3-473681183,S3-852687019,S3-131851194,S3-932098317,S2-523682975,S3-136124515,S3-463527045,S3-803580884,S2-795118404,S2-741513938,S3-130251706,S3-443863298,S2-882170407,S2-570118724,S3-189568535,S2-566099391,S3-391548869,S3-662649359,S3-919067234,S3-214339081,S2-480059264,S3-91979419,S2-652083263,S3-447973220,S2-361563313,S3-792102110
S1-293727873	
S1-449921816	S2-646859791,S2-915721206,S3-514936285
S1-706274174	S3-869864247,S3-426047142,S2-352112358,S2-282584362,S3-511423182,S2-19788659,S2-671293655,S3-903516266,S2-209173037,S3-395951421,S3-775321227,S3-802789763,S2-314747787,S3-831327400,S3-225757840,S2-951291978,S3-265817537,S3-409781461
S1-272862947	
S1-31032794	S2-472944203,S2-11939284,S2-93316261
S1-237716459	S2-668653686,S2-10598620,S2-453200757,S2-912952545,S2-952321555,S3-235025526,S2-654753900,S2-385885037
S1-583639892	S2-438680827,S2-236557897
S1-685033000	
S1-996519152	
S1-595402926	
S1-139220284	
S1-116561830	S3-845174745,S2-162278741
S1-510316751	
S1-546067318	
S1-981014340	S2-311794402,S2-350947983,S3-33825344,S2-790370274
S1-999358932	
S1-77578799	S3-133097843,S3-377934978,S2-458891399,S2-113580586
S1-751201325	S3-843686319,S2-851498372,S2-783110346,S3-28735712,S2-82785475,S3-504863665,S2-393105340,S3-926073794,S3-632494315,S2-359183690,S3-682275978
S1-380561654	S3-517453201,S2-224213668
S1-198132827	S2-25103987,S2-637053153,S3-234313955,S3-214826907,S3-240084391,S2-727004969,S3-180544584
S1-731704064	S3-394911694,S3-136949726,S2-957059629,S2-915721206
S1-640116870	
S1-346159233	S2-457106884,S2-479048111,S2-810475663,S2-418436422,S2-229525660,S2-480944369,S2-914534929
S1-836747974	
S1-659821047	S2-760190993,S3-197831827
S1-731824678	
S1-941328456	S3-207966774,S2-731591542,S3-369383523,S3-357550506,S3-454890513,S3-155235519,S3-648759812,S3-420920643,S2-776224371,S3-281061117,S3-471443597,S3-349477369,S2-660641392,S2-785069387,S3-212660347,S2-400877353,S3-545326501,S2-296319036,S2-901294694,S2-545912622
S1-738128949	S3-241416723,S3-656762962,S3-453876974
S1-359805448	S2-620638030,S2-391591600,S3-314911686,S3-268844466,S3-143605286,S2-387628624,S2-368463696,S2-273003658,S2-396373507,S3-697220242,S2-747083268,S3-294106297,S3-94789080
S1-248243775	
S1-258353664	
S1-499566732	
S1-967435536	S2-760967510,S2-152875581,S2-377593069,S2-892009200,S2-660805189,S2-453693150
S1-893609958	
S1-736787132	
S1-730644474	S3-525077201,S2-204653085
S1-169083104	S2-619726120,S3-87081501,S2-125459368,S3-871879787,S3-751935762,S2-634929055
S1-662105929	S2-139382504,S2-856548610,S2-406023466,S2-42604498,S3-2548302,S2-320914883,S2-191386652,S2-151698021,S2-10598620,S2-956819653,S2-430569524,S2-861194148,S3-355557289,S2-619935674,S2-792771990,S2-385885037
S1-685873514	S3-48327892
S1-481050061	S2-284549066,S2-163754935,S3-668886037,S3-575237915,S3-152253897,S2-677093930,S2-84880112,S3-647445801,S2-13904271,S3-54951837,S3-473220059,S3-444957326
S1-684505968	
S1-547937022	
S1-635349757	
S1-188695911	
S1-448582547	
S1-902552291	
S1-139997920	S2-82911264,S3-133475797,S2-986858964,S2-977097318,S2-356024173,S2-488229934,S2-944047751,S2-196194141,S2-990288343,S2-729269227,S2-545095254,S2-178336004
S1-302643182	
S1-616710640	S2-499407802,S2-362996669,S2-682413398,S2-844363744,S2-771746663,S2-92322579,S2-471908725,S2-3319138,S2-291644849,S2-163395991,S2-302054007,S2-272609403,S2-76962210,S2-817607055,S2-668971573,S2-317152754,S2-923500757,S2-525991458,S2-474308490,S2-528473005,S2-420140678,S2-816684193,S2-473815800,S2-122201731,S2-20213851,S2-433860699,S2-164999379,S2-170100406,S2-75217079,S2-331873332,S2-842081349,S2-631977552,S2-702366846,S2-875893829,S2-560955461,S2-456194866,S2-454352954,S2-150975970,S2-883612706,S2-437281736,S2-840714314,S2-502816364,S2-415670729,S2-19245434,S2-594646994,S2-213277943,S2-186467125,S2-52804522,S2-857262168,S2-346543718,S2-5562734,S2-65342515,S2-337420573,S2-479233308,S2-247602828,S2-587732158,S2-436744512,S2-232161676,S2-405105351,S2-812938443,S2-886436274,S2-418436422,S2-480944369
S1-399029451	S3-611872961,S3-655910150,S3-648759812,S3-281061117,S2-776224371,S3-155235519,S3-357550506,S3-420920643,S2-616814626,S3-563633454,S2-733008905,S3-349477369,S2-294329794,S2-11016398,S3-471443597,S2-468124791,S2-660641392,S2-529097015
S1-65626628	
S1-804433939	S2-597867607
S1-717892742	S3-820813749
S1-21792132	S2-608915349,S2-812900048
S1-888660595	
S1-124712855	
S1-913926543	
S1-757261527	S2-682037424,S2-610791050,S3-799767993,S2-814634419,S3-183135636
S1-754664373	S3-106141225,S3-261045747,S2-463447267
S1-689597159	S2-581515534,S2-484607485,S2-513769409
S1-575109957	
S1-198277831	S2-467877840,S3-141412884,S2-813290201,S3-16126416
S1-62840536	S2-428495328
S1-65467434	S2-23757842,S2-192707993,S2-819959602,S2-610645786,S2-580601765,S2-622490434,S2-829800661,S2-713706868,S2-431219204,S2-902935045,S2-249008669,S2-404078450,S2-895971988,S2-180740994,S2-759683786
S1-357556905	
S1-54921719	S2-92574018
S1-596601225	S2-721982848,S2-309615148,S2-178364993,S3-311231437
S1-641062012	
S1-751461651	
S1-474409913	
S1-358594887	S2-820221567,S2-845708664,S2-703976778,S2-778846012,S2-32892146,S2-132710191,S2-156794782,S2-196840499,S2-652433296,S2-400837475,S2-4734011,S2-267690304,S2-207513016,S2-346222185
S1-574758585	
S1-175951624	S2-500315053,S3-16308995,S2-75290648,S2-700252156,S2-658986989,S2-579839413,S2-431954010,S2-466208646
S1-496069384	
S1-740069391	
S1-373571690	S3-872347272
S1-468014304	S3-974729238
S1-754170248	
S1-499325162	S2-747552289,S2-554916492,S3-391894634,S2-397494179,S2-855757968,S2-828368558,S2-170492847,S3-345911718,S3-160371938,S2-211701116,S2-429031634,S2-819203698,S2-541456973,S2-409261394,S3-391727888
S1-922203858	S3-451013164,S2-737751685,S2-774948616
S1-68079909	
S1-995742594	
S1-700980594	S3-103836624,S2-62092247,S2-394189263,S2-291635456
S1-629980998	S3-619749173,S3-384023229,S3-627304805,S3-748314108,S3-183135636
S1-324907389	
S1-623261026	S2-577623217,S2-684105419,S2-507093932,S2-490608374,S2-596405161,S2-479633490,S2-836323092,S2-374343532,S2-214214126,S2-156573872,S2-489029878,S2-812096889,S2-551195189,S2-904176125,S2-20605961,S2-647118389,S2-302587715,S2-479851748,S2-477430378,S2-307070098,S2-898775129,S2-710560602,S2-623862561,S2-583775694,S2-398669379,S2-103926383,S2-43885783,S2-522042091,S2-909177427,S2-679849222,S2-220809306,S2-315711263,S2-290103530,S2-39971888,S2-547509417,S2-666421037,S2-113738329,S2-738804968,S2-522858420,S2-898577463,S2-121457470,S2-659494296,S2-422671432,S2-24227028,S2-172391547,S2-397386461,S2-662227064,S2-14327438,S2-583486873,S2-20187320,S2-341455263,S2-125086919,S2-166561956,S2-492621162
S1-174847023	S3-625353285
S1-266318924	
S1-505687673	S3-654674509,S3-190854823,S3-139207465
S1-594959480	
S1-527145495	S3-231383052,S2-977557460
S1-253492384	S3-723577114,S2-281855216,S3-939675577,S3-621061009,S2-426805245,S3-185650627,S3-407568720,S3-339542517,S2-432094248,S3-443632315,S3-126268466,S3-8700727
S1-690449852	S2-355395209
S1-669203787	S2-413275222,S3-118600205,S2-95168952
S1-561798195	S2-424256288,S3-293943966,S2-346634172,S3-112836345,S2-773373153,S3-305033294,S2-84065029,S3-110073075,S3-110252160
S1-357065499	S3-565815188,S2-999070717,S3-323126581,S2-202187106,S3-534253649
S1-344973282	S3-525077201,S2-1154547
S1-246430904	S2-978597819,S2-525757897,S2-560248979,S2-574360801,S2-114618640,S2-904101889
S1-36263128	S2-976169865,S3-163076829
S1-419129929	
S1-11472845	
S1-75862106	S3-853185749,S3-956336963,S2-647711837,S2-170136842,S3-609383676,S2-703292964,S3-136697891,S3-316525262,S2-181462484,S2-902129089,S2-654605148,S3-453027795,S3-404430564,S3-45647623,S2-966408556,S3-339586876,S2-415939636,S2-174202129,S2-285229383,S3-610934230,S2-833783595,S2-494187943,S2-355464446
S1-338631831	
S1-397935071	
S1-788209549	S2-180558699
S1-406806264	
S1-623147902	
S1-813796548	S3-555512753
S1-183328086	S3-193033209,S2-472624389,S3-802716864
S1-951599976	S2-555597720
S1-896971798	
S1-960209734	S2-215814525,S3-536522870,S3-799633693,S2-330822030
S1-639120711	S3-959122295,S3-835925550,S3-990769794,S3-900886274,S3-195200828,S2-25014899,S3-728334887
S1-727678401	S3-302722260,S2-558750650,S2-913953651,S2-991199113,S2-937163460,S2-239581478,S2-146265776,S3-15485958,S3-158475336,S2-813944370,S2-361530437,S2-84447541,S2-825580427,S2-735106886,S3-348021728,S3-4501364,S2-92243622,S2-392961774,S2-580304784
S1-765187970	
S1-784078088	S2-446649046,S2-420296579,S2-539166617,S2-270769739,S2-546941271,S2-112980381,S2-269347338,S2-453693150,S2-615462581,S2-106902974,S2-624580053
S1-801212938	S2-181805114
S1-948479685	
S1-993357110	S2-261198690,S2-344142885,S2-607588520,S2-628740522,S2-774147537,S2-634903098,S2-81357420,S2-756864325,S2-243855266,S2-169644502,S2-233010987,S2-323375983,S2-23480006,S2-479174867,S2-44441743,S2-661691163,S2-449123110,S2-641514822,S2-240927021,S2-823445802,S2-730014105,S2-512297695,S2-244185385,S2-628078119,S2-378248087,S2-780902159,S2-16554760,S2-753117007,S2-288977263,S2-596170464,S2-332016410,S2-715162081,S2-591032606,S2-727306054,S2-71670232,S2-372363817,S2-405701199
S1-278333058	S2-976541958,S2-900983559,S2-198794428,S3-143974616,S3-669813656,S2-441451904,S2-221281984,S3-776631204,S3-107593076,S2-45909442,S3-198878761,S3-413067624,S2-225845201,S2-327737583,S2-843034402,S2-23434812,S2-497300049,S2-157132226,S3-475431644,S3-692939926,S3-395185704
S1-825727265	S2-934621683,S2-265900747,S3-13570412,S2-537155534,S2-549713609,S3-817274946,S2-837999335,S3-405929168,S3-275026186,S2-100488052,S2-334784846
S1-157361993	S2-619158751,S3-331075789,S3-348550473,S3-185183560,S3-383057808,S2-33379555,S2-838100004,S2-367013531
S1-580966525	S2-601484798
S1-990718988	S3-883913872
S1-379918793	
S1-231764347	S2-177424795,S3-903351828,S2-925017350,S3-104813287
S1-766893478	
S1-270586602	
S1-405074253	
S1-3276518	S3-923287548,S2-787179488,S2-964140553,S3-431779505,S3-931523721,S3-989580429,S2-272562904,S3-592117122,S2-792241636,S3-515029317,S2-977763543,S3-780413175,S2-533761278,S2-528500723,S3-247929179,S3-88806363
S1-543144015	S3-40318935,S3-976323632
S1-730858380	S3-489996132,S2-905949571,S2-316691726,S3-834118895,S3-670725271,S3-905448658,S3-891958861,S3-384600392,S2-752364650,S3-347049544,S2-49017126
S1-579701491	
S1-116728901	
S1-422131594	S3-535345948,S2-835098214
S1-130264484	S2-423405600,S2-840635972,S3-407896157,S2-237960832,S3-702728385,S3-193622652,S2-368895138,S2-242337301
S1-90731840	
S1-959221757	S2-101816718
S1-569590230	S3-814285237,S3-562383456,S3-232519749,S3-928972942,S2-298995888,S3-289958683,S3-264534055,S3-311390156
S1-609865733	S3-441844060,S3-494478591,S2-473488502,S2-144714430,S2-175037442
S1-557464657	
S1-549730361	
S1-262257256	
S1-599145787	
S1-400872192	S2-761655115,S2-807066329,S3-718924638,S2-91252658,S2-24840953,S2-149542394,S3-662282103,S3-883753566,S3-17805189,S3-910766186,S3-671466724,S2-12775029,S2-427840097,S2-686672972,S3-33955667,S3-222864049,S2-545526478,S2-552410705,S3-928367837,S2-529710080,S2-11589683,S2-734781211,S2-784977344,S3-695151704,S3-115842602,S3-614137179,S3-314096113,S3-524887683
S1-499000640	
S1-703200453	
S1-435143060	S2-99866239
S1-787433012	S2-551615786,S2-582424505,S3-197148433
S1-714629172	S2-219899220,S3-409245935,S2-402234130,S2-109545102
S1-542424915	
S1-743022803	
S1-299302218	
S1-161210403	S2-177702104,S2-167215301,S2-707156746,S2-906596114,S2-154299779,S2-233559671,S3-326826684,S2-262030786,S2-757225857,S3-265800527,S2-228464184,S3-669845968,S2-717967391,S3-416862927,S2-465023675,S2-768053815,S2-51807871,S3-243933344,S2-406181091,S3-191877213,S3-979485735,S2-855405761,S2-725275327,S3-780493716,S3-299370075,S2-366887997,S2-376112786,S3-628176242,S3-233567843,S2-73272087,S3-688199643,S3-269590180,S3-379167066,S2-932571789,S2-339560484,S2-234349705,S2-124623667,S2-974742136,S2-456776326,S2-246217264,S3-557391182,S2-875175107,S3-180587523,S3-540896613,S2-19405330,S3-402964716,S3-236379314,S2-323293917,S2-681568197,S2-885709691,S2-934513223,S3-836939554,S3-441831669,S3-440959913,S3-541713539,S2-425580689,S2-505062706,S3-494199853,S2-556035065,S2-507648852,S3-924645013,S3-70625626,S2-881565404,S3-441188460,S3-269402240,S3-207509728,S3-337444190,S3-145155011,S2-775094093,S3-130668390,S2-726020020,S2-181719653,S3-881130471,S2-6053611,S2-624018531,S2-465450543,S2-914704962,S2-579289135,S3-437206871,S3-522983222,S3-960911477,S3-635306015,S2-553327159,S2-938840493,S3-676829980,S2-528835085,S3-936817396,S3-167017639,S3-358852345,S2-860913710,S3-838794956,S2-306407749,S2-626499823,S2-976648659,S2-985421392,S2-564233180,S3-142342190,S2-58268070,S3-116508654,S2-726643279,S2-481513262,S2-504095653,S3-723867253,S3-557741412,S2-58661799,S3-290960350,S2-747400550,S3-994706509,S3-25317684,S3-456080101,S3-671352596,S2-64258742,S2-784868587,S3-753197196
S1-141410638	S2-738301476,S2-126897901,S3-174580748
S1-881922856	S3-640010157
S1-959272256	S2-209555917,S2-787751736,S2-88396090,S2-567768142,S2-551622949,S2-386611820,S2-261419722,S2-407098803,S2-381831362,S2-181063334,S2-542945420
S1-941709619	
S1-302623297	S2-922150401
S1-921119146	
S1-621597210	S2-606002887,S2-279955992,S3-485092436,S3-669360959,S2-186525369,S3-921321649,S2-138426822,S2-634997087,S2-185841406,S2-893984471,S2-348154049,S2-542152243,S3-95690529,S3-917353695,S2-296456430,S3-317276377,S2-679021477,S3-685687812,S3-703308490,S2-925731310,S2-612920602,S3-847632382,S3-515258232,S3-455794687,S2-951490262,S3-833164157,S3-266708050,S2-409351788,S3-904830646,S3-660520937,S3-615509047,S2-449162308,S3-811359647,S3-695744748,S3-276650556,S3-864397669,S2-781836094,S3-141493239
S1-63266922	
S1-848219519	
S1-554072483	S2-870331397
S1-406560855	S2-682619308,S3-627345153,S3-378652249,S3-592646222,S2-435630155,S2-142945084,S3-331616408,S2-558009939,S2-733989247,S3-162601609,S2-997755884,S3-578546008,S3-644589287,S2-484181585,S3-757990812
S1-320108498	S3-40079168,S3-801093318,S3-415144096,S3-209686073
S1-516296490	S2-131630301,S2-684377847,S3-430163592
S1-551688195	S3-798582752
S1-674055153	S2-145418741,S2-36871135,S2-769202600,S2-649253315,S2-16084621,S2-46545150,S2-37188246,S2-707882915,S2-729741616,S2-127263482,S2-356852109,S2-685628690,S2-387115807,S2-280015021,S2-365215605,S2-443243519,S2-621507101,S2-403356093,S2-631129240,S2-834999948,S2-447432157,S2-569438165,S2-614973065,S2-314625832,S2-132197345,S2-332433222,S2-845723562,S2-116025357,S2-107694723,S2-662994229,S2-262413466,S2-736585370,S2-431435374,S2-523304160,S2-180106844
S1-363752158	
S1-537215761	
S1-91085118	S2-967308373,S3-861949706,S3-853087291,S3-606580559,S2-234824184,S2-760779498,S2-590932286,S2-149184993,S3-295145329,S2-886403197,S3-98744322,S2-615157500,S3-189153787,S3-566930802,S2-252165195,S3-581457040,S3-304448057,S3-409435933,S3-309264131
S1-421783341	S2-900505252,S3-37732874,S3-822954408,S2-856419476,S3-534413669,S3-600441546,S3-183135636,S3-821503922,S3-115556815,S3-62741968,S3-428301742
S1-216402863	
S1-108314429	S2-158631160,S2-994988897,S2-263264212,S2-328974840,S3-710516125,S2-390277036
S1-938749335	S2-33885009,S2-446261879,S2-211233868,S2-306392202,S2-256781534,S2-324358182,S2-467918977,S2-812675112,S2-237522048,S2-357528125,S2-352405011,S2-475245312,S2-876318509,S2-12781223,S2-353457949,S2-661128680,S2-140514405,S2-688422676,S2-204140839,S2-229969412,S2-841545719,S2-225565512,S2-159054342,S2-684648142,S2-577523774,S2-65236902,S2-642019022,S2-393459155,S2-690943030,S2-774512583,S2-530639029,S2-293641074,S2-387866357,S2-689101624,S2-292103635,S2-7421736,S2-262782004,S2-67408637,S2-162012421,S2-162831178,S2-746272377,S2-389153195,S2-827160668,S2-87860786,S2-791711694,S2-776722434,S2-105719821,S2-735153377,S2-333783469,S2-87690299
S1-505437069	
S1-848003599	S2-94967817
S1-360851754	
S1-527595287	S2-654916655,S2-796720161,S2-660758397,S2-124287834,S2-446649046,S2-420296579,S2-910508931,S2-152875581,S2-5864638,S2-718065475,S2-679974591,S2-613921721,S2-666096762,S2-112980381,S2-453693150
S1-81823137	S2-98994935,S2-362891815,S2-23117910,S2-393638505,S3-392125709,S3-205114906,S2-676452168,S2-673646589,S2-827309811,S2-864286802,S2-663826332,S2-373689031,S2-30643311,S2-151019170,S2-897068526
S1-868691454	S3-649866130
S1-120047859	S2-897165277,S3-267534347,S3-430763703,S3-399156467,S3-729644680,S3-21372269,S3-924553930,S2-559808740,S2-747488687,S2-662295747,S2-761402660,S2-447399802
S1-782190430	S3-378667723,S3-9664853,S2-975803340
S1-654340387	
S1-274128166	S2-711651061,S2-224863667
S1-128592865	
S1-632801896	
S1-939161602	S3-459978714,S3-834956894,S2-717109071,S2-72518237,S2-663743395,S3-354573906,S2-827478429,S3-232880222,S3-798700334,S2-432216887,S3-94871618,S3-651580493,S3-948910487,S3-716440251
S1-805549305	S3-257381911,S3-584909024,S3-974584752,S3-887861415,S3-858779037,S3-914714358
S1-354038358	S2-526257777
S1-71265566	S3-25232118,S3-418301155
S1-438589761	
S1-130813878	
S1-661546474	
S1-973703483	
S1-166125958	
S1-358470537	S3-317103907,S3-24332842,S2-474019814,S2-278503106,S3-377007881,S3-425756529,S2-440768344,S2-585634271
S1-154857097	S2-208155215,S2-122346402,S3-196854838,S2-354060530,S2-778305447,S2-829488433,S2-479346107,S2-532557457,S2-49333987,S2-722581134,S3-137424569,S3-445653459,S2-673180631,S2-869045581,S2-670646823,S2-878932366
S1-793517999	
S1-626812427	
S1-749185751	S3-731471311,S3-698823677,S3-377934978,S2-499216552,S2-521545812,S3-10326029,S3-753478815,S3-726350011,S3-891974218,S2-113580586
S1-657688281	
S1-661494563	
S1-459070718	S2-473649879
S1-51019343	
S1-457643846	
S1-62654531	S2-437375799,S2-179789026
S1-763916375	
S1-562989120	
S1-746735853	S3-269199310,S2-613774823,S2-472815024,S2-536237085,S2-115631556,S2-32079335,S2-413706716,S3-270061873,S2-354998081,S3-264322475,S2-37136574,S3-15680583,S3-176109752,S2-865952472,S3-169186161,S2-244788597,S2-597692962,S2-973656680,S2-975527854,S2-860691241,S2-588588038,S3-182065924,S2-804895558,S2-224833729,S2-277789704,S2-572549238,S2-234761707,S2-12758701,S2-971838383,S2-796589250,S3-276585163,S2-35983797,S2-541664823,S2-970368862,S2-24771735,S2-922107799,S2-394116370,S2-881799150,S2-203482318,S2-461546336,S2-409461967,S2-617450402,S2-108903931,S2-538456905,S2-527236354,S2-176001168,S2-31408125,S2-557486065,S2-712420496,S3-174263374,S2-41973808,S2-59836501,S2-976837700,S2-368146434,S3-286283857,S2-876489913,S2-302832642,S2-955277799,S2-738464568,S3-201264804,S2-622039008,S3-300518520,S2-287136759,S2-622743900,S2-548552463,S3-252285627,S2-318304856,S2-421382074,S2-594884237,S2-787520522,S2-370589845,S3-181774593,S2-411792314,S2-492245428,S2-655231133,S2-922507175,S2-577848713,S2-745535514,S2-137544633,S2-715056911,S2-449715538,S2-58907874,S2-344435782,S2-947208210,S2-331986400,S2-718639701,S3-178190202,S2-496320578,S2-676225640,S2-2018493,S2-58477203,S2-111526286,S3-303430909,S2-955818133,S2-768901988,S2-768742348,S2-722907330,S2-298123480,S2-625045406,S2-664161777,S2-709988524,S3-119060072,S2-980609185,S2-141063444,S2-76614026,S2-813050616,S2-4915757,S2-574600665,S2-467424733,S2-641083418,S2-532296086,S2-970634212
S1-472835214	
S1-933356469	
S1-856484750	
S1-558942327	S2-201856968,S2-863823759,S3-339572469,S2-736587274,S3-886533145,S3-552700994,S3-868627020,S3-542112444,S3-919113904,S3-71227984,S3-695643884,S2-585852908,S2-302920051,S2-473431645
S1-131695621	S3-196130768,S3-793328832,S2-167806228
S1-605858505	S2-279065349,S2-592282952,S3-109324671
S1-81487041	S3-408635769,S2-199141201,S3-215102083,S3-217720108,S2-319959493,S2-474347321,S3-3966586,S3-46768834,S2-540473501,S2-529516858,S2-471586982,S2-87275632,S3-140180743,S2-301718967,S3-814706702,S3-587883437,S3-383037521,S3-269652655,S2-902581940,S3-640018195,S2-784608678,S2-885225348,S3-98142572,S2-615710941,S3-215834233,S3-444404413,S2-89221714,S2-506431091,S2-838266548,S3-233305147,S2-584532464,S3-636148024,S3-476544451
S1-265814974	
S1-576417930	S3-974456981,S3-581095226,S3-590973472,S3-771795518,S2-376286004,S3-899954733,S2-319367611,S2-827455267,S3-769355954,S2-586567836,S3-461493944,S3-520134808,S2-727701442,S2-418473945
S1-226332321	
S1-595315008	
S1-55067577	S2-295911732
S1-196554859	
S1-827663947	
S1-361229167	S3-294394854,S2-171851553,S3-58584651
S1-5864747	
S1-532167943	S3-328591030,S3-581095226,S3-771795518,S2-704244710,S2-376286004,S3-952759495,S2-747702850,S3-512123493,S2-131953404,S3-598141186,S2-38167807,S2-251995510,S3-461493944,S2-827455267
S1-392219093	S3-326908349
S1-817781364	
S1-967056839	S3-907702304,S3-563320487,S2-223036295,S2-239061388,S2-761946187
S1-529013054	
S1-713966229	S3-630640357,S3-870785082,S3-892104490,S3-530041253
S1-395285131	S2-162901326
S1-166090639	
S1-216798062	
S1-178557616	S3-587904705,S3-586586997,S3-260309146,S2-184007498,S2-258220830,S2-322020524,S2-227410524,S2-646182815,S3-544700992,S3-943415982,S3-610209802,S3-135611910,S2-262388906,S3-830602792,S2-867111458,S3-942537947,S3-161435576,S2-510936406
S1-8339857	
S1-513467754	
S1-980395056	S2-817787909,S3-276469961,S2-288400439,S2-67079618,S2-708424594,S2-101940478,S3-964363321,S2-196859247,S2-927718446
S1-9865430	
S1-639408680	
S1-591079835	S2-312082854,S2-594811379,S2-872551966,S2-85906403,S2-215785349,S2-110661787,S2-328146445,S2-432319564,S2-895555195,S2-589441931,S2-107054057,S2-436483556,S2-331311222,S2-406213043,S2-743287505,S2-14084129,S2-64202533,S2-257695247,S2-195280656,S2-485383808,S2-427210016,S2-826277100,S2-407098803,S2-190603919,S2-242967168,S2-790907847,S2-369784092,S2-435680343,S2-196608011,S2-668559629,S2-815041558,S2-820860718,S2-447469536,S2-423149040,S2-107247001,S2-585924612,S2-287899361,S2-181063334,S2-542945420,S2-138477027,S2-360749777,S2-313245951,S2-353131400
S1-957855991	S3-693282196
S1-778042690	S3-40060015
S1-718054624	
S1-630223771	S3-35945424,S3-955234150,S3-935989990
S1-205103751	
S1-386292610	
S1-855703255	S3-406504614,S2-381639210,S2-150197630,S2-161291626,S2-759798860,S2-627913785,S2-215757909,S2-39095544,S2-768821359,S3-133214974,S3-527574696,S2-518044421,S2-135095359
S1-86976512	
S1-394073410	
S1-636198387	
S1-612041681	
S1-620945537	
S1-245852888	
S1-587000615	S2-678076800
S1-610334774	S2-398680149,S2-612004699,S2-85737910,S2-74514402,S2-920109004,S2-282718008,S2-608089275,S2-329768226,S2-230300632,S2-266605196,S2-1539846,S2-509521063,S2-730924879,S2-137714064,S2-816411639,S2-261085201,S2-884123437
S1-503153309	
S1-739742577	S2-860058410,S2-772782786,S3-284702740,S2-242742996,S2-102667012,S2-307208042,S2-866510554,S3-257338765,S3-19039717,S2-457908973,S3-352806243,S2-761505735,S3-218693874
S1-714663721	S2-304159490,S3-474522548,S3-116671839,S3-695999524,S3-731913012,S2-328750042,S2-550468215,S3-577814184,S2-929275885,S2-145988185
S1-20928731	S3-755475065,S3-782883652,S3-160710413,S3-433446404,S2-783711549,S3-442193587,S3-237945807,S3-465857304,S3-146737822,S3-439070366,S3-138237597,S2-795768376,S2-923758274,S2-558595419,S3-667465904,S2-585491591,S2-638344620,S3-693521046,S3-912268585,S2-390813878,S2-54990563,S3-454548001,S2-251115314,S3-729518681,S3-172516626,S3-16963268,S2-672365176,S3-584163261,S3-955309634,S3-544736730
S1-94152109	S2-963610276,S2-422948650
S1-828513612	
S1-820630138	S2-11712911
S1-603743638	S2-778959685,S2-391200614,S3-342322738,S2-186867574,S2-526276696,S2-367125482,S2-198598381,S3-761699036,S2-556071304,S3-431854572,S2-405833229,S3-675138554,S2-317606121,S3-110636809,S3-659330414,S3-490701147,S2-425859281,S2-512099516
S1-723821907	S2-813290201,S3-141412884,S2-597922911,S2-521906236,S3-16126416
S1-429418207	S3-392195308
S1-763576282	S2-191989095,S2-314625832,S2-534656826,S2-757871207,S2-525888519,S2-142118560,S2-667894370,S2-463416932,S2-607853274,S2-107694723,S2-145734212,S2-37188246,S2-486331165,S2-66228446,S2-100715859,S2-631129240,S2-404068444,S2-332433222,S2-365215605,S2-224657764,S2-716039525,S2-621507101,S2-387115807,S2-16084621,S2-443243519,S2-742438474,S2-466816103,S2-300286378,S2-509004402,S2-833837146,S2-117258626,S2-365061259,S2-614973065,S2-262928840,S2-155873938,S2-348735225,S2-153346136,S2-578549018,S2-454693032,S2-262413466,S2-662994229,S2-736585370,S2-431435374,S2-523304160,S2-569438165,S2-180106844
S1-220932855	
S1-61924925	
S1-979972083	
S1-838509817	S2-934280613,S3-899842778,S2-214232249,S2-738803386,S3-133193656,S2-894507257,S2-997136550,S3-892943629,S3-705552275,S3-173704224,S3-155580259,S3-148162811,S2-68943153,S2-66230964,S2-985423890,S3-629460525,S3-839705812
S1-548666602	S3-94844513,S3-190921853,S2-552245865,S3-652936759,S2-262820156,S3-158938087,S2-528703875,S2-954703976,S3-456670870,S2-487795917,S3-769381412,S3-468729387
S1-896908600	S2-373860003
S1-916731158	
S1-913042783	S2-898017525,S3-257531578,S2-752270953,S3-517681365,S2-535720941,S3-391127130,S3-430581644
S1-588069177	S2-9997031,S2-216476457,S3-227099960,S3-448859321,S2-549245286,S2-47542965,S2-189295417,S2-120650522,S2-466868435,S2-332879840,S3-235507588,S2-453773841,S2-935660976,S2-84937623,S3-478740633,S2-155633699,S3-351079205,S3-132568872
S1-274909017	S3-984029075
S1-505836332	S3-469183225,S2-991748927,S2-345391217,S2-205646360,S2-428115412,S2-930683992,S2-659635024,S2-222425977,S2-872076124,S3-602039910,S2-569990287,S2-805213044,S2-49085419,S2-228086036,S2-615270746,S2-549305145,S2-634856626,S3-168666436,S2-990620835,S2-862171503,S2-852632304,S2-857352985,S2-555944999,S3-11843993,S2-690353303,S2-310706405,S2-259827988,S2-2452363,S2-59375135,S2-239334130,S2-889164350,S2-308196277,S2-567314693,S3-324512785,S2-493213009,S2-925156940,S3-231934238,S3-530246408,S2-383013979,S3-294562087,S3-325303202,S3-160267908,S2-832662008,S2-89055163,S3-525207512,S3-43115055,S3-398303269,S2-488467151,S3-394116593,S3-190914176,S3-525862733,S3-299225036,S2-773572883,S2-746024558,S2-583256632,S2-631142254,S2-282220533,S2-371082430
S1-974185394	S3-611169557,S2-401997943,S2-295157925,S3-687880154,S2-974530474,S2-745431033
S1-621858889	S2-296089650,S2-514669641,S2-920705297,S3-406329007,S2-785373155,S3-432438380,S2-649962343,S2-812626487,S2-347564938,S2-379407721,S3-219747793,S2-94254887,S3-360821584,S2-606880825,S2-38038056,S3-495736024,S2-166647024,S2-122711789,S3-634795032
S1-201512269	S3-77735800
S1-562487097	
S1-800226602	
S1-560649724	
S1-930485917	S3-884440519,S3-210957363,S3-860338090,S2-22414693,S3-302390148,S2-633951497,S3-222433161,S2-553993025,S2-49282451,S2-838624523,S2-905043820,S3-174501981,S3-517300667,S2-267256465,S2-43409198,S3-416325464,S3-245937115,S2-249168069,S2-399340996,S3-163287721,S2-927514353,S2-160201160,S3-355886497,S2-51460131,S2-726231264,S3-183476215,S3-327814015,S2-643406207,S2-526795754,S2-637536705,S2-216291150,S2-159748356,S3-927467351,S2-328716317,S2-617915628,S3-176725575,S3-365206497,S2-50700669,S2-775200877,S2-323876579,S2-599619364,S3-968759620,S3-793173861,S3-489369298,S3-609327282,S3-934716079,S3-274359162,S3-11841972,S2-326708787,S3-543233507,S2-489977947,S2-277127041,S3-949900287,S2-989450569,S3-32008713,S2-384507118,S2-51876524,S3-768574490,S3-665539695,S3-83247506,S3-154048776,S3-249629497,S3-171799115,S3-36130462,S2-425133130,S2-432895507,S2-275314005,S3-840881855,S3-423839474,S2-80879569,S3-653095708,S2-79106063,S2-481308310,S3-408777960,S2-783200261
S1-486938705	
S1-670894283	S3-465781311,S2-382184673,S2-352000508
S1-830274816	S2-702267609,S2-878595989,S2-318542048,S2-250542021,S2-460398545,S2-763669874,S2-243902755,S2-683707503,S2-310207219,S2-590761669,S2-426049855,S2-961584157,S2-241392070,S2-305315061,S2-489795031,S2-94979629,S2-735723416,S2-352403187,S2-845078558,S2-851391522,S2-809184972,S2-380253303,S2-545367345,S2-863269535,S2-347457758,S2-204923015,S2-267880902,S2-275332781,S2-50219793,S2-755388476,S2-962691847,S2-956835560,S2-621920146,S2-143961713,S2-85113215,S2-528819808,S2-574546963,S2-14357592,S2-267789880,S2-567353185,S2-202595061,S2-261879080,S2-946341006,S2-785246908,S2-799021792,S2-312033050,S2-799647940,S2-359579050,S2-924091320,S2-960497500,S2-633078778,S2-671124898
S1-422280252	S2-132745499,S2-321574282,S2-653513768,S2-575707861
S1-337664430	S2-912802801,S3-29086925,S3-2579033,S2-790370274
S1-238331147	S3-224992660,S3-895867209,S2-784254464,S3-635116709,S3-218458290,S3-899590504,S2-203329129,S2-209705511,S2-591956535,S2-238444818,S3-620871891
S1-896330803	S2-885159502,S2-232127757,S3-895987903,S2-297468510,S2-593615656,S3-172117609,S3-443742100,S3-5725561,S2-596644847,S2-815713745,S2-175261528,S3-280117973,S3-649785962,S2-442212678,S2-599145689
S1-625308695	S3-717232127,S3-497680542,S3-195525297,S3-302137557,S2-141261386,S3-545041422,S3-615256298,S3-928828192,S3-389342961,S3-882461134,S3-726394547
S1-464514986	S3-29086925,S3-311180407,S2-973332199,S2-396587967,S2-706895552,S2-790370274
S1-846140795	S2-399295915,S3-748064746,S2-402203179,S3-939806828,S2-821985243,S2-94081474,S2-628148458,S3-68884086,S2-395044621,S2-306831505,S3-586454453,S2-360808756,S3-828969039,S3-620464346,S3-786261533,S3-284106369,S3-864868235,S2-86621461,S2-497875047,S2-856790262,S2-235178002,S2-20365397,S3-768217299,S2-751697972,S3-680955378,S2-942888561,S2-950895920,S2-287826664,S2-78796632,S2-544092002
S1-155796061	S3-196339962,S3-766301094,S2-34159244,S3-574333335,S3-702358198,S2-595382897,S2-464640567,S2-702591805
S1-386739130	
S1-890499789	
S1-244288083	S3-955695369,S2-874998333,S2-133208860
S1-175633133	
S1-874200440	
S1-515382913	
S1-648030801	
S1-661225072	S2-746278838
S1-891013868	S2-961368561,S3-115569453,S3-349956925,S3-988836961
S1-712615738	S2-711165219
S1-535605149	S2-179099217,S2-994988897,S2-328974840,S2-426326494,S3-90678064
S1-579814618	
S1-487407479	
S1-212732484	
S1-764935929	S2-874182685,S3-288929483
S1-284710338	S2-858269417
S1-942011133	S2-124775438,S3-296375987,S3-661962385,S3-718829720,S3-474985958,S2-90034458,S3-718206663,S3-984076692,S2-188618607,S3-42150415,S3-896314477,S3-844054592
S1-828845836	
S1-897191998	
S1-295075765	S2-691216980
S1-152103175	S2-350793982,S2-678599482,S2-814214685,S2-358504456,S2-480167354,S2-193595000,S2-348051170,S2-698358405,S2-23487402,S2-782058062,S2-785040089,S2-384255338,S2-169181306,S2-606954416,S2-669424714,S2-806229978,S2-564437098,S2-509546243,S2-588548717,S2-256072418,S2-45775835,S2-487637873,S2-2694599,S2-162893045,S2-202314048,S2-351872642,S2-766248497,S2-794199666,S2-15329865,S2-123547208,S2-322363431,S2-650741334,S2-453426463,S2-692412054,S2-245473532,S2-312585480,S2-770737747,S2-703218436,S2-448718545,S2-663239413,S2-789306297,S2-528025382,S2-50564377,S2-220827941,S2-498618273,S2-171964628,S2-77698963
S1-669413769	S3-13801097,S2-721623614,S2-541527115,S3-313851272,S3-492559728,S3-800871230,S3-996184187,S2-150404552,S2-942809752,S2-188156537,S2-642054358
S1-156289214	
S1-361266153	
S1-336316542	S3-912935971,S3-986513731,S3-62422284,S3-225950260,S3-142411334,S2-103579001,S3-281859755,S3-550088801,S3-557145940,S3-61466907
S1-172029417	S2-875485075,S3-351757190,S3-931749255,S3-805610701,S2-266877403,S3-866119784
S1-758120851	
S1-135208388	
S1-706839088	
S1-71612684	
S1-843282579	
S1-210849781	S2-820221567,S2-845708664,S2-562117280,S2-778846012,S2-196840499,S2-32892146,S2-132710191,S2-652433296,S2-703976778,S2-752998448,S2-156794782,S2-123883336,S2-552084383,S2-35612711,S2-728766510,S2-713459795,S2-713639095,S2-891891620,S2-264246809,S2-768691037,S2-674654710,S2-871150341,S2-237528022,S2-400837475,S2-796078675,S2-825678888,S2-2751405,S2-12997522,S2-638685196,S2-889856081,S2-262774967,S2-862839325,S2-45394805,S2-346222185,S2-730015433
S1-560811925	S2-986707641
S1-356020591	
S1-75881502	S2-219815215,S3-437450344,S3-477182243,S2-659460531,S2-879218620
S1-733293133	
S1-925403791	
S1-756304055	S3-973323595
S1-794691757	
S1-295407196	S2-960880812
S1-40364814	S2-219595620,S3-100113799,S3-510684887
S1-97330902	
S1-629253122	S2-473750715,S2-132745499,S2-217071321,S2-664152901,S2-404078450
S1-740141631	S3-170229472,S2-273003658,S2-275814442,S2-533591058,S3-268844466,S3-314911686,S3-143605286,S3-145635953,S2-429544035,S3-294106297,S3-94789080
S1-299843596	S3-521418722,S3-157049477,S2-834069875,S2-498349037,S2-800174499,S2-409022014
S1-361726032	
S1-287381087	S2-533121727,S2-719086190,S2-73307398,S3-569340694,S3-432690205,S3-748275182,S2-80213246,S3-303084869,S3-629610535
S1-136894582	S2-81849136,S2-492951487,S3-54506026,S3-100281171,S3-637311800,S3-97056794,S3-239724885,S2-149765951,S2-998716769,S2-607927808,S3-822733522,S3-585794798,S3-406334349,S3-939500774,S2-951872715,S3-628886198,S2-240768063,S3-691530908,S2-7842667,S2-10223294
S1-998949892	
S1-682825529	S3-876107124,S2-110080237,S3-280804336,S3-586475030,S2-227528173,S2-842792047,S3-746599324,S3-941719622
S1-729087912	S3-229597693
S1-652331096	S2-844451178,S3-413237137,S2-531300829,S3-834956894,S3-706449631,S3-884219150,S3-957466890,S3-324908794,S2-891674770,S3-767077429,S3-754526228,S3-849186856,S3-391174887,S3-689746452,S2-159859772,S2-896563549,S3-983303745,S3-466011446,S3-624828537,S2-594783306,S3-215346542,S3-948910487,S3-498115308,S3-716440251,S2-959302976,S2-255783478
S1-664132573	
S1-788707126	S3-788638159,S2-298995888,S3-814285237,S3-102266007,S2-322413111,S3-762463830,S3-243209227,S3-264534055,S3-311390156
S1-781160421	
S1-480576665	
S1-291465057	S3-166713504
S1-56483344	S2-790341842,S2-87976375,S3-172227658,S3-861194808,S3-674200763
S1-793122880	S2-385885387,S2-159054342,S2-7421736,S2-737281951,S2-545980090,S2-12781223,S2-234874002,S2-661128680,S2-292103635,S2-825925421,S2-876318509,S2-256781534,S2-119148412,S2-475245312,S2-688422676,S2-875986261,S2-353457949,S2-740925778,S2-160980423,S2-357528125,S2-389153195,S2-139145704,S2-402310965,S2-165740135,S2-316306615,S2-105719821,S2-788047001,S2-774512583,S2-742191837,S2-67408637,S2-486912342,S2-105511417,S2-87860786,S2-827160668,S2-583046238,S2-791711694,S2-735153377,S2-776722434,S2-333783469,S2-87690299
S1-550190717	
S1-400717175	
S1-790201513	
S1-166915246	S2-171217615
S1-735268637	S2-286050758,S2-269909776
S1-888167789	S2-811415282,S2-733604720,S2-814039305,S2-304804285,S2-152369424,S2-193474430,S2-435706461,S2-893372748
S1-361650761	S3-657383988
S1-541141877	
S1-734467885	S2-832504051
S1-544254899	
S1-5842529	
S1-718597604	S3-131370556,S3-822733522,S3-344441552,S3-637311800,S2-998716769,S3-97056794,S2-149765951,S3-100281171,S2-951872715,S3-239724885,S3-54506026,S2-607927808,S2-540951617,S3-432330722,S3-393139701,S3-434120288,S3-442113192,S2-78779381,S3-628886198,S3-931326875,S2-88674258,S3-691530908,S2-252296172,S2-7842667,S2-10223294,S2-41724756
S1-468461233	S3-406400990,S2-486816252,S2-686016320,S3-36186163
S1-160617128	
S1-223007918	
S1-1791086	
S1-127303749	S3-781035811,S3-700525641,S3-92525769,S2-882177298,S3-22606008,S2-546796987,S2-438892263,S2-772440354,S2-257506687,S2-307447059,S3-246833488,S3-35144681,S2-20747568,S3-304238123,S3-34365604,S3-307167439,S2-724997476
S1-553274556	
S1-597479687	S2-563501050,S3-475709281,S3-466228214,S2-711370827
S1-213059761	S2-611827182
S1-736820900	S3-116671839
S1-594141325	S2-332028114,S2-80738928,S3-863346982,S3-832919843,S3-516896055,S3-550721621,S2-89311855,S3-692628342,S2-546355345,S3-211273709,S3-345639317,S3-862848689,S2-126147233,S2-402133934,S2-139615697,S2-751927301,S3-692363969,S3-647871160,S3-911780939
S1-24115094	S3-444770758,S3-496862189,S2-391332081,S3-386821909
S1-757939813	S2-803156010,S2-250632157,S2-272800175,S2-8891417,S2-823529389,S2-266144148,S2-758112627,S2-506710495,S2-908424011,S2-22164316,S2-693042531,S2-9633590,S2-911458577,S2-226778935,S2-959204099,S2-176076467,S2-576179790,S2-115339483,S2-61701160,S2-295471848,S2-486938194,S2-782343040,S2-496683615,S2-719887614,S2-824648676,S2-10763922,S2-282397555,S2-26500789,S2-912528411,S2-272644337,S2-388123985,S2-830207692,S2-860073448,S2-974804313,S2-893821181,S2-195006764,S2-192675707,S2-705472708,S2-182304120,S2-759917947,S2-938297699,S2-836747571,S2-525862775,S2-432341031
S1-765734254	S2-22621670,S2-644626362,S3-852424641,S3-50285984,S2-909642397,S3-185167402
S1-721280747	
S1-569894746	
S1-635095335	S3-129560677
S1-296204791	S2-687827040,S2-964227448,S3-65746759
S1-673553033	S3-106149406
S1-631252353	S3-15485958,S3-393644991,S3-103528225,S3-150873391,S3-4501364,S2-92243622
S1-548228684	S3-716714893
S1-293517052	S2-483299789,S3-534253649
S1-204099765	S2-854527759
S1-141098049	
S1-640836090	S3-714367346,S3-215381069,S2-811986153,S3-485092436,S3-130150871,S3-276650556,S3-917353695,S2-606002887,S2-634309864,S2-270799622,S2-138426822,S3-95690529,S2-381661909,S2-634997087,S3-782224950,S3-74676298,S2-629902802,S3-833164157,S2-409351788,S3-904830646,S3-695744748,S3-811359647,S3-864397669
S1-975992388	S2-982126092,S2-953913827
S1-294620997	S2-388572393,S2-581235065,S3-799633693,S3-536522870,S2-460936926
S1-75278268	S3-997044753,S3-560431955,S2-649128503
S1-280803193	S3-576610918
S1-909481393	S2-623078844,S2-174204912,S3-251031573,S2-570004405,S3-474572936,S2-10469723,S2-456831975,S2-751516200,S2-905292715,S3-11513242,S2-85982908,S2-535054656,S2-321039487,S3-222407794,S2-260645315,S2-614829335
S1-903865562	
S1-181172933	S3-802249507,S2-867437668,S3-268844466,S3-314911686,S3-143605286,S3-294106297,S3-140872910,S3-94789080
S1-715320849	S3-710306148
S1-739463392	S2-179307747,S2-645201232,S2-731000382,S2-233273827,S2-817899542,S2-224607631,S2-959030666,S2-118846273,S2-932137331,S2-545319586,S2-811979263,S2-10943865,S2-592107318
S1-551077586	
S1-828424356	
S1-21807117	
S1-340393385	S2-309311409,S2-203139959,S2-741060453,S2-502712101,S2-419974646,S2-214014019,S2-308568203,S2-631117267,S2-268426319,S2-611287581,S2-27643230,S2-449675768,S2-612884808
S1-299065838	
S1-501296085	S3-325486954
S1-996523584	
S1-294553406	
S1-32620285	S3-328149806
S1-131316271	S3-429163108
S1-253394078	S2-447111027,S2-143052605,S2-58259692,S2-927094728
S1-415364509	
S1-950310685	S2-823011586,S3-229522319,S3-105858675
S1-358530421	
S1-319623651	S3-26551225,S2-135155650,S2-936667243,S2-935120259,S2-197303726,S2-152447451,S2-588905380,S2-834187470,S2-805173254,S2-345016058,S3-200584552,S2-738735700,S2-644483863,S2-442573031,S2-455986645,S2-581404327,S2-896264951,S3-223861841,S2-62092247,S2-291635456,S2-951843795,S2-63004297,S2-394189263,S2-381719337,S2-492944301,S2-480177776
S1-473243897	S3-475184033
S1-655727717	
S1-247961790	
S1-772116613	S2-768311502,S2-402866647,S2-594619239,S2-244682502,S2-37605863,S2-382704580,S2-122098468,S2-698358405,S2-30769224,S2-713093852,S2-358504456,S2-782058062,S2-256072418,S2-588548717,S2-514238372,S2-819043456,S2-373297445,S2-265006197,S2-393006321,S2-434122610,S2-814214685,S2-410639548,S2-789306297,S2-242634418,S2-144364980,S2-225532345,S2-72908555,S2-528025382,S2-498618273,S2-171964628,S2-77698963
S1-428596549	S2-955666537,S2-200677689,S2-196256029,S2-309423148,S2-1268709,S2-866696707,S2-415764238,S2-359973210,S3-126527275,S2-4459955,S2-216766918,S2-560383408,S2-247556193,S2-685454162,S2-269517408,S2-970587697,S2-105491843,S2-50930276,S2-179439249,S2-912935602,S3-107416819,S2-30622842,S2-12155596,S3-303645750,S2-588536573,S2-261526984,S3-120682093,S2-216784937,S2-127284995,S2-644216795,S2-116143022,S2-107354533,S2-645789542,S2-151698256,S3-232128141,S3-277967558
S1-12662811	
S1-48770099	S3-213403944,S2-283042669,S2-869562675,S2-220428443,S3-908141135,S2-397983222
S1-232082545	S2-453709897,S2-609747271,S2-596956626,S3-569346307,S2-390264224,S3-102923208,S3-397069000,S2-770268651,S2-86721176,S2-93860076,S2-642891324,S2-771309476,S3-585018950,S2-118771335,S2-279348473,S3-679191254,S2-585530567,S2-563422712,S2-688931469,S3-392411120,S2-435088227,S2-374482540,S3-271773550,S3-386881396,S2-117995807,S3-576455,S2-53734547,S3-355353090,S3-126613852,S2-736034008,S3-467891790,S2-510255848,S3-436696540,S2-482714462,S2-477490719,S3-374976778,S3-517482088,S2-724760645,S3-467692044,S3-672980306,S2-194572788,S3-412233189,S2-262414788,S2-374227187,S2-58905496,S3-5420469,S2-785155931,S3-435425007,S3-509649208,S3-465553700,S2-674371531,S2-997950667,S3-452276890,S3-306878884,S3-381402645,S2-506268760,S2-372420151,S2-27531612,S3-702283620,S2-804592135,S3-650735894
S1-304476315	
S1-252832899	S2-503277792,S2-565176960,S3-382004531,S2-911311609,S3-36555050,S3-279776024,S2-572169609,S2-615633246,S2-70694178,S3-387838104,S2-202072565,S2-505865265,S2-318838986,S2-124741880,S3-16795992,S2-476731080,S2-851641567,S2-126897901,S2-335476625,S2-429192568
S1-998456115	
S1-76740440	S2-655601818,S3-909337053,S2-439528183,S2-442081351,S3-978812589,S3-563320487
S1-387977406	S3-718206663,S3-474985958,S2-802670510,S3-296375987,S3-661962385,S3-718829720,S3-349019095,S2-331794691,S3-42150415,S3-844054592
S1-952452836	
S1-803160323	
S1-662196575	
S1-370715897	S2-192909287,S2-687169918,S2-897980422,S2-260493939,S2-511060737,S2-434033540,S2-818401135,S2-466471930,S2-316682952,S2-578945271,S2-183092653,S2-481493872,S2-168670799,S2-458831613,S2-853572898,S2-454996040,S2-527245953,S2-487927714,S2-57057245,S2-102175863,S2-110811145,S2-307972559,S2-908510616,S2-648362230,S2-686979274,S2-370483549,S2-833532894,S2-229685438,S2-154694505,S2-590537855,S2-357158018,S2-661963665,S2-553376874,S2-737105356,S2-290701360,S2-77681723,S2-802577451,S2-923054166,S2-939667642,S2-602084524,S2-629298928,S2-317387421,S2-657793583,S2-800239881,S2-267907355,S2-690127271,S2-728389979,S2-562681799
S1-546744924	S2-516993306,S2-132745499,S2-374029445,S2-298233881,S2-331429252,S2-819959602,S2-729443088,S2-575707861
S1-121722706	S2-225421851
S1-930109783	
S1-213669154	
S1-86014575	S2-196648324,S2-225653845,S2-963403578
S1-229733370	S2-857893203
S1-189719888	S3-656984289,S3-548755996,S2-903006403
S1-602602584	S2-250279479,S3-927776538
S1-461144982	
S1-797568090	S2-301526977
S1-606725408	S3-724622631,S3-912977335,S3-813978106,S2-6530182
S1-199042405	
S1-178206037	
S1-168226168	
S1-63587278	S2-620899438,S3-988767294,S3-6484481
S1-647343869	
S1-756260484	S2-893502796,S3-386821909
S1-732894727	S3-882468104,S3-647457380
S1-64760934	S2-945333185,S2-785164911,S2-374296008,S2-203573701,S2-65661329,S2-567956464,S2-30002968,S2-840637264,S2-815717369,S2-533890846,S2-793467395,S2-867631177,S2-843844606,S2-907603803,S2-804222189,S2-691479746,S2-707125890,S2-594354067,S2-618364872,S2-470634803,S2-76571134,S2-653475324,S2-731246292,S2-713657075,S2-276242082,S2-92430590,S2-169934091
S1-560079339	
S1-682477366	S2-38955418,S2-52744604,S2-393895078,S2-575707861
S1-809571127	S3-182219887,S2-182862368,S3-231289942,S2-799379510,S3-24332842,S3-377007881,S2-278503106
S1-958577120	
S1-811127142	
S1-913439245	
S1-956785978	
S1-940389575	
S1-415942410	
S1-815965324	S2-609164451,S2-925607665,S2-640017295,S3-780235072,S2-976560455
S1-975577097	
S1-824919785	
S1-222587463	S2-101222835,S3-101872342
S1-959435204	
S1-965040695	
S1-705987662	
S1-299344362	
S1-977289144	S2-214092951,S3-237380557,S2-281161154,S2-614983466,S2-660866709,S2-699555918,S2-663425291,S2-793380243,S2-880969832,S2-945311947,S2-47203536,S2-140501584
S1-646968667	S2-902935045,S2-905040201,S2-829800661,S2-819959602,S2-713706868,S2-394982369,S2-44214863,S2-511572915
S1-238107653	
S1-623950425	S3-288425576,S2-89534684,S3-657360815,S2-754152688,S3-437280182,S2-687827040,S3-590544624,S2-356012537,S3-357228165,S3-440863120,S2-240289235,S2-193328118
S1-962621727	S2-161187621
S1-300781987	
S1-33141764	
S1-642277127	
S1-200558166	
S1-25668469	
S1-5710979	S2-633383009,S2-359972809,S2-101390759,S2-312096209,S2-25204423,S2-408944234,S2-184483852,S2-313735752,S2-807247864,S2-585490372,S2-869339164
S1-377738401	
S1-523240167	S3-874818084,S2-278743284,S3-809936700,S3-374393279,S3-858969007
S1-184673022	S2-514827980,S3-380674891,S2-694830017,S3-649824856
S1-27545640	S3-108180327
S1-833717913	
S1-434711227	S2-966084450,S3-631394207,S2-231613455,S3-336956806,S2-224307263,S2-388705099,S2-389929464
S1-837700130	S3-342442576,S2-702831997
S1-295624434	
S1-875384824	
S1-123013010	
S1-449554609	
S1-779442392	
S1-611838759	
S1-702925038	
S1-745976550	
S1-469858503	
S1-5006890	S2-495681510,S3-778831295
S1-293109677	S2-754076411,S2-949541349,S2-161737501
S1-223818707	S3-367425593,S3-375025626,S3-930093112,S2-937417811,S3-182707711,S3-221900535,S3-538116434,S2-68749086
S1-862093695	
S1-985471792	
S1-933440839	S2-980531726,S2-160699556,S3-764157224,S3-853087291,S3-606580559,S2-445206439,S2-135405910,S3-98744322,S2-34018832,S2-886403197,S3-566930802,S3-174673311,S2-882684433,S3-409435933,S3-309264131,S2-750522226,S3-306622975,S3-716469844
S1-781446717	S2-759812507,S2-441594085,S2-421274182,S2-853483077,S2-899578824,S2-566345675,S2-681941147,S2-656343133,S2-425737384,S2-423100521,S2-860890263,S2-230499114,S2-337468809,S2-838321405,S2-442902415,S2-861201345,S2-493596870,S2-23474383,S2-790840546,S2-122140775,S2-479285528,S2-732475597,S2-162666647,S2-442722130,S2-731762629,S2-307895261,S2-153580989,S2-465050991,S2-584654166,S2-48350229,S2-763299907,S2-122937971,S2-610259986,S2-332633461,S2-678440779,S2-188383883,S2-665240173,S2-142550479,S2-167775591,S2-769345193,S2-399845052,S2-307595290,S2-287836977,S2-293972182,S2-101677614,S2-893048055
S1-985282663	S2-69218550,S2-104221686,S2-708420346,S2-128000220,S2-443493395,S2-621540812,S2-168800957,S2-151659483,S2-68884874,S2-923353090,S2-513794686
S1-828529367	
S1-830471796	
S1-535461143	
S1-874041790	
S1-388874339	
S1-499892148	S2-356688110,S3-303645750,S2-216784937,S2-127284995,S2-644216795,S2-588536573,S3-120682093,S2-261526984,S2-107354533,S2-116143022
S1-347508675	S2-490203923
S1-444196197	S2-605448897,S2-516505860,S3-546984020,S2-185817172,S3-448283785,S3-238707572,S2-982837782,S2-614188293
S1-522334317	S2-373384929,S2-493878654,S2-959394605,S2-60394927,S2-837467111,S2-413442181,S3-230743758,S3-530359226,S2-450704906,S3-946319563,S3-512968104,S2-65279794,S3-312666492,S2-126157760,S3-505190044,S3-925739469,S2-978827096,S3-898044851,S2-294598275,S3-26906375,S3-973848369,S3-774116608,S2-54336632,S2-570078883,S3-947304232,S2-382637598,S2-796268584
S1-856490667	S2-550044345
S1-159514912	S2-210050222,S2-427840097,S2-91252658,S2-24840953,S3-671466724,S3-306959817,S3-883753566,S3-910766186,S3-662282103,S2-12775029,S3-367775600,S3-17805189,S3-178489141,S2-898015928,S3-366461448,S2-198910526,S3-968525873,S2-641089565,S3-928367837,S2-291520609,S2-901958760,S2-240940806,S3-372279776,S2-369364945,S2-552410705,S3-614137179,S3-524887683,S3-314096113,S3-823588430,S3-417094887
S1-92729851	S2-487077035,S2-803440664,S2-595711056,S2-183208856,S3-149647877,S3-188318484,S2-475198331,S2-369016340,S2-833157213,S3-127028325,S2-2120243,S2-748661553,S3-333486763,S2-608534394,S2-715433794,S2-217264585,S2-861910827,S2-801335921,S2-307041189
S1-791737059	
S1-729983664	
S1-748290594	S3-854024889
S1-716014742	S2-469053898
S1-753143220	
S1-242040203	
S1-902150059	S3-84435815,S3-374393279
S1-341291980	S2-185815139,S2-926583934,S2-880963141,S2-488508794,S2-126579829,S2-374553011,S2-427709208,S2-903585413,S2-13845021,S2-874542026,S2-544407287,S2-67897371,S2-56351504,S2-290349096,S2-208571893,S2-68683284,S2-838587297,S2-42176926,S2-845782082,S2-618241466,S2-334858563,S2-522964122,S2-868001182,S2-884393987,S2-371634302,S2-491034678,S2-635891079,S2-317736419,S2-863750296,S2-181812335,S2-74121857,S2-721917107,S2-390913843
S1-228583124	S2-453108829,S2-966203730,S2-186207001
S1-911365600	
S1-850317018	S2-151203398
S1-393934451	S2-135793181
S1-976821840	S2-990352886,S3-260045209,S3-131480798
S1-703289825	S2-466604602
S1-223176496	S3-779546905
S1-961593350	
S1-656987935	
S1-181310003	
S1-172861120	
S1-62632073	
S1-874221974	S3-943182721,S3-147812854,S2-981905440,S2-965000128,S3-7653346,S2-99948933,S3-289108375
S1-313115959	
S1-563933566	
S1-451077707	
S1-284582618	S3-15485958,S2-260592317,S2-445063585,S2-92243622,S2-392961774,S3-4501364
S1-209733956	S2-9661800,S3-908218745
S1-720589067	S3-633301714
S1-684969689	
S1-20395913	
S1-999829769	S2-745250456,S3-135742213,S2-671882514,S2-907998668,S2-232575239,S2-841383785,S2-54797206,S2-477076148,S3-112064429
S1-621488922	S3-88817890,S2-506044392,S3-146163775,S3-229750888,S2-835917272,S2-560384527,S3-541962264,S3-516686951,S3-419339032,S3-820881356,S3-138811917,S3-253825292,S3-840281286,S3-788470142,S2-459363558,S3-334531198,S2-769359538,S3-303440700,S2-187915995
S1-107371240	
S1-556629301	
S1-883410905	S3-978760583,S2-254313956,S3-866103109,S3-378652249,S3-627345153,S3-583438239,S2-14832148,S3-757990812
S1-471010861	
S1-186770131	S3-337186106,S3-954122197,S3-610209802,S2-258220830
S1-655561682	S2-851498372,S3-28735712,S2-783110346,S3-843686319,S3-857876827,S2-359183690,S3-632494315,S3-682275978,S2-153563086
S1-681047085	
S1-432139268	S2-838149875
S1-492793391	
S1-24513059	
S1-948062742	S3-989582369,S3-538530557,S2-802063132,S3-350370260,S3-259628603,S3-672518413,S2-619228604,S2-10910397,S3-733417444,S2-844778584,S2-890635038,S2-106504667,S3-41344906,S3-797949919,S3-783063940,S3-659303460,S2-690122051,S3-197588743,S3-243758371,S2-187944959
S1-705175361	
S1-541836574	
S1-658466275	
S1-503310689	
S1-407730822	
S1-138706126	
S1-310432118	
S1-244476321	
S1-236993845	
S1-780599979	S2-765841149,S2-444945133,S2-72662565,S3-73590682,S2-739279054,S3-531691600,S2-694302281,S3-564151203,S3-660154408
S1-253424710	S2-880963141,S2-185815139,S2-126579829,S2-926583934,S2-488508794,S2-903585413,S2-374553011,S2-295560122,S2-427709208,S2-653343801,S2-544407287,S2-208571893,S2-67897371,S2-290349096,S2-56351504,S2-13845021,S2-70828281,S2-221399429,S2-46856543,S2-440489042,S2-68683284,S2-372514022,S2-545729133,S2-106376998,S2-36143462,S2-251485274,S2-635891079,S2-522032723,S2-441432859,S2-542810245,S2-317736419,S2-863750296,S2-181812335,S2-74121857,S2-721917107,S2-390913843
S1-480055007	
S1-446613662	
S1-520710871	S3-344221057,S3-572080867,S2-102345703,S3-268844466,S3-314911686,S3-143605286,S2-650772264,S3-294106297,S3-94789080,S3-732546166
S1-308686319	S3-540300250
S1-807548289	S2-863621492
S1-81975432	
S1-63301966	S2-460395693,S2-930101403,S2-738933402
S1-394990690	
S1-804257536	
S1-469120086	
S1-482070126	
S1-20023045	S3-442113192,S3-393139701,S3-637311800,S3-931326875,S2-998716769,S2-149765951,S3-97056794,S3-344441552,S3-54506026,S3-100281171,S3-239724885,S2-460654776,S2-710093681,S3-691530908,S3-939500774,S2-79985512,S3-406334349,S2-242903627,S2-252296172,S2-71014295,S2-7842667,S2-10223294
S1-771918206	S2-100411636
S1-620366164	
S1-971634037	
S1-816183362	
S1-234017312	S3-166209819,S2-431983334,S2-522771715,S2-523698352,S3-213525427,S2-724611952,S3-254957942,S2-571175080,S2-224125326,S2-850011357,S2-585668799,S2-266185323,S2-777173608,S2-100171087,S2-574365710
S1-692951955	
S1-228344459	
S1-275184071	
S1-602913883	S3-107458151,S2-455456848,S2-985670014,S2-159274266
S1-417939407	S3-41572864,S2-619180305,S2-94625584,S3-508361756,S2-206929566,S2-15099225,S2-69512255,S2-42413368,S3-617909415,S3-549335700,S3-14147324,S3-699173578,S2-910418666,S2-782040202,S2-75610930,S2-176292473,S2-848603366,S3-333471509,S2-325413796,S3-244219815,S3-51336111,S2-333137756,S2-440822152,S3-532701119,S3-126707038,S2-291941540,S2-755802094,S2-973322301,S2-59294725
S1-986726880	
S1-819568684	
S1-510772858	S3-812886039,S3-873129820,S3-468295066,S3-563320487,S3-123298216
S1-414922041	S3-814285237,S3-562383456,S3-232519749,S2-986940248,S3-587553343,S2-803719564,S3-471593119,S3-397534838,S3-762463830,S3-958318040,S3-264534055,S2-556469960,S3-262007090
S1-830156171	
S1-789426544	S3-482489233
S1-897981396	
S1-938215477	
S1-943844717	S3-303645750,S2-216784937,S2-127284995,S2-644216795,S2-588536573,S2-261526984,S3-120682093,S2-107354533,S2-645789542,S2-116143022,S2-151698256
S1-918742892	S2-39095544,S2-211923761,S2-601960947,S3-530422597,S2-696679895,S2-46567286,S2-464662187,S3-678824634,S2-518044421
S1-455885431	
S1-325894123	S2-268159801,S2-261526984,S3-125764963,S2-183040590,S2-216766918,S2-135689176,S2-217604796,S2-181776346,S2-456829775,S2-736767914,S3-303645750,S2-216784937,S2-127284995,S2-644216795,S2-588536573,S3-120682093,S2-116143022,S2-67059783,S2-107354533,S2-645789542,S2-151698256,S3-232128141,S3-277967558
S1-126117113	S3-8839817,S2-931389423,S2-648242407,S3-721144099,S2-644835858,S3-774938050,S2-463332740
S1-84297508	S3-992068317
S1-749912968	S3-831295244,S2-549912273,S3-319671996,S2-121128782,S2-496688936,S2-41928307,S3-647674398,S3-263141318,S2-670489422,S2-630902288,S3-53809857
S1-336993358	
S1-530631165	
S1-506720235	S2-258271103,S2-517366527
S1-608636230	
S1-843893848	
S1-636319872	
S1-518904759	
S1-597638353	
S1-991409569	S3-876865834,S3-291690709,S2-852903326,S2-885380552,S2-289842866,S3-400790586,S2-593756034,S3-340456652,S2-682229472,S2-572640446
S1-186792563	S3-886857615
S1-901174338	S3-477922446,S3-115012219,S3-223316806,S3-923287548,S3-652305964,S3-199105905,S3-742909541,S3-315715096,S3-263706769,S3-780413175,S2-533761278,S3-420747405,S3-68802328,S3-247929179,S3-88806363
S1-372418172	S3-681427974,S3-970178579,S2-872104142,S3-334280516,S3-667168392,S2-666062801,S3-47265851,S2-629953252,S2-214159361,S3-165440012,S3-787571544,S2-973107349,S2-627374081,S2-31384342,S3-831920101,S3-693454629,S3-40060015,S3-79605032
S1-162212562	
S1-967399132	S2-184071134,S2-435241683,S2-119195701,S2-434949486,S2-697392370,S2-458774346,S2-201204597,S2-617403033,S2-439347023,S2-486831396,S2-737226550,S2-335563212,S2-516046517
S1-668624767	
S1-686749094	S2-625907446,S3-409519292,S2-390651293,S2-682859342,S2-757691929,S2-211971793,S3-561188462,S3-633003742,S3-566512004
S1-623037704	
S1-426007492	S2-353206648
S1-157183174	
S1-299434720	S2-464801218,S3-415116246,S2-807848854,S2-429434050,S2-36107020,S2-844444250,S3-601846176,S2-665063362
S1-926719833	S2-717856499,S3-563574259,S2-948955582,S2-910430250,S3-593636584,S2-74996822,S2-566835613,S2-539790899
S1-118894048	
S1-876013063	S3-291419604
S1-743171772	S2-321681577,S2-845078558,S2-847167076,S2-763669874,S2-243902755,S2-404768538,S2-487061741,S2-954673307,S2-760385237,S2-305315061,S2-961584157,S2-590761669,S2-702267609,S2-376713096,S2-198122288,S2-440430990,S2-809912701,S2-43553563,S2-687954200,S2-85113215,S2-545367345,S2-349099978,S2-43320510,S2-603668961,S2-489795031,S2-785246908,S2-312033050,S2-204923015,S2-924091320,S2-960497500,S2-359579050,S2-799021792,S2-799647940,S2-633078778,S2-12169707,S2-671124898
S1-409209761	S3-975792089,S3-544017097,S2-214874371
S1-925590628	S2-349746325,S2-454077168
S1-169178323	S3-659344570,S2-551999900,S3-349531973,S2-556850133,S2-171639497,S3-43493176,S2-902871336
S1-997539647	S3-369274016,S3-385674529,S3-566949705,S3-630331250,S3-249493369,S2-197621359,S2-654503539,S2-270266405,S3-107460970,S3-674236940
S1-379978834	S2-912341730,S2-325362566,S2-826160902,S2-188383883,S2-48350229,S2-620679445,S2-899578824,S2-268101571,S2-54968893,S2-893048055,S2-455999140,S2-307595290,S2-293972182,S2-551443593
S1-234412305	
S1-468770179	S2-704516263,S2-253950301,S2-157443642,S2-662012943,S2-823529389,S2-379917486,S2-142131792,S2-22164316,S2-415414139,S2-39869945,S2-292703511,S2-631109596,S2-127797648,S2-521711964,S2-198493039,S2-501117248,S2-110488400,S2-790234687,S2-229102200,S2-867098208,S2-782343040,S2-759917947,S2-938297699,S2-432341031
S1-233296344	
S1-97026314	S3-354198759,S3-989752115,S3-641445356,S3-352241758,S3-666760567,S3-140528476
S1-121664621	S2-768899647,S2-196495903,S2-867266393,S2-310500991,S2-441057858,S2-516317754
S1-225931323	S2-578666285,S2-557886280,S2-728018423,S2-160486203,S2-599845278,S2-448988157,S2-611287581,S2-359677779,S2-547264457,S2-718584845,S2-230023024,S2-104460387,S2-600688376,S2-416681458,S2-732472111,S2-118524723,S2-239945040,S2-33482250,S2-248542738,S2-455323780,S2-303957323,S2-492438054,S2-357493045,S2-315653214,S2-559501342,S2-288430543,S2-399796398,S2-36636172,S2-558560478,S2-18285166,S2-158419442,S2-71682972,S2-4852609,S2-337372087,S2-449675768,S2-612884808,S2-531662579,S2-631117267,S2-649262871,S2-171220932,S2-65553137,S2-150909928
S1-419936528	
S1-453268471	
S1-730366754	S3-533653150,S3-241416723,S3-453876974,S3-478283718,S2-438499966,S2-566926988
S1-349873839	S3-348550473,S3-383057808,S3-185183560,S3-331075789,S3-125440026,S3-156109930,S2-707950106,S2-981318822,S3-221190280,S2-33379555,S2-367013531
S1-170678075	S2-625545590,S2-465258744,S2-629852289,S2-48940320,S2-151659483,S2-168800957
S1-119557816	
S1-627406325	
S1-667635890	S3-73853671,S3-109965740
S1-630839433	S2-545606373,S2-195720166,S2-23480006,S2-466585870,S2-788631280,S2-286866018,S2-169193540,S2-596170464,S2-716002301,S2-656729775,S2-730014105,S2-606258540,S2-512297695,S2-753117007,S2-604379778,S2-455586035,S2-156170900,S2-139097574,S2-460498193,S2-586145543,S2-110802997,S2-69853777,S2-324819925,S2-823445802,S2-381461578,S2-354668833,S2-196529174,S2-642386828,S2-55844465,S2-479174867,S2-273483665,S2-848793642,S2-760947511,S2-336328397,S2-405701199,S2-214469026,S2-2169667,S2-839698764,S2-243855266,S2-77995970,S2-35761716,S2-189078366,S2-805636783,S2-332016410,S2-591032606,S2-727306054,S2-715162081,S2-71670232,S2-372363817
S1-130677609	S3-702571022,S3-510527904,S3-357412741,S3-629605968
S1-466480913	S2-227839697,S3-517633983,S3-18446911,S3-141624908,S3-649043455,S3-153795311,S3-432783650,S3-103791636,S2-311018486,S2-832872201,S3-57548085,S2-574622330,S3-464097486,S3-7179839,S3-41316710
S1-265276030	
S1-405656924	
S1-143265439	
S1-643318152	S3-520592894,S3-962734580,S3-387409614,S3-182531873,S3-237978864,S3-743517929,S3-187517415,S3-17553590,S3-942805304,S2-569113898,S3-412212897,S2-184620797,S3-27940543,S3-654815193,S3-651620728
S1-28556782	
S1-358037659	
S1-518461201	
S1-397285371	S3-108063169,S2-609263907,S3-14820683,S2-833157213,S2-770593229,S2-487077035,S3-295377387,S3-142241906,S2-949197557,S3-352934058,S3-246877075,S2-653475200,S2-713060861,S3-309535447,S2-608534394,S2-2120243,S2-536121125,S2-434082524,S2-272305216,S2-217264585,S2-182018797,S3-168772822,S2-875618134,S2-920438292,S2-932428936,S2-98058906,S2-988514010,S2-801335921,S2-812264960,S2-375702479,S2-861910827,S3-12143222,S3-223571173,S2-307041189,S2-289792020
S1-398602742	S2-36200495,S2-577785884,S2-683700380,S2-766976955,S2-312585480,S2-382704580,S2-806229978,S2-548700789,S2-367023229,S2-740523695,S2-498618273,S2-299742973,S2-814214685,S2-77698963,S2-171964628
S1-631362920	
S1-524597476	S3-980294016,S2-749884854
S1-476489337	
S1-525373836	S2-75520537
S1-444484227	S2-95819177,S3-310474045,S2-482289949,S3-18321694,S2-606494399,S3-649785962,S2-385795914,S2-360932424,S3-16702027,S3-209331937,S2-874695743,S3-357722030,S2-681124632,S2-917950531
S1-548281154	S3-201293611
S1-180265490	
S1-599350830	S2-660119290,S2-629133434,S3-581095226,S3-771795518,S2-665494398,S3-769355954,S3-461493944,S3-520134808,S2-727701442,S2-827455267,S2-418473945,S2-586567836
S1-609062608	S3-557296941,S3-789232009,S2-355105041,S2-686955836,S3-405113057,S3-740646670,S3-225569194
S1-832647911	S3-52429449
S1-846719852	S3-698055043,S2-165937670,S2-211263096,S3-425673166,S2-966123233,S2-377413536,S3-687220953,S3-520145252,S2-42434330,S3-228651584
S1-212298553	S3-176996332,S3-260886757
S1-837650446	
S1-218762964	S3-493780926,S3-314911686,S3-268844466,S3-143605286,S2-387628624,S2-396373507,S3-578831793,S2-495334711,S2-181717156,S2-319415802,S3-694945389,S2-747083268,S3-294106297,S3-94789080
S1-640558746	
S1-912273534	S2-951381203,S3-266720888,S2-514780422,S3-481939464,S3-361926689,S2-965442514,S2-818898641,S3-590329398
S1-982314400	
S1-177375169	
S1-720726328	
S1-225773706	S2-481641367
S1-734659223	
S1-297706124	S3-749172672,S2-819292681,S2-472097151,S2-112445978,S2-503572894,S2-269430298
S1-294434057	S3-843358137,S3-636851143,S2-349746325,S3-443599126,S2-841661802,S3-991992721,S3-688033929
S1-32159206	S2-747871044
S1-512220754	S2-684799340,S3-743592424,S3-429708803,S3-771795518,S3-581095226,S2-239189762,S2-662224890,S3-615771901,S2-213711767,S3-808872883,S3-852537521,S3-644916995,S3-560791095,S2-706511837,S2-660119290,S3-681785883,S3-769355954,S3-461493944,S3-520134808,S2-727701442,S2-827455267,S2-586567836
S1-226687984	S2-850706950,S2-124271970,S2-23960989,S2-962474749
S1-521580114	
S1-504899681	S3-602185974,S3-495113963,S3-660849752
S1-16146658	
S1-649583432	
S1-333886018	S2-101467429,S3-777213581,S3-822189650,S2-181001955,S2-87042728,S2-487025480,S3-517974839,S2-810116528,S2-181286395,S3-914897360,S3-656229637,S3-734292210,S2-974660547,S2-156720517,S2-585179985,S2-2613069,S3-516033983,S3-164139716,S2-129344261,S2-9933454,S2-499803852,S3-82803823,S3-674723621,S3-584555201,S2-545910805,S2-283226714,S2-839068515
S1-881995367	S3-933679756
S1-830307406	S3-487692291
S1-631314125	S3-79126484,S3-264738907,S2-474955330,S2-543529651,S2-119710416,S3-414687226,S3-116797594,S3-359228059,S2-117777608,S3-863854289,S3-819363869,S2-667631315,S3-386730730,S3-167377553
S1-505465652	S3-399772576,S3-190227164,S3-857143233,S2-91782017,S2-592118076,S2-762308663
S1-614510569	
S1-558262132	
S1-504059078	S3-842010238,S2-875852741,S3-768109776,S2-582681168,S2-167593039,S3-55282625,S2-954181345,S2-191774671,S2-97260074,S3-184993345,S3-520031246,S3-831120040
S1-380091161	S3-656762962,S3-241416723,S3-478283718,S3-453876974,S3-364766067,S2-963631542,S3-889703718
S1-393137673	S2-132745499,S2-759683786,S2-867523156,S2-662179496,S2-806696026,S2-792274378,S2-413365832,S2-58519915,S2-811754533,S2-218925462,S2-644353306,S2-575707861,S2-157807720,S2-820815336,S2-748074457
S1-636127789	
S1-42829133	
S1-924838290	S2-244892384,S2-594470714,S3-211358560,S2-545986134
S1-135435811	
S1-745300796	S2-945651270,S2-552745287,S3-514041547,S3-615467503,S2-50585493,S2-525444752,S2-654104435,S2-363744462
S1-943567301	
S1-362880192	S3-114723805,S2-449092702,S2-208983064,S3-393895171,S2-539479250,S3-366793270
S1-733545693	
S1-89723082	S2-28989912,S2-603557247,S3-51564634,S3-631912956,S2-415027314,S2-699165567,S3-173469938,S3-388848
S1-269993694	S2-188003961,S3-10318426,S2-137714064,S2-730924879
S1-910195628	S3-815486214,S2-794627014,S2-205364902,S2-831919418,S2-956728501,S3-94893528,S3-492367560,S3-217720108,S3-140180743,S2-596432342,S3-3966586,S2-529516858,S2-471586982,S2-540473501,S2-87275632,S3-814706702,S3-587883437,S3-825749639,S3-383037521,S2-474347321,S2-485671283,S3-215102083,S2-319959493,S3-46768834,S2-629188703,S2-951144909,S3-552590579,S3-323224130,S3-568677064,S2-281610053,S3-787888082,S3-640018195,S2-20501230,S2-229414267,S3-348835462,S3-195342037,S2-990578022,S3-206588669,S3-796101749,S3-233305147,S2-584532464,S3-636148024,S3-476544451,S2-607671754,S3-651246765
S1-293933423	
S1-154837922	
S1-392488249	S2-794627014,S3-815486214,S2-831919418,S2-956728501,S2-205364902,S3-3966586,S3-140180743,S3-94893528,S3-492367560,S2-529516858,S3-217720108,S3-814706702,S2-474347321,S2-596432342,S2-485671283,S3-587883437,S2-471586982,S2-540473501,S3-825749639,S3-383037521,S2-319959493,S2-87275632,S3-215102083,S2-629188703,S3-552590579,S2-902581940,S3-339165174,S3-568677064,S3-634001580,S3-323224130,S3-640018195,S2-260796761,S2-20501230,S3-195342037,S2-990578022,S3-206588669,S2-921612156,S3-233305147,S2-584532464,S3-636148024,S3-476544451,S2-607671754,S3-651246765
S1-629358782	
S1-820114606	
S1-778932290	S3-182219887,S2-341533723,S2-502156030,S2-979914704,S3-491219563,S3-24332842,S3-377007881,S2-278503106
S1-285660164	S3-935362132,S3-243758371
S1-146953609	S2-374274364,S2-561689138,S2-479863886,S2-471330745,S2-379743714,S3-173369035,S2-904034500,S2-864088754,S2-686970157,S2-890217174,S2-410470450,S2-193834577,S2-657611798,S2-792108129,S2-540463429,S2-278891555,S2-119041137,S2-575481946,S2-54797206,S2-477076148,S3-112064429,S2-69184579,S2-397927479,S2-448514413
S1-238012566	
S1-873299304	S3-35945424,S3-955234150,S3-935989990,S3-889644961
S1-724903594	
S1-29354465	S2-265559989,S3-275528818,S2-998755583
S1-63719584	
S1-263383485	S3-570737459,S2-231069947
S1-720173062	
S1-721346891	S2-914408607,S3-563757041,S3-503941566
S1-126927804	S3-669813656,S3-957833618,S2-989319944,S2-327737583,S3-348080509,S2-23434812,S3-475431644,S3-692939926,S2-497300049
S1-442010484	
S1-670697457	S2-431240445
S1-148958598	S2-36200495,S2-577785884,S2-50564377,S2-375250586,S2-358504456,S2-312585480,S2-766976955,S2-526738486,S2-256072418,S2-789306297,S2-698358405,S2-588548717,S2-782058062,S2-45775835,S2-322363431,S2-82752248,S2-650741334,S2-502981781,S2-434122610,S2-454561983,S2-169642713,S2-449660771,S2-806229978,S2-133027173,S2-498618273,S2-171964628,S2-77698963
S1-937066551	S2-617422606,S2-470128532,S2-715622143,S2-615462581,S2-453693150,S2-112980381
S1-629806428	S2-374553011,S2-185815139,S2-126579829,S2-821068956,S2-880963141,S2-926583934,S2-467040429,S2-208571893,S2-600366423,S2-488508794,S2-13845021,S2-56351504,S2-380018589,S2-310513454
S1-119458643	S2-981333606,S3-296803348,S3-93763208,S2-37894773,S2-508520216,S2-586527093
S1-225385782	S3-215155655,S2-342249410,S2-795882884,S3-19499776,S2-767966380
S1-537478269	S2-309440577,S2-293477230,S2-198834992,S2-622316984,S3-110252160
S1-112364087	S2-410205313
S1-457336979	
S1-786620416	
S1-692905346	S2-488032208,S2-616503149,S2-466076673,S2-348904049,S2-185922453,S2-49669890,S2-237646451,S2-110999054,S2-70381142,S2-502712101,S2-300481819,S2-405255576,S2-631468297,S2-578558365,S2-288415631,S2-482058583,S2-452777265,S2-233487138,S2-584083582,S2-449675768,S2-531662579,S2-171220932
S1-376656562	S2-704180388,S3-289988801,S2-854804314,S3-488136643,S3-423103564,S3-603521996,S3-812852246,S2-634518520,S2-796452919,S2-665189960
S1-890446999	S2-186564470,S2-170394338,S2-899215861,S2-383359949
S1-162896164	
S1-274758214	S2-857893203
S1-435158788	S2-813290201,S2-467877840,S3-141412884,S2-462299686,S3-242694021,S2-403760980,S2-397301810,S3-210100320,S3-312020881,S3-16126416,S2-689914488,S2-550120604,S2-990650173,S2-523387674,S2-910961138,S3-163181560,S3-21006378
S1-405829810	
S1-851580232	S2-674079903,S2-452685961,S2-771746663,S2-730521036,S2-474308490,S2-631977552,S2-92322579,S2-291644849,S2-38827079,S2-472900054,S2-226494608,S2-424954698,S2-4615798,S2-56576313,S2-860355097,S2-20213851,S2-528473005,S2-817607055,S2-876924172,S2-230344467,S2-739386823,S2-499027495,S2-163395991,S2-923500757,S2-762695364,S2-823944463,S2-170100406,S2-75217079,S2-583339726,S2-407149621,S2-587732158,S2-306289434,S2-150975970,S2-450414338,S2-576293562,S2-894769041,S2-338006175,S2-550225052,S2-361211798,S2-560955461,S2-471908725,S2-331873332,S2-68748027,S2-594646994,S2-234699109,S2-272609403,S2-415670729,S2-458585786,S2-478976831,S2-454352954,S2-883612706,S2-317152754,S2-433860699,S2-260117127,S2-405105351,S2-302054007,S2-788354095,S2-122201731,S2-456194866,S2-840714314,S2-924111301,S2-414647364,S2-816684193,S2-820815164,S2-52804522,S2-447813093,S2-316896911,S2-3319138,S2-287656003,S2-81925251,S2-866466206,S2-781393520,S2-545302890,S2-164999379,S2-493611809,S2-337420573,S2-183518047,S2-600904389,S2-576940662,S2-372385754,S2-437281736,S2-19245434,S2-835449021,S2-342987051,S2-579633576,S2-886436274,S2-213277943,S2-702366846,S2-875893829,S2-473815800,S2-635487150,S2-433032085,S2-842721511,S2-196504480,S2-223503487,S2-842081349,S2-765870100,S2-424387851,S2-76962210,S2-857262168,S2-30382724,S2-790170069,S2-171227599,S2-69245191,S2-427062954,S2-108572031,S2-195534419,S2-210149663,S2-35322068,S2-879328812,S2-502816364,S2-324878401,S2-270502309,S2-436744512,S2-525991458,S2-29999226,S2-413513633,S2-479233308,S2-247372000,S2-38866254,S2-691060668,S2-479048111,S2-480944369,S2-457106884,S2-418436422,S2-810475663,S2-229525660,S2-914534929
S1-852026470	
S1-69897734	
S1-431659504	
S1-741813500	
S1-526635511	S2-773950270,S2-588235791,S2-109151780,S2-696403920,S2-51655128,S2-637346118,S2-181132593,S2-444769081,S2-112757578
S1-456209472	
S1-153527959	S3-19499776,S2-167594027,S2-175552553
S1-51590630	S3-258178187,S3-254567788,S3-805427623,S2-100576065,S2-577061093,S2-555076636,S2-640286144,S2-524751384,S3-154598584,S2-36918488,S2-462289445,S3-538628736,S3-653562004,S2-13121981,S2-519534487,S3-450409075,S3-18475256,S3-510712039,S3-417674013,S3-680562534,S3-211505270,S3-329442069,S2-453477407,S3-904520104,S2-816808430,S2-342241619,S2-126969688
S1-928584878	S2-185735427,S3-212514545,S3-20727238,S3-935370916,S3-839020948,S3-847072630,S3-947830858,S3-735577974,S3-464033633,S3-441375024,S2-289621638,S2-267765214,S2-645037504,S2-468661548,S2-208562741,S2-785204544,S2-415583960,S3-339301670,S3-172516626,S3-16963268,S2-672365176
S1-828672889	
S1-457080425	
S1-533435124	S2-336430940
S1-500998121	S3-20863846
S1-527727380	S3-746908655,S3-262050985,S2-270342611,S2-454479276
S1-852334435	
S1-11180047	
S1-121781799	S3-65805857,S3-635506065,S2-891708982,S3-57260362,S3-816785392,S3-884421597,S2-171885631,S3-712117529
S1-746759109	
S1-404417181	S2-123435007,S2-905337725,S2-854060544,S2-956552795,S2-79755009,S3-184947134,S3-613233060,S2-597189151,S2-108831416,S2-942246572,S2-533910473,S2-349758300,S2-51812199,S2-173209588,S3-93077122,S2-799582323,S3-140865526,S2-438806767
S1-403838225	S2-994505137
S1-78994254	S3-42162822,S2-866687990,S2-819298917,S2-380283155,S3-189153787,S3-970670252,S3-409435933,S3-309264131
S1-491983009	S2-175166551,S2-261423486,S2-846741062,S2-927586314
S1-990319941	S2-862522595,S3-386214852,S2-792290354,S3-389335587
S1-207827400	S3-954340342,S2-349007439,S2-158631160,S3-878103442,S3-889643825,S2-557723708
S1-397081662	S2-848793642,S2-642386828,S2-564824577,S2-644705796,S2-196529174,S2-842834677,S2-649479648,S2-162958155,S2-16554760,S2-519587507,S2-487074065,S2-383026734,S2-336328397,S2-100375375,S2-384986812,S2-172418935,S2-805464775,S2-326079630,S2-730852516,S2-156246102,S2-286866018,S2-442039563,S2-671868851,S2-501200909,S2-14290577,S2-223230811,S2-466585870,S2-512297695,S2-187378635,S2-169193540,S2-293365442,S2-645819700,S2-177628668,S2-110802997,S2-26944381,S2-169644502,S2-812183,S2-332016410,S2-715162081,S2-591032606,S2-727306054,S2-71670232,S2-405701199
S1-762300546	
S1-604117272	S2-532191611,S3-529365459,S3-886794853
S1-392229488	S3-957206634,S2-554524752,S3-252532454,S3-681926238,S2-576755478,S2-236691762,S2-905200864,S3-859090261,S3-419105860
S1-974716750	
S1-73844324	
S1-129027978	S2-978864540,S2-790835141,S3-534538424,S3-178729058,S3-324405647,S2-803869763
S1-275483592	S2-22547425
S1-294953594	S3-243933344,S3-379167066,S3-207509728,S2-58661799,S3-836939554,S3-25317684,S3-427512607,S2-187896016,S3-326826684,S2-233559671,S2-681568197,S3-628176242,S2-262030786,S2-228464184,S2-51807871,S2-366887997,S2-717967391,S3-780493716,S2-456776326,S3-159540785,S2-465023675,S3-669845968,S3-441831669,S2-177702104,S3-191877213,S3-210459670,S2-725275327,S3-416862927,S2-768053815,S2-19405330,S2-339560484,S2-246217264,S2-406181091,S3-269590180,S3-979485735,S3-337444190,S2-234349705,S2-528835085,S2-881565404,S3-70625626,S2-624018531,S2-376112786,S3-299370075,S3-881130471,S2-6053611,S3-540896613,S2-875175107,S3-233567843,S2-974742136,S2-726020020,S3-265800527,S2-855405761,S2-932571789,S3-924645013,S3-116266531,S3-202402802,S2-425580689,S2-48835339,S2-885709691,S3-960911477,S3-117489751,S3-412200993,S3-332758227,S3-130668390,S2-934513223,S3-440959913,S3-638233948,S2-412095994,S2-124623667,S3-184036043,S3-116508654,S2-976648659,S3-402964716,S3-544442854,S3-472366154,S2-938840493,S2-73272087,S3-167017639,S2-757225857,S3-522983222,S2-294837571,S2-940434362,S3-145155011,S2-556035065,S2-505062706,S3-712488741,S2-507648852,S2-626499823,S2-323293917,S2-985421392,S2-579289135,S2-860913710,S3-437206871,S2-465450543,S3-523448992,S3-848254264,S3-220570914,S3-541713539,S3-269402240,S2-775094093,S2-707156746,S3-441188460,S3-358852345,S2-306407749,S3-236379314,S2-553327159,S3-936817396,S3-786488291,S2-339903422,S3-999667491,S2-69751973,S3-142342190,S2-167215301,S3-946818490,S2-58268070,S2-914704962,S2-281905157,S3-676829980,S3-403649450,S3-635306015,S3-764475448,S2-481513262,S2-308931558,S3-494199853,S2-504095653,S2-564233180,S3-233465018,S3-290960350,S2-747400550,S2-906596114,S3-493499568,S2-390435992,S3-413030946,S3-180587523,S2-156508257,S3-606210960,S3-456080101,S3-892019797,S3-557741412,S2-615153587,S3-838794956,S3-216835525,S3-723867253,S3-426940607,S3-994706509,S2-726643279,S3-671352596,S2-784868587,S3-753197196,S2-64258742
S1-156856907	
S1-800664567	S2-776224371,S3-155235519,S3-420920643,S3-281061117,S3-648759812,S3-357550506,S3-194823703,S2-606859887,S2-278061636,S2-468124791,S2-476776641,S3-637680091,S3-611872961,S2-727945502,S2-733008905,S2-148554663,S3-167082763,S2-545912622,S2-880816585,S3-571166838,S2-60410576,S2-365796565,S3-503682542
S1-207140536	
S1-780404292	S2-137188804,S3-221554836,S3-515941798,S2-850453737,S2-953146928,S3-286238001,S2-459726724,S3-258233103,S2-875950440
S1-832232989	S2-406296867,S2-13115762,S2-267500703,S2-521187523,S2-316142916,S2-276076969,S2-20546213,S2-899036327,S2-942526403,S2-286628086,S2-47841445,S2-352610363,S2-21862008,S2-641011780,S2-305312706,S2-29970605,S2-67378207,S2-251692345,S2-693518082,S2-496567142,S2-496565147,S2-734284607
S1-427619706	
S1-510197667	
S1-251903406	S3-118626177,S2-23950077,S2-345906652,S2-689520511,S2-97064793,S2-467192474,S2-587227192,S2-770742526,S2-460464200
S1-104218993	
S1-637105284	
S1-182297791	
S1-888985570	S2-264840456
S1-766331481	
S1-53130739	
S1-278293859	S2-219205789,S3-551799555
S1-263232440	
S1-814185474	S3-302517578,S2-468367141,S3-630331250,S3-214768102,S3-31147259,S2-928488532,S3-815993513
S1-84979808	S3-154048776,S2-892438756,S3-884440519,S3-860338090,S3-210957363,S3-222433161,S2-326708787,S3-176725575,S2-838624523,S3-609327282,S2-643406207,S3-174501981,S2-277127041,S2-267256465,S2-160201160,S3-416325464,S2-526795754,S3-245937115,S3-927467351,S3-355886497,S2-697329617,S3-163287721,S3-32008713,S3-968759620,S2-927514353,S2-159748356,S2-51460131,S2-553993025,S3-327814015,S2-637536705,S2-905043820,S2-633951497,S3-665539695,S2-249168069,S2-489977947,S2-43409198,S2-49282451,S3-183476215,S2-599619364,S2-638146969,S2-328716317,S3-274359162,S3-793173861,S2-775200877,S2-22414693,S2-50700669,S3-768574490,S2-275314005,S3-543233507,S2-216291150,S2-323876579,S2-399340996,S2-617915628,S3-949900287,S3-489369298,S3-517300667,S3-973472484,S2-726231264,S3-171799115,S2-384507118,S2-51876524,S3-423839474,S2-432895507,S3-36130462,S3-653095708,S2-481308310,S3-408777960,S2-79106063,S2-589784611,S2-783200261
S1-672222074	S2-385676064,S2-418643540,S2-773546208,S2-450211512,S2-301142885,S2-52205488,S2-410639548,S2-698358405,S2-804194449,S2-110899258,S2-163134741,S2-256072418,S2-449660771,S2-358504456,S2-45775835,S2-588548717,S2-350793982,S2-789306297,S2-115014879,S2-815397235,S2-521735018,S2-36200495,S2-683700380,S2-434122610,S2-756848974,S2-528025382,S2-814214685,S2-50564377,S2-144364980,S2-2694599,S2-465983582,S2-498618273,S2-171964628,S2-77698963
S1-235017559	
S1-758560267	
S1-319466567	
S1-554222143	S2-374343532,S2-109828025,S2-507093932,S2-596405161,S2-490608374,S2-836323092,S2-479633490,S2-772203835,S2-845746087,S2-5690433,S2-43885783,S2-237767961,S2-724089150,S2-103339453,S2-663257910,S2-898577463,S2-121457470,S2-125086919,S2-341455263,S2-492621162
S1-526964139	S2-881084926
S1-505159867	S2-673904433,S2-504614997,S2-984243446,S2-275825266,S2-597127975,S2-312065985,S2-800004783,S2-477442914,S2-140435938,S2-566113185,S2-805643236,S2-410838717,S3-139121086,S2-929688754,S2-988697157,S2-213749028
S1-110295930	
S1-688328227	
S1-528810007	S2-696036406,S3-990699874,S2-136137629
S1-609653903	S3-113849899,S3-16308995,S2-466208646
S1-544279537	S2-679944130,S2-595732759,S2-224657764,S2-242438933,S2-1394254,S2-219976450,S2-481372376,S2-100715859,S2-19191075,S2-267104830,S2-418031235,S2-31957566,S2-620703855,S2-16084621,S2-387196862,S2-621507101,S2-387115807,S2-54191862,S2-385361061,S2-486799995,S2-716039525,S2-443243519,S2-631129240,S2-365215605,S2-858090865,S2-611948703,S2-262413466,S2-513183563,S2-441958415,S2-333562392,S2-170049056,S2-145734212,S2-534656826,S2-463416932,S2-348735225,S2-323548701,S2-437519779,S2-3451217,S2-853019776,S2-435286455,S2-129921846,S2-486331165,S2-738136880,S2-662994229,S2-736585370,S2-431435374,S2-523304160,S2-569438165,S2-180106844
S1-327370768	
S1-202434240	
S1-946221985	S2-790370274
S1-670226080	
S1-106799278	S2-25364464
S1-259452306	S2-448342228
S1-513223898	S3-25893775,S3-150688106,S3-346037922,S2-937093924,S3-865312667,S3-672110074,S3-241416723,S3-681187966
S1-328098485	S2-656758664
S1-111673633	S3-303086841
S1-367034090	S3-200939472
S1-800210529	
S1-500594017	
S1-567672228	
S1-568122370	S3-340456652,S3-671324774
S1-555543655	S2-178221521
S1-178253376	
S1-537887238	S2-43926516,S2-610259986,S2-24597482,S2-581645518,S2-182839119,S2-580455199,S2-479285528,S2-790840546,S2-242107029,S2-114968985,S2-853483077,S2-731762629,S2-217368413,S2-483231444,S2-778566089,S2-442902415,S2-582015598,S2-561739221,S2-732475597,S2-861201345,S2-502667533,S2-122140775,S2-262471583,S2-875930539,S2-707364299,S2-23474383,S2-442722130,S2-817554779,S2-725477472,S2-591212513,S2-600127521,S2-522562069,S2-826160902,S2-620679445,S2-681941147,S2-691718681,S2-651885552,S2-418094986,S2-621107908,S2-745638817,S2-287660910,S2-54968893,S2-622481264,S2-268101571,S2-769345193,S2-872901699,S2-162708622,S2-293972182,S2-307595290,S2-287836977,S2-101677614,S2-893048055,S2-455999140
S1-658884545	
S1-167128791	S2-232432141,S2-312379347
S1-109593962	S3-523567654,S2-763847715,S2-808156553,S3-787149784,S3-622807772,S2-408326435,S2-794272150,S3-347564335
S1-262945333	
S1-870254921	
S1-915022305	S3-947382011,S3-237581199,S2-67276082,S2-702874840,S3-188448200,S2-250464487,S2-508374208,S2-272162373,S2-578955366,S2-773672865,S3-43493176,S2-984274181,S2-605548227,S3-66203927,S2-191684531,S2-603468957,S3-906477165,S3-17712032
S1-607311453	
S1-57404730	
S1-263714526	
S1-757100365	S2-305655071,S2-150314939,S2-711899051,S3-64650419,S2-42083577
S1-901086958	S3-740126170,S3-495996829,S3-479003961,S2-633524524
S1-267028745	S3-243933344,S2-233559671,S2-456776326,S2-465023675,S3-326826684,S2-406181091,S2-262030786,S2-51807871,S3-159540785,S3-191877213,S2-505062706,S2-228464184,S3-540896613,S2-425580689,S3-669845968,S3-265800527,S2-717967391,S3-379167066,S3-780493716,S3-979485735,S2-339560484,S3-416862927,S2-246217264,S3-269590180,S2-768053815,S2-234349705,S3-210459670,S3-437206871,S2-757225857,S3-472366154,S3-628176242,S2-681568197,S2-48835339,S3-299370075,S2-19405330,S2-376112786,S2-934513223,S3-441188460,S2-855405761,S3-403649450,S2-177702104,S2-726020020,S3-836939554,S3-70625626,S3-130668390,S2-932571789,S2-881565404,S3-117489751,S3-358852345,S2-976648659,S3-924645013,S2-124623667,S2-875175107,S3-184036043,S3-116266531,S2-73272087,S3-337444190,S2-974742136,S2-181719653,S2-725275327,S3-412200993,S3-635306015,S3-180587523,S3-25317684,S3-688199643,S2-6053611,S2-507648852,S2-528835085,S3-167017639,S2-579289135,S2-624018531,S2-775094093,S2-167215301,S2-860913710,S3-936817396,S3-440959913,S3-522983222,S3-881130471,S2-323293917,S3-441831669,S3-269402240,S3-541713539,S3-946818490,S3-544442854,S2-626499823,S3-142342190,S2-885709691,S2-564233180,S2-985421392,S2-553327159,S3-233465018,S3-960911477,S2-481513262,S2-58661799,S2-58268070,S3-764475448,S2-938840493,S3-220570914,S3-426940607,S2-615153587,S3-145155011,S2-465450543,S3-14684668,S3-494199853,S3-786488291,S3-751595314,S2-906596114,S3-207509728,S3-493499568,S2-390435992,S3-676829980,S3-999667491,S2-294837571,S2-281905157,S2-504095653,S3-413030946,S2-726643279,S2-707156746,S2-339903422,S3-116508654,S3-838794956,S3-290960350,S3-456080101,S3-671352596,S2-784868587,S3-753197196,S2-64258742
S1-133656110	S2-999275464
S1-972415063	S3-259072150,S2-406490134,S2-288378964,S2-293101951
S1-4769263	
S1-87005704	S2-696668182,S2-735104921,S2-44436025,S2-810408355,S2-422948650,S2-350162455,S2-180134885,S2-735671818
S1-387121744	S3-82042390
S1-237537361	
S1-821893871	S3-383057808,S3-125440026,S3-331075789,S3-185183560,S3-348550473,S3-350374624,S2-33379555
S1-718976444	S2-771746663,S2-730521036,S2-474308490,S2-38827079,S2-4615798,S2-75217079,S2-631977552,S2-232161676,S2-550225052,S2-788354095,S2-163395991,S2-291644849,S2-923500757,S2-92322579,S2-68748027,S2-230344467,S2-234699109,S2-924111301,S2-528473005,S2-576940662,S2-247602828,S2-817607055,S2-594646994,S2-170100406,S2-342987051,S2-583339726,S2-883612706,S2-674079903,S2-860355097,S2-576293562,S2-414647364,S2-842081349,S2-790285699,S2-302054007,S2-458585786,S2-454352954,S2-164999379,S2-337420573,S2-781393520,S2-635487150,S2-485793518,S2-150975970,S2-648353945,S2-405105351,S2-499027495,S2-816684193,S2-19245434,S2-213277943,S2-316896911,S2-502816364,S2-415670729,S2-600904389,S2-587732158,S2-450414338,S2-437281736,S2-876924172,S2-823944463,S2-493611809,S2-413513633,S2-857262168,S2-226494608,S2-424387851,S2-386525936,S2-479048111,S2-229525660,S2-480944369,S2-457106884
S1-246391281	
S1-692220999	S3-120221015,S2-43803571
S1-249331459	S3-447476102,S2-659135687,S3-948190559,S3-860953324,S3-441983270,S3-307915392,S3-189213083,S3-757493451,S3-169522525,S3-905608752,S2-959244434,S3-22595748,S3-216454169,S3-574670219,S3-561949674
S1-781931293	S2-614801148
S1-603442937	
S1-887095733	
S1-625960241	S2-61301390,S3-910648354,S2-345747158,S2-479398027,S3-37668346,S3-523743230,S2-332337466,S3-465908354,S3-277309835,S3-57918518,S3-354782633,S3-511385451,S3-198463156,S3-361038699
S1-178625152	
S1-650254962	S3-973323595,S3-778306007
S1-131694328	S3-850304794,S3-481451314,S3-344505989,S3-939427813,S2-676064998,S3-970772548,S3-856801219,S3-882926442,S2-432431860,S2-705266564
S1-556312606	S2-768311502,S2-448733775,S2-596268411,S2-149320319,S2-678599482,S2-384255338,S2-815397235,S2-498618273,S2-77698963
S1-72935581	S2-33565280,S2-193051075,S3-350132199,S3-588511311,S2-200850016,S3-20768276,S2-313023622,S2-290517294,S3-5048907,S2-235153819,S2-668257689,S2-897986442,S2-506278336,S2-876525729,S3-236237306,S2-182351316,S3-484366777,S2-100961527,S2-872974491,S2-454836919
S1-115859785	
S1-212871226	
S1-831927365	S3-181370008,S3-579034611,S3-79858839,S3-643270495,S3-968033432,S2-288645697,S3-197421206,S3-843782291,S2-452261578,S3-414687226,S2-668712336
S1-866010623	
S1-301025029	S3-440616564,S3-262576328,S3-352975238,S3-982039407,S3-621215313,S2-599115390,S3-859788905,S2-53385711,S3-778791117,S3-997919729,S2-884319178,S2-745822006,S3-150083649,S2-844274948,S2-822998453,S2-941264250,S2-596794688,S3-375272425,S2-242643209,S3-690638578,S3-112427783,S2-984183113,S3-749318541,S2-591649583,S2-735126619,S2-63254869,S3-786816070,S3-278280115,S2-680036486,S3-336656395,S2-647472626,S2-331908602,S2-503582163,S2-444056037
S1-26906339	S2-988393819
S1-11408993	S3-976557289,S2-831676387,S2-197541452,S3-703604992,S3-168476318,S3-222340676,S2-126034153,S2-512630762,S2-410989478,S3-625953358
S1-152581295	S3-116671839,S3-424861861
S1-80104790	S2-33565280,S2-573989519,S3-250342735,S2-363862503,S2-846100888,S3-5048907,S2-668257689,S2-257455501,S2-220868456,S2-815273801,S3-332221728,S2-850681390,S2-100961527,S2-872974491,S2-454836919,S3-52092253
S1-413390207	S3-707759349
S1-862338675	S3-129261544,S3-334451809
S1-511404000	
S1-150829563	
S1-680008372	S2-474048096,S3-306689701
S1-557547015	S3-69889650,S2-309036642,S3-41369159,S3-838325124
S1-427094761	S3-390788612,S3-830475941,S3-771332654,S3-14161700,S2-481493045,S3-899954733,S2-376286004,S3-35962365,S3-13718201,S3-769355954,S2-586567836
S1-218518704	
S1-864351797	
S1-856568333	S2-514458701
S1-342431665	S2-502712101,S2-385099535,S2-214014019,S2-309311409,S2-419974646,S2-741060453,S2-314706529,S2-243583566,S2-631336275,S2-715996788,S2-348904049,S2-558869912,S2-232469175,S2-35200360,S2-399796398,S2-315653214,S2-360902066,S2-627990516,S2-631117267,S2-534941235,S2-104460387,S2-397594965,S2-230023024,S2-298947828,S2-188504546,S2-303957323,S2-196706105,S2-597136350,S2-418186698,S2-334039946,S2-482058583,S2-235572855,S2-189030659,S2-449675768,S2-612884808,S2-531662579,S2-649262871,S2-171220932,S2-65553137
S1-614724462	S2-534941235,S2-268426319,S2-288415631,S2-608319748,S2-578558365,S2-330884939,S2-697380605,S2-775476037,S2-453970883,S2-185922453,S2-365406363,S2-465035826,S2-715996788,S2-426833194,S2-428218148,S2-315653214,S2-317629604,S2-69247117,S2-337372087,S2-452777265,S2-36636172,S2-502712101,S2-701702769,S2-309311409,S2-104374098,S2-418011073,S2-681989707,S2-299395099,S2-774080744,S2-191466839,S2-13281522,S2-243583566,S2-718584845,S2-153662148,S2-449675768,S2-631117267,S2-612884808,S2-531662579,S2-649262871,S2-171220932,S2-65553137,S2-150909928
S1-660096159	S2-487105579,S2-118402648,S2-167485587,S2-249632368,S2-770742526,S2-587227192,S2-534309499,S2-177777608,S2-110019645,S2-460464200
S1-442397151	
S1-896341705	S2-253327532
S1-938999895	
S1-472617841	S2-264840456
S1-143410687	S3-430583169
S1-16495540	S3-70122163,S3-344558612,S3-346018248,S2-935520230,S3-892707073,S2-224677205,S2-740144668,S3-570314281,S3-125065601,S3-325974964,S3-209690589,S2-96933811,S2-210983158,S2-716920209,S3-270035748,S3-157187789,S3-481954813,S3-651652843,S3-838325124
S1-981056708	S2-660992703,S2-742191837,S2-552285040,S2-581589381,S2-688422676,S2-12781223,S2-357528125,S2-766597723,S2-675822376,S2-20232043,S2-661128680,S2-160980423,S2-475245312,S2-105511417,S2-876318509,S2-256781534,S2-833292268,S2-709191556,S2-7686472,S2-870478627,S2-764332840,S2-706316678,S2-774512583,S2-385885387,S2-817680963,S2-229315248,S2-740925778,S2-791711694,S2-105719821,S2-735153377,S2-776722434,S2-333783469,S2-87690299
S1-549367027	
S1-422591448	S2-982719802,S3-199601548,S2-271818865,S2-320019107,S3-291419604,S2-106594291
S1-950606510	
S1-392902135	
S1-430997146	
S1-40162994	
S1-382648806	
S1-655057699	S2-36805689,S2-949795959,S3-359198260,S2-806572559,S2-279065349,S2-46988353,S2-592282952,S3-177814027,S2-276355156,S2-768669951
S1-455956522	
S1-23351404	
S1-875857983	S2-374274364,S2-687303897,S2-561689138,S2-835093454,S2-104020427,S2-584233447,S2-971140642,S2-686970157,S2-692627262,S2-289083322,S2-110325207,S2-656851742,S2-230837837,S2-607659618,S2-38660589,S2-625514721,S2-284084541,S2-575481946,S2-657611798,S2-47404315,S2-543152568,S2-54797206,S3-112064429,S2-69184579,S2-477076148,S2-397927479,S2-448514413,S2-232575239,S2-337192874,S3-125843914,S2-841383785
S1-248690018	
S1-169652675	
S1-994873821	
S1-322912139	
S1-279262514	
S1-704028597	S3-292601273
S1-461369552	S2-442141686
S1-464604663	
S1-437422427	S3-482673477,S3-381079405,S2-495798463,S2-981152606,S3-5621742,S3-738467723,S3-577906013,S2-200492834,S3-832261906,S3-759564403,S3-853812967,S3-439732123,S2-213677366,S2-155568776,S3-712654785,S3-802082874,S3-825770691,S2-196620491
S1-778830470	S2-284919985,S2-406309842
S1-359147896	S3-933512031,S2-915483935,S3-667168392,S2-714416965,S3-40060015
S1-553542139	S2-385676064,S2-418643540,S2-773546208,S2-450211512,S2-514238372,S2-521735018,S2-683700380,S2-819043456,S2-703218436,S2-528025382,S2-50564377,S2-789306297,S2-815397235,S2-77698963,S2-498618273
S1-890991991	
S1-229555888	S3-80734873,S2-152967110
S1-112602031	S2-851477075,S2-332989807,S2-702618819,S2-354953965,S2-527339054,S2-701012793,S2-650583,S2-200405042,S2-539699728,S2-736585370,S2-582930260,S2-551591758,S2-145418741,S2-431435374,S2-707882915,S2-845723562,S2-262413466,S2-662994229,S2-569438165
S1-60874124	S3-313819599
S1-176371732	
S1-113919130	
S1-444583674	
S1-366281747	
S1-365587563	S2-951291978,S3-426047142,S3-511423182,S3-869864247,S3-395951421,S3-802789763,S2-671293655,S2-642612633,S2-719282244,S3-77376902
S1-180853590	S2-613234078,S2-349099978,S2-732841364,S2-763669874,S2-321681577,S2-243902755,S2-261879080,S2-23492265,S2-590761669,S2-702267609,S2-305315061,S2-38509651,S2-847167076,S2-860290832,S2-961584157,S2-487061741,S2-954673307,S2-760385237,S2-567353185,S2-863284280,S2-609467766,S2-520773188,S2-513462410,S2-357585176,S2-96000429,S2-737311826,S2-390913332,S2-43553563,S2-43320510,S2-729198204,S2-85113215,S2-12169707,S2-211081757,S2-590885672,S2-785246908,S2-312033050,S2-204923015,S2-924091320,S2-960497500,S2-799647940,S2-799021792,S2-633078778,S2-671124898,S2-359579050,S2-762254064
S1-515592220	S3-563320487
S1-426309016	S3-396734288,S2-399409424,S2-787743405
S1-499583379	
S1-764005774	S2-550703794,S2-124414462,S2-328251975,S2-929086167,S3-264465394,S3-435188247,S3-792635477,S3-165300869
S1-269039848	S3-643169005,S2-495056494,S3-216122075,S3-696056838,S2-417049933,S2-174531523,S2-439246283
S1-893159896	S3-730371160
S1-990996106	
S1-242385665	
S1-992802284	S2-700095711,S3-398909534
S1-185757923	
S1-651461723	
S1-911663813	S2-858358476,S3-706084119,S2-932788655,S3-630331250,S3-246611007
S1-953369117	
S1-813982000	S2-213711767,S3-581095226,S3-771795518,S3-512926576,S2-481493045,S2-787156822,S3-14161700,S3-129445997,S3-899954733,S2-965171829,S3-952759495,S3-520134808
S1-724752961	S2-132745499,S2-868071065,S2-575707861,S2-820815336
S1-899992624	S2-271648720,S2-902752675,S2-663499114,S2-824971526,S2-483890899,S2-766333269,S2-873947164,S2-179933918
S1-511355563	S2-116470012,S3-370404267,S3-180480124,S2-651183361,S3-415765710,S3-550088801,S3-281859755,S2-369786317,S2-157266239
S1-913982291	S3-996285698
S1-977704542	S3-341747145,S2-153647290,S2-342252160,S2-874792632,S2-782487083,S2-389698795,S3-615568576,S3-129634846
S1-698069196	
S1-40889437	
S1-593073622	S2-827354151,S2-273809839,S2-102312105
S1-403174703	
S1-309096254	
S1-977177696	
S1-760830552	
S1-99336023	
S1-858511549	S2-404336087,S3-809243427,S3-843782291,S3-918047298
S1-589634567	
S1-578201761	S2-243257326,S3-720383227,S2-780212058,S2-425050691,S3-939562681,S3-133696919,S2-735043049,S3-913468065,S2-325467676,S3-998228101,S2-432782092,S2-837097551,S2-245775011,S2-394382508,S3-695016187,S2-221510261,S3-514581778
S1-185573169	S2-972478200,S3-35945424,S3-955234150,S2-665889889,S3-400718177
S1-716911580	
S1-594414079	
S1-462304892	S2-508605726,S3-63381468
S1-494967235	S3-804220708
S1-956521628	S3-69311995,S2-767930377,S2-723370503,S2-430289783,S2-236178281
S1-355277112	
S1-606531358	
S1-101153630	S2-550369289,S3-137774985
S1-262792319	
S1-917906961	S2-453200757
S1-756273602	
S1-75650273	S2-327426931,S2-669423393,S2-585483606,S2-648006387,S2-819424842,S2-354668833,S2-774116008,S2-460498193,S2-641514822,S2-329159982,S2-196529174,S2-501200909,S2-606085469,S2-22851635,S2-286866018,S2-829184987,S2-628078119,S2-727306054,S2-405701199,S2-71670232,S2-332016410,S2-591032606
S1-170266005	
S1-801330227	S3-633002419,S3-541114590
S1-599820534	
S1-27364218	
S1-371227242	
S1-554902174	
S1-385082068	S3-730576590,S3-296375987,S3-718829720,S2-802670510,S3-661962385,S3-319640393,S3-42150415,S3-844054592
S1-886943576	
S1-634138699	
S1-85371827	S2-396599399,S3-777457069
S1-596973948	
S1-501252929	S2-774424755,S3-594128269,S3-953644271,S2-643188975,S2-172659489,S3-543504031,S3-102693404,S3-974419359,S2-383368593,S2-507481655,S3-158479579,S3-148506496,S2-435086058,S3-198865788,S2-494224415,S3-128503790,S2-757944179,S3-109494748,S3-571754888,S3-442160789,S2-791125743,S3-78708881,S2-374694927,S3-461726279,S2-727828977
S1-284475377	
S1-149653660	
S1-440809279	S2-780050080,S3-139315478,S3-373603284,S3-792739406,S2-796452919,S2-634518520
S1-860814611	
S1-408617772	S3-983915680,S3-630331250,S2-418965553
S1-483371695	
S1-278302140	
S1-382435344	S2-95074262,S2-520985670,S2-527535505,S2-178367478,S2-997681197,S2-316554535,S2-522425265,S2-455306622,S2-113599171,S2-439587113,S2-431800852,S2-258514425,S3-151781408,S2-132994014,S3-209963620,S2-667289877,S2-373455256,S2-427952917,S2-454250437,S2-635069132,S2-502869154,S2-418127332,S2-944471925
S1-749693622	
S1-234200441	S3-679476253
S1-106999917	S2-792409759,S2-954759043
S1-834788095	S3-959670949,S2-211400734
S1-726402053	S2-468248748,S2-230438494,S2-158817880
S1-123141974	S3-399219984
S1-394340130	S3-183141715,S3-752580302,S3-328149806,S3-856081929,S3-481247345,S2-458816625,S3-622740743
S1-41619373	
S1-729633028	S2-254977967,S3-227099960,S2-549245286,S3-264947730,S2-380757521,S2-109407247,S2-638972720,S2-265362621,S2-121809462,S2-294617027,S2-743086829,S3-478740633,S2-155633699,S3-132568872,S3-351079205,S2-112531767,S3-448859321
S1-773320212	
S1-92194053	
S1-274444154	S3-141412884,S2-813290201,S2-467877840,S2-841219512,S2-550120604
S1-773761679	S3-884440519,S3-860338090,S3-171799115,S2-526795754,S3-302390148,S2-328716317,S3-210957363,S2-249168069,S3-222433161,S2-643406207,S3-183476215,S2-49282451,S3-934716079,S3-355886497,S2-216291150,S2-617915628,S3-154048776,S2-267256465,S3-968759620,S3-609327282,S2-838624523,S3-274359162,S3-245937115,S2-277127041,S3-249629497,S2-43409198,S2-905043820,S2-927514353,S2-399340996,S3-927467351,S3-768574490,S3-416325464,S2-160201160,S2-326708787,S3-174501981,S3-365206497,S2-638146969,S2-697329617,S3-32008713,S3-543233507,S2-633951497,S2-489977947,S3-489369298,S2-553993025,S2-50700669,S2-599619364,S2-775200877,S2-159748356,S3-163287721,S3-665539695,S2-432895507,S3-327814015,S2-726231264,S3-176725575,S3-653095708,S2-22414693,S3-921065147,S3-423839474,S2-79106063,S2-481308310,S3-408777960,S2-589784611
S1-886782907	S3-4854989,S2-858456580,S2-484012650,S2-348517588
S1-987779515	
S1-688943895	
S1-341506266	S3-774589194,S3-279827193,S3-965513436,S3-103606400,S2-351273919,S2-971370426,S2-780975437,S2-658686991,S2-885240720,S3-863205624,S2-74112961,S3-901939128,S3-425489245,S3-675874546,S2-512497628,S2-488253410,S2-806607177,S3-682211203,S2-630013368,S3-879876556,S3-862124024,S3-998804228,S3-132310925,S2-464343901,S2-601272845,S3-361994682
S1-269676422	
S1-647273597	
S1-858093716	S2-535754196,S2-608429245,S3-479239684
S1-233584777	
S1-304297041	S3-856081929,S3-701536527
S1-480482281	S3-1892789,S2-781063041,S3-291419604,S3-31900788
S1-754988004	S2-227994730,S2-582518302,S2-923054166,S2-31615763,S2-316682952,S2-557125154,S2-110811145,S2-772947358,S2-723621095,S2-648362230,S2-771095253,S2-578945271,S2-705900701,S2-79166589,S2-245107820,S2-458831613,S2-853572898,S2-183092653,S2-139963838,S2-307972559,S2-481493872,S2-908510616,S2-526295217,S2-487927714,S2-893479463,S2-73254796,S2-939667642,S2-168670799,S2-686979274,S2-57057245,S2-858990971,S2-324608552,S2-714227580,S2-229685438,S2-299820792,S2-43175471,S2-150130644,S2-590537855,S2-77681723,S2-317387421,S2-80934192,S2-259754115,S2-404951487,S2-267907355,S2-690127271,S2-728389979,S2-562681799
S1-760758927	
S1-704322291	S3-143366416,S3-746108894
S1-997853874	S2-236370351,S3-665340122,S2-595535523,S2-204756856,S3-335623227,S2-749722281,S2-774948616
S1-311090979	S3-836475504
S1-236336419	S3-656846796,S2-409511676,S3-331754967,S2-523354532
S1-311200383	S2-418095757,S3-344132648,S2-101914658
S1-380094562	S2-567794297,S2-515455468,S2-591072126,S3-167377812,S2-307853916,S2-971327684,S2-443569378,S2-474701239,S2-229623554,S3-203075051,S2-365423335,S2-486548125,S2-827562037,S2-434030717,S2-249089300,S2-548904273,S2-322707527,S2-455456848,S2-975011984,S2-985670014,S2-778256508,S2-33142941
S1-961723116	S2-626598904,S2-787233329,S2-381469359,S2-339363898,S2-357270977,S3-73319866,S2-237226842,S2-322991723,S2-196859247
S1-739195544	
S1-677633780	S2-965129533,S2-963782695
S1-387390135	
S1-275228042	S2-346144327,S2-213622611,S2-265512927,S2-553376874,S2-805177125,S2-134174164,S2-729248592,S2-900964578,S2-290575653,S2-686979274,S2-893395111,S2-83685207,S2-168670799,S2-307972559,S2-640383095,S2-399619492,S2-916507935,S2-602084524,S2-458831613,S2-578945271,S2-183092653,S2-897926102,S2-629298928,S2-100325825,S2-140367881,S2-648362230,S2-853572898,S2-487927714,S2-57057245,S2-481493872,S2-908510616,S2-316682952,S2-159689608,S2-151325321,S2-722947711,S2-267907355,S2-922575892,S2-577331856,S2-87232873,S2-590537855,S2-192909287,S2-209393081,S2-728389979,S2-690127271,S2-562681799
S1-894321687	S2-671256142
S1-433993741	
S1-93708993	S3-153100525,S2-899226766,S2-451578762,S2-530107528,S3-361563434,S2-659567543,S3-315649114,S2-252678611,S2-826552067,S2-358843340
S1-903445032	
S1-677157125	S3-590434670,S2-122016488,S2-982677949,S3-218999117,S2-236320919,S3-915933899,S2-148175247,S2-803426478,S3-957867193,S3-235056511,S3-640410970,S2-347068899,S3-275717733,S2-213160343,S3-603915109,S3-714314807,S2-718356064,S2-769602975,S2-969217073,S3-9959896
S1-803867952	
S1-561692020	S3-672854413,S3-780628497,S3-350370260,S3-538530557,S3-259628603,S3-659303460,S3-813129692,S2-681887266,S3-254405024,S2-833459225,S3-941856687,S2-789467448,S2-650140311,S3-243758371
S1-769732528	S3-96152763,S2-965240012,S2-105732154,S2-83232593,S2-90449558,S2-390228284,S2-197625341,S2-83676479,S2-60219940,S2-693219987,S2-408074053,S2-323015893,S3-619658095,S2-264471824,S2-552428086,S2-254246923,S2-899234382,S2-209013801,S3-198531762,S2-73305400,S2-951699064,S2-95522956,S3-340406137,S3-490941185,S3-411501971,S2-300083728,S3-124815563,S3-424354096,S3-307706042,S3-601372818,S3-341467352,S3-793692457,S3-83930885,S2-153036511,S2-362214555,S2-913289229
S1-333358493	S3-276463686,S3-233662492,S2-126003635,S2-591917309,S2-350072723,S2-908747268
S1-208167915	
S1-928870866	
S1-89687386	S2-327985597,S3-652584249,S3-386176782,S3-389335587
S1-370614807	S2-351531383,S2-995711044,S2-196255237,S2-717525852,S2-400475515,S2-334917739
S1-334098726	
S1-860665112	
S1-117858081	S3-779481461,S3-670725271,S3-834118895,S3-489996132,S2-905949571,S2-682294868,S3-934449620,S3-347049544,S3-652733194,S2-49017126,S2-752364650,S3-223417921
S1-944430830	S2-247237153,S3-438245278,S2-535121731,S2-813306513,S3-425118020,S2-94963340,S3-630331250,S2-418965553,S3-759403145,S3-108508219,S3-674236940,S2-654503539,S2-270266405
S1-485485559	
S1-329333457	
S1-312818746	S3-541936564,S3-844239361,S3-536522870,S3-799633693,S2-544590949,S2-637558308
S1-261532491	
S1-475781663	
S1-771165668	S3-141412884,S2-467877840,S2-813290201,S2-870964798,S3-292651605,S3-194972003
S1-522136036	
S1-151876445	
S1-581586592	
S1-207538428	
S1-305108568	
S1-56520129	S3-196854838
S1-240055457	S3-23029872,S2-373617389,S3-885559199,S2-758524659,S3-778750160,S3-910115903,S3-136786760,S3-356139973,S3-96148151,S3-199124157,S2-691192967,S3-73534930,S3-742095241,S2-35456195,S2-430355611,S2-711150036
S1-16731339	S2-365747937,S2-745961547,S2-11751224,S2-861703180,S2-721865466,S2-441057858,S2-516317754,S2-821272890
S1-328164935	S3-941562709,S3-597813082
S1-526877226	
S1-981440385	
S1-25300635	S3-228183317
S1-388325812	S3-131944817,S2-132921311,S3-650520357,S3-484011477,S2-310138704,S2-91272411,S3-538686473,S3-738893082,S2-291708882,S2-676664537,S2-617928085,S2-504728736,S2-397389697,S3-76664218,S3-621183749,S2-580996833,S3-215447359,S2-252678433,S3-428933920,S2-527566905,S3-24177962,S2-326693956,S2-458487598,S3-456134913,S2-204665869,S3-396563935,S3-935530880,S3-667909424,S3-487729231
S1-536770526	S2-438997753,S2-951124941,S2-920658932,S2-713657075
S1-227041360	
S1-16839245	S2-414289747,S2-61106768,S3-517044292,S2-570349545,S3-154502650,S3-860068480,S2-24007716,S3-425123288,S2-237036395,S3-945492813,S2-550162930,S2-802657088,S3-331259361,S3-264357242,S3-606187592,S2-250377349,S2-494988674,S2-135342120,S3-285262937,S2-430311666,S2-394431750
S1-724256332	S3-474580513,S2-33565280,S3-350132199,S3-385286948,S3-26392582,S3-308879295,S2-402748029,S2-573989519,S2-196069738,S2-54120441,S2-784158407,S3-536114467,S2-904739176,S2-193051075,S2-296955260,S3-363424991,S2-173844591,S3-20768276,S2-200850016,S2-876525729,S2-529594124,S2-811696175,S2-897986442,S3-236237306,S2-224114628,S3-549481966,S3-210497867,S3-591562825,S2-958355416,S3-275732608,S2-100961527,S2-872974491,S2-454836919,S3-11711086,S2-230419769
S1-633109512	
S1-811584019	S2-347720970,S2-848833722,S2-1458393,S2-96305618,S3-170824418,S3-110252160,S2-216860121,S2-84065029,S2-142650576
S1-457275113	
S1-700681666	S2-792339560,S2-686689195,S2-33517907,S2-355731695,S3-423735200,S3-221789026,S3-429163108,S2-838161675
S1-580992307	S3-719259462,S3-950695676,S3-858173280,S3-382707141,S2-495282337,S3-462175619,S3-895182734,S3-536614204,S3-789762965,S2-891524473,S3-68560638,S3-504836312,S3-743950165,S3-872904624
S1-378535168	S3-570664796,S3-452184612,S3-281106844,S3-19354941,S3-539250403,S2-522687850,S3-830852444
S1-427785947	
S1-317420934	
S1-121839562	S2-639224330,S3-214537213,S3-431156400,S2-855257329
S1-151073973	S2-837125146,S3-853831169
S1-778126298	S3-78856774,S3-339130440,S2-301369150
S1-238115724	
S1-53816260	
S1-641249328	S2-804664182
S1-804870663	S2-910543443
S1-460133008	
S1-27379226	S2-144118900,S2-253274313,S3-238788200,S2-824918547,S3-754350757,S2-656090889,S3-511814091,S2-185187345,S3-882783617,S2-993473021
S1-998203077	S2-713711113
S1-65720315	S2-27538782,S2-151053007,S2-220200394,S2-718397250,S2-31936374,S2-22402506,S2-326501256,S2-627097554,S2-886370766,S2-294229704,S2-903338907,S2-597904952,S2-499246395,S2-903095160,S2-105233743,S2-817768979,S2-81527473,S2-651193172,S2-135119653,S2-131153421,S2-611980199,S2-262651627,S2-415804091,S2-549490617,S2-589709931,S2-616455580
S1-909532705	S3-316090976
S1-545750994	S3-650836837,S2-851752978,S3-943334571,S3-370387661
S1-745303317	S3-965132294,S3-406025327,S2-431385716,S2-91925773,S2-612143132,S3-96427963,S3-95052642,S3-152087115,S3-271229062,S2-257105010,S2-994312249,S2-966925733,S3-991117579,S2-694484975,S2-715924933,S2-926325989,S2-246957752,S2-471818292,S2-128582053,S3-458593011,S3-864083522,S3-452235856,S3-36697401,S2-889380015,S2-265219209,S2-687769294,S3-794607163,S3-958342195,S2-486678631,S3-829945290,S3-253812746,S2-847626586,S3-273012241,S3-89090587,S2-849337992,S3-822809241,S3-932072830
S1-621720885	S2-188069479,S2-979224958,S2-728944535,S3-207943579,S3-938026284,S2-617700398,S2-36076818,S2-834056061,S2-843117095,S2-569320888,S2-437824348,S3-226370125,S3-612034004,S2-52191434,S2-850338675,S2-455157183,S2-142179700,S2-991799043,S2-579999215,S2-506398801,S2-590755452,S2-962295405,S2-357532438,S3-123185079,S3-863002117,S3-276213813,S3-706610115,S3-123893258,S3-196571424
S1-288289839	
S1-426712787	
S1-17573606	S3-558955637,S2-958489993,S2-983162638,S3-702728385,S3-193622652,S2-6530182,S3-330916928,S2-139475461,S3-448684763,S2-94885624,S3-396011712,S2-859269439,S2-687210829,S2-282985679,S2-963403578,S2-740592581,S3-807616297,S2-588960679,S2-242337301,S2-877838686,S3-128573256
S1-209962563	S3-937803083,S3-563312993,S3-679473643,S2-259558151,S2-11843593,S2-927684423,S3-753948572,S2-570519303,S2-841611176,S2-273260986,S2-105987335
S1-151956591	
S1-49201808	
S1-712202182	S2-203250474,S2-15045692,S2-844984869,S2-701125090,S2-830207692,S2-158049736,S2-157661838,S2-313984536,S2-237780269,S2-823529389,S2-24246960,S2-911458577,S2-272800175,S2-506710495,S2-266144148,S2-379917486,S2-22164316,S2-709826429,S2-381231139,S2-916410267,S2-182304120,S2-397619252,S2-649384751,S2-841119001,S2-908424011,S2-860073448,S2-806468917,S2-26500789,S2-912528411,S2-195006764,S2-782343040,S2-759917947,S2-938297699,S2-836747571,S2-525862775,S2-432341031
S1-694786973	
S1-629550667	S2-119778523,S2-960574039,S2-404808019,S2-950057823
S1-764521587	
S1-261777340	
S1-159294235	S2-152967110
S1-132535915	S2-631999902,S3-136184348,S3-678929555,S3-568305051,S2-250884064,S3-534929089,S3-63068061
S1-411184751	S2-227994730,S2-582518302,S2-31615763,S2-527245953,S2-316682952,S2-578945271,S2-183092653,S2-57057245,S2-168670799,S2-110811145,S2-481493872,S2-908510616,S2-686979274,S2-853572898,S2-487927714,S2-307972559,S2-771095253,S2-139963838,S2-648362230,S2-73254796,S2-245107820,S2-939667642,S2-502975737,S2-869458921,S2-108412128,S2-198351465,S2-733928043,S2-590537855,S2-919068154,S2-307974036,S2-121165186,S2-505529032,S2-641597062,S2-74264214,S2-841389317,S2-891724637,S2-463324164,S2-916507935,S2-224093491,S2-404951487,S2-267907355,S2-690127271,S2-728389979,S2-562681799
S1-736761428	S2-318918653,S3-322789331,S2-824518481,S3-938970668,S3-8958827,S2-502946548,S3-300235871,S2-301349190
S1-997225529	
S1-769228954	
S1-311847071	S2-978019609,S2-159561914,S3-458902488,S3-200116838
S1-285766850	
S1-672054428	S3-853717143,S3-636851143,S3-843358137,S3-710246281,S3-476334312,S2-699485667,S3-882373206,S3-688033929
S1-636300381	
S1-760271020	S3-205718832,S2-175166551,S2-637032404,S2-261423486,S2-976934237,S3-181160897,S2-124900423,S2-144078054,S2-35839518,S2-564661392,S2-947270640,S2-281148479,S2-626179735,S2-927586314,S2-556986084,S2-822663550,S2-483223434
S1-867883902	S2-132745499,S2-845356962,S2-733684215,S2-590611348,S2-58519915,S2-819959602,S2-713706868,S2-910292790,S2-631273230,S2-384797760,S2-759683786,S2-575707861,S2-820815336
S1-439990641	
S1-209847999	S2-806426504,S2-661268851,S2-357135493,S2-616082483,S2-272800175,S2-397619252,S2-649384751,S2-841119001,S2-379917486,S2-823529389,S2-266144148,S2-758112627,S2-10763922,S2-506710495,S2-22164316,S2-790234687,S2-15045692,S2-698328473,S2-701125090,S2-157443642,S2-26500789,S2-912528411,S2-478485264,S2-897299394,S2-996819000,S2-974804313,S2-165303940,S2-117396409,S2-30031359,S2-596145832,S2-816550570,S2-860073448,S2-195006764,S2-782343040,S2-432341031,S2-867098208,S2-759917947,S2-836747571,S2-938297699,S2-525862775
S1-145391673	S3-575947798
S1-722474843	
S1-74901450	S3-724843027,S2-898637428,S3-720167879,S3-347049544
S1-968619405	
S1-249796146	S3-26551225,S2-129080100,S2-597341602,S3-238323475,S2-523858442,S2-858008989,S2-964865821,S2-963834064,S2-988523912,S2-822582739,S2-570989729,S2-337628595,S2-455080842,S2-721973916,S2-569017480,S3-159352258,S3-237758574,S2-749106032,S3-131500854,S3-156763520,S3-107058137,S3-223861841,S2-896264951,S2-62092247,S2-291635456,S2-675989169,S2-63004297,S2-394189263,S2-492944301,S2-480177776
S1-209332598	
S1-694624133	S3-361147727,S3-910648354,S3-465908354,S3-37668346,S3-754720870,S3-194139699,S3-780469457,S2-77281657,S3-379020084,S3-144807473,S3-391842415,S2-332139199,S2-479398027,S2-496269313,S3-833108630,S3-198463156,S3-511385451,S3-361038699
S1-188681702	
S1-893947454	S2-8891417,S2-250632157,S2-803156010,S2-908424011,S2-226778935,S2-295471848,S2-61701160,S2-911458577,S2-823529389,S2-115339483,S2-379917486,S2-266144148,S2-272800175,S2-758112627,S2-486938194,S2-782343040,S2-959204099,S2-809090767,S2-860073448,S2-272644337,S2-195006764,S2-990922559,S2-816550570,S2-654068150,S2-499600233,S2-759917947,S2-938297699,S2-836747571,S2-525862775,S2-432341031
S1-19438603	S2-386237704,S2-798245671,S2-563079744,S2-745852168,S3-375541148,S3-15509962,S3-840582155
S1-210502292	S3-374393279,S3-703064442
S1-463548524	S2-215181478,S2-288645697,S3-197421206,S3-850479886,S3-277871164
S1-544334583	
S1-82053739	S3-103386833,S3-559521945,S3-800559914,S3-499235055,S3-851766303,S3-779486588,S2-642148663,S3-709653223,S2-923000109,S3-403974764,S2-239918057
S1-928564604	
S1-178166333	
S1-199582884	S3-187324385,S3-83391137
S1-852563334	S2-797243298,S2-828407985,S2-706770439,S2-399373485,S2-502268839,S2-770310003,S2-259549417,S2-413044152,S2-80754123,S2-377323803,S2-810427397,S2-591355094,S2-644432152,S2-4003108,S2-266941210,S2-520230091,S2-567776428,S2-184483852,S2-589465549,S2-543882093,S2-126853467,S2-856413877,S2-889754712,S2-205198310
S1-18076290	
S1-838617018	
S1-451635268	S2-114677078,S3-658848610,S2-138691471,S2-340900096,S3-606621203,S2-502848035,S2-914937376,S2-199776435,S3-826742196,S2-507861454,S2-402077733,S2-857226771,S2-366602597,S3-678007093,S3-121619287
S1-272024750	S3-301936604,S3-857476897,S3-754891034,S3-330229788,S2-528747871,S3-498383391,S2-14121486,S2-517883361,S3-670562561,S3-313202655,S2-898639001,S3-246627808,S3-19532573,S3-887585026,S2-357383469,S3-967225191,S2-308550268,S3-402090389,S2-976184116,S2-167390278,S3-902204577,S2-915374430,S2-482685679,S3-327129141,S2-324738528,S2-231159023,S2-879615919,S2-264602129,S2-571813299,S2-741216814
S1-335551030	
S1-334816441	S2-915721206
S1-206894799	S3-222453609,S2-100353798,S2-14610811,S2-737791349,S3-452919950,S3-769630687,S3-27940543,S3-412212897,S3-654815193,S2-53274973
S1-698564395	S2-560383408,S2-200677689,S2-196256029,S2-508589022,S2-955666537,S2-89415894,S2-216766918,S2-866696707,S2-308833655,S2-562467537,S2-119045115,S2-970587697,S2-50930276,S2-269517408,S3-303645750,S2-644216795,S2-216784937,S2-127284995,S2-588536573,S3-120682093,S2-261526984,S2-107354533,S2-116143022
S1-905507550	S2-606085469,S2-2169667,S2-44441743,S2-661691163,S2-449123110,S2-136894372,S2-720201856,S2-35761716,S2-293365442,S2-598228240,S2-442039563,S2-260426871,S2-454801715,S2-641514822,S2-628078119,S2-774116008,S2-332016410,S2-715162081,S2-591032606,S2-727306054,S2-71670232,S2-405701199
S1-955198371	
S1-649506567	S2-116253089,S2-189295417,S3-478740633,S2-155633699
S1-683697428	
S1-549896019	
S1-903808834	
S1-338717231	
S1-245736163	S3-606580559,S3-853087291,S3-716469844,S3-535013483,S2-590932286,S2-234824184,S2-34018832,S2-252165195,S3-977702680,S3-928768337,S3-409435933,S2-750522226,S3-309264131
S1-321334002	
S1-235913521	
S1-295919264	
S1-265509045	S2-533963641
S1-687939454	S3-911691263
S1-524979710	S3-360821584,S3-686648670,S3-634795032
S1-94297591	S2-638844289,S2-158296367
S1-879885417	S2-181132593,S2-637346118,S2-696403920,S2-444769081,S2-773950270,S2-51655128,S2-564791065,S2-112757578
S1-686668008	
S1-14671216	S2-550369289,S3-305107495,S2-196278627,S2-440850141
S1-443552476	
S1-429488521	
S1-847308349	
S1-523012308	S2-633950368,S3-144241652
S1-692873580	
S1-632216186	S3-452988368,S3-784360733,S3-241759217,S3-991299144,S3-355011991,S2-311185252
S1-353948236	S2-441057858,S2-821272890,S2-366517115
S1-216511119	S3-601740692,S2-355105041,S3-557296941,S2-735804688,S3-248318994,S2-46248579,S3-740646670,S2-433282618
S1-452657220	S3-493889505,S2-484121890,S3-475245485,S2-215804113,S2-528033198,S2-655460329,S2-502073200,S2-100961527,S2-872974491,S2-454836919
S1-551615800	S2-22425553,S2-352000508
S1-974991176	
S1-645713459	S3-951435038
S1-565144955	S2-322490928,S2-646927844,S2-610320448,S2-283773400,S2-660240305,S2-528379757,S2-573094730,S2-914824440
S1-522031890	
S1-616272752	S2-374274364,S2-745250456,S2-479863886,S2-923045953,S2-98934896,S2-657611798,S2-119041137,S2-47404315,S2-182268856,S2-792108129,S2-824663326,S2-890217174,S2-396541025,S2-717823666,S2-994957072,S2-54797206,S2-477076148,S3-112064429,S2-69184579,S2-448514413,S2-397927479,S2-232575239,S3-126939583,S2-841383785
S1-151372454	S3-536179430,S2-55762092
S1-48208904	
S1-783570816	S2-716460436
S1-883170277	S2-342526911
S1-649791757	
S1-711177196	
S1-755900339	S3-457585593,S2-374169593,S3-793995349,S2-358179648,S3-475760390,S2-649473399,S2-395002888,S2-145509280,S2-629926465,S3-72203824,S3-591436610
S1-423561595	S2-804971765,S2-922150401
S1-502344644	S2-598988093
S1-297177071	S3-483645231,S2-381552488,S2-33517329
S1-523284841	S2-581645518,S2-610259986,S2-242107029,S2-43926516,S2-582015598,S2-580455199,S2-731762629,S2-790840546,S2-217368413,S2-561739221,S2-732475597,S2-483231444,S2-853483077,S2-707364299,S2-442902415,S2-479285528,S2-442722130,S2-817554779,S2-114968985,S2-502667533,S2-122140775,S2-23474383,S2-236231730,S2-875930539,S2-725477472,S2-591212513,S2-778566089,S2-600127521,S2-418094986,S2-476290049,S2-337468809,S2-681941147,S2-651885552,S2-691718681,S2-287660910,S2-833227877,S2-153325227,S2-293972182,S2-307595290,S2-287836977,S2-101677614,S2-893048055,S2-455999140
S1-993226934	
S1-47431587	
S1-899464369	S2-294713569
S1-607648222	
S1-99155755	S2-23273229,S2-943881097,S2-643942875,S3-109324671,S2-736005965,S2-347453659,S2-222518039,S2-768669951,S2-276355156
S1-636418528	S3-342273635,S3-23464459,S3-427067506,S2-189305291,S2-654605148,S2-703292964,S3-316525262,S3-404430564,S2-476530033,S3-339586876,S2-415939636,S2-902129089,S3-609383676,S2-181462484,S2-966408556,S3-136697891,S3-453027795,S2-907140863,S2-271977158,S2-303277384,S3-879176039,S3-745501631,S2-704107214,S2-285229383,S2-833783595,S2-121867875
S1-899782554	
S1-778881245	S2-693379533,S2-475982006,S2-21517183,S2-104470014,S3-766150583,S3-214056750
S1-857492811	
S1-447325544	
S1-631432902	S3-70309675,S3-201730819,S3-946735227,S2-601295765,S2-920233550,S3-390576843,S3-113077726,S2-973739655,S3-75934249
S1-700815000	S3-530049938,S2-301873440,S2-312943346,S2-341379175,S3-550195691,S3-296553225,S2-802891334,S3-368634967,S3-45683543,S2-250819964,S3-358351043,S3-394101346,S2-465092069,S2-499138211,S3-299041136,S3-410605071,S2-737450884,S2-308942961,S2-428382682,S3-840962364,S2-563851091,S2-203737730
S1-751608780	
S1-732931854	S3-318195769,S3-203982286,S2-595041353,S2-463989480,S2-390872262,S2-980392060,S3-46725398,S3-375326537,S2-279702587,S3-665528170,S3-341928276,S2-244371401,S2-552574908,S2-172329975,S2-130820531,S3-362017747,S3-109488661,S2-391063710,S2-375041931,S2-556570283,S2-962975572,S2-707834389,S2-968869774,S2-737166476,S2-558248173,S3-65874695,S2-900182532,S3-590024645,S2-629292074,S2-142543389,S3-363650733,S3-358809868,S3-27338974
S1-537944284	
S1-169008536	S3-193197865,S2-260479503,S3-780130629,S3-843358137,S3-636851143,S3-207715878,S3-90643255,S3-991992721,S3-688033929
S1-621116252	
S1-868725761	
S1-178843203	S3-680473034,S3-95984355,S3-845681821,S2-24840953,S2-766944791,S3-178489141,S2-91252658,S3-910766186,S3-662282103,S2-12775029,S3-59386836,S2-764244831,S3-883753566,S3-17805189,S3-874720,S3-614137179,S2-898015928,S3-968525873,S2-198910526,S2-363551450,S2-717299972,S3-366461448,S2-891161638,S3-981409157,S3-640916805,S2-552410705,S2-901958760,S3-205739515,S3-306959817,S2-33278727,S2-916000601,S2-686087587,S2-369364945,S3-372279776,S3-524887683,S3-314096113,S3-823588430,S3-417094887
S1-980320825	S3-239835293,S2-548126035,S2-194182221,S3-344337642,S3-245427606,S2-87029664,S2-660426546
S1-158546157	S3-813459450,S2-500991462
S1-204656333	
S1-787720074	S2-830257984,S2-735947723,S2-195122722,S2-526399876,S2-189283488,S2-935199945,S2-36905992
S1-790336857	S3-563971708
S1-182354386	
S1-439105833	S3-105509027,S3-747100244,S3-742429916,S2-681735189,S3-423785297,S2-526870768,S3-868001392,S3-713330297,S2-429380206,S3-157535616,S2-274845900,S2-564455847,S3-11322090,S2-713411695,S3-32751379,S3-444573771,S3-550108327,S3-711377319,S3-29055209,S3-487972181,S3-277063820,S2-767780438,S3-294797766,S2-96395256,S3-880536005,S3-763321285
S1-666560912	
S1-68845784	
S1-737696216	S2-444582508,S3-225939276,S2-39185629
S1-681190342	S2-527208784,S3-958916242,S2-139063576,S2-294164481,S3-600114866,S2-754171782,S2-250204631,S3-115016831,S3-683514148,S3-772682892,S2-555512633,S3-975737769,S3-694412480,S2-591119790,S3-87559315
S1-972813913	S3-279125295,S3-681495843,S2-678758834,S3-790083222,S2-373006692,S3-373670217,S3-418637575,S3-173469938,S3-388848
S1-778096501	S3-58947233
S1-621488405	
S1-546027012	
S1-161694437	S3-198531762,S2-197625341,S2-83676479,S2-965240012,S2-693219987,S2-105732154,S2-390228284,S2-552428086,S2-899234382,S2-264471824,S2-73305400,S2-951699064,S2-95522956,S2-323015893,S3-619658095,S2-83232593,S3-601372818,S2-90449558,S2-408074053,S3-96152763,S2-60219940,S3-711714455,S3-424354096,S2-63319373,S3-411501971,S3-490941185,S2-300083728,S2-494346051,S2-153036511,S2-362214555
S1-801935985	S3-470814254,S2-690266771,S2-281313023,S3-587155072,S3-763627629,S3-179371351,S2-6582113,S2-924739400,S2-279177404,S3-349543889,S3-961664253,S2-89738639,S3-985910483,S3-489732004,S2-677218888,S3-6971930,S3-146067013,S3-363176495
S1-376155102	S2-320148131
S1-969887026	S2-128641711,S3-299186805,S3-81528614,S3-967526746,S3-527968060,S3-571205874,S3-377934978,S3-597400262
S1-359565833	S2-249905850,S2-644835858,S3-890034362,S2-300838785,S2-190247723
S1-325087585	S3-290790462,S3-293771553,S2-531389178,S2-154773553,S2-118368734,S2-405317804,S2-635612978,S2-490813748,S2-835238693,S2-347720970,S3-136739549,S3-110073075,S3-170824418,S3-110252160,S3-301991120,S2-176192534,S2-293477230,S2-84065029,S2-216860121,S2-289543055
S1-14738221	S2-189283488,S2-12997522,S2-826560412,S2-267690304,S2-383495104,S2-830257984,S2-713459795,S2-236387212,S2-347304338,S2-2751405,S2-825678888,S2-603465974,S2-602007106,S2-368358786,S2-346222185
S1-751442901	S2-840089690,S2-630754986,S3-898513498,S3-144509963
S1-841864760	S3-521418722,S3-157049477,S2-427183500,S3-206696582
S1-20091251	S3-681926238,S3-252532454
S1-904740875	S2-852977658
S1-659872334	S3-430600994,S2-729982053,S2-505503934,S2-749669684,S2-760886890,S2-263525146,S2-150951010,S2-260645654,S3-394081375,S2-735010401,S2-664229357,S2-843548099,S2-451349609,S2-264926550,S2-274074222,S2-763311041,S2-672366545,S2-206185027,S2-852561180,S2-900230114,S2-69765727,S2-889361037,S2-730649105,S3-151249074,S3-527115252,S2-181767769,S2-670687228,S2-769390133,S2-400999459,S2-692245974,S2-606745939,S2-146063669,S2-926235364,S2-827706879,S2-575519759,S3-374216090,S2-53637148,S2-348226150,S2-627635433,S3-492296137,S3-360196659,S2-495485388,S2-620957678,S3-158883745,S2-4063865,S2-217528887,S2-408527663,S2-945552625,S2-325289354,S2-445745013,S2-359215532,S2-596097539,S2-564688607,S2-560883845,S2-996789998,S2-333607679,S2-765970633,S2-989123271,S3-414026743,S2-855535142,S2-389285236,S2-870569367,S2-151577977,S3-518824085,S2-90230837,S2-125994360,S2-731516101,S2-386664730,S2-44584847,S2-421716177,S2-346884535,S2-747637740,S3-394471441,S3-109955329,S2-236093607,S2-55831140,S2-7543447,S2-146866866,S3-382651857,S2-562221440,S2-13394411,S3-450829929,S2-326643070,S3-472238516,S2-449259622,S3-534962721,S2-110702296,S2-312445250,S3-546004470,S3-399277683,S3-185302345,S3-25941980,S3-143520926,S2-502130238,S3-469779777,S3-114050055,S2-891023850,S2-573676257,S3-343291616,S2-356765231,S3-487046030,S2-779676252,S2-3361485,S3-441607348,S3-351017910,S2-744806072,S2-451055833,S2-852250410,S2-424624528,S2-774799831,S2-141927104,S3-1416697,S3-373621467,S3-496534080,S3-518241260,S3-528602041,S3-531812875,S3-51040018,S3-199624342,S2-71130755,S2-773267292,S2-405828177,S2-360844347,S3-403784960,S2-761459813,S3-36149327,S2-61873123,S2-775425416,S2-644344149,S3-15957984,S2-103153675,S2-805980077,S3-309769910,S3-1906275,S2-492688125,S3-361287279,S2-683252059,S2-96049422,S2-161422253,S2-134657547,S3-122827886,S3-320081424,S2-187727442,S2-215029777,S2-592166210,S3-164750992,S3-160356845,S3-241304152,S3-195467557,S3-311580311,S3-263972871,S2-511109504,S3-166829148,S2-302022404,S3-249882202,S3-493846641,S2-525425556,S2-144736403,S2-41908129,S2-475198446,S3-390584244,S2-496737709,S3-228173950,S2-540370049,S2-901544239,S3-377272337,S2-133962980,S3-168554976,S3-101947146,S2-345397650,S3-190396563,S2-794349110
S1-72204876	S2-462766922,S2-346444016,S2-644926234
S1-124208550	
S1-940475059	
S1-460833036	
S1-674323954	S3-325288398,S2-785756386,S2-680399801,S3-228236042,S3-389919566,S2-727004969
S1-406865257	S3-160710413,S3-971660900,S2-687223409,S2-514460657,S3-558551614,S3-441375024,S2-289621638,S2-415583960,S3-161740485,S3-95407915,S2-91264226,S3-878303120,S3-338404543,S3-191604979,S2-959891828,S3-428568551,S2-267765214,S3-885364674,S3-950496170,S2-15244075,S3-889914965,S3-185926139,S3-139024728,S2-468661548,S2-986543343,S2-592064369,S3-874813673,S3-847072630,S2-486765715,S3-29765600,S2-558595419,S2-127291960,S2-234053799,S3-510445257,S3-439070366,S2-645037504,S2-853563303,S3-821392298,S2-12727760,S3-275306078,S2-258472471,S2-923758274,S2-712748272,S3-465857304,S2-208562741,S3-246816893,S3-339301670,S2-404089423,S2-785204544,S2-692240242,S3-935370916,S2-427060894,S2-816885910,S2-630698480,S2-471623340,S3-583923051,S2-251115314,S3-430703503,S2-623520248,S2-185735427,S3-735577974,S3-30971153,S2-668731697,S3-20727238,S3-234621464,S3-573468067,S3-227246503,S3-45520945,S3-934637572,S3-715221582,S3-420224393,S2-796579511,S3-59817546,S3-205358920,S3-824621481,S3-526021281,S2-783711549,S3-13978286,S3-964783521,S3-212514545,S3-829737144,S3-841947151,S3-16116477,S3-601360248,S2-956449162,S3-398652489,S3-621544859,S3-165466525,S3-473197201,S3-146737822,S3-947830858,S3-755475065,S3-464033633,S3-905563270,S3-442193587,S3-967491163,S3-433446404,S3-227891058,S3-839020948,S2-81979269,S3-172516626,S3-16963268,S2-672365176,S3-584163261,S3-955309634,S3-544736730
S1-366459956	S2-536175192,S2-762612219,S2-11107092
S1-716831720	S3-910792226,S3-643070448,S3-479425308,S3-553316175,S2-207692055,S2-473860988,S2-840260885,S2-909948740,S2-261873404,S3-430414708,S2-324072363,S3-847810365,S3-65104309,S3-784876983,S3-691999590,S3-156376868,S2-83580316,S2-339345278,S2-185619158,S3-73344476
S1-553316817	S2-234906407,S2-738804968,S2-139544833,S2-900544727,S2-361263825,S2-647118389,S2-477430378,S2-623862561,S2-583775694,S2-100485538,S2-20187320,S2-214214126,S2-288277707,S2-489029878,S2-479851748,S2-640434082,S2-14327438,S2-771111158,S2-103926383,S2-43885783,S2-666421037,S2-884195671,S2-768890177,S2-909177427,S2-90433864,S2-522042091,S2-836323092,S2-887125210,S2-240529033,S2-815041273,S2-84681830,S2-852742236,S2-352729156,S2-341455263,S2-125086919
S1-242059179	S3-627345153,S3-378652249,S2-643382146,S3-840280069,S2-37217309
S1-464761064	
S1-993453719	
S1-541474812	S3-85507396,S2-816700850,S2-153563086
S1-223600564	
S1-351763104	
S1-298258650	S2-22925263,S3-511195889,S3-221554836,S3-286238001,S2-953146928,S3-515941798,S2-850453737,S2-423999022,S2-904845958,S2-419231398,S3-238463630,S2-495155534
S1-956991162	S3-307941757,S2-30915214,S3-146260740,S3-404487162,S3-449294865
S1-262587220	S3-20133246,S3-526808622,S2-183669799,S2-893502796,S3-389155021,S2-898137809,S3-386821909,S2-396836746,S2-921214043,S3-539670955,S2-227208356
S1-873077900	
S1-148709018	S2-834707042
S1-297289817	
S1-430985536	S3-134559466,S2-64475163,S2-623315020,S3-579126025,S3-448332409,S3-136504933,S2-40022427,S3-413437435,S3-892663884,S2-587027861,S2-742176048,S2-832567101,S3-653582300,S2-595382897,S3-196339962,S3-251774684,S2-971491218,S2-787905395,S2-34159244,S2-803591124,S2-702591805,S2-372858191,S2-202792029
S1-394295553	S2-838073916,S2-261198690,S2-723720966,S2-344142885,S2-243855266,S2-341394500,S2-381461578,S2-326079630,S2-2169667,S2-823445802,S2-70119944,S2-55844465,S2-336328397,S2-671868851,S2-803041670,S2-596170464,S2-383026734,S2-224112939,S2-839698764,S2-598228240,S2-169193540,S2-753117007,S2-71670232,S2-332016410,S2-591032606,S2-727306054
S1-826486940	
S1-697777760	S3-143366416,S2-731769550,S3-746108894,S2-147491074,S2-724710775,S2-58687980,S2-533125353,S3-803885568,S2-228042383
S1-364278564	S2-21083978,S2-619356510,S2-518867239,S2-721334540
S1-170568144	S2-313388292,S2-300474564,S3-934391324,S2-434368294,S2-347521078,S3-477049496,S3-786401061,S2-632530235,S2-285814995,S3-721874371,S2-567929214,S3-715699088,S3-189084854,S3-334249128,S2-740294116,S2-624307928,S3-303204373,S2-762888161,S3-699026722,S2-33011673,S3-323550076,S2-834148564,S3-81932792,S2-551360770,S2-972889340,S2-567326602,S2-567462961,S3-725078481,S3-918917360,S2-494630433,S2-231756624,S2-413861792,S3-660154408,S3-564151203,S3-151381602,S2-739279054
S1-378245327	S2-47841445,S2-756273687,S2-521187523,S2-21862008,S2-191642999,S2-693518082,S2-446638113,S2-557629172,S2-813209929,S2-846704896,S2-285085686,S2-21646382,S2-641011780,S2-891702808,S2-745889814,S2-824718641,S2-734284607,S2-579951449
S1-567151943	S2-511676103,S2-49635368,S3-749668253,S2-168861975,S3-930178827,S3-14340904,S3-129707347,S2-937915405,S3-948463898,S3-208789845,S3-403604643,S2-491559956,S3-374050033,S3-632229446,S3-657193194,S2-804608270,S2-306720551,S2-685683436
S1-20091285	S3-944564898
S1-558509404	S2-343636794,S2-439974080,S2-592282952,S3-177814027,S2-276355156,S2-768669951
S1-866832780	
S1-908800416	S3-321273292,S3-240911861,S3-223080339,S3-255658738,S3-140860614,S2-80723320,S2-41040151,S2-510182438,S3-318926958,S2-330917664
S1-952047146	S2-645942308
S1-797713949	S2-503137813
S1-602505400	S2-140236971,S2-151493047,S2-385166201,S2-787775539,S2-543084607,S2-174000,S2-603174107,S2-896429468,S2-302464610,S2-232768510,S2-31936374,S2-490103924,S2-38928849,S2-449985618,S2-326501256,S2-241672314,S2-499246395,S2-589709931,S2-840617072,S2-220323466,S2-375239572,S2-257155385,S2-580985934,S2-903095160,S2-754843013,S2-262651627,S2-903338907,S2-168346428,S2-415804091,S2-549490617
S1-270844042	S2-140959827
S1-805336245	S3-268352593,S2-864040706
S1-487408870	S3-576287398
S1-270835520	
S1-9817684	S2-694572210
S1-153496771	
S1-449904872	
S1-657811140	S2-217737903,S3-527850482,S2-386237704,S2-872790143,S2-434074181,S2-169023494,S2-609806276,S3-508306867,S2-745852168,S2-489075170,S2-279747332,S2-253968758,S2-925809161,S2-639852098,S2-537144080,S3-721881193,S2-663131664,S2-317880019,S3-457754398,S3-671379431,S3-15509962,S3-928038369,S2-847915218
S1-689129305	S3-318195769,S2-463989480,S2-390872262,S3-46725398,S3-203982286,S2-595041353,S2-861894971,S2-848437803,S3-528754933,S3-558050182,S3-120871697,S2-980392060,S3-375326537,S2-698912704,S2-729824362,S3-568167574,S2-130820531,S3-226995431,S2-244371401,S3-665528170,S2-375125458,S2-547901883,S2-102204865,S2-76969781,S2-425483891,S2-142543389,S2-558248173,S3-65874695,S2-900182532
S1-808118645	S2-70667238
S1-52240953	
S1-858551931	
S1-541913177	S3-668762517,S3-25969254
S1-867567957	S3-622229900,S3-536522870,S3-799633693
S1-135237630	S3-35103463,S2-457086024,S2-812554081,S2-727004969,S2-147652829,S3-13232799,S2-921971634
S1-568658968	
S1-413851409	
S1-623313504	
S1-448733076	
S1-388865106	S2-156372582,S2-289993468,S2-6736160
S1-464317542	
S1-170960991	
S1-417074218	S2-925607665
S1-971250306	S2-965089318
S1-737651716	S2-766139933,S2-635794976,S2-812554081,S2-727004969,S2-457086024
S1-409451774	S3-486126935,S3-828345628,S3-901776718,S3-909675749
S1-295967861	
S1-705522256	
S1-808291082	
S1-892913998	
S1-362378520	S2-680804149,S2-488129,S2-742805930,S2-224657764,S2-631129240,S2-404068444,S2-37188246,S2-716039525,S2-621507101,S2-16084621,S2-443243519,S2-365215605,S2-135036905,S2-737231796,S2-455659817,S2-323548701,S2-262413466,S2-662994229,S2-736585370,S2-569438165,S2-431435374
S1-175689426	
S1-982814551	
S1-785277166	S2-967738895,S3-175638672,S2-219075493,S2-660901001,S3-318549362,S3-208522416,S3-636499642
S1-755560611	S2-81732840,S2-73842232,S2-259536191,S2-73307398,S3-239535509,S3-417897548,S2-893607833,S3-303084869,S2-80213246,S2-389610073,S2-307502484,S2-32240573,S2-62985727
S1-823237213	
S1-800482427	
S1-147055427	S3-235745532,S3-296803348,S2-301521834,S3-34805914,S3-707208941
S1-75598532	
S1-271113932	
S1-685864585	
S1-453699663	
S1-520467098	
S1-405606137	S3-799200363,S2-496900894,S3-663304881,S3-217402145,S3-835308466,S2-982837782
S1-912508322	S3-106454941,S3-242229269,S2-265073681,S2-432785182
S1-87755616	S3-125440026,S3-331075789,S3-185183560,S3-348550473,S3-383057808,S3-475778804,S2-32236720,S2-707950106,S2-237923390,S2-621022102,S2-367013531
S1-822226426	
S1-975661857	S2-325356658,S2-727058836,S2-473210890,S2-553985935,S2-851527743,S2-849701220,S2-184487406,S2-217619185,S2-201951823,S2-377099365,S2-637263812,S2-457994502,S2-292397494,S2-209555917,S2-828561972,S2-275498044,S2-233546592,S2-530701791,S2-895555195,S2-730702890,S2-113148849,S2-841745504,S2-181063334,S2-542945420,S2-138477027,S2-313245951
S1-860534060	
S1-383350674	S2-850312470,S2-496565147,S2-181952214,S2-810280772,S2-38714154,S2-735388909,S2-496567142,S2-111005765,S2-51404837,S2-817081726,S2-926702290,S2-21862008,S2-267500703,S2-406296867,S2-846704896,S2-641011780,S2-13115762,S2-191642999,S2-734284607,S2-579951449
S1-300557737	S2-782076286
S1-849045331	S3-463527045,S2-44105043,S2-523682975,S3-932098317,S2-795118404,S3-136124515,S2-741513938,S3-840478365,S2-764173536,S3-803580884,S3-473681183,S3-131851194,S3-189568535,S2-997449326,S2-284571678,S3-792102110
S1-897226407	
S1-508836476	S2-331139197,S3-181471783,S2-89152205,S3-295397647,S3-644555724
S1-785470648	
S1-337875611	
S1-900316064	
S1-526331656	S3-287375040
S1-194224105	S2-945810549
S1-435229220	S2-58814536
S1-979564905	S3-221726996
S1-784755286	
S1-656530080	S3-639741855,S3-430109791,S2-222041327,S3-517652020,S2-676451151,S2-538912849,S2-283018727,S3-978821291,S2-892651349,S2-517294532,S3-632059130,S2-238289408,S2-657405070,S2-116693744,S2-795317815,S3-112800160,S2-469472740,S2-495282337,S3-756666236,S3-312566756,S3-711052989,S3-225800145,S3-68560638,S3-504836312,S3-743950165,S3-872904624
S1-30139910	
S1-285739773	S2-776097348
S1-674356066	
S1-954595905	S2-249741769,S2-234824440,S2-125330584,S3-278295909,S3-684166418,S3-594533656,S2-579770882,S2-564976896,S2-203242335,S3-253216106,S3-557165114,S2-465557422,S2-979938935,S3-720495325,S3-286790298,S3-806565790,S2-643780149,S3-729878926,S2-281966995,S2-472065686,S3-644486912,S2-567756277,S3-435325611,S3-757263604,S2-472452893
S1-993527714	S2-975734802
S1-704213695	S3-100218298
S1-651095976	S2-962975572,S2-729824362,S2-244371401,S3-665528170,S3-358809868,S3-590024645,S3-65874695
S1-381351237	S3-131374830
S1-959189311	S3-453612949,S2-55677316,S3-166923898,S2-613802928,S3-356436984
S1-899641991	S2-605565913,S2-574649494
S1-853053883	
S1-447093055	S3-465372003,S2-609716069,S2-547641167,S2-736977505
S1-231333568	S3-290281109,S2-238119779,S2-457522762,S3-15485958,S2-687783744,S3-289353728,S3-403506518,S3-302722260,S3-4501364,S2-580304784
S1-382063548	S2-207072234
S1-65222776	
S1-178488255	
S1-397900824	
S1-336308856	S2-619052485
S1-783021266	
S1-47647909	S2-733434321,S3-23464459,S3-342273635,S3-576798939,S3-427067506,S2-181462484,S2-476530033,S3-136697891,S2-369403308,S2-415939636,S3-609383676,S2-703292964,S2-654605148,S3-404430564,S2-966408556,S3-339586876,S3-453027795,S2-647711837,S2-303277384,S3-947758061,S3-988945777,S2-514557183,S2-699207849,S2-871085093,S2-285229383,S2-833783595,S2-121867875,S3-45647623,S2-494187943,S2-355464446
S1-172047965	
S1-361320251	
S1-12716980	
S1-395359998	S2-310416479,S2-934640936,S2-588411149,S2-448252019,S3-133475797,S2-270290494,S2-256380540,S2-674206071
S1-991841132	
S1-854452990	
S1-226166479	S3-78573985,S2-64220045,S2-909948740,S2-261873404,S2-324072363,S3-187761079,S3-734521148
S1-867396212	
S1-996935773	
S1-979803199	
S1-754175313	S2-113751823,S3-116671839,S2-145988185,S3-953954465
S1-451464552	S3-76242552,S3-299828255,S2-955496669,S3-702728385,S3-193622652,S2-574618795,S3-128573256
S1-126022441	S2-365009026,S2-769820886
S1-457615425	
S1-46310979	
S1-5374073	
S1-767751148	
S1-515699183	S2-971632485,S2-774116926,S2-457354864,S3-104127824
S1-804155370	
S1-915749247	S3-837619130,S3-836431101,S2-893051219,S2-245650289,S2-95121956,S2-536410461
S1-752971281	S2-432951535,S2-510192086,S2-165316912,S2-661128680,S2-595793323,S2-158628055,S2-644857087,S2-486912342,S2-530639029,S2-12781223,S2-675822376,S2-241836868,S2-387866357,S2-689101624,S2-390163518,S2-353457949,S2-830962638,S2-211182661,S2-475245312,S2-688422676,S2-357528125,S2-648926260,S2-160980423,S2-876318509,S2-286609543,S2-833292268,S2-363749565,S2-263903751,S2-256781534,S2-138907788,S2-259489816,S2-125085360,S2-377002896,S2-742191837,S2-316306615,S2-49112391,S2-776722434,S2-815912416,S2-157109150,S2-774512583,S2-87690299,S2-220675675,S2-812675112,S2-234874002,S2-855560218,S2-111887997,S2-746272377,S2-353669951,S2-160991833,S2-771238859,S2-684648142,S2-583046238,S2-791711694,S2-105719821,S2-735153377,S2-333783469
S1-776568553	S2-842491639,S2-946913544,S2-430355611
S1-470845482	
S1-652273019	
S1-572455178	
S1-137529648	S2-449163083,S3-293834204,S3-3468293
S1-696526277	S3-16308995,S2-335106924,S2-391938130,S2-378260030,S2-933092030,S2-809896228,S2-392152060,S2-580045397,S2-47248210,S2-432745646,S2-223425897,S2-987026096,S2-422715683,S2-130789536,S2-997013309,S2-195925121,S2-431954010,S2-466208646,S2-45326712,S2-983514893,S2-847885051
S1-933422952	S3-815654265,S3-639473351,S3-857221630,S2-601343838
S1-939277152	
S1-468339122	
S1-180642662	S3-762082779
S1-52541210	
S1-391322859	S2-422238423,S2-850094145
S1-867874591	S3-551944079,S3-105197093
S1-928740863	
S1-263481527	S3-668838825,S2-128897008
S1-704479363	S2-870508187,S3-158005981,S2-957469594,S2-280024169,S2-137237854,S2-112226003,S2-308561404,S2-367311631,S2-851454400,S2-692242340,S2-414650666,S2-391744840
S1-531857856	S3-196037296,S2-164704525,S3-840044446,S3-963168121,S3-208223945,S3-524351150,S2-455801248,S2-45947912,S2-961688903,S2-403149472
S1-770176210	
S1-857744987	S2-949554463,S2-726225394,S2-296444260,S2-288867874
S1-735713081	S3-698755910,S2-947695595,S3-601515407,S3-837048857
S1-639180107	S2-348983652,S3-756502793,S2-582001698,S3-841254657,S3-238087244,S3-746684894,S2-42083577,S2-366036031,S2-363734816,S3-237182485,S3-835534878,S2-492752434
S1-951048493	S3-703064442
S1-861378966	S2-807946043,S3-819091729,S3-304273916
S1-613598143	
S1-839731006	
S1-874139342	
S1-612199732	
S1-142434511	S3-571489632,S3-876865834
S1-585283660	S3-863007883
S1-986109024	S3-523672694
S1-320229740	S3-106776970,S2-302766784,S3-46218359,S2-885064645
S1-561247776	
S1-979463930	S2-417907682
S1-228393799	S2-545502280,S3-219783256
S1-177943533	
S1-705632806	S2-576591279
S1-705303802	
S1-280987053	
S1-489995071	S2-618253052,S3-269778843
S1-514562418	S3-732972839
S1-9606021	
S1-957630265	S2-697294528
S1-516547651	
S1-521414141	S2-363086922
S1-643679642	
S1-422844605	S2-487105579,S2-673392824,S2-255953911,S2-146090465,S2-382291687,S3-118626177,S2-718224552,S2-13393742,S2-725719816,S2-539376491,S2-173710970,S3-130280669,S2-587227192,S2-770742526,S2-534309499,S2-460464200
S1-942977436	S3-768420660,S3-707572190
S1-855613013	S2-374274364,S2-471330745,S2-945816672,S2-655191987,S2-241040528,S2-644067593,S2-811093359,S3-140897531,S2-949277488,S2-657611798,S2-54797206,S3-112064429,S2-477076148,S2-69184579,S2-397927479,S2-448514413,S2-232575239,S3-126939583,S2-337192874,S3-125843914,S2-841383785
S1-500850414	
S1-223707549	S3-711556970,S2-244716615
S1-515099037	
S1-962742248	
S1-209271223	S3-36668348,S2-700311557,S2-206058633,S2-131256518,S3-20312601,S2-377597546,S2-813397449,S2-89344715,S3-244269021,S2-232114302,S2-825210028,S3-701084553,S3-690706825,S2-601945479,S2-252990115,S3-176760442,S3-303114409,S2-524048650
S1-48055919	
S1-854288036	
S1-402660930	S2-215434637
S1-684460528	S3-648759812,S3-420920643,S3-281061117,S3-155235519,S2-776224371,S3-357550506,S2-731591542,S3-22038772,S2-468124791,S3-401441488,S3-214153458,S3-337297985
S1-344399078	
S1-892690805	
S1-59409377	S2-374603281
S1-723599242	S3-864357890
S1-672287108	S2-11751224,S2-219134396,S2-997475542,S2-884366351,S2-617401577,S2-861703180,S2-441057858,S2-516317754,S2-821272890
S1-946559515	
S1-434271575	
S1-17339733	S3-485059739,S2-189763689,S2-537917665,S2-334278771,S3-433930581,S2-551255692,S2-806796750,S3-780187444,S2-753881837,S2-3777658,S2-687715240
S1-644444933	
S1-644513630	
S1-261125870	
S1-714672596	S2-853252664,S2-59982002,S2-640219101,S2-826277100,S2-85906403,S2-292397494,S2-198098329,S2-14084129,S2-328146445,S2-872551966,S2-331311222,S2-436483556,S2-589441931,S2-215785349,S2-110661787,S2-432319564,S2-524604419,S2-406213043,S2-435680343,S2-312082854,S2-86926787,S2-209555917,S2-407098803,S2-499622012,S2-790907847,S2-64202533,S2-160477274,S2-820860718,S2-196608011,S2-113356144,S2-815041558,S2-668559629,S2-447469536,S2-313245951,S2-523809219,S2-535317779,S2-769870857,S2-727662252,S2-181063334,S2-542945420,S2-138477027,S2-360749777,S2-353131400
S1-669754446	S2-572549238,S2-224833729,S2-804895558,S2-971838383,S2-35983797,S2-234761707,S3-174263374,S2-796589250,S2-976837700,S2-461546336,S2-277789704,S2-881799150,S2-12758701,S2-622743900,S3-282713581,S2-617450402,S2-24771735,S2-548552463,S2-922107799,S2-538456905,S2-203482318,S2-394116370,S2-594884237,S2-970368862,S2-370589845,S2-176001168,S2-108903931,S2-544615935,S2-449715538,S2-738464568,S2-41973808,S2-947208210,S2-59836501,S2-287136759,S2-943168589,S2-938591604,S2-534043104,S2-488049041,S2-470774050,S2-484792231,S3-252285627,S2-652300840,S2-58907874,S2-609208580,S2-124385771,S2-302832642,S3-298209968,S2-528145143,S2-955818133,S2-557486065,S2-712420496,S2-625045406,S2-922507175,S2-212722576,S2-834822493,S2-381605370,S2-355609699,S3-252134176,S2-31408125,S3-277132144,S2-787520522,S2-199131123,S2-676225640,S2-492245428,S2-76614026,S2-401713436,S3-181774593,S2-496320578,S2-709988524,S2-4915757,S2-574600665,S2-467424733,S2-970634212,S2-641083418
S1-381098403	S2-767322313
S1-517248583	
S1-108225323	
S1-911488145	
S1-538020889	S2-976325659,S2-703088139,S3-394525298,S2-914106488,S3-843358137,S3-636851143,S3-90643255,S3-991992721,S3-688033929
S1-715992753	S3-960793022,S2-669407338,S2-372400970,S2-35193546
S1-672971396	S3-578733593,S2-49868159,S3-146718733,S3-633611777,S3-330913396
S1-419299545	
S1-179582199	
S1-248810108	S2-709141527
S1-141115011	
S1-887235504	
S1-148192519	S3-609513911,S2-778545683
S1-940391485	
S1-562150790	S3-770491196,S3-735121555,S3-884962256,S2-114703422,S3-543815490,S3-667368937,S3-342385349,S2-932322849,S2-474544097,S3-743517929,S3-963162107,S2-82340467,S3-412212897,S3-654815193,S3-27940543,S2-184620797,S2-128707716,S3-991575503,S2-53274973
S1-521781296	
S1-979638771	S2-21458643,S3-354198759,S2-227558825,S3-649885708,S2-152072827,S3-704169847,S3-632697871
S1-120641530	
S1-948868442	
S1-168393938	
S1-422936323	
S1-129885988	S3-694522211
S1-28313199	
S1-437134463	S2-331728334,S2-170947003
S1-881071169	S2-914482881
S1-824201082	S3-840743452,S2-453476554,S3-988720486,S2-535500845,S3-160503379,S2-850315061
S1-210007069	S3-72614774
S1-379823911	S3-236959322,S2-975980104,S2-789696056,S3-494671441
S1-196821991	S2-338007912
S1-599788005	S3-702728385,S3-193622652,S2-423405600,S2-574618795
S1-171566676	
S1-215396556	S2-682439201,S2-785816645,S2-621653851,S2-881732934,S2-855835385,S2-717525852,S2-400475515,S2-334917739,S2-298755393
S1-534630722	
S1-123100180	
S1-136702974	S3-788638159,S2-298995888,S3-814285237,S2-986940248,S2-250241425,S3-414526351,S3-264534055,S3-311390156
S1-719801396	
S1-420915986	S3-630331250,S3-369274016,S2-981311058,S3-107460970,S3-249493369
S1-631031485	S2-673783504,S2-175166551,S2-943898828,S2-81469515,S2-409112109,S2-187312103,S2-218548108,S2-869757512,S2-947270640,S2-822663550,S2-927586314,S3-144398850,S2-430434644
S1-842497118	S2-546075031,S3-117478917,S2-533526247,S2-401698859,S2-116387557,S2-837327049,S2-857687850,S2-566446279,S2-934192673,S2-253550033,S3-105296403,S2-400475515,S2-334917739,S2-717525852,S2-196255237,S2-63574494,S2-229434487,S2-298755393,S2-635838691
S1-403542285	S3-14366414,S2-573989519,S3-26392582,S3-536114467,S2-33565280,S2-402748029,S3-363424991,S2-196069738,S3-350132199,S2-193051075,S3-308879295,S2-904739176,S3-385286948,S2-296955260,S3-474580513,S2-846100888,S3-315871875,S2-506278336,S2-490322210,S3-332221728,S3-503504338,S2-100961527,S2-454836919,S2-872974491,S3-11711086,S3-52092253,S2-230419769
S1-864226107	S3-101596807
S1-93806322	S2-934832993
S1-727253169	
S1-610850812	S2-300453506
S1-983435564	S2-182796448
S1-170642056	
S1-217514760	
S1-817622790	S2-828652360,S3-424003356,S3-900969148,S2-732245189,S3-339641195,S2-71587031,S2-352000508
S1-721512122	
S1-324847870	S2-197681387,S3-254788661,S3-24332842,S3-377007881
S1-12025275	S2-306177882,S3-501405225,S2-602330339,S3-157201780,S2-13338515,S2-805469712,S3-139804224,S2-20317599,S2-154218334,S2-737336509,S2-464504449,S2-387195296,S3-27097956,S2-303303036,S2-155507226,S3-469319467,S2-34969390,S3-263310404,S2-304726942,S2-843668955,S3-435871633,S2-312379347,S2-269277729,S2-386218769,S3-49234936
S1-28410420	S3-223494817
S1-73305327	S2-272772162,S3-943323903
S1-556931472	
S1-225432191	S2-653614735
S1-371509544	
S1-557324159	
S1-516659558	S3-251224720,S3-463566833,S3-158438097,S3-831891491,S3-210446454,S3-38201471,S3-912059056,S2-400238075,S3-989424038,S2-524100417,S2-793351422,S2-249118025,S3-472107354,S2-25360206,S2-376260098,S2-970144416,S3-352555171,S3-486633882,S2-239450464,S2-122203277,S3-314670688,S2-517552379,S3-54211489,S3-193323633,S2-452274429,S3-721924011,S3-786701372
S1-951104915	
S1-991796165	S3-53086075
S1-281058043	
S1-201480849	
S1-890174690	
S1-647512804	
S1-351950757	S2-910936057,S2-64875356,S2-518342888,S2-546862925,S2-82336112,S2-744992377,S2-123100538,S2-104714514,S2-997507194,S2-468893746,S2-120848784
S1-782210522	S2-318918653,S2-982972418,S2-824518481,S3-668472051,S3-938970668,S2-874475776,S3-8958827,S3-803792682,S2-502946548,S3-300235871,S2-301349190,S3-270598319,S3-377104674
S1-581116416	S3-361539065
S1-765025046	
S1-440204617	S2-859044553,S3-745501631,S2-254416744,S2-300578900,S3-821985624,S2-647711837,S3-136697891,S2-181462484,S3-609383676,S2-734286976,S2-703292964,S3-817419286,S3-453027795,S3-404430564,S2-438069697,S2-966408556,S2-902129089,S2-189305291,S2-654605148,S3-316525262,S3-339586876,S2-857019132,S3-414560012,S2-369403308,S3-342273635,S2-2876081,S3-864195148,S2-541549702,S2-303277384,S2-840287819,S3-563242687,S3-722656892,S2-842221701,S2-833783595,S2-121867875,S3-45647623,S2-494187943,S2-355464446
S1-328996647	S3-251957404,S3-750729155,S3-331145846,S3-895301046,S2-637455549,S3-396096136,S2-235335621,S3-449801917,S3-581684084,S3-613009453,S3-524971847,S2-305170512,S3-284815472,S3-570251515,S3-491235096,S2-989603184,S3-124967175,S3-599069461,S2-805987498,S3-5857176,S2-343109355,S2-290077733,S2-725694808,S2-673838385,S2-898848151
S1-852731564	S3-715379137
S1-882698520	
S1-232902553	S3-667629441,S3-426047142,S3-511423182,S3-86585686,S3-283612046
S1-120365256	S2-642386828,S2-848793642,S2-760947511,S2-196529174,S2-564824577,S2-644705796,S2-16554760,S2-162958155,S2-842834677,S2-487074065,S2-649479648,S2-336328397,S2-519587507,S2-383026734,S2-100375375,S2-384986812,S2-731941810,S2-819424842,S2-23402975,S2-641514822,S2-261198690,S2-579157671,S2-240927021,S2-606085469,S2-501200909,S2-44441743,S2-23480006,S2-628078119,S2-191995440,S2-169193540,S2-716002301,S2-81357420,S2-156246102,S2-332016410,S2-715162081,S2-591032606,S2-727306054,S2-71670232,S2-405701199
S1-191922414	S2-12486881,S2-540420659,S2-221399429,S2-730403243,S2-263868441,S2-272845478,S2-525242261,S2-106376998,S2-526899156,S2-771548411,S2-317736419,S2-164660220,S2-635891079,S2-321816304,S2-149262963,S2-68683284,S2-172545137,S2-926583934,S2-632280462,S2-297997912,S2-784554877
S1-148803268	S2-297136353
S1-397404237	
S1-411592446	S3-171096177,S2-21274893,S3-712605297,S3-714563035,S3-374393279,S2-910662088,S3-405275461,S3-52854765,S3-215055490,S3-899670060,S3-23929867,S3-113944996
S1-900656619	
S1-767519147	
S1-17506850	S2-616421289,S3-259739592,S3-544264259,S3-35359027,S3-892815666,S2-202187106,S2-938063657,S2-373607493,S2-735552954,S3-534253649,S3-475044361,S3-773879615,S3-640103832
S1-164240371	S2-44956705,S3-572309146,S3-638355101,S3-266478254,S2-799705480
S1-410898799	S2-55464322,S3-20527341
S1-261001431	
S1-696598587	S3-870124545
S1-164451300	S3-817416781
S1-622557613	
S1-115198057	S2-765620673,S2-398184260,S2-213576378,S3-810635872
S1-388132335	
S1-960126068	S2-323826312,S2-835509981,S2-179913941,S3-17075789,S2-978722949,S2-656163918,S2-646456123,S2-297444928,S2-484526285,S3-256705188,S3-963535988,S3-733896145,S2-221510261,S3-514581778
S1-239458079	
S1-295693503	
S1-617760637	
S1-18341117	S3-483443592,S3-336757464,S2-586031824,S3-223828105,S2-855276584
S1-560985660	S2-533932078,S3-957810301,S2-959539236,S3-305656218,S2-401001134,S3-582555375,S2-889316881,S2-941163821,S3-558635514,S2-258775383,S2-483711391,S2-405170248,S3-847313825,S3-146291028,S3-307755444,S2-7949741,S3-856521630,S2-704766324,S3-141114669,S2-123998332
S1-997877057	S3-123559482
S1-104639714	S2-935340188,S3-763252320,S3-923287548,S2-70983560,S3-247929179
S1-953782261	
S1-214294242	S2-181952214,S2-810280772,S2-496567142,S2-735388909,S2-38714154,S2-496565147,S2-111005765,S2-817081726,S2-579951449
S1-941528150	
S1-966816348	
S1-650641874	S2-337176615,S3-12695906,S2-270422330,S3-307895178,S2-269277729,S2-681562302,S2-163287847,S2-25010375,S2-546714584,S2-579106174,S3-435871633
S1-610888322	S3-24994050,S3-579126025,S3-448332409,S2-179339127,S3-574333335,S3-538457143,S2-934206399,S3-414044295,S3-892663884,S2-725863431,S3-379821869,S2-34159244,S2-702591805,S2-202792029
S1-509723568	
S1-500072209	S2-217662545,S2-729122677,S2-217693187,S2-899863708,S2-468873531,S2-936157177,S2-280443664,S2-751470939,S2-278232414,S3-749036891,S2-129661142,S2-705327612,S3-66586369,S2-705851202,S3-22488403,S2-807113828,S2-590060142,S2-322926562,S3-202806865,S2-545354910,S2-832538592,S2-892516596,S3-471594619,S3-482559512,S3-949268054
S1-47608454	S3-67821470
S1-413587705	S2-483299789,S2-202187106,S2-373607493,S3-877792138,S3-534253649,S2-735552954,S3-773879615
S1-307464436	
S1-494088239	
S1-803356777	S2-305728335,S3-799767993,S2-682037424,S2-610791050,S3-659888612,S2-499033341,S3-748314108,S3-534413669,S3-600441546,S3-183135636,S3-821503922,S3-115556815,S3-40310316,S3-62741968,S3-428301742
S1-927776130	S2-728867657,S2-870932013,S2-63558388,S2-43461296,S2-22239028,S2-647376582,S2-441057858,S2-516317754,S2-821272890
S1-891521501	S2-238879029,S2-569043316
S1-834703343	
S1-52886290	
S1-794527744	S3-375452498,S2-553120884,S2-53031584,S2-71996571,S3-443192526,S2-320542608,S2-185847994,S3-605342473,S2-903049209,S3-326302381,S2-754942901,S3-389918335,S3-682436445,S3-186734686,S3-698319715,S3-250827115,S2-505309955,S2-782424151,S2-108715695,S3-157596892,S3-477444492,S3-364206090,S2-160961809,S3-881066108
S1-457768551	S3-251112780,S3-139599142,S3-995031599,S3-784470805,S2-318640897,S2-225921192,S3-693454629
S1-348507258	
S1-15005997	S3-542907569
S1-347296100	S3-708846475,S3-531824142
S1-44266774	
S1-558634684	S3-886965195,S3-67950383,S3-637091573,S3-343887006,S3-820478802,S3-784153027,S2-652114331,S2-155674266,S3-678848244,S3-349142865,S2-945246778,S2-625957024,S2-166711048,S2-42769268,S3-24289001,S3-884140951,S2-430411994,S2-748075717,S2-309433805,S3-855546679,S3-503224001,S3-861379286,S2-162141255,S2-94571549,S2-484947063
S1-89160825	S3-196531948,S2-991424102
S1-665331349	S2-411022920
S1-4159617	S3-37732874,S3-357959536,S3-333058724,S2-177515355,S2-948924998,S3-84104966,S3-38100439,S3-646518020,S2-651063258,S3-534413669,S3-600441546,S3-183135636,S3-821503922,S3-115556815,S3-40310316,S2-271168133,S3-62741968,S3-428301742
S1-934781673	S3-985572019
S1-457841498	S2-284618418,S2-931447632
S1-3341015	S3-133475797,S2-614730023,S2-702033703,S2-333230306
S1-579725984	
S1-729110319	
S1-403336280	
S1-128148852	
S1-770778983	S2-949554463,S2-582848693,S2-546793269,S2-284052064,S2-370978435,S2-288867874
S1-544189999	S2-693771414,S2-996853641,S3-280804336,S2-902049152,S2-855791196,S2-538644295,S2-110080237,S2-867479671,S2-163671553,S2-913401328,S2-507415376,S3-962375641,S2-842792047,S3-95896484,S2-641237436,S3-746599324
S1-40108076	
S1-933616771	
S1-496315267	S2-206800725
S1-310743924	
S1-785846223	S3-968897289,S2-266661556,S3-655998808,S3-141117823,S2-565997187
S1-98579303	S2-958820720,S3-168282683,S3-128673245,S2-470716724
S1-861582892	
S1-260429958	
S1-674558177	S3-185520288
S1-131053132	S2-117542976
S1-846182771	
S1-927310444	S2-276355156,S2-768669951,S2-764457998,S3-226497953
S1-630339612	S2-386400269,S2-254606551,S2-355071318,S2-460136490
S1-906686327	S2-956128680,S2-64864552,S2-874428078,S3-546403654,S2-780520401,S2-163785018,S2-961688903
S1-56985694	S2-918430013
S1-910100521	S3-257708083,S2-704423733,S3-384000513,S3-131480798
S1-63221997	
S1-747719380	S3-328149806,S3-956897181,S2-851729280,S3-972862466,S3-199976141
S1-446042631	S3-37732874,S3-627304805,S3-42996938,S2-83798249,S3-535293723,S3-603705051,S2-190495367,S3-600441546,S3-534413669,S3-183135636,S3-821503922,S3-115556815,S3-40310316,S2-271168133,S3-62741968,S3-428301742
S1-169564752	S2-868936270,S2-255362892,S2-859046356,S3-144448241,S2-517992141,S2-697967787,S2-197104263,S2-939570448,S2-845890525,S2-359549629
S1-896142542	S3-85769882,S2-412382686,S3-820658843,S3-13086357,S3-314911686,S3-268844466,S3-139124893,S3-143605286,S3-107916477,S3-721506151,S3-222238105,S2-607994352,S3-697220242,S3-755292776,S2-319415802,S2-396373507,S3-294106297,S3-140872910,S3-94789080
S1-393157555	S2-387000265,S2-529230135,S2-782643641,S2-146182105,S2-508160281,S2-441057858,S2-516317754,S2-821272890
S1-709888578	S3-514437195,S3-971951466,S2-144667574,S2-5490594,S2-876773358,S3-599340121,S2-997871732
S1-707030556	S3-61492696,S3-313109239,S3-152253897,S3-36735973,S2-530374423,S3-528264250,S2-163754935,S3-668886037,S2-593276182,S2-765670168,S2-31941244,S2-147668007,S3-460123193,S2-34802085,S3-510512300,S2-426902140,S3-295494196,S2-450936808,S3-54951837,S2-253281943,S3-647445801,S3-214029516,S3-575237915,S2-805435500
S1-913450089	S3-281964510,S3-942045979
S1-525179045	
S1-561856216	
S1-807851236	
S1-567169322	
S1-487019031	
S1-30620043	S2-118774959
S1-315126696	
S1-200594257	S3-444707256,S3-712950363,S3-730651487
S1-542919676	S2-934236262
S1-125331877	
S1-883829621	S3-516177694,S3-189988896,S3-109220820
S1-237782086	S2-281237111,S2-550290248,S2-595057704,S3-415432962,S2-88471049
S1-384693646	S2-280024169,S2-501088729,S2-692242340,S2-414650666,S2-391744840
S1-81826830	
S1-112999138	S3-668399050,S2-712742914
S1-218527802	S2-404558483
S1-394381630	S2-642019022,S2-479111476,S2-706316678,S2-322900048,S2-547739559,S2-724036192,S2-334795452,S2-243438562,S2-475245312,S2-293641074,S2-256781534,S2-111887997,S2-746272377,S2-876318509,S2-12781223,S2-815912416,S2-157109150,S2-688667424,S2-357528125,S2-595431339,S2-160980423,S2-459392006,S2-353457949,S2-80737444,S2-661128680,S2-211182661,S2-675822376,S2-688422676,S2-510192086,S2-567979105,S2-545980090,S2-841545719,S2-872518576,S2-376297057,S2-737281951,S2-33885009,S2-734093127,S2-221406627,S2-292103635,S2-766597723,S2-7421736,S2-237522048,S2-774512583,S2-778419554,S2-530639029,S2-235974265,S2-12135431,S2-105511417,S2-301463166,S2-791711694,S2-105719821,S2-735153377,S2-776722434,S2-333783469,S2-87690299
S1-806442558	
S1-97101341	S3-351772056
S1-833989637	S2-99573052,S2-389628271,S3-183135636
S1-453223583	
S1-281743555	
S1-342070741	
S1-847231042	S2-922150401
S1-585526799	S2-75355675,S3-364077501
S1-417264639	
S1-832809984	
S1-586348044	S2-944793338,S2-888736199,S2-156292117,S2-633509413,S3-689397283,S3-919696137,S2-133369197,S2-146740079,S3-942428392,S3-35282764,S3-373112697,S2-154517977,S3-464546511,S3-825536981,S2-841298876,S2-792143866,S2-920655678,S3-162577520,S3-707899433,S2-584861179,S3-167622755,S3-29514583,S2-299010623,S2-979990756
S1-44263853	
S1-137728012	
S1-685028795	
S1-270087351	
S1-365586141	
S1-747229206	S2-531916425,S3-35945424,S3-935989990,S3-955234150,S3-505406257,S3-143065225,S3-63269964,S3-489433920
S1-370211327	
S1-873852360	S2-586842600,S3-614694143,S2-77983015,S2-776238938,S2-822947971,S2-914745374,S2-471814700,S2-237942590,S2-317869422,S2-739127679,S3-653733974,S2-457922710,S2-579947154,S3-512029235,S2-1110482,S2-206800725,S2-774910695,S3-204151963,S2-352238141,S2-830617707,S2-244199728,S3-233897163,S2-661904810,S2-922909613,S2-51194900,S3-509232212,S2-651378765,S3-633143546,S2-441721546,S2-240845455,S2-58409496,S2-978803984,S2-754154558,S3-166201816,S3-535649740,S3-76271038,S3-34229523,S2-308963995,S2-481626882,S3-147163300,S3-289365532,S3-136830931,S3-154456342,S3-224826899,S3-591507153,S2-556071304,S3-608989900,S2-557031545,S3-659330414,S3-501425410,S3-334379933,S3-207552422,S3-606497358,S3-490701147,S3-158909971,S2-237210971,S2-889388542
S1-308240187	
S1-265007680	
S1-98304881	
S1-31931635	
S1-30285423	S3-184423644,S3-852293087,S2-742567493,S2-798500353,S3-545248506,S2-536229695
S1-344218774	S2-851498372,S3-28735712,S2-783110346,S3-843686319,S3-181757197,S3-504863665,S3-857876827,S3-594236336,S3-930631531,S3-614615975,S3-632494315,S2-359183690,S3-682275978,S3-184155037,S2-153563086
S1-101122655	S3-923287548,S3-420747405,S3-247929179,S3-88806363
S1-922391477	
S1-452691275	
S1-148848342	
S1-366679144	S3-884055304,S3-209098891,S3-221900535,S3-182707711,S3-375025626
S1-136705690	S2-374274364,S2-776229496,S2-687303897,S2-104020427,S2-972719897,S2-835093454,S2-333740416,S3-135742213,S2-561689138,S2-792108129,S2-230837837,S2-584233447,S2-971140642,S2-543152568,S2-284084541,S2-159196486,S2-656851742,S2-281935771,S2-625514721,S2-289083322,S2-453987873,S2-977935026,S2-38660589,S2-396541025,S2-54797206,S2-477076148,S3-112064429,S2-69184579,S2-397927479,S2-448514413,S2-232575239,S3-126939583,S2-337192874,S3-125843914,S2-841383785
S1-691890832	S3-656701096,S3-722789424,S3-734239061,S3-117765517,S2-932596617,S3-147717559,S3-367924832,S2-943646187,S2-286224109,S2-612990220,S3-979756862,S3-867273669,S3-855056798,S3-553132539,S2-426964356,S2-920534670,S3-666828212,S3-129177983,S3-414506854
S1-306006084	
S1-489817305	S2-457760021,S2-267704559
S1-62096587	
S1-459589541	
S1-361057210	S2-484683667,S3-189301899
S1-326699620	
S1-492536604	S3-313945527,S3-744846482,S3-636851143,S3-843358137,S2-119234912,S3-991992721
S1-631840437	
S1-340020335	S2-743989347,S3-526450234,S2-604844673,S3-294381382,S3-509725183,S3-613819407,S2-48526055,S3-901373152,S2-694451422,S2-706085276,S3-80540848,S3-102422791,S2-109304596,S2-814412713,S2-544092002,S2-54705079,S2-78796632,S3-871125774,S2-942888561,S2-287826664,S3-680955378
S1-60643856	S3-599714712,S3-851766303
S1-298890713	S2-987068847
S1-655725251	S3-794805480,S3-113535522,S2-685139190,S3-656325742,S2-937756097,S3-605831427,S3-623860787,S2-219365149,S3-140295739,S2-444775361,S2-975926759,S3-113445056,S3-604936310
S1-853392573	S3-331075789,S3-185183560,S3-348550473,S3-383057808,S2-33379555,S2-367013531
S1-477256579	S2-916743900,S3-837048857,S3-129110634,S2-920626970,S3-476890519,S2-604835016,S3-390682778,S2-490587824,S2-135087455,S2-260358762,S2-26757598,S2-256151514,S2-444480717,S3-145592954,S2-426784242,S2-729329516,S3-769832342,S3-800177244,S2-746935012,S2-37713878,S2-504871327,S2-17433445,S2-935053001,S2-547925970
S1-217500846	
S1-750698300	S3-22507517
S1-343732388	S3-991834628,S3-629605968,S3-357412741,S3-249450612,S3-275182149
S1-438129596	
S1-325873958	S2-868258820
S1-902538793	S2-769911830,S2-499234375
S1-65677579	S2-451089460,S3-344602430
S1-209045181	S3-382698654,S2-414042354,S3-864374111,S2-167016732,S2-848241764,S3-766190161,S3-414123317,S3-425754329,S2-911226421,S3-958736182
S1-580432162	S2-265851352
S1-823546667	S3-954711163,S2-498123686,S3-259628603,S3-350370260,S3-538530557,S2-831316517,S2-619228604,S3-41344906,S2-559458860,S3-825340470,S3-989582369,S3-783063940,S3-481990804,S3-243758371
S1-458076403	S3-727007142,S2-536713391,S3-353172975,S3-956632616,S3-775831367,S3-261387133,S2-180216342,S3-861713965,S2-577775521
S1-78167364	S2-418011073,S2-397594965,S2-307854304,S2-287131817,S2-516535716,S2-526746866,S2-108402077,S2-192653693,S2-153662148,S2-196706105,S2-399796398,S2-315653214,S2-225285572,S2-612884808,S2-599845278,S2-701702769,S2-150909928,S2-230023024,S2-577084111,S2-455323780,S2-353551684,S2-449675768,S2-531662579,S2-631117267,S2-649262871,S2-171220932
S1-536638885	S3-693420463,S2-751619521
S1-840218727	S2-410838717,S2-988697157
S1-87088260	S2-850453737,S3-221554836,S2-953146928,S3-286238001,S3-515941798
S1-62689130	
S1-375669649	S2-626639155,S2-996787820
S1-298875156	S2-418259636,S3-23782310,S3-979786765,S2-723153530,S2-778554067,S2-124977426,S2-239295012,S3-731692733,S3-904419107,S2-194856602,S2-59283733
S1-205119466	S3-670945741,S3-615022165
S1-332396561	S2-284605268
S1-601117798	S2-182474359
S1-108284040	
S1-767939959	
S1-161901150	S2-744621504
S1-395797127	S3-12915855,S2-630370728,S3-642803191,S3-840743452
S1-425011135	S3-771548906
S1-929826566	S3-542988034,S3-466971976
S1-804598535	S2-508928024,S2-122947257,S2-909067997
S1-172903559	S3-426623877,S3-959122295,S3-835925550,S3-990769794,S3-21747923,S3-83996109,S3-439825459,S2-713153157,S2-850901023,S2-532882150,S2-615836862,S3-157665214,S2-69725448,S2-910233,S3-630054420
S1-448687775	
S1-449617380	
S1-434049818	S3-264712943
S1-189218186	
S1-642398159	S3-31784947,S2-189313332,S3-496603655,S2-756262350
S1-106766409	
S1-344557977	S2-649763434,S3-829738385,S3-655906431,S3-851766303,S3-113710920,S2-731252896,S2-595141695,S2-527957736,S3-492959211,S3-676429838,S3-533942546,S3-765088900,S2-393681998
S1-502288504	
S1-294553583	
S1-218490190	S3-580254152,S2-692711312,S3-480547070
S1-22744074	
S1-698169970	
S1-524494649	S2-372115144,S2-347438165,S2-587909290,S3-444840807,S2-24840953,S3-172044505,S3-883753566,S2-601336237,S3-662282103,S3-20082158,S2-12775029,S3-17805189,S3-178489141,S3-671466724,S2-91252658,S3-910766186,S2-898015928,S3-502588105,S2-764244831,S3-928367837,S2-784977344,S2-91871546,S2-734781211,S2-11589683,S3-100995264,S3-281534787,S2-529710080,S2-815913912,S2-653107508,S3-695151704,S3-306882540,S2-647979040,S3-115842602,S3-356569509,S2-94664200,S2-823668132,S2-901958760,S3-614137179,S3-314096113,S3-524887683,S3-823588430,S3-417094887
S1-160769369	
S1-517658056	S3-397665905,S3-115710202
S1-909842346	
S1-492785431	
S1-541045953	S3-377594714,S3-917204789,S3-224032577,S2-100529377,S3-334998045,S3-58319802
S1-391659390	S2-405255576,S2-104374098,S2-41902160,S2-6843168,S2-216363771,S2-487982433,S2-401142292,S2-631468297,S2-449269071,S2-180515146,S2-448988157,S2-397594965,S2-616503149,S2-171220932,S2-534941235,S2-325969572,S2-774080744,S2-531662579,S2-715996788,S2-188504546,S2-298947828,S2-449675768
S1-912572298	S2-901158278
S1-178742485	S3-383433466,S2-244892384,S2-890483829,S2-594470714,S2-185799617,S3-353702111,S2-932984826
S1-925443249	S2-58001750,S2-994656787,S2-118512954
S1-2670378	
S1-491996520	S2-108632965
S1-547836347	S3-389818253
S1-800969120	
S1-148845479	
S1-577250550	
S1-268605656	
S1-823114441	S3-446375858,S2-9991035,S2-845524990
S1-227650066	S2-114949473,S2-189283488,S2-712631655,S2-826560412,S2-151878595,S2-603465974,S2-12997522,S2-383495104,S2-267690304,S2-236387212,S2-36285484,S2-419659715
S1-884821612	S3-327441900,S2-206794291,S3-226290451,S3-403083190,S2-986046414
S1-339649588	S2-340170264,S3-50413176,S3-666365782,S2-252078268
S1-777331247	S3-181906618
S1-324568151	S3-589791796
S1-910267858	
S1-287397981	
S1-55369664	
S1-68953626	S3-25100794
S1-87922685	
S1-45739379	
S1-885630742	S2-949764427
S1-175016539	
S1-893535782	S3-291419604,S2-908046340,S2-827425282,S2-939333521,S2-698347793,S2-322427535,S3-352155253,S2-442141698,S2-626557568,S2-392734397,S2-127222783,S3-260264928,S3-199601548,S3-212456255
S1-974370004	S3-355112146,S2-449706677,S3-854972839,S3-565681355,S3-299295929,S2-718889320,S2-76045905,S3-673965211,S3-851766303,S3-403974764,S2-239918057
S1-685876650	S3-60838102,S3-197069647
S1-922994065	S3-628913782
S1-115773611	
S1-651713662	
S1-272789094	S3-73029512,S3-361166079,S2-662893358,S3-838325124
S1-306949675	S2-672797856,S2-899578824,S2-441594085,S2-838321405,S2-759812507,S2-423100521,S2-860890263,S2-230499114,S2-425737384,S2-681941147,S2-337468809,S2-566345675,S2-621107908,S2-307895261,S2-479285528,S2-493596870,S2-66107949,S2-442722130,S2-853483077,S2-790840546,S2-153580989,S2-349844732,S2-861201345,S2-256483550,S2-122140775,S2-622481264,S2-731762629,S2-707364299,S2-442902415,S2-872901699,S2-262471583,S2-732475597,S2-735509914,S2-775375330,S2-342821508,S2-373552567,S2-349553073,S2-803615644,S2-852771740,S2-745638817,S2-875930539,S2-297212163,S2-293972182,S2-307595290,S2-287836977,S2-101677614,S2-893048055,S2-455999140,S2-691718681,S2-287660910
S1-90648761	S3-35998216,S2-583116407
S1-298438366	S2-280061215,S3-679473643,S3-960219875,S3-563312993,S2-116649044,S2-841611176,S2-273260986,S2-105987335
S1-537297749	S2-438997753,S2-760635829,S2-713657075,S2-607787044
S1-792258576	S3-220719664,S2-694535549,S2-772493474,S3-991992721
S1-26230435	S2-443493395,S2-621540812,S2-945950453,S2-585563664
S1-446692281	
S1-657278286	
S1-194812326	S3-697331258,S2-832144170,S3-377934978,S3-776236799,S2-188898659
S1-817802155	
S1-716442915	S3-519642684,S2-948567409,S3-655695980,S3-216196089,S3-569056208,S3-58762155,S3-567600255,S2-462466842,S2-450881755,S2-279300223,S2-636286107,S2-436759643,S3-112902702,S3-44297753,S2-943306388
S1-972291885	
S1-360878296	S3-743109270
S1-783210230	S2-788553444
S1-840622396	S3-366793270
S1-572881405	
S1-137026686	
S1-272119764	S2-320685436,S2-500192151,S2-76920936,S2-775511815,S2-782062125,S2-529936643,S2-723382766,S2-261745733,S2-813209929,S2-810280772,S2-818215424,S2-286628086,S2-267500703,S2-376835730,S2-579951449
S1-726045548	
S1-316795088	S2-395019189
S1-546089988	
S1-615544244	S2-9472085
S1-16677528	
S1-615738219	
S1-480362309	
S1-145733157	S2-77613598,S2-404808019
S1-411964161	
S1-607169532	S2-775736908
S1-843843070	S3-63064029,S2-207483121,S3-923287548,S2-14994912,S3-467472732,S2-836224104,S3-420747405,S3-247929179,S3-88806363
S1-832050262	S3-432783650,S3-649043455,S3-153795311,S3-103791636,S2-887334928,S3-451804741,S3-752852257,S2-986903609
S1-457711764	S2-374543090,S2-803483119,S2-25718329,S2-942607725,S2-907130522,S2-495482569,S2-282919015,S2-643723651,S2-900032565,S2-815717369,S2-488287421,S2-113720472,S2-613689550,S2-433004652,S2-692589002,S2-549093002,S2-713657075,S2-276242082
S1-92524098	
S1-355821652	S3-562678016,S3-227602830,S3-150929341
S1-514231177	S2-167193326,S2-788758317,S3-672688671,S2-94997413,S3-372047334,S3-421907737,S2-961688903
S1-481373239	
S1-584204266	S3-478283718,S3-241416723
S1-455955996	S2-88153977
S1-716162798	
S1-823023497	S3-230682146,S2-354256602,S3-220495313,S2-693398041,S2-343788072,S3-359464445
S1-191874708	S3-886762694,S3-519348226,S3-146718733,S3-672753244
S1-582091840	
S1-616628716	
S1-483434064	S3-996962154,S3-546817354,S3-467832819,S3-168282683,S2-873556187,S2-392145339,S3-657763570,S3-913410466,S3-690903237,S3-534253649
S1-113951846	
S1-549415438	S3-281542243,S3-133296447,S2-613868329,S3-425651743
S1-342095428	S3-670467382,S2-691318578,S3-553656694,S2-712832935,S3-527850482,S3-225910780,S3-901176774,S3-928038369
S1-953839329	S3-240058340,S3-544306352,S2-165649102,S2-540774917,S3-88748689,S3-889983640,S2-368020936,S2-134129534,S2-39889760,S2-631035436,S2-349927121,S3-879564698,S2-334869461,S3-953204079,S3-293244015,S2-759467179,S2-217693187,S2-425439096,S3-355014269,S2-973292523,S3-273704167,S3-119083528,S2-637070130,S3-949418688,S2-285341594,S2-765638233,S3-777553326,S3-713804933,S2-322926562,S2-242381265,S2-742144770,S2-729122677,S2-807113828,S2-705851202,S2-751470939,S3-216612304,S2-278232414,S2-331488286,S2-590060142,S2-448408291,S3-743874151,S3-907951312,S2-32504820,S2-654593140,S3-482559512,S3-471594619,S3-949268054
S1-48930576	S2-518322951,S2-156354485
S1-982210261	S2-685280693
S1-731638561	
S1-109339365	
S1-409675922	S2-326228407
S1-113606541	S2-278524381,S2-488229934
S1-707760473	
S1-829420372	S2-775511815,S2-782062125,S2-76920936,S2-500192151,S2-529936643,S2-723382766,S2-261745733,S2-319118362,S2-267500703,S2-401404,S2-376835730,S2-579951449
S1-791484925	S2-685860226,S2-558595419,S2-668731697,S3-334413629,S2-687223409,S3-941117133,S3-847072630,S2-630698480,S2-91264226,S3-205358920,S3-428568551,S2-834826649,S3-971660900,S2-251115314,S3-715221582,S2-833349746,S2-598499244,S3-676223427,S3-600301298,S3-172516626,S3-16963268,S3-584163261
S1-479239049	S2-615152506,S3-728078511,S3-977639297,S2-647233267,S3-823516740,S2-116099861
S1-132918537	S2-914936097
S1-736728091	S2-697716048,S3-243775466
S1-518524118	S2-188047907,S2-479639767,S2-937184842,S2-922396256,S2-639150153,S2-101038343,S3-456499250,S2-493216812,S2-631585507,S3-70731950
S1-903790267	S3-344477014,S2-820697055,S2-187440760,S3-746108894,S3-143366416,S3-803885568,S2-278860408,S2-853751021,S3-621401747,S3-754222271,S2-345760522,S3-900647567,S2-58687980
S1-210351093	S2-898008935,S2-239641965,S2-696109598,S2-813641485,S2-771746663,S2-485793518,S2-433860699,S2-338006175,S2-923500757,S2-92322579,S2-163395991,S2-306289434,S2-234699109,S2-502816364,S2-164999379,S2-471908725,S2-883612706,S2-171227599,S2-478976831,S2-635487150,S2-594646994,S2-342987051,S2-291644849,S2-331873332,S2-19245434,S2-783734967,S2-405105351,S2-302054007,S2-20213851,S2-150975970,S2-857262168,S2-415670729,S2-213277943,S2-454352954,S2-876924172,S2-424387851,S2-587732158,S2-52804522,S2-835449021,S2-479048111,S2-480944369
S1-107945970	
S1-695737678	
S1-900882482	S2-499343805,S2-151018398,S2-401560378,S2-265438276,S2-653475324,S2-286109811,S2-452826877,S2-401909739,S2-504880603,S2-71843918,S2-812876921,S2-828287745,S2-264658470,S2-173013829,S2-282286487,S2-388058236,S2-85835450,S2-549093002,S2-713657075,S2-607787044
S1-801936852	
S1-826469395	
S1-310877905	S2-315250279,S3-315110544,S3-237380557,S2-965196627,S3-236996866,S2-907718698,S2-642731145,S2-45933570,S2-93388397,S2-880969832,S2-47203536,S2-140501584
S1-768064465	
S1-464887045	S3-513276985,S3-852537521,S3-204751604,S2-818226892,S2-385702337,S3-581095226,S3-456274923,S3-771795518,S2-289854661,S2-567509199,S2-458728094,S3-476724994,S2-297295792,S2-574073519,S3-429229845,S3-147610464,S3-461493944,S2-827455267,S3-769355954,S3-520134808,S2-727701442,S2-418473945,S2-586567836
S1-374130420	S2-241859982,S2-164945569,S3-310034308,S2-53644871,S3-508059482,S2-121758824,S2-643237198,S2-716299756,S3-404810118,S2-581211896,S3-140729962
S1-82192539	S2-637032404,S2-175166551,S2-846741062,S2-88048442,S2-927586314,S2-556986084,S2-822663550,S2-483223434
S1-751681405	S2-302577274,S2-104460387,S2-387210104,S2-248957053,S2-230023024,S2-191466839,S2-732472111,S2-52813086,S2-53465324,S2-611287581,S2-303957323,S2-492438054,S2-718584845,S2-688034498,S2-359677779,S2-558560478,S2-357493045,S2-158419442,S2-317603517,S2-288430543,S2-399796398,S2-315653214,S2-642204316,S2-605135842,S2-65553137,S2-534941235,S2-397594965,S2-325969572,S2-645351123,S2-311378394,S2-298947828,S2-724262933,S2-449675768,S2-171220932,S2-631117267,S2-531662579,S2-649262871
S1-380672977	
S1-616755144	S3-218469758,S2-523698352,S3-342442576,S3-213525427,S3-254957942,S2-571175080,S2-313243230,S2-224125326,S2-299386178,S2-346931335,S2-862293629,S2-63022985,S2-426842857,S2-414689845,S2-17122307,S2-512950791,S2-499953172,S2-680316374,S3-138435316,S2-266185323,S2-189114632,S2-53441862,S2-948120168,S2-986900573,S2-271980322,S2-460395693,S3-210503157,S2-702831997,S2-958567501,S2-806523322,S2-670114859,S2-460709559,S2-738933402,S3-285423050,S2-524826830,S2-9946485,S2-262764248,S2-103195021,S2-204267146,S2-130229389,S3-181746788,S2-370407986,S2-893362322,S2-817184935,S2-633162515,S2-950733894,S2-574365710,S2-10013233,S2-176052921,S2-100171087,S2-933711970,S2-161507585,S2-209292032,S3-253950029,S2-178524001,S2-777173608,S2-585668799,S3-322552557,S2-148369558,S2-919462873,S2-386268013
S1-387747643	
S1-239986792	S2-630561742,S3-986498701,S2-668318546,S2-833748005,S2-327966334,S2-423132274,S2-832051265,S3-798711147,S3-931749255,S3-866119784,S3-805610701,S2-266877403,S3-904485815
S1-546544677	S3-119729179
S1-480944988	S2-460623512,S3-64954734,S2-777989194,S2-917149732,S2-570359131,S2-177424795,S2-41040151,S2-312916976,S2-510182438
S1-411146541	S2-360999428,S2-512726650,S3-587410339,S2-842919420,S3-644555724
S1-801027691	S2-552574908,S3-665528170,S2-715762077,S2-558248173,S3-65874695,S2-900182532,S2-142543389,S2-740926706
S1-184974566	S3-134913418
S1-39344603	
S1-870025197	
S1-585596917	S3-225757840,S2-463659759,S3-556531217,S3-970711629,S3-897370432,S3-826386187,S3-511423182,S3-426047142,S2-209173037,S2-19788659,S3-802789763,S3-869864247,S3-775321227,S2-998866703,S2-671293655,S3-174343985,S2-719282244,S3-969881846,S2-780308148
S1-535435282	
S1-632113915	S3-978098469,S2-400767462,S2-86777874,S3-88530833,S3-936683217,S2-226876210,S3-10231314,S3-103194485,S3-874679906
S1-128695268	
S1-83914216	
S1-273534049	S2-84052276,S2-906907779,S2-930810608,S3-533942546,S3-492959211
S1-556051630	
S1-435735212	S3-944571858,S2-740369292,S2-996367784,S3-28535495,S2-455413842,S2-43587001,S2-910251776,S2-947252448,S2-553912561,S3-270619713,S3-740997388,S3-921824396,S3-780496619,S3-292591263,S2-577301981,S2-389897204,S3-658246048,S3-200783707,S3-611627653,S3-928255383,S3-795928597,S3-468090528,S2-246361132,S3-83587327,S3-832185425,S2-203137519,S2-253827921,S2-497213598
S1-562155757	S3-566780260,S2-826430124
S1-486348428	S3-2116212
S1-632767812	S3-742078336,S3-650413022,S2-702200396,S3-833138509,S3-40060015,S3-693454629
S1-886242903	S3-851358310
S1-415958408	S2-327656146,S3-8548930
S1-761874846	S3-778502678,S2-736454560
S1-626599141	S2-467457370
S1-892685004	
S1-566710238	
S1-640578446	S2-577523774,S2-734093127,S2-742191837,S2-256781534,S2-552285040,S2-660992703,S2-766597723,S2-262782004,S2-225565512,S2-841545719,S2-293641074,S2-690943030,S2-33885009,S2-774512583,S2-827160668,S2-292103635,S2-221406627,S2-746272377,S2-162831178,S2-387866357,S2-689101624,S2-7421736,S2-735153377,S2-333783469,S2-776722434,S2-105719821
S1-798293084	S3-793923608
S1-226986472	
S1-343577734	S2-490087052,S2-788486221
S1-431707144	
S1-340387961	S2-52258215
S1-481927230	
S1-430467301	S2-661222940,S3-452318171,S3-516020464,S2-510790819,S3-207235747,S3-718379792,S3-983304001,S3-790891346,S3-38734127,S3-794712064,S2-197512918,S3-534898831,S3-590022361,S3-799054930,S3-263850974,S2-726037868,S3-810646932,S2-995995173,S2-755426588,S3-79495627,S3-205577510,S2-539457674,S2-37508026,S3-232251752,S3-38750483,S2-547572099,S2-863088303,S3-39916548,S2-978514612,S3-993187379,S2-22908759,S2-243615432,S2-331695730,S2-412548395,S2-614827696,S3-643666399,S2-151165446,S2-712053918,S2-751986532,S3-661488914,S3-43130533,S3-879056037,S3-332733905,S2-897980340,S2-412592638,S3-964589731,S2-656089177,S3-365193768,S2-122198844,S2-941102715
S1-512939885	S2-843972243,S2-303005287,S3-694418096,S2-46180734,S3-392195308,S2-59176075,S3-905549447,S2-118000057,S3-136923726,S3-892264393,S2-412536501,S3-309197200,S2-460248037,S3-704178873,S3-581211180,S3-79891711,S2-571602173
S1-916755193	S2-283773400,S2-646927844,S2-528379757,S2-610320448,S2-322490928,S2-660240305,S2-914824440
S1-415274790	S2-622225994,S3-154869970,S2-164138133,S2-715568703,S2-406076562,S3-469305796
S1-451268621	S2-265990899,S3-533504748,S3-139946298,S2-694927345,S3-919828432,S3-873051040,S3-23280617,S3-141947059,S3-741865575,S2-934261928,S3-326367335,S2-978353587
S1-805535132	S3-955520925,S3-632131547,S3-704084300
S1-431995033	S2-922587322,S2-437576862,S2-528186654,S2-654943530,S2-693042531,S2-800873754,S2-172134446,S2-198493039,S2-26500789,S2-912528411,S2-823529389,S2-196702757,S2-631109596,S2-211021895,S2-388123985,S2-897299394,S2-388690993,S2-671099396,S2-39869945,S2-254404079,S2-659611183,S2-147953025,S2-141001080,S2-594674491,S2-579023214,S2-460139523,S2-521711964,S2-57242208,S2-506710495,S2-266144148,S2-466440305,S2-292703511,S2-272800175,S2-499191423,S2-758112627,S2-762100715,S2-415414139,S2-22164316,S2-379917486,S2-165303940,S2-272644337,S2-931109853,S2-747224749,S2-867932680,S2-24246960,S2-713803412,S2-471982668,S2-478485264,S2-339576660,S2-313984536,S2-614796318,S2-499600233,S2-496683615,S2-15045692,S2-9633590,S2-250632157,S2-10239962,S2-176076467,S2-706030014,S2-112790260,S2-875290628,S2-860073448,S2-663490785,S2-71787181,S2-811756798,S2-647176030,S2-239094631,S2-673073643,S2-7901229,S2-596145832,S2-782343040,S2-759917947,S2-938297699,S2-836747571,S2-525862775,S2-432341031,S2-867098208
S1-812486340	S3-158797358,S3-754807750,S3-141947059,S3-873051040,S3-595173217,S2-547297611,S3-751271334,S3-83415792,S3-143130029,S2-566116280,S2-934261928,S3-741865575,S2-618253052,S2-440020160,S3-751935762,S2-759241666
S1-584792649	S3-551099592,S3-865579410,S3-639741855,S2-629080781,S3-625384549,S3-517652020,S2-786237267,S2-771178863,S2-657405070,S2-136357659,S2-469472740,S2-685763110,S2-364337745,S2-424814666,S2-572613583,S2-83160900,S2-823010878,S3-870545709,S2-222041327,S2-779535529,S2-789683585,S3-860059898,S3-68560638,S3-504836312,S3-743950165,S3-872904624
S1-889448973	
S1-119783341	S2-817164692,S3-992317288
S1-958418132	
S1-434057620	S2-463346503,S3-107113177,S2-476099473
S1-38345711	S2-323548701,S2-401594094,S2-155873938,S2-592508582,S2-455659817,S2-790399139,S2-419708087,S2-737231796,S2-520986836,S2-41061862,S2-492705598,S2-526470577,S2-16084621,S2-621507101,S2-387115807,S2-40842012,S2-810611616,S2-365215605,S2-224657764,S2-73428582,S2-443243519,S2-631129240,S2-716039525,S2-404068444,S2-523304160,S2-237537582,S2-38283071,S2-679944130,S2-742805930,S2-595732759,S2-59984023,S2-332433222,S2-435286455,S2-19191075,S2-191787466,S2-129921846,S2-280015021,S2-834999948,S2-789923795,S2-662994229,S2-262413466,S2-736585370,S2-569438165,S2-431435374,S2-180106844
S1-377488305	
S1-723559599	
S1-309558535	S2-400211020,S2-384835774,S2-58425657,S2-10361468,S2-47001605,S2-372466835,S2-370103619,S3-717394196
S1-602752445	S3-954428976,S3-266346136,S2-948403849,S3-115207065,S3-35193640,S3-713643592,S2-981712920,S2-701659677,S2-166262684,S3-574670219,S3-561949674
S1-259962445	
S1-735929786	
S1-164830224	S2-682859342,S3-107153678,S3-16302819,S2-667461187,S2-96161659,S3-584712446,S2-757691929,S2-390651293,S2-652670348,S3-561188462,S2-424044629,S3-630613642,S2-666569339,S3-134567670,S3-593690307,S3-559095252,S3-497814115,S2-915609277,S2-503493295,S2-168245579,S2-270300229,S3-633003742,S3-566512004,S2-488788721,S3-118610794,S2-252790607,S2-589252763
S1-625845694	
S1-471376742	
S1-493059116	
S1-743605943	S2-432431860,S2-676064998,S3-970772548,S3-882926442,S3-481451314,S3-856801219,S3-850304794,S3-344505989,S3-939427813,S2-705266564
S1-8092452	S2-387892278,S3-310146951,S2-302862855,S2-238661101,S3-728612383,S3-424493319,S2-592852645,S3-688081772,S3-13938062,S2-447939311,S2-757559318
S1-636831324	S3-822711562
S1-565844497	S2-772782786,S2-860058410,S3-214836154,S2-767324395,S3-202204318,S3-329955139,S2-340379017,S2-448389226,S2-575760235,S3-284702740,S3-206406066,S2-22263550,S2-242742996,S2-553335027,S3-319744914,S2-307208042,S2-866510554,S3-257338765,S3-19039717,S2-457908973,S3-352806243,S2-761505735,S3-218693874
S1-343454703	S2-398966513
S1-151608539	S3-706106626
S1-939045953	
S1-963848607	S2-405833229,S2-35994221,S3-712056478,S3-675138554,S2-186867574,S2-306091036,S2-556071304
S1-357989017	S3-511423182,S3-426047142,S2-365501774,S3-869864247,S3-903516266,S3-796777861,S3-283612046,S3-395951421,S3-280747933,S3-225757840,S3-519722371,S2-282584362,S2-620372831,S2-280004932,S3-265817537
S1-950174003	
S1-993246408	
S1-295845591	
S1-668206504	
S1-258883380	S3-581770123,S3-306876817,S3-519191524,S3-719174716,S3-87696103,S3-58552083,S2-784718860,S2-49778907,S3-498150286,S2-486528370,S3-993065866,S2-381964521,S2-335235331,S3-571417697,S3-384457178,S3-171712229,S3-748122616,S3-839140221,S3-567892808,S3-527273767,S2-589146637,S3-789038807,S3-98878101,S3-219617052,S2-767410938,S2-663860553,S3-128469007,S2-946852078,S3-385756329,S2-432742526,S3-92337190,S2-725952998
S1-424170762	S3-620667743,S2-529933432,S3-455380524,S2-519024364,S3-120715026,S3-153670200
S1-892233306	S3-286238001,S3-221554836,S2-953146928,S2-850453737,S3-515941798,S2-132974071,S2-739854327,S3-333337173
S1-876414429	S3-862474309,S3-911835665,S3-404718873,S2-124272862,S3-9820592,S2-487562835,S2-802806265,S2-627368384,S3-615290415
S1-319445922	S2-571602173
S1-600309700	S3-244831496,S3-254149046
S1-652564669	
S1-657626552	S2-870686726,S2-193326442,S3-224875366
S1-204434466	
S1-601661980	S2-276067807,S2-899054063,S3-482641194,S2-364157870
S1-550960819	S3-770262227,S3-553316175,S3-643070448,S3-479425308,S2-324072363,S2-909948740,S2-261873404,S3-373530188,S3-126222827,S3-187761079,S3-827372309,S3-884389807,S3-676058031,S3-843723483
S1-456709533	S2-526609712,S3-172733333,S2-159342875
S1-304264695	S2-64814376,S3-119572671,S2-539410260,S2-846500747,S2-743333033,S2-165119564,S2-73415883,S2-264840456,S2-376821699,S2-296444260,S2-33227334,S2-456654178
S1-763496609	S2-962880300,S3-625545348,S3-649043455,S3-432783650,S3-153795311,S3-57548085,S3-375158886,S2-832872201,S2-283103213,S3-411639844,S2-356961212,S3-41316710,S2-150696315,S3-18446911,S2-887334928,S3-103791636
S1-397540035	
S1-615389185	S2-485635480,S3-846993546
S1-110714502	S3-388109275,S3-788337497
S1-204691956	
S1-314520659	
S1-31779681	
S1-427989367	S3-633003742,S3-566512004
S1-864241690	
S1-56387917	S3-23805784
S1-595865867	S2-549771767
S1-327146826	S3-820478802,S2-748075717,S3-503224001,S2-309433805,S3-855546679
S1-865131206	S3-691606378,S3-864237410,S2-502317016,S3-701610307,S3-266016485,S3-467871681,S2-555636706,S2-685203548,S2-497459144,S2-844023898,S3-674063328,S2-857796053,S3-523509720,S3-157488345,S3-284489623,S3-776636146,S2-69288324,S3-255609572,S3-861903720,S3-776529792,S3-419096825
S1-994475302	
S1-291219991	S2-776816459,S2-953451505,S3-252532454,S3-681926238,S2-256032807,S3-524759127
S1-783394116	S3-29104172,S2-592282952,S2-768669951
S1-760816941	
S1-861696207	
S1-451179345	S3-866733196
S1-420365721	S2-148799278,S3-35945424,S2-971562013,S3-955234150,S3-935989990,S3-416256898
S1-55333937	
S1-427933022	S3-378652249,S3-627345153,S2-514160870,S3-740785174
S1-473235417	
S1-735261892	
S1-235360444	S3-521550554,S2-109075962,S3-357103138,S2-363744462
S1-661406030	
S1-117866925	
S1-602792539	
S1-696654443	
S1-893318925	S3-98878101,S2-656111660,S2-141145055,S3-384457178,S3-241351439,S3-498150286,S2-381964521,S2-784718860,S3-993065866,S2-486528370,S3-571417697,S3-748122616,S3-929788561,S3-567892808,S3-87696103,S2-254869670,S3-270974921,S3-398286107,S2-946852078,S3-128469007,S3-385756329,S2-432742526,S3-92337190
S1-48353843	S2-466208646
S1-96001455	S2-65798586,S2-518044421
S1-851799346	S2-47542965,S2-389029862,S3-448859321
S1-564924073	S2-97051761,S2-329152523,S2-319139570,S2-859046356,S2-302513926,S2-517992141,S3-144448241,S2-123026241,S2-869184613,S2-455242515,S3-161130258,S3-262305894,S2-359549629,S2-845890525,S2-91491361
S1-274269086	S3-940522307,S2-820464896,S3-497151430,S3-542279277,S2-159699565,S3-557652558
S1-996684915	S2-287995401,S2-169128788
S1-536948776	
S1-935526277	
S1-370305562	S3-860303023,S2-300446568,S2-483684325,S2-181355122,S3-195525297,S3-534532524,S2-201674636,S2-144799128,S3-545041422,S2-311344020,S2-443510707,S3-497680542,S2-646204939,S3-302137557,S3-882461134,S2-485423414,S2-141261386,S3-726394547
S1-289936158	
S1-878904744	S3-334981934,S3-630233885,S2-518497391,S3-685464811,S3-941432277,S2-719163926,S3-126400538,S2-38015412,S3-164863214,S2-303255071,S2-405959291,S3-930493968,S2-365277529,S2-115015268,S3-260483509,S2-911723717,S3-273817340,S3-971792624,S2-738999755
S1-244359835	S2-763847715,S2-808156553,S3-523567654,S2-408326435,S3-622807772,S3-787149784,S2-794272150,S2-124569614,S3-347564335
S1-434010763	S3-18564590,S2-243879781
S1-402164728	
S1-105548872	
S1-534731343	S3-196854838,S2-184351140,S2-798215525,S2-121488604,S2-635344857
S1-593436824	
S1-27482341	S3-256492458,S2-843451275,S2-23273229,S2-768669951
S1-517926509	
S1-786638184	
S1-283630693	S3-143833510,S2-206758928,S2-262778022,S3-295569553,S2-392241463,S2-480291885,S2-588727148,S3-35353708,S2-982465285,S2-168955119,S3-438924069,S3-249224376,S3-382984641,S3-474612935,S2-885464474,S3-182180684,S2-658449395,S3-336043633,S3-94822610,S3-485239568,S3-107398582
S1-398052569	S2-795776941,S3-464141372
S1-44634215	
S1-155904527	
S1-687982489	S3-44029478,S2-771612647,S2-414894390,S3-862342551,S3-808134857,S2-253735044,S3-576077877,S2-548111410,S2-249365137,S3-987853850,S2-984371907,S3-141959189,S2-484399303,S3-145894699,S2-401337971,S3-424218841,S3-364570311,S2-724031955,S3-885679450,S3-387137458,S3-986008751,S3-388331940
S1-215512727	S2-150131961,S3-290790462,S2-106202700,S2-1458393,S3-112836345,S2-322441800,S2-481562750,S2-912045707,S2-212960881,S2-712094386,S2-96305618,S2-13916198,S2-214427379,S2-822585016,S2-733640695,S2-525022485,S2-73574355,S3-110252160,S3-301991120,S2-289543055,S2-176192534,S2-293477230,S2-84065029,S2-216860121,S2-142650576
S1-689284418	
S1-227692321	
S1-977128956	S2-286109811,S2-452826877,S2-499343805,S2-151018398,S2-829744436,S2-401560378,S2-265438276,S2-173013829,S2-401909739,S2-282286487,S2-812876921,S2-504880603,S2-828287745,S2-388914906,S2-264658470,S2-85835450,S2-230959672,S2-713657075,S2-76571134
S1-650088901	S2-818401135,S2-687169918,S2-260493939,S2-192909287,S2-409596926,S2-897980422,S2-511060737,S2-434033540,S2-908510616,S2-853572898,S2-168670799,S2-110811145,S2-578945271,S2-183092653,S2-57057245,S2-307972559,S2-527245953,S2-316682952,S2-648362230,S2-686979274,S2-487927714,S2-481493872,S2-458831613,S2-486936539,S2-922575892,S2-150130644,S2-202866819,S2-108412128,S2-590537855,S2-399950855,S2-911660141,S2-728579117,S2-189818899,S2-242524460,S2-267907355,S2-728389979,S2-690127271
S1-388312190	
S1-619314161	S3-490272101,S3-630331250,S3-211148972,S3-107460970
S1-30287098	S2-206514987
S1-437415597	
S1-804210432	S2-561070791,S2-63022985,S2-948120168
S1-30804621	S3-973323595,S3-322716714,S3-92927543
S1-710182438	S2-263836117,S2-853730729,S2-836005970
S1-932579262	S3-860953324,S2-183545903,S2-186197005,S3-60167279,S2-24795043,S3-987779674,S2-923651016,S2-341854825,S2-959419015,S3-144415837,S2-796802476,S2-326669797,S3-542626598,S2-458256156,S2-659135687,S2-714142248,S3-574670219,S3-561949674,S3-216454169,S2-64546224,S2-166262684,S2-982162234
S1-786434853	
S1-532188526	S2-364722413,S3-235196503,S3-313851272,S2-541527115,S3-492559728,S3-800871230,S2-721623614,S3-113389858,S2-585685463,S3-931021787,S2-878975690,S3-229708047,S3-215436139,S2-414975980,S2-820159474,S2-788825335,S3-477178700,S3-664095411,S3-537767254,S2-809213355,S2-516214730,S2-784475810,S3-696777412,S2-579577304,S2-188156537,S3-996184187
S1-432316901	S2-326545004
S1-19400879	
S1-256104143	S3-928274915,S3-758726290,S2-267704559
S1-423446821	
S1-420936510	
S1-574943722	
S1-739597376	
S1-901087398	
S1-198222016	
S1-738718564	
S1-148825883	
S1-995732992	
S1-500552277	
S1-122618676	
S1-617654642	
S1-131839362	S2-85950641,S2-709431079,S2-607323678,S2-80420263,S2-312629170,S2-184487406,S2-457994502,S2-820860718,S2-391184334,S2-537354013,S2-181063334,S2-542945420,S2-313245951
S1-897497027	
S1-327638825	
S1-277014552	S3-794805480,S3-140295739,S3-623860787,S3-605831427,S2-111226877,S3-113445056
S1-422318491	
S1-125210246	
S1-234364027	S3-588279892,S2-155533026,S3-29883433
S1-791094687	S2-258793234,S2-108632965
S1-561307811	S2-103226456
S1-221396644	S3-280328474
S1-71752744	S3-336997561
S1-226204700	S2-489423579,S2-628597870,S3-443632315,S3-339542517,S2-819196119,S2-474177491,S2-682080483
S1-273422811	
S1-616102084	S2-261796240
S1-393071074	
S1-136650911	
S1-959330708	S2-731762629,S2-681941147,S2-566345675,S2-423100521,S2-860890263,S2-441594085,S2-838321405,S2-337468809,S2-759812507,S2-899578824,S2-425737384,S2-307895261,S2-672797856,S2-442902415,S2-621107908,S2-707364299,S2-790840546,S2-493596870,S2-732475597,S2-162666647,S2-442722130,S2-349844732,S2-256483550,S2-861201345,S2-479285528,S2-853483077,S2-342821508,S2-23474383,S2-153580989,S2-775375330,S2-872901699,S2-349553073,S2-262471583,S2-622481264,S2-735509914,S2-211586264,S2-874322149,S2-174904516,S2-188383883,S2-582015598,S2-153325227,S2-670855589,S2-293972182,S2-307595290,S2-287836977,S2-101677614,S2-893048055,S2-455999140,S2-691718681,S2-287660910
S1-806964955	S3-816626122
S1-213642432	S2-660068086
S1-702535028	
S1-779823474	
S1-802309215	S2-766424915,S2-593085197,S2-201495232,S2-411341899,S2-460906835,S2-263836117,S2-503552698,S2-194142349,S2-473253338,S2-162060482,S2-321866561
S1-557814670	
S1-820935401	
S1-115640527	S2-37090025,S2-579157671,S2-326079630,S2-285110127,S2-715162081,S2-545606373,S2-372363817,S2-332016410,S2-591032606,S2-727306054,S2-71670232,S2-405701199
S1-350761494	S2-62308926,S3-264503562
S1-433213068	
S1-954336561	S2-241808076
S1-896836973	
S1-296742140	S3-669516940
S1-537740820	S3-371666263,S2-133152524,S2-57017278,S2-808510671,S3-67124572,S2-996861389,S3-81645327,S3-46203180,S3-327153985,S2-479364724,S3-843696324,S3-963243945,S2-179388103,S3-159564460,S3-48018188,S2-25928583,S2-200073581,S2-440227981
S1-292692907	S2-200397206
S1-380619529	S3-634569857,S2-916450974,S3-503954447
S1-512491927	
S1-340929942	S3-715699088,S3-120464199,S3-811607820,S3-699026722,S2-834148564,S2-567326602,S2-567462961,S3-334249128,S2-551360770,S2-150101348,S3-303204373,S3-938020359,S2-740294116,S3-323550076,S2-632530235,S2-567929214,S2-762888161,S3-189084854,S2-285814995,S2-33011673,S2-972889340,S3-81932792,S2-810052978,S3-151381602
S1-787303229	S2-398937057,S2-989590454,S2-473897414,S2-987258871,S3-553316175,S3-663212208,S3-643070448,S3-479425308
S1-143454772	
S1-145510098	
S1-662614977	S3-35945424,S3-955234150,S3-935989990,S3-962179618,S2-665889889,S2-712942586
S1-12943250	S2-492346375,S2-688038056,S2-307114778,S2-673904433,S2-435888971,S3-215344604,S3-132720234,S2-698084228,S3-139319508,S2-1399977,S2-254009984,S2-55498802,S2-399793108,S2-275944547,S2-756806553,S2-182118136,S2-950140080,S2-594654228,S2-410838717
S1-429691516	
S1-810255190	S3-583438239,S3-593776874,S3-378652249,S3-627345153,S3-252183847,S2-421972997,S2-685773322,S2-615418194,S3-757990812,S3-854938354,S2-484181585
S1-692096873	S2-496481303,S2-620926641,S2-820253175,S2-631842884,S2-591083111,S2-280206767,S2-641697413
S1-788753280	
S1-188302195	S3-37732874,S2-217222143,S3-261033296,S2-340807290,S2-856419476,S3-723174569,S2-440154375,S2-143327244,S3-133957592,S2-263315470,S2-364457119,S2-447463461,S2-692863377,S2-258199545,S3-534413669,S3-600441546,S3-183135636,S3-821503922,S3-115556815,S3-40310316,S2-271168133,S3-428301742
S1-559697713	S2-455714174,S3-875968719,S2-313302756
S1-512066012	S3-146291028,S2-658462428,S2-40085538,S3-307755444,S3-339124027,S3-847313825,S2-941163821,S2-704766324,S3-141114669,S2-123998332
S1-8311113	S2-470716724
S1-868551153	
S1-936319885	S2-74029202
S1-234439628	S2-334550068,S3-305585941,S2-582972507,S2-495770952,S2-633697608,S3-275200479,S2-616375372,S3-884070059,S2-71958034,S3-108661380,S2-917698035,S2-369546644,S3-261935142,S2-899044307,S2-407033938,S2-338411470,S2-633012840,S3-678788683,S3-779258178,S2-253264903,S2-818836648
S1-411926733	
S1-253704107	
S1-430072999	S3-682193240,S2-857173237,S2-495333171,S2-498714192,S2-530741887,S2-824918547,S2-656090889,S2-185187345,S3-882783617,S3-511814091
S1-495458150	S3-782088868
S1-817683544	
S1-548717271	S3-287701777,S2-348153771,S2-103542778,S2-891206617
S1-110964486	
S1-844896591	S2-362218588,S3-11966366
S1-881005414	S2-691904546,S3-314979107,S2-740037986,S2-670876163,S3-177814027,S2-276355156,S2-768669951
S1-738271924	
S1-602612250	S2-717916680,S2-346821440,S2-445229762,S2-142118561,S2-813575314,S2-220620995,S2-345016058,S2-62092247,S2-951843795,S3-223861841,S2-896264951,S2-291635456,S2-492944301,S2-63004297,S2-480177776
S1-922679696	
S1-135392637	S2-493767924,S2-513769409
S1-993004975	S2-505872640,S2-703259078,S2-453693150
S1-371688824	S3-606842503,S3-547545099
S1-185666867	S3-520945254,S3-4645192
S1-688635142	
S1-340904396	
S1-316169377	S3-318831635,S2-532870340,S3-35945424,S3-955234150,S3-935989990,S3-400718177
S1-850448343	S2-108412128,S2-922575892,S2-245146157,S2-366066563,S2-87232873,S2-705111203,S2-110811145,S2-481493872,S2-527245953,S2-458831613,S2-853572898,S2-168670799,S2-908510616,S2-316682952,S2-487927714,S2-578945271,S2-590537855,S2-134174164,S2-189818899,S2-267907355,S2-690127271,S2-728389979
S1-94250675	S3-841783516
S1-585293112	
S1-721264108	S2-859269439,S3-572690753,S3-90887081,S3-702728385,S3-193622652,S2-173102731,S3-345834078,S3-462908334,S3-195999910,S3-246813236,S3-562619864,S2-772113376,S2-242337301,S2-225653845,S3-548424106,S3-237461498,S3-128573256
S1-800538103	
S1-827102573	S2-12486881,S2-263868441,S2-540420659,S2-664348256,S2-91790174,S2-239381699,S2-221399429,S2-730403243,S2-317736419,S2-771548411,S2-909409438,S2-260791980,S2-297997912,S2-902013767,S2-265025544,S2-781363821,S2-149262963,S2-390913843
S1-210783960	S2-79491931,S2-242415228,S2-223290628,S2-862571393,S2-397614607,S2-897468272,S2-149736632,S3-155906008,S2-209770909,S2-915736148,S2-588536573,S2-261526984,S3-120682093,S2-216784937,S3-303645750,S2-127284995,S2-644216795,S2-116143022,S2-107354533,S2-645789542,S2-151698256,S3-232128141,S3-277967558
S1-27192289	S3-27198971
S1-56734760	
S1-59045637	S2-134174164,S2-265512927,S2-213622611,S2-527245953,S2-346144327,S2-729248592,S2-686979274,S2-481493872,S2-648362230,S2-183092653,S2-57057245,S2-916507935,S2-307972559,S2-487927714,S2-578945271,S2-853572898,S2-168670799,S2-110811145,S2-722947711,S2-267907355,S2-502975737,S2-227994730,S2-869458921,S2-399950855,S2-108412128,S2-590537855,S2-198351465,S2-841389317,S2-505529032,S2-121165186,S2-919068154,S2-891724637,S2-728389979
S1-8813651	S2-236691762,S3-855528533,S2-145339015,S3-252532454,S3-816400785,S3-681926238,S2-657510515,S3-765623818,S2-260799992,S3-246760127
S1-837015821	
S1-78497462	S2-719282244,S3-283612046,S2-903207850,S3-511423182,S2-699213707,S3-869864247,S3-930162278,S3-40626326,S3-577737386,S2-108235395,S3-265817537
S1-42544670	S2-916553705,S3-204477239,S3-20912500,S2-948973102,S3-539250403,S3-281106844,S3-19354941,S3-830852444,S3-435240328,S2-167806228,S2-77317203
S1-385970589	
S1-316185490	
S1-608972031	S2-424636991
S1-761741152	
S1-461056394	S3-941459678,S3-303086841,S3-260646116,S3-242367256,S2-379584189
S1-297525707	S2-842834434,S3-370057050,S3-876865834,S3-23950040,S2-613206335,S3-957289716,S3-457551519,S3-190296713,S2-398527163
S1-949211377	
S1-317854633	S3-782464853
S1-899778601	S3-156749086,S3-614208763,S3-712098179,S3-153970560,S3-277206157,S2-462890072,S2-231605226,S3-855134699,S3-139012508
S1-730064090	S2-715532358,S2-153647290,S3-476487363,S2-590742711,S2-389698795
S1-78166516	S3-665052013
S1-279978846	
S1-466689023	S2-438611539,S2-58840457
S1-783271110	S2-45933570,S2-47203536
S1-349442534	S2-265006197,S2-14922824,S2-550312839,S2-259376686,S2-388189262,S2-588548717,S2-162893045,S2-782058062,S2-635805666,S2-589803297,S2-698358405,S2-1766567,S2-256072418,S2-500451147,S2-606954416,S2-326599634,S2-169181306,S2-358504456,S2-669424714,S2-245473532,S2-202314048,S2-351872642,S2-348051170,S2-814214685,S2-564437098,S2-794199666,S2-650741334,S2-692412054,S2-312585480,S2-465983582,S2-322363431,S2-806229978,S2-509546243,S2-2694599,S2-252524095,S2-775043270,S2-373297445,S2-526738486,S2-823661059,S2-82752248,S2-498618273,S2-171964628,S2-77698963
S1-350560084	
S1-598823125	S2-342208570
S1-686380976	
S1-796967309	
S1-227915387	
S1-445455950	
S1-847865812	S2-695969120,S3-837541414,S3-116158717,S3-110057042,S2-464724439,S2-873556187,S2-392145339,S2-17194923,S3-454049359,S3-534253649
S1-176607451	S2-740592581,S3-548393569,S3-890645999,S3-193622652,S3-702728385,S2-242337301,S2-900071815,S2-963403578,S2-225653845,S2-78569371,S3-128573256
S1-847119223	S3-156109161,S2-279747332,S2-537144080,S2-842036195,S2-137357518,S3-527850482,S2-132290996,S2-753472940,S3-15509962,S2-111395931,S3-928038369,S2-847915218,S3-840582155,S3-18046692
S1-418655393	S3-207158941,S2-661376510,S3-962739007,S3-352397319
S1-97246084	
S1-362740544	
S1-928330106	S2-801335921
S1-972926059	S2-350814894,S2-143220472,S2-981608167,S2-305571277
S1-641523155	
S1-721371202	S3-160710413,S3-441375024,S2-234053799,S2-258472471,S2-796579511,S2-471623340,S2-956449162,S2-630698480,S3-950496170,S3-558551614,S2-179192369,S2-404089423,S2-238815330,S3-847072630,S3-465857304,S3-185926139,S3-878303120,S3-139024728,S3-971660900,S3-234621464,S3-573468067,S2-853563303,S2-486765715,S2-904997122,S2-267765214,S2-415583960,S3-275306078,S3-601360248,S2-687223409,S2-289621638,S2-652409191,S2-712748272,S2-468661548,S3-161740485,S2-692240242,S2-12727760,S3-378520149,S3-698867281,S2-91264226,S3-13978286,S3-964783521,S3-420224393,S3-874813673,S3-885364674,S3-947830858,S3-755475065,S3-428568551,S2-547214729,S2-785204544,S2-668731697,S2-986543343,S2-558595419,S2-15244075,S3-6214004,S3-45520945,S3-464033633,S3-338404543,S2-514460657,S2-592064369,S3-735577974,S3-510445257,S3-430703503,S2-185370872,S3-95407915,S3-386969349,S2-341685028,S3-935370916,S3-433446404,S3-339301670,S3-246816893,S3-439070366,S3-693521046,S2-623520248,S3-30971153,S3-889914965,S2-645037504,S3-20727238,S2-251115314,S2-185735427,S3-212514545,S3-934637572,S3-584324136,S3-191604979,S3-967491163,S2-816885910,S3-821392298,S3-165466525,S2-427060894,S3-829737144,S3-841947151,S3-227891058,S3-146737822,S2-959891828,S3-621544859,S2-923758274,S3-824621481,S2-127291960,S3-119197937,S3-16116477,S3-442193587,S3-655073688,S2-359010929,S2-783711549,S3-398652489,S3-227246503,S3-527158478,S3-839020948,S3-473197201,S2-344883620,S3-172516626,S3-16963268,S2-672365176,S3-584163261,S3-955309634,S3-544736730
S1-430362117	S2-529312799,S3-639795248,S3-887861415,S3-570342765,S3-974584752,S3-858779037,S3-137581375,S3-641442318,S2-746345044,S3-291725492
S1-423060707	S2-620771592,S3-964005525,S2-569638598
S1-755861525	S2-83867976,S3-430723846
S1-410803100	S3-263710058,S2-27354305,S2-341994945
S1-751509308	
S1-374449075	S2-638751026
S1-544443369	S2-844695945,S2-388593244,S2-332098756,S2-220435148,S3-67939734,S2-92584402,S3-582817055,S3-143408445,S3-404487162,S2-669236119,S2-69072620,S3-449294865,S2-886404050,S2-223170331
S1-419621540	
S1-571317154	
S1-54095608	S3-510614580,S2-933711914,S2-60975066
S1-59784452	
S1-764731582	
S1-499137551	S2-300838785,S2-463332740
S1-289740952	
S1-199339248	
S1-401150950	S2-233559671,S3-326826684,S3-540896613,S3-780493716,S2-228464184,S2-406181091,S2-717967391,S3-159540785,S3-116266531,S2-456776326,S3-191877213,S3-979485735,S2-339560484,S2-579289135,S2-624018531,S2-19405330,S2-507648852,S2-556035065,S2-51807871,S3-269402240,S2-875175107,S2-366887997,S3-472366154,S2-262030786,S2-681568197,S2-553327159,S2-726020020,S3-416862927,S2-425580689,S2-528835085,S3-210459670,S2-985421392,S3-269590180,S2-177702104,S2-234349705,S3-936817396,S2-323293917,S3-522983222,S2-974742136,S3-441188460,S2-376112786,S2-934513223,S3-403649450,S2-6053611,S2-294837571,S2-757225857,S3-117489751,S3-881130471,S3-924645013,S2-976648659,S3-358852345,S3-202402802,S2-914704962,S2-855405761,S2-48835339,S3-299370075,S3-337444190,S2-246217264,S3-848254264,S3-960911477,S2-768053815,S3-265800527,S2-465023675,S3-70625626,S3-786488291,S2-938840493,S3-233567843,S3-523448992,S3-236379314,S2-860913710,S3-184036043,S3-220570914,S3-167017639,S3-638233948,S2-932571789,S2-465450543,S2-885709691,S3-243933344,S2-505062706,S3-838794956,S3-557391182,S3-635306015,S3-180587523,S3-628176242,S3-669845968,S3-402964716,S2-881565404,S2-481513262,S3-207509728,S2-775094093,S3-14684668,S3-440959913,S3-145155011,S2-615153587,S3-688199643,S3-441831669,S2-940434362,S2-725275327,S3-544442854,S3-412200993,S2-181719653,S2-626499823,S2-73272087,S3-557741412,S2-412095994,S3-130668390,S2-124623667,S3-541713539,S2-390435992,S2-281905157,S3-751595314,S3-946818490,S3-437206871,S3-233465018,S2-707156746,S3-764475448,S3-999667491,S3-723867253,S3-712488741,S3-676829980,S3-494199853,S2-231202008,S3-413030946,S2-58268070,S3-892019797,S3-994706509,S3-116508654,S2-747400550,S3-290960350,S3-426940607,S2-726643279,S3-493499568,S3-456080101,S3-671352596,S2-784868587,S3-753197196,S2-64258742
S1-863284863	
S1-737079528	S3-863262344,S2-605448897,S2-516505860,S2-218326446,S3-448283785,S3-238707572,S2-614188293,S3-517676150,S2-68221768
S1-705139382	S2-799582323,S3-184947134,S3-574936125,S2-317882412,S2-854060544,S2-51812199,S3-736602143,S2-349758300,S3-216520121,S2-7765030,S2-108831416,S3-385634647,S2-34848146,S2-438806767
S1-981006854	S2-842435364,S3-745150893,S3-887076835,S3-602610101,S2-64607939,S3-191254623,S3-182531873,S3-962734580,S3-452919950,S3-586549163,S3-520592894,S3-412212897,S3-27940543,S3-651620728
S1-156883486	
S1-874413333	S2-505529032,S2-121165186,S2-642751377,S2-43175471,S2-154694505,S2-229685438,S2-589522525,S2-908510616,S2-481493872,S2-648362230,S2-487927714,S2-183092653,S2-168670799,S2-578945271,S2-110811145,S2-316682952,S2-458831613,S2-853572898,S2-57057245,S2-74264214,S2-884751117,S2-737105356,S2-590537855,S2-728389979,S2-317389623,S2-259754115,S2-562681799,S2-267907355
S1-870040435	
S1-118929976	S3-72725740,S3-186252098,S2-878428650,S3-303086841,S2-368958125
S1-627443733	S3-868706016
S1-134890169	S3-909675749,S3-901776718
S1-644411036	S3-571695614
S1-839337830	S3-328149806,S2-3961924,S3-972862466,S2-259955145,S3-56599744
S1-870660635	S3-678007093,S2-857226771,S2-366602597
S1-230549958	S2-419620946,S2-28337466,S2-501586752,S2-962691847,S2-305315061,S2-968748830,S2-243902755,S2-702267609,S2-763669874,S2-847167076,S2-596872651,S2-590761669,S2-321681577,S2-961584157,S2-741025029,S2-829236363,S2-17798950,S2-376713096,S2-427045279,S2-675488315,S2-179988180,S2-85113215,S2-318918291,S2-352403187,S2-533729771,S2-671124898,S2-785246908,S2-312033050,S2-762254064,S2-204923015,S2-924091320,S2-799021792,S2-960497500,S2-799647940,S2-12169707,S2-633078778
S1-995670296	S2-128833399,S2-62187948,S3-114857688,S3-261942663,S3-799933774,S2-990188264,S2-837999335,S2-459288286,S2-410013422,S2-783495615,S2-306802424,S2-978033996,S2-719731419,S3-446162814,S2-100488052,S2-334784846
S1-133868991	S3-326826684,S2-58268070,S2-233559671,S2-73272087,S2-406181091,S2-228464184,S2-51807871,S3-441831669,S2-717967391,S2-366887997,S2-768053815,S3-210459670,S3-440959913,S3-780493716,S2-262030786,S3-416862927,S2-456776326,S3-269590180,S2-885709691,S3-191877213,S3-202402802,S2-6053611,S2-974742136,S3-299370075,S3-269402240,S2-681568197,S3-265800527,S3-233567843,S3-557391182,S2-855405761,S2-48835339,S3-669845968,S3-332758227,S3-628176242,S2-938840493,S2-124623667,S2-624018531,S3-635306015,S2-246217264,S2-425580689,S3-441188460,S2-726020020,S2-507648852,S2-505062706,S3-541713539,S2-985421392,S3-836939554,S2-934513223,S2-757225857,S2-579289135,S3-14684668,S3-236379314,S2-177702104,S3-70625626,S3-167017639,S3-881130471,S3-145155011,S3-243933344,S3-130668390,S3-437206871,S2-626499823,S3-116266531,S3-523448992,S3-960911477,S3-638233948,S2-58661799,S3-676829980,S3-751595314,S3-403649450,S3-402964716,S2-747400550,S2-187896016,S3-671352596
S1-16807998	S3-105509027,S3-157729624,S2-429380206,S3-713330297,S3-868001392,S3-444185351,S3-543743373,S3-801972406,S3-294797766,S3-550108327,S3-29055209,S3-711377319
S1-774386468	S2-565117995,S2-243618866
S1-294383888	S3-797791748,S2-948215378,S2-893300291,S3-374393279
S1-379666361	S2-827943246,S2-645661773,S2-75088577,S2-616276392
S1-781565302	
S1-19593330	
S1-666361206	S3-502876531,S3-838477267,S2-910466299,S3-283548385,S3-939277957,S3-779174786,S2-731479461,S2-403149472,S3-840044446,S2-138170632,S3-455018699,S2-304529371,S3-615363147,S2-248701626,S2-167112895,S2-163785018,S3-524351150,S2-961688903
S1-716799579	S2-989755261,S2-764512427,S2-62416110,S3-178163887,S2-270059207,S3-490552249,S2-504206480,S3-601846176,S2-264201301
S1-237496469	S2-303957323,S2-104460387,S2-230023024,S2-53465324,S2-718584845,S2-732472111,S2-605135842,S2-611287581,S2-599845278,S2-160486203,S2-578666285,S2-728018423,S2-198486555,S2-248957053,S2-557886280,S2-302577274,S2-387210104,S2-558560478,S2-448988157,S2-358383866,S2-33482250,S2-449675768,S2-32846180,S2-75417288,S2-299395099,S2-560191861,S2-65553137
S1-202077473	
S1-527885616	S3-592840858
S1-23094221	
S1-864797403	
S1-678788736	S2-911641361,S3-836442258,S3-129877734,S2-669360782,S3-609410320
S1-848604347	
S1-577151106	
S1-800125177	S2-4615798,S2-771746663,S2-317152754,S2-260117127,S2-52804522,S2-38827079,S2-92322579,S2-361211798,S2-817607055,S2-923500757,S2-76962210,S2-3319138,S2-108572031,S2-471908725,S2-163395991,S2-860355097,S2-668971573,S2-395536311,S2-631977552,S2-433860699,S2-164999379,S2-840714314,S2-545302890,S2-150975970,S2-525991458,S2-816684193,S2-579633576,S2-883612706,S2-338006175,S2-594646994,S2-415670729,S2-454352954,S2-19245434,S2-213277943,S2-337420573,S2-171227599,S2-485793518,S2-456194866,S2-479233308,S2-56576313,S2-405105351,S2-247602828,S2-291644849,S2-56465834,S2-790170069,S2-473815800,S2-342987051,S2-226494608,S2-502816364,S2-857262168,S2-876924172,S2-424387851,S2-261461828,S2-587732158,S2-230344467,S2-810475663,S2-479048111,S2-457106884,S2-229525660,S2-480944369
S1-275729898	S2-224833729,S2-804895558,S2-234761707,S2-176001168,S2-449715538,S2-287136759,S2-971838383,S2-922507175,S2-470774050,S2-277789704,S2-544615935,S2-970368862,S2-31408125,S2-557486065,S2-712420496,S2-943168589,S2-421382074,S3-174263374,S2-922107799,S2-745535514,S2-292224471,S2-24771735,S2-96986880,S2-58907874,S2-976837700,S2-492245428,S2-572549238,S3-241459480,S2-114051495,S2-59836501,S2-881799150,S2-355609699,S2-35983797,S3-303430909,S2-302832642,S2-394116370,S2-115631556,S2-617450402,S2-787520522,S2-484792231,S2-768901988,S2-538456905,S2-796038667,S2-449362420,S2-108903931,S2-609208580,S3-277561622,S2-952774226,S2-489273375,S2-577848713,S2-461546336,S2-381605370,S2-203482318,S2-622039008,S3-201264804,S3-119060072,S2-650126951,S2-221704086,S3-282713581,S2-368146434,S2-738464568,S2-541664823,S3-269199310,S2-635320398,S2-32079335,S2-796589250,S2-652300840,S2-869567434,S2-548552463,S2-603069239,S2-124385771,S2-865952472,S2-318304856,S2-76614026,S2-2018493,S2-630072645,S2-12758701,S3-300518520,S3-298209968,S2-718639701,S2-58477203,S2-411792314,S2-370589845,S2-41973808,S2-253862699,S2-206045133,S3-169186161,S2-845222944,S3-286283857,S3-103041532,S2-938591604,S3-178190202,S2-852210456,S2-597692962,S3-277132144,S2-244788597,S2-542560047,S2-298123480,S2-900702186,S2-676225640,S2-472815024,S2-982205149,S2-955818133,S2-423448400,S2-613774823,S2-975527854,S2-825173866,S2-95401115,S3-275675657,S3-248617889,S2-64560471,S2-496320578,S2-622743900,S2-883906033,S2-111526286,S2-594884237,S2-321266895,S2-588588038,S2-459262326,S2-528145143,S2-409461967,S2-199131123,S3-165283873,S3-177091087,S2-184631474,S2-947208210,S2-354998081,S2-67613505,S3-27780700,S2-955277799,S2-655231133,S2-137544633,S2-536237085,S2-868287033,S3-264322475,S2-834822493,S2-625045406,S2-709988524,S2-107275267,S2-527236354,S2-331986400,S2-201027011,S3-252285627,S2-923419163,S2-212722576,S2-413706716,S2-876489913,S2-973656680,S3-181774593,S2-815930718,S3-270061873,S2-137405715,S2-344435782,S2-929870483,S3-304016742,S2-906586504,S2-722907330,S2-768742348,S2-573676076,S2-813050616,S3-15680583,S3-252134176,S2-127085037,S2-970634212,S2-4915757,S2-574600665,S2-467424733,S2-641083418,S2-980609185,S2-455008027,S2-141063444,S2-532296086
S1-671445253	S3-353841293,S2-656267519,S3-129508285,S2-10598620,S2-771274128,S3-235025526,S2-49316493,S2-889128351,S3-23651031,S2-794705573,S3-109633243,S2-82793702,S2-152340190,S2-554122647,S3-326469868,S2-597552612,S2-915795776,S2-654753900,S2-385885037,S3-235344873,S3-186322869,S2-792771990,S2-661901231
S1-910150597	S2-815184857,S2-118058131,S2-898349222,S2-951602932,S2-889748797,S2-730924879,S2-137714064,S2-509521063,S2-816411639,S2-261085201,S2-884123437
S1-864727463	
S1-40864644	S2-445555240,S2-21274893,S2-654780212,S2-482762131,S2-557179022,S2-84072446,S2-29211138,S2-162060482
S1-417007322	S3-423597785
S1-404466688	
S1-719919136	
S1-538305722	S2-268886504,S3-6432465,S3-279920509,S2-805884427,S3-573814983,S2-327261780,S2-363551450,S2-11589683,S3-662282103,S3-671466724,S2-601324441,S3-17805189,S3-883753566,S2-12775029,S3-910766186,S2-24840953,S2-91252658,S2-149542394,S2-13215487,S3-502588105,S3-449993609,S2-587909290,S3-650183307,S2-528327142,S3-680473034,S2-62016874,S2-356216035,S2-901958760,S2-891161638,S2-906846521,S3-614137179,S3-524887683,S3-314096113
S1-367503338	S3-79400004,S3-990769794,S2-994901592,S2-713153157,S3-523288598,S3-27920389
S1-262870670	
S1-953120861	
S1-379377275	
S1-605302995	S3-47939808,S3-556833035,S3-366201942,S2-860800678,S3-440683214,S2-682075350,S3-769703795,S3-511347976,S2-937936943,S3-488495827,S2-857045764,S2-389834198,S2-869769528,S2-214751336,S2-848274021,S2-459304851,S2-524221246,S2-365099304,S2-887461363
S1-31805555	S2-352986187
S1-897151714	S2-463125416,S3-821978470,S3-93955642,S2-244042114,S2-92430800,S3-306714161,S2-508288147,S3-630729728,S3-126723626
S1-928660078	S3-58464745,S3-924878631,S3-706449631,S3-834956894,S2-11422616,S2-896563549,S3-700949673,S3-354573906,S2-227170959,S2-979250266,S2-163939989,S3-314684018,S3-337036355,S2-961789505,S3-103509281,S2-846236034,S2-686791885,S2-72518237,S3-120486453,S2-239444840,S2-663743395,S2-880021580,S3-710652765,S2-594783306,S3-215346542,S3-498115308,S3-716440251,S3-948910487,S2-959302976,S2-583854938,S2-255783478
S1-72369296	
S1-899064578	S2-172807387,S2-966203730,S2-244974730,S2-727642814,S2-137812408,S2-626208567,S2-547806152,S2-274609496,S2-452843415,S2-647982417,S2-881221848,S2-393747565,S2-186207001
S1-386654734	S3-87126649,S2-561357452
S1-352702781	
S1-436012166	
S1-351358518	
S1-601369687	
S1-968882536	
S1-650727552	
S1-261779770	
S1-281275955	S3-890034362
S1-427804721	
S1-505935179	S2-638656558,S2-245505431,S3-222319968,S2-738083203,S2-834148564,S2-33011673,S2-740294116,S2-567929214,S2-150101348,S3-303204373,S2-624307928,S2-762888161,S2-413861792,S3-660154408
S1-927596416	S3-481109509,S3-194580145
S1-250942341	
S1-675868662	S3-449090038,S2-601343838
S1-95074246	S2-859325500,S2-65607990,S2-551250135,S2-847678051,S2-830956644,S2-643060476,S2-584246869,S2-66294135,S2-483215034,S2-715970690,S2-812946530,S2-472392747,S2-105233743,S2-617761215,S2-630744083,S2-444836103,S2-604215504,S2-197689027,S2-386041807,S2-79609725,S2-817768979,S2-499246395,S2-740935688,S2-81527473,S2-355470270,S2-216599601,S2-168346428,S2-262651627,S2-903338907,S2-549490617,S2-415804091
S1-93185066	
S1-573019895	
S1-534954466	S3-145772792,S3-591253090,S3-666341064,S2-405527689
S1-772189406	
S1-350845469	S2-774187699,S2-238273304,S2-441057858,S2-821272890,S2-516317754
S1-715402493	S2-838276308,S3-766179593,S2-53154969,S2-38690097,S3-794805480,S3-162176575,S3-140295739,S3-623860787,S3-529011101,S3-605831427
S1-566297148	
S1-36835517	S2-200701555,S2-265632339,S2-137812408,S2-460816819,S2-727642814,S2-11308871,S2-855255154,S2-547806152,S2-263501919,S2-626208567,S2-876593058,S2-186207001,S2-945905307,S2-19138709,S2-264224340
S1-631122305	S3-175892837,S2-760417055,S3-658685437,S2-617842496,S3-339542517,S3-443632315
S1-635462399	S2-906459959,S2-605353937,S3-449087549,S2-82040810,S2-222035439,S2-560954357,S2-193315890,S3-550964951,S3-456478600,S2-894756627
S1-396217201	S2-361922109,S3-468732881,S3-187043901
S1-807362380	S3-616458479
S1-921473285	S2-398015874
S1-923338619	
S1-842824149	S2-87893341
S1-829384982	S2-540528998
S1-693679725	S3-34787589,S3-654566196,S2-571490474,S3-244461082,S3-40231164,S2-310934080,S3-455624578,S2-111028646,S2-170061693,S2-478231240,S2-490715823,S2-594586460,S3-883416242,S3-966971924,S3-911129332,S3-246772782,S3-828786761,S3-151312315,S3-289191595,S2-391680072,S2-243763838,S3-150736095,S2-811790052,S2-465924204,S3-640312725,S3-519767262,S2-167308160,S3-307914476,S2-948224847,S2-337014797
S1-567238024	S3-415058546,S3-601533210
S1-713340546	
S1-53765121	S2-966246844
S1-391697975	S2-606935527,S2-869841955,S2-162508890,S2-774907924,S3-787031256,S2-174691298,S2-390018055,S3-749518455
S1-723383116	
S1-507693271	
S1-773547559	
S1-845245569	S3-155235519,S3-281061117,S2-776224371,S3-420920643,S3-648759812,S3-357550506,S2-476776641,S2-278061636,S3-194823703,S2-915606339,S2-468124791,S2-54055525
S1-831589398	
S1-598142896	S3-325770664,S3-769130043,S3-943198573,S2-124318736,S3-379325615
S1-44206067	
S1-504863624	S2-38845300,S2-304929363,S2-626858063,S2-651193172,S2-570839663,S2-368141744,S2-140422610,S2-687968861,S2-271365941,S2-536634605,S2-627097554,S2-383876276,S2-326501256,S2-79609725,S2-216599601,S2-31936374,S2-789689545,S2-549490617,S2-499246395,S2-361446452,S2-247456490,S2-630563734,S2-305347518,S2-787775539,S2-769566051,S2-456680440,S2-262651627,S2-168346428,S2-903338907,S2-415804091,S2-589709931,S2-616455580
S1-141278611	S3-822189650,S3-914897360,S3-656229637,S2-810116528,S2-487025480,S2-585179985,S3-734292210,S3-777213581,S2-181001955,S2-87042728,S2-156720517,S2-974660547,S2-101467429,S2-181286395,S2-499803852,S2-9933454,S3-584555201,S2-129344261,S3-326969363,S2-2613069,S2-283226714,S3-516033983,S2-574761063,S2-801155799,S3-164139716,S3-593275836,S3-82803823,S3-616339976,S2-839068515
S1-299640596	S3-792059934,S2-439505128,S2-462123292,S2-939193282,S3-119587425,S2-627606484,S3-647078832,S2-174546090,S2-852544934,S2-809565748,S3-706502211,S2-414729973,S2-79285098,S2-159002608,S2-859430543,S2-803801624,S3-651836690,S2-589618731,S2-665267210,S3-896341416,S3-373976200
S1-501444274	S2-229886429,S3-632600724,S2-196078923,S2-625409439,S2-778567641,S2-658744822,S2-644926234
S1-634908265	
S1-2106291	S2-888012368
S1-663137551	S3-681196639,S2-784718860,S3-87696103,S2-335235331,S3-498150286,S3-58552083,S2-486528370,S3-993065866,S3-839140221,S3-929788561,S2-381964521,S3-384457178,S3-748122616,S3-520498579,S3-165133372,S3-530748882,S2-54032434,S3-683027103,S2-706462049,S2-871359934,S3-709099510,S2-589146637,S2-793087733,S2-781880410,S2-767410938,S2-135805779,S3-128469007,S2-280592310,S2-946852078,S2-432742526,S3-385756329,S3-92337190,S2-725952998
S1-940817399	
S1-907628644	S3-33675711
S1-162399024	S2-575705069,S2-69218550,S2-465258744,S2-332945147,S2-513794686
S1-321082989	
S1-342951810	
S1-165882581	
S1-733062267	
S1-735419931	
S1-770223659	S3-463527045,S2-523682975,S3-473681183,S2-741513938,S3-932098317,S3-136124515,S2-795118404,S3-840478365,S3-803580884,S3-131851194,S2-44105043,S3-189568535,S3-91979419,S3-919067234,S3-662649359,S2-570118724,S3-214339081,S2-480059264,S2-566099391,S2-361563313,S3-130251706,S3-443863298,S2-882170407,S3-391548869,S3-792102110
S1-985233868	S3-967583715,S3-436691515,S3-479393619,S2-796452919
S1-223621109	S3-268100002,S3-615306262,S3-642311996,S3-976664876,S3-554239363,S3-777674140,S2-120931806
S1-442312685	S3-677408777,S3-531805121,S3-669813656,S3-776631204,S2-225845201,S2-23434812,S3-475431644,S2-497300049
S1-537320793	S2-89534684,S3-657360815,S3-288425576,S2-171851553,S2-276104728,S2-224628513,S2-145179461,S3-616725772,S3-65746759
S1-424008218	S3-651590471,S3-802082874,S2-529449858,S3-60767006,S3-439732123,S2-213677366,S2-155568776,S3-712654785,S2-200492834
S1-182095922	
S1-312734624	
S1-81981566	S2-527535505,S2-132994014,S3-113480492,S2-373455256,S2-454250437,S2-427952917,S2-667289877,S2-502869154,S2-809135614,S2-418127332
S1-518394026	S3-995531602
S1-674438455	S2-965089318
S1-494658105	S2-14569417,S2-376277132,S2-688430728,S2-691567194,S3-755729504,S2-438657328,S2-989652797,S3-218318996,S2-342865813,S3-592788108,S2-600087695,S3-693087438,S2-463473084,S2-869876470
S1-100815486	
S1-786623136	S2-196583272,S2-451341751,S2-104791558,S2-144703472,S2-631842884,S2-280206767,S2-641697413
S1-339374417	
S1-427448330	
S1-362498466	S2-605234359,S3-973323595,S3-581984138,S3-38968276
S1-607277065	
S1-117096888	S2-503478126,S2-847016600,S3-580900754
S1-366092445	
S1-101477220	S2-132745499,S2-713706868,S2-668134855,S2-829800661,S2-653513768,S2-575707861,S2-157807720,S2-820815336
S1-124467266	S2-12486881,S2-221399429,S2-540420659,S2-317736419,S2-771548411,S2-149262963,S2-297997912
S1-147278478	S2-446908591,S2-562103486,S2-890518528,S2-461152207,S2-373689031,S2-897068526
S1-347800511	
S1-495565221	
S1-777817679	S2-975050790,S3-426047142,S3-511423182,S3-327861517,S3-869864247,S2-400389140,S3-163969871,S3-265817537
S1-21613493	
S1-797002870	S3-6459790,S2-581683266,S2-981869534,S3-319996523,S2-504187886,S3-734969653,S2-2717806,S2-889986026,S2-688144012,S2-931266444,S2-223128222,S2-659713030,S2-706238826,S2-314853611,S2-314399871,S2-274028083
S1-939340799	S2-765476354,S2-17186006,S2-193721867,S2-96233253,S2-737400203,S2-130144653,S2-235278294,S2-430843083,S2-699288754,S2-646199791,S2-161292368,S2-49425034,S2-920654039,S2-93495315,S2-545837146,S2-772697511,S2-568553130,S2-546743509,S2-492067479,S2-343510303,S2-740344593,S2-813209929,S2-582196395,S2-745889814,S2-569978237,S2-579951449
S1-693164646	
S1-507301758	
S1-691622069	S3-284777246,S2-845049437,S3-329341876,S3-29563387,S3-225939276,S2-151752514
S1-311884968	
S1-36278727	
S1-361080711	
S1-493944613	S3-792691845,S3-524311201,S2-876808998
S1-946299217	
S1-157657852	
S1-151714625	S2-196078923,S2-282804959,S2-419719451,S2-644926234,S2-658744822
S1-881273353	
S1-670310548	
S1-28062312	S3-128693517
S1-850892962	
S1-282192329	S2-655914471,S2-404808019,S2-950057823
S1-628120726	
S1-934758337	
S1-60991785	
S1-319952925	S2-477490719,S2-804592135,S2-372420151,S2-27531612
S1-85500745	
S1-44868915	
S1-312206263	S3-778831295,S3-245578550,S2-136180000,S3-628562691,S2-208525797
S1-773968745	
S1-946922673	
S1-483993700	S2-80723320,S3-321273292,S3-240911861,S3-371157585,S3-140860614,S2-460623512,S3-577119581,S2-47499027,S2-110138782,S3-569647115,S2-105179056,S2-237583171,S2-630647884,S3-267472493,S2-41040151,S2-925017350,S3-208810693,S3-318926958,S2-312916976,S3-415788717,S2-330917664,S3-104813287
S1-224164495	
S1-507894970	
S1-478972073	S3-905549447,S2-319123545,S2-508520216,S2-59176075,S2-386109817,S3-37039362,S3-876723928,S3-607109833,S3-660763201,S3-892264393
S1-760380153	S3-529197298,S3-580077286,S3-796188439,S3-200687427,S3-594491133,S3-502979769,S2-137464294,S3-981981721,S3-667752664,S2-350399990,S2-829832554
S1-142514038	
S1-889688347	S2-918884412
S1-713955266	S2-121857842,S3-251537719,S2-933623324,S2-967707653,S3-573264220,S2-783423148,S2-352851771,S3-409581749,S2-893384549,S2-134716065,S2-840050388,S2-369127415,S2-591411148,S2-119652341,S2-73269197,S3-85143697,S3-386874758,S3-116888900,S2-897099863,S3-739981514,S2-539795482,S2-986363726,S3-913071015,S2-673981387,S3-826806778,S2-970814887,S2-997186207,S3-609804716,S3-166541976,S3-438625115,S3-1044618
S1-554539288	S3-253334727
S1-208550511	
S1-966587445	S3-41572864,S2-960051760,S3-373184220,S2-129100584,S2-444755803,S2-736670333,S3-23144204,S2-810779252,S3-543284108,S2-120638631,S2-189649714,S3-288537180,S2-721177280,S3-12887169,S3-692800657,S3-51336111,S2-720370529,S2-18353597,S3-209017217,S2-240444994,S2-755802094,S2-973322301,S2-291941540,S2-59294725
S1-557018978	
S1-918120730	
S1-865765982	S3-154642427,S3-551162566,S3-157994111,S2-727878235
S1-791107630	S3-105036839
S1-609670944	S2-477393755,S3-421110158,S3-907361213,S3-475811153,S3-315715096,S3-247929179
S1-903489002	S2-931289673,S2-759577852,S2-606935527,S3-657200787,S2-627681586,S2-174691298,S2-774907924
S1-723616302	
S1-95925372	S2-585274968,S3-811899007,S3-102807964,S2-429178073,S2-668783021,S2-712919056,S2-270401942
S1-980620862	
S1-825094693	S2-841545719,S2-377002896,S2-172203240,S2-225565512,S2-134898850,S2-124104578,S2-50675000,S2-661128680,S2-884173773,S2-339186553,S2-172946525,S2-688422676,S2-731793189,S2-730725078,S2-876318509,S2-475245312,S2-12781223,S2-249116798,S2-486912342,S2-230024594,S2-160980423,S2-508541356,S2-158628055,S2-357528125,S2-817680963,S2-353457949,S2-256781534,S2-211182661,S2-286609543,S2-675822376,S2-12135431,S2-80737444,S2-125085360,S2-263903751,S2-704415180,S2-162831178,S2-363749565,S2-771238859,S2-598598077,S2-567979105,S2-742191837,S2-812675112,S2-467918977,S2-67408637,S2-353669951,S2-774512583,S2-87690299,S2-583046238,S2-791711694,S2-105719821,S2-735153377,S2-776722434,S2-333783469
S1-461918961	
S1-641236003	S2-224833729,S2-572549238,S2-622743900,S2-971838383,S2-35983797,S2-796589250,S2-970368862,S2-234761707,S2-484792231,S2-609208580,S2-538456905,S2-496320578,S2-622039008,S2-423448400,S2-292224471,S2-394116370,S2-548552463,S2-114051495,S2-804895558,S2-461546336,S2-176001168,S2-881799150,S2-277789704,S2-203482318,S2-302832642,S2-976837700,S2-421382074,S2-536237085,S2-652300840,S2-834822493,S2-528145143,S2-107275267,S2-825173866,S2-955277799,S2-318304856,S2-12758701,S2-24771735,S2-201027011,S2-137544633,S2-449715538,S2-370589845,S2-212722576,S2-947208210,S2-355609699,S2-58477203,S2-943168589,S2-922507175,S2-221704086,S3-276585163,S2-738464568,S2-655231133,S2-625045406,S2-354998081,S2-845222944,S2-72136245,S2-253862699,S2-459262326,S2-876489913,S2-630072645,S2-409461967,S2-59836501,S2-41973808,S2-544615935,S3-174263374,S2-718639701,S2-865952472,S2-869567434,S2-603069239,S2-577848713,S2-541664823,S2-557486065,S2-287136759,S2-650126951,S2-58907874,S2-381605370,S2-712420496,S2-709988524,S2-76614026,S3-282713581,S3-252285627,S2-298123480,S2-470774050,S2-938591604,S3-201264804,S2-124385771,S2-613774823,S2-368146434,S2-796038667,S2-184631474,S2-952774226,S2-542560047,S3-264322475,S2-115631556,S2-922107799,S2-108903931,S2-472815024,S2-729098891,S3-298209968,S2-722907330,S3-300518520,S2-955818133,S3-181774593,S2-676225640,S3-275675657,S3-286283857,S2-594884237,S2-31408125,S2-900702186,S2-617450402,S2-199131123,S3-252134176,S3-169186161,S2-492245428,S3-241459480,S3-103041532,S2-449362420,S2-982205149,S2-745535514,S2-2018493,S3-178190202,S2-787520522,S2-527236354,S2-67613505,S2-815930718,S3-277132144,S3-303430909,S2-968862136,S3-270061873,S2-145776673,S2-597692962,S2-411792314,S3-119060072,S3-182065924,S2-467424733,S2-4915757,S2-574600665,S2-970634212,S2-641083418,S2-532296086
S1-162806244	S3-229585817
S1-863641194	S3-475449957,S3-914119588
S1-954492074	S3-700919917
S1-2169715	S2-301810198,S3-694705652,S2-63016758
S1-436972386	
S1-688677254	
S1-23250247	
S1-53079397	S3-987781325,S2-112445978,S3-676465,S3-357123311,S3-496241885,S3-189659732,S2-256081463,S2-269430298
S1-307702274	
S1-171542713	S2-947440869,S2-785816645,S2-995711044,S2-918598082,S2-637666787,S2-738309218,S2-717525852,S2-400475515,S2-334917739,S2-298755393
S1-150319967	S2-212520446
S1-904996225	S2-947890766
S1-533445371	S3-896818926
S1-749000475	
S1-27531209	
S1-231271132	
S1-493852609	
S1-114498691	
S1-611958238	
S1-376451410	
S1-858252911	S3-605851544,S3-505861964,S2-12775029,S2-685583401,S2-91252658,S3-883753566,S3-910766186,S3-968525873,S2-210050222,S2-901958760,S3-614137179,S3-524887683,S3-314096113,S3-823588430,S3-417094887
S1-527282900	
S1-994258416	
S1-333044588	S2-36762394,S2-524752048,S3-803069638,S2-721784437,S2-822986577,S3-220738707
S1-495445024	
S1-547976821	S2-258747440,S3-882016576
S1-371680181	
S1-970298997	
S1-955866957	S2-729634409,S2-794272150,S2-30615534,S3-198745928,S3-694058063,S3-254382046,S3-805276123,S2-408326435,S3-38829548
S1-848777360	S2-856639603
S1-954645867	
S1-714586445	
S1-774794099	S3-291499683,S2-938916940,S3-930084201
S1-200596438	S2-511844508
S1-364462128	S3-904452092
S1-745817749	
S1-450483598	
S1-853670021	S2-943881097,S2-194614415,S2-415283847,S2-643942875,S2-23273229,S3-210490492,S2-469119927,S2-592282952,S3-177814027,S2-276355156,S2-768669951
S1-369951089	S3-379416556,S3-358485274,S3-989998644,S2-575404773,S3-172383531,S2-75044021,S2-520612919,S2-138862680,S2-276638000,S3-314478194,S2-762308663,S2-592118076
S1-490139500	S2-394117399,S2-511559417,S2-422948650,S2-350162455
S1-952620214	
S1-545645075	
S1-990163439	
S1-360225492	S2-314635897
S1-417600197	S2-331004801,S3-235759978,S3-673179592,S3-844054592
S1-892069908	S2-865532516,S2-715133075,S2-437727245,S3-133845898,S3-272110757,S2-767769254,S2-311794402,S3-122839712,S2-696938225,S2-702387399,S2-330043897,S2-603293579,S3-29086925,S3-33658065,S2-453640816,S2-433933942,S2-406191835,S2-466604134,S2-790370274
S1-377101770	S3-851392145,S2-166280402,S3-255991584,S3-117968414,S3-589458701,S3-279125295,S3-291226657,S3-650396934,S2-678758834,S2-551889486,S2-131915373,S2-235879870,S3-392117871,S3-234432919,S2-400437689,S3-860080932,S3-223880043,S2-483219458,S3-132446852,S3-972538679,S2-36009,S2-514496320,S3-203282428,S3-145205935,S3-173469938,S3-648835457,S3-388848,S2-875948581,S2-198437520,S3-509376478,S3-418637575
S1-336067611	
S1-526403434	
S1-101958370	S3-334677842,S2-390595351,S2-721982848,S2-309615148,S2-178364993,S3-311231437
S1-337240153	S3-190427174
S1-491878623	
S1-777095166	S2-80499217
S1-717367115	
S1-639096068	
S1-779426814	
S1-993604636	
S1-671338530	
S1-13638561	
S1-882637536	
S1-867992586	S2-536677079
S1-416288303	S3-606117059,S2-37550169,S2-280993957,S2-476064679,S3-92525769,S2-321147761,S2-813270700,S2-858997394,S2-9863354,S3-700525641,S3-781035811,S3-516942204,S3-536589853,S3-611036962,S3-970426795,S2-227051029,S2-948605571,S2-20747568,S3-304238123,S3-35144681,S3-34365604,S3-307167439
S1-782374520	S3-253216106,S3-594533656,S2-125330584,S3-720495325,S2-979938935,S2-249741769,S2-579770882,S2-811849183,S2-558371828,S2-203242335,S3-557165114,S2-281966995,S2-108331157,S3-806565790,S3-278295909,S3-523337893,S2-551825085,S3-684166418,S3-235066623,S2-708928154,S3-521207053,S2-234824440,S3-729878926,S3-286790298,S2-564976896,S3-372678403,S2-623050,S3-249131871,S2-826016676,S3-467434034,S3-380374066,S2-316991018,S2-465557422,S2-472065686,S2-727874397,S2-324645909,S2-472452893
S1-183607353	
S1-36017704	S2-557875899,S2-632140129,S2-673392824,S2-487105579,S2-870741525,S2-625490220,S2-967724718,S2-24832253,S2-159006887,S2-635626927,S2-453354075,S2-732802768,S2-304832264,S2-208896205,S2-449493357,S2-76848589,S2-990141432,S2-748487890,S2-534309499,S2-770742526,S2-587227192,S2-177777608,S2-460464200
S1-15677842	
S1-907946322	S2-673392824,S2-487105579,S2-625490220,S2-85593314,S2-146090465,S2-539376491,S2-992606611,S2-733237639,S2-998382101,S2-382291687,S2-587227192,S2-770742526,S2-460464200,S2-177777608
S1-235704116	
S1-916107394	S2-187309189
S1-611871213	
S1-395813861	S3-314401223
S1-925963163	
S1-523042628	S2-921958143,S2-467877840,S2-813290201,S3-141412884
S1-528770088	
S1-299047196	
S1-344985036	
S1-282737265	S3-845519655,S3-878068923,S2-947506661,S3-976026616,S3-602653373,S2-293132902,S2-281727777,S2-624876007,S2-275977927,S2-485641763,S3-189659732,S3-989317080,S2-147216402,S3-693861026,S3-746020510,S2-269430298,S3-376453945
S1-362520	S2-350162455,S2-180134885
S1-557729317	
S1-491337400	
S1-716574008	
S1-577697924	
S1-390209006	S3-799394897
S1-82646387	S2-569841166,S3-34484955,S2-4945749,S3-267822416,S3-15485958,S3-355426884,S2-683834702,S2-141663766,S2-92243622,S2-96685976
S1-485776900	S3-98293996
S1-624457841	S3-276199934
S1-887816750	S2-720954175,S3-376824976,S3-297802539,S3-358882924,S3-705434419,S2-409674624,S2-80488819,S2-162249487,S2-274246647,S2-186290065,S3-43493176,S3-17712032
S1-381940707	S3-732432454,S3-310602967,S2-497340827,S2-340595205,S2-619979022,S3-821160812,S3-868925823,S2-760784549,S3-942149144,S3-60175811,S2-629849140,S2-861199538,S2-75326918,S2-866299920,S2-654420557,S2-921790012,S3-407929939,S2-910244224,S2-916218871,S2-235048242,S3-567114592,S3-602689166,S2-439212245,S3-981377817
S1-6750650	S2-201495232,S2-766424915,S2-596418955,S2-757267739,S2-677859532,S2-771438761,S2-481364439
S1-529182833	S3-725622257,S2-861771176,S3-377934978,S3-161922645,S2-825741432
S1-100899977	S2-332185750,S2-655407438,S2-577124408,S2-392495348,S2-907059082
S1-486510827	S3-639741855,S2-629080781,S2-657405070,S2-136357659,S2-364337745,S3-83089580,S3-312566756,S3-68560638,S3-872904624
S1-881890965	
S1-117150004	S2-803703698
S1-329718564	S2-570349545,S3-606187592,S3-154502650,S2-61106768,S3-425123288,S2-550162930,S2-237036395,S3-517044292,S2-135342120,S3-331259361,S2-802657088,S3-264357242,S2-550508946,S3-860068480,S2-313865133,S3-104753303,S3-243600426
S1-645936148	S3-270286586
S1-809386580	S3-484122437,S3-705291720,S3-148278525,S3-720542254,S3-223793263,S3-955520925,S3-903713980,S3-564072437,S3-935912987,S2-261267322,S3-793834971,S2-651931697
S1-50643392	S3-175578495,S2-545750917,S2-672006273
S1-844365602	
S1-555538489	
S1-747060914	S3-389777475,S3-422940856,S3-913316515,S2-208651582,S2-268601533,S2-897774957,S2-696748142,S3-210629146,S2-871567834,S2-744564243,S2-882425906
S1-371172253	
S1-361881612	S2-218583208,S2-585132276,S2-313435170,S2-713252665,S2-299820792,S2-202866819,S2-32510305,S2-648362230,S2-889206958,S2-357158018,S2-771095253,S2-259754115,S2-733928043,S2-245146157,S2-819927478,S2-590537855,S2-372446484,S2-911660141,S2-229685438,S2-690127271,S2-728389979,S2-267907355
S1-478267847	
S1-732307284	S2-328750042,S3-79303171,S2-24685233,S3-243598480,S3-116671839,S3-59476109,S3-97593923
S1-694979060	S2-902826964
S1-353752505	S2-168647381,S2-832777382,S2-829099813,S2-795112919,S3-337596914,S3-218644768,S3-964339544,S3-493196520,S3-906220613,S3-376951269,S2-249308319
S1-551480571	S2-443187400,S2-911600325,S2-264090515,S3-269330962,S3-105800425,S2-446693341,S3-367678183,S2-925537100,S2-395909477,S2-990246096,S2-563177219
S1-955273885	
S1-406214982	
S1-709074730	S2-278503106
S1-483838932	
S1-161638253	S3-62047453
S1-647077283	S3-640872368,S3-53157861,S2-81713125,S2-715147462,S3-652502693,S3-74903242,S3-567736743,S2-175327935,S3-98161434,S3-215944149,S2-839779332,S2-635327308,S3-639754197,S3-79017401,S2-701779378,S3-551442332,S2-520416119,S3-753736305,S2-565041709,S2-271278715,S2-24832721,S3-20075601
S1-843556947	S3-933875385,S2-924039608,S2-202233118
S1-466419708	
S1-449026436	S3-360551316,S2-734264958,S3-37668346,S3-910648354,S3-465908354,S3-194139699,S3-725659286,S3-754720870,S3-144807473,S2-521256761,S2-496269313,S3-391842415,S3-550036067,S3-511385451,S3-198463156,S3-361038699
S1-726424888	S2-151644634,S2-604914556,S2-717088770
S1-811763632	
S1-61127178	
S1-624041052	S3-968388172
S1-715564797	
S1-597515856	
S1-732998814	
S1-959580291	
S1-421456185	
S1-790919771	S3-842287983,S3-252630309,S2-467689486,S2-276568653,S3-996138535,S3-727502248,S2-997915108,S2-734728931,S3-30933709,S3-558610034,S3-979808234,S3-623450952,S2-262209534,S3-392081800,S2-283503888,S3-754247847,S3-280244111,S2-79066731,S2-36369930,S2-782436948,S2-543579293
S1-684545756	S3-132191897,S2-72635932,S2-32998190,S2-223128222,S3-419385933,S2-891333193,S3-720973335,S2-387840070,S2-314399871
S1-479314025	
S1-671786417	
S1-585692765	
S1-429162370	S2-235879870,S2-131915373,S3-234432919,S2-967371131,S3-678312098,S3-644959654,S3-392117871,S3-22784445,S2-625330375,S2-895137191,S2-328734806,S3-279125295,S2-660791587,S3-648835457,S3-173469938,S3-388848
S1-159677035	
S1-553341936	
S1-52798660	
S1-280818643	
S1-595403363	
S1-582550646	
S1-323999424	
S1-873784023	S3-25112049,S3-660849752,S2-687455253
S1-706991073	
S1-278244769	S3-318626968,S2-109795050,S3-13978070
S1-839116751	S2-114677078,S3-141592108,S3-641380803,S3-724573539,S2-138691471,S3-678007093
S1-452823079	
S1-638961834	S3-335327826
S1-101629104	S3-632700877,S3-866784611,S2-187260474
S1-372903225	
S1-198362345	S2-746561010
S1-73456813	S2-890356499,S2-963030850,S3-976655573,S2-59119022,S2-312955702,S2-866939007,S3-413829741,S2-957151232,S3-923398544,S2-457361509,S3-205866527,S2-425426000,S2-729353907,S2-714886944,S2-991474836,S3-693312308,S3-323586841,S3-354189430,S3-548189878,S2-534058563,S3-534756117,S3-312793116,S3-206298661
S1-187558029	S2-87573754,S3-326302381,S2-620607784,S3-865088353,S3-389918335,S3-605342473,S2-903049209,S2-754942901,S2-677650446,S2-416001458,S3-26028752,S3-249929418,S3-882468601,S2-705949029,S3-441934255,S2-456747868,S3-192881615,S2-782424151,S2-108715695,S3-157596892,S3-477444492,S3-881066108,S2-160961809
S1-459760851	S3-416878337
S1-72490514	S3-630331250,S3-706084119
S1-696143557	S2-393744454,S3-573286745,S2-421792987,S2-550445677,S3-911469127,S3-339542517,S3-443632315,S3-31507927
S1-358621767	
S1-462035659	S2-169332923,S3-712876580,S2-744318066,S3-401199963,S2-546249002
S1-571360804	
S1-622237387	S2-233861282,S2-217604796,S2-485384405,S2-340964729,S2-496305450,S2-883202276,S3-153635228,S2-319349176,S2-142117306,S3-109150213,S3-149624361,S3-303645750,S2-644216795,S2-588536573,S2-261526984,S3-120682093,S2-216784937,S2-127284995,S2-116143022,S2-107354533,S2-645789542,S2-151698256,S3-232128141,S3-277967558
S1-763686921	S3-420593647
S1-242858881	S2-711150036,S2-389115276
S1-418477552	S3-196258246,S3-196854838,S2-208155215,S2-878932366
S1-213863376	S2-168872797,S2-939477211,S2-211400734,S3-198610897,S3-533180965,S2-642080490,S3-726252421,S2-101516240,S3-342568491,S2-247182870,S3-757647236,S2-422658329,S2-4827566,S3-86951807,S2-477099423,S2-180462965
S1-622253862	S2-768755487,S2-233575097,S3-682914301
S1-66011340	
S1-374669229	
S1-573918971	S2-486831396,S2-617403033,S2-119195701,S2-697392370,S2-737226550,S2-162803273,S2-335563212,S2-434949486,S2-201204597,S2-807965570,S2-508344967,S2-516046517,S2-74841948
S1-867909058	S3-844382745,S3-267950878,S3-131480798
S1-34692942	
S1-398776167	
S1-33720751	S3-581095226,S3-771795518,S2-376286004,S2-38167807,S3-899954733,S2-131953404,S2-453754509,S3-769355954,S3-461493944,S3-520134808,S2-727701442,S2-827455267,S2-418473945,S2-586567836
S1-218366115	
S1-980390125	S2-311794402,S2-865532516,S2-767769254,S2-437727245,S3-29086925,S2-715133075,S3-133845898,S3-272110757,S2-454634705,S2-790370274
S1-491951039	S3-814285237,S3-869209704,S3-562383456,S3-232519749,S3-243209227,S3-471593119,S3-397534838,S3-717541835,S3-29859131,S3-264534055,S3-262007090,S2-556469960,S3-877592745
S1-986322321	
S1-953407596	
S1-226564818	S3-694606583,S3-197986329,S3-527575887,S2-148507318,S2-373710752,S2-680209744,S2-53245717,S2-64925672,S2-750284553,S3-899461222,S2-22558198,S3-342298000,S2-891882828,S2-894082927,S3-418500425,S3-131205355,S3-431825101,S2-377702934,S3-196729958,S2-290032070,S2-157057747,S3-272070891,S2-222580269,S2-376283386,S2-331457143,S2-812821306,S3-994805311,S2-415803884,S2-741086986,S3-239097698
S1-245080115	S3-806784332,S3-101892719,S3-143605286,S3-268844466,S3-314911686,S3-294106297,S2-319415802,S3-140872910,S3-94789080
S1-678994565	
S1-365785773	S3-688549835,S3-929301660,S3-799633693,S3-536522870
S1-37290366	S2-771612647,S3-808134857,S3-862342551,S2-414894390,S3-44029478,S2-249365137,S2-253735044,S2-984371907,S3-987853850,S2-548111410,S3-576077877,S3-424218841,S3-885679450,S3-145894699,S3-141959189,S3-387137458,S2-724031955,S2-484399303,S3-364570311,S3-986008751,S3-388331940
S1-279722704	
S1-299786592	S3-100482474
S1-234585908	
S1-778632723	S3-949418688,S2-757970363,S2-217693187,S2-349927121,S2-904758194,S2-368020936,S3-355014269,S2-631035436,S2-334869461,S2-540774917,S3-88748689,S3-879564698,S2-973292523,S3-293244015,S3-889983640,S2-165649102,S3-273704167,S2-425439096,S3-119083528,S2-759467179,S2-39889760,S3-937074991,S2-609859198,S3-28072560,S2-456783753,S2-322926562,S2-705851202,S2-705327612,S2-514270202,S2-280443664,S2-617713284,S2-148805344,S3-22488403,S2-832538592,S2-233701604,S2-590060142,S2-892516596,S2-887029801,S2-379210856,S2-545354910,S3-482559512,S3-471594619,S3-949268054
S1-745253384	S2-55822709,S3-16308995
S1-448949651	
S1-130036606	S3-446258824
S1-678830008	
S1-257982684	S2-984282964,S3-860953324,S3-375409416,S3-951714665,S3-511971852,S3-216454169,S3-561949674,S2-64546224,S2-166262684,S3-574670219,S2-982162234
S1-618662942	
S1-991438503	S2-821272890,S2-288862742,S2-238815931,S2-807617251,S2-168606948,S2-459007270,S2-967456783,S2-486810998,S2-441057858,S2-43461296,S2-516317754,S2-366517115
S1-667018874	S2-527535505,S2-889805056,S2-667289877,S2-454250437
S1-161700708	
S1-333570693	S3-863499435,S3-931106593
S1-626035686	
S1-509817837	
S1-855753312	
S1-724621456	S2-358570947
S1-774051355	
S1-53799997	
S1-589725498	
S1-996212272	
S1-227187617	
S1-275641318	S2-845078558,S2-266031212,S2-965458823,S2-14357592,S2-168213533,S2-961584157,S2-702609757,S2-107562545,S2-318918291,S2-305315061,S2-763669874,S2-590761669,S2-243902755,S2-735723416,S2-702267609,S2-809912701,S2-404768538,S2-847167076,S2-845233642,S2-520773188,S2-321681577,S2-610719951,S2-755388476,S2-528819808,S2-551907040,S2-737311826,S2-96000429,S2-863284280,S2-687954200,S2-211081757,S2-613234078,S2-198122288,S2-729709581,S2-829236363,S2-635961697,S2-447701252,S2-324274596,S2-729198204,S2-567353185,S2-601282438,S2-85113215,S2-243159401,S2-720831046,S2-310207219,S2-312033050,S2-785246908,S2-191595068,S2-204923015,S2-924091320,S2-960497500,S2-799647940,S2-799021792,S2-633078778,S2-12169707,S2-671124898,S2-359579050,S2-590885672,S2-762254064
S1-381145050	S2-899535929,S3-600017812,S3-470814254,S3-763627629,S3-940625437,S2-89738639,S2-281313023,S3-985910483,S3-961664253,S3-908127495,S3-569925911,S2-220089561,S2-468040407,S3-962941796,S2-952086079,S3-796412822,S2-677218888,S3-489732004,S3-146067013,S3-363176495,S3-6971930
S1-156907446	S3-992068317,S3-199217753,S2-371938201,S3-148393577,S3-895948804,S3-609410320
S1-912245647	S2-261198690,S2-344142885,S2-723720966,S2-341394500,S2-634903098,S2-628740522,S2-26944381,S2-177628668,S2-169644502,S2-243855266,S2-607588520,S2-323375983,S2-774147537,S2-233010987,S2-81357420,S2-381461578,S2-354668833,S2-803041670,S2-760947511,S2-323819437,S2-823445802,S2-2169667,S2-169193540,S2-728291907,S2-35761716,S2-55844465,S2-336328397,S2-720201856,S2-774116008,S2-780902159,S2-596170464,S2-108871171,S2-606258540,S2-189078366,S2-332016410,S2-715162081,S2-591032606,S2-727306054,S2-71670232,S2-372363817,S2-405701199
S1-810276312	S3-905302228,S3-451724663,S2-355105041,S3-557296941,S3-146241679,S3-740646670,S2-433282618
S1-366279397	S2-934206399,S3-579126025,S3-448332409,S3-390775641,S3-533034276,S2-34159244,S2-803591124,S2-702591805
S1-675959550	
S1-277283988	
S1-185455021	
S1-647956283	S2-425050691,S2-780212058,S2-243257326,S3-720383227,S3-133696919,S2-294704608,S3-885604995,S2-488527667,S3-743980699,S2-503764244,S2-221510261,S3-514581778
S1-509404296	S2-822764316,S2-737105356,S2-372446484,S2-150130644,S2-57057245,S2-209066643,S2-316682952,S2-908510616,S2-307972559,S2-853572898,S2-183092653,S2-481493872,S2-458831613,S2-168670799,S2-110811145,S2-648362230,S2-487927714,S2-578945271,S2-527245953,S2-686979274,S2-242524460,S2-628772724,S2-32510305,S2-409596926,S2-192909287,S2-357158018,S2-590537855,S2-70936993,S2-818401135,S2-911660141,S2-267907355,S2-728389979
S1-307185770	S3-116340683,S2-232701637,S3-422940856,S3-389777475,S2-268601533,S2-562766225,S2-509940413,S3-319195767,S3-374570939,S2-690542803,S3-248153324
S1-604700741	
S1-590576171	
S1-373229278	S2-834848668,S2-67972153,S2-495981176,S2-528088314,S2-791038130,S2-231111853,S2-64051496,S2-383992107,S2-108622484,S2-137545058,S2-408345530,S2-161043345,S2-685501423,S2-608635506,S2-300650072,S2-225148315,S2-666906790,S2-844661203,S2-453693150,S2-112980381,S2-615462581,S2-624580053
S1-930231904	
S1-698319487	S3-133475797,S3-104755629,S2-270290494,S2-101816718
S1-31347364	
S1-706061708	
S1-413118041	S2-825696545,S3-436893675,S2-225890501,S2-34331932,S3-49127264
S1-109574742	
S1-123331890	S3-957907772,S3-637049405,S3-889397510,S2-375887665,S2-980681345
S1-172454778	S2-452231962,S2-668090679,S2-856346244,S2-471475938,S2-470084854,S2-594307303,S2-712502657,S2-375918584,S2-483890899,S2-766333269,S2-179933918,S2-873947164
S1-159181040	S2-478307808,S2-251288707,S2-671269252,S2-797945359,S2-102287123,S2-411104628,S2-629031620,S2-398649240,S2-428904803,S2-814088202,S2-382704991
S1-239070338	S3-579126025,S3-731088395,S3-448332409,S2-179339127,S3-134559466,S3-831999162,S3-414044295,S2-971491218,S2-555027295,S2-34159244,S2-702591805
S1-62395269	S3-526808622,S3-248690129,S2-127621060,S2-667066161,S2-492847571,S3-114452936,S3-233815034,S2-559444118,S2-14682720,S3-543966087,S2-112895673,S3-21690193,S3-328174790,S3-386821909,S2-396836746,S3-539670955,S2-227208356
S1-574792492	S3-595951886
S1-494937590	
S1-822433052	
S1-779880727	S2-546075031,S2-535985541,S2-874458653,S2-202253970,S2-595859377,S2-443451094,S2-566446279,S2-520641940,S2-308860945,S2-477486013,S2-400475515,S2-334917739,S2-717525852,S2-196255237,S2-63574494,S2-229434487,S2-298755393,S2-635838691
S1-495525755	
S1-653120802	S3-697185004
S1-227128708	
S1-522543700	S2-740935688,S2-375239572,S2-885070734,S2-685466293,S2-257155385,S2-750111240,S2-103703708,S2-584671244,S2-611980199,S2-120830004,S2-687968861,S2-520718563,S2-815284668,S2-31936374,S2-452262287,S2-34938129,S2-582365094,S2-898547773,S2-849221201,S2-326501256,S2-673454999,S2-169784832,S2-386041807,S2-237140730,S2-499246395,S2-651193172,S2-817768979,S2-638148870,S2-341674088,S2-257790023,S2-168346428,S2-262651627,S2-903338907,S2-549490617
S1-670025586	
S1-975150347	
S1-186761262	S2-952136968,S3-778741080,S2-611996441,S2-168464021,S2-894758520
S1-529589203	S3-527850482,S3-156109161,S2-745852168,S2-563079744,S2-400619500,S2-801303006
S1-42681495	S3-306531622
S1-913921484	S2-498171206,S3-331249459,S3-359666432,S3-252532454,S3-681926238,S2-905200864,S2-668938269,S2-714750919
S1-663175238	
S1-545370440	
S1-148756584	S2-430949689,S2-364232083,S2-86020378
S1-327405218	S3-536522870,S3-799633693,S3-717616460,S3-464024124,S2-330822030,S2-549434835
S1-973414824	S2-541456973,S2-409261394
S1-122328194	S2-742191837,S2-661128680,S2-660992703,S2-734093127,S2-577523774,S2-353457949,S2-357528125,S2-160980423,S2-80737444,S2-12781223,S2-105511417,S2-581589381,S2-256781534,S2-262782004,S2-316306615,S2-774512583,S2-788047001,S2-293641074,S2-67408637,S2-644857087,S2-812675112,S2-353669951,S2-162831178,S2-791711694,S2-333783469,S2-735153377,S2-105719821,S2-776722434,S2-87690299
S1-874706499	S2-851566488,S3-966218194,S3-3555771,S3-346435998,S3-741865575,S3-590332166,S2-440020160
S1-409255782	
S1-8068264	S3-379632645,S2-996183605,S3-605831427,S3-794805480,S3-623860787,S3-140295739,S3-113445056,S2-389804270,S2-104465740
S1-46801320	S3-796040559,S3-491074218,S3-954310015,S2-562149632,S3-851882450,S3-785365205,S3-521096361,S3-211713759,S3-842397946,S3-676408918,S3-664458051,S3-931749255,S2-510339752,S3-805610701,S3-251558527
S1-274310041	
S1-933285852	
S1-985954997	
S1-865597381	
S1-833280178	
S1-356513536	S3-400279159
S1-604063938	S3-251406230,S3-819322083,S2-214443535,S3-719399171,S3-18321694,S2-407041470,S2-378890560,S3-918276229,S2-511798344,S2-442212678,S2-924316732,S2-681124632,S2-599145689,S2-917950531
S1-193918319	
S1-481666470	S2-268305353,S3-649043455,S3-328521654,S3-461333065,S3-432783650,S2-722068978,S3-153795311,S3-984024172,S2-632974409,S2-365579790,S2-832872201,S3-223770854,S3-41316710,S3-943155589,S3-499730761,S2-558942623,S3-752852257
S1-898749308	
S1-435931346	S2-312399761
S1-283660857	S2-295847986
S1-422254127	S3-482489233
S1-743364627	S3-361287279,S3-456582513,S2-870569367,S2-150951010,S3-469779777,S2-606745939,S2-445745013,S2-562221440,S3-430600994,S2-575519759,S3-382651857,S2-451349609,S2-264926550,S2-672366545,S2-263525146,S2-855535142,S2-889361037,S2-891023850,S2-348226150,S2-620957678,S2-181767769,S2-260645654,S3-360196659,S2-627635433,S2-769390133,S2-749669684,S2-730649105,S2-346884535,S2-664229357,S2-13394411,S2-744806072,S3-527115252,S2-90230837,S3-158883745,S2-69765727,S2-424624528,S2-827706879,S3-151249074,S3-374216090,S2-61873123,S2-217528887,S2-274074222,S2-3361485,S2-146866866,S2-356765231,S2-389285236,S3-403784960,S2-560883845,S2-989123271,S2-852561180,S2-449259622,S2-926235364,S3-394081375,S2-502130238,S2-805980077,S3-394471441,S3-199624342,S2-735010401,S2-852250410,S2-564688607,S3-185302345,S2-900230114,S2-312445250,S2-763311041,S2-760886890,S2-421716177,S2-843548099,S2-731516101,S2-950656040,S2-141927104,S3-399277683,S3-414026743,S2-4063865,S3-166829148,S3-249882202,S2-360844347,S3-143520926,S3-15957984,S2-592166210,S2-53637148,S2-670687228,S3-487046030,S2-110702296,S3-160356845,S2-223290289,S2-339135081,S3-472238516,S3-36149327,S2-161422253,S3-546004470,S2-71130755,S3-311580311,S2-945552625,S3-518241260,S2-900728270,S3-496534080,S2-761459813,S3-241304152,S3-164750992,S2-492688125,S3-501820833,S2-901544239,S2-540370049,S2-133962980,S3-168554976,S2-345397650
S1-791867209	S3-698772725
S1-996672552	S2-127407896,S2-438102426,S3-443632315,S2-474177491,S2-682080483
S1-234022883	S3-843358137,S3-636851143,S2-412376606,S3-935308831,S3-991992721
S1-651255855	
S1-279422519	
S1-138928546	
S1-380493234	
S1-664894259	S3-534034513,S3-193622652,S3-702728385,S2-958489993,S3-788717527,S2-859269439,S2-484440562,S2-337859895,S2-893887123,S2-787246542,S2-554172848,S2-877454418,S3-215692649,S2-485905610,S2-94885624,S2-878017782,S3-86349358,S2-250960230,S2-196648324,S2-404941834,S2-355470689,S3-128573256
S1-828436567	S2-500218116,S2-655732358
S1-32181815	S3-373184220,S2-444755803,S2-129100584,S2-711679924,S3-219981920,S2-291941540,S2-59294725
S1-555277541	S3-536380620,S2-656246788,S3-366306886,S2-807498603,S2-378594731,S3-203282428,S3-624004443,S3-177494571,S3-279125295,S3-373670217,S2-512506345,S3-145205935,S3-648835457,S3-173469938,S3-388848,S2-875948581
S1-663090280	S2-487077035,S2-801335921,S2-861910827,S3-12143222,S3-223571173
S1-607399555	
S1-961950008	
S1-431840041	
S1-832785535	
S1-33908465	S2-114793511,S3-70995516,S2-702477530,S3-473161302
S1-418360972	S3-68648691,S2-887029801,S2-891631970,S2-379210856,S2-540774917,S2-334869461,S2-349927121,S2-631035436,S2-368020936,S3-88748689,S2-425439096,S3-879564698,S2-973292523,S3-889983640,S2-297742285,S3-953204079,S3-293244015,S2-165649102,S2-39889760,S3-273704167,S2-217693187,S3-355014269,S3-471594619,S2-759467179,S2-705851202,S3-924898767,S3-494956920,S3-101640247,S2-909434764,S3-949268054
S1-215519802	
S1-577961053	
S1-140574806	
S1-449882756	
S1-87076297	
S1-20267366	
S1-340440802	
S1-924890137	S2-515745918,S3-48628620,S3-374393279,S2-867823269,S3-161386597,S3-660614146,S3-131199121
S1-315152899	S2-560638010,S3-308425619,S3-663003944,S3-485092436,S2-347421185,S2-381661909,S2-634309864,S2-606002887,S2-691503607,S2-334820444,S2-634997087,S3-833164157,S2-505564717,S3-695744748,S3-811359647
S1-402046621	S3-891046582,S2-893788363,S3-869449184,S3-851879881,S2-178998603,S2-490480532,S2-728963639,S3-718953315,S2-477999227,S2-242691527
S1-55328137	
S1-98197393	
S1-917356223	S2-181541449
S1-70746778	
S1-436985273	S3-912151867,S3-422019173,S3-559706182,S3-803073430,S2-52856941,S3-780137626,S2-888515242,S2-656163918,S2-646456123,S2-297444928,S2-931132410,S2-803179249,S2-425050691,S2-992014189,S2-221510261,S3-514581778,S3-749772964
S1-954886409	
S1-509081122	S3-848858072,S3-652936759,S3-158938087,S3-872487737,S2-258793916,S3-468729387,S3-816716333
S1-352556834	S3-298114759
S1-805151810	S2-920658932,S2-438997753,S2-951124941,S2-863244776,S2-563340833,S2-666673661,S2-227885819,S2-389426977,S2-499343805,S2-151018398,S2-374296008,S2-203573701,S2-713657075
S1-590163932	S2-441711571
S1-856673388	S2-466208646
S1-540623330	
S1-152556345	S2-994446141,S3-16308995,S2-145897609,S2-366741154,S2-294879786,S2-778982983,S2-976839857,S2-447525783,S2-466208646
S1-984034653	S3-230475298,S3-587410339,S2-842919420,S3-644555724
S1-556204321	
S1-779907701	S3-499870580
S1-200490547	S2-922798594,S2-253775958,S3-390862275,S2-559885151,S2-128617665,S2-371628572,S3-419281732,S3-105423719,S2-262143010,S3-108015039,S3-174645029,S3-46459951,S2-472520468,S3-675134734,S2-609907067,S2-974663701,S2-233178510,S3-306750498,S3-832340743
S1-404373285	S3-441110183
S1-46716098	
S1-902711336	S3-735214533,S2-578084444,S2-236178281
S1-148298186	
S1-391248994	S3-858299401,S3-948130169,S2-667912820,S3-851766303,S2-497948232,S3-937868058
S1-368121288	S3-341174779,S2-411937849,S2-270401942,S2-835618577,S3-171960611,S2-636701689,S2-42655655,S2-668783021,S3-279449537,S2-460118448,S3-470818776,S2-181213600,S2-585274968
S1-83174643	S2-913236519,S3-315419069,S3-746108894,S3-143366416,S2-754344707,S2-345760522,S2-482032684,S2-400871214,S2-228042383,S2-58687980
S1-427275819	
S1-232086511	
S1-724575721	
S1-163185499	
S1-502852493	S3-371570467
S1-745762628	S3-201011385,S2-132599993,S2-721168108,S2-258646763,S2-828430029,S2-202045400,S2-122508693,S2-574102185,S2-304737052,S2-311981367,S2-988566085,S3-237795939,S3-205682887,S3-152601861
S1-400783615	
S1-67265814	
S1-880351222	
S1-226657243	S2-253570718,S2-724159659,S2-105185,S2-323510567,S2-199765109,S2-611686875,S2-683569943,S2-577036534,S2-640975655,S2-521080389,S2-873569874,S2-68577067,S2-229532762,S2-768691037,S2-269079750,S2-58557496,S2-189283488,S2-2751405,S2-385131806,S2-267690304,S2-12997522,S2-732348214,S2-4734011,S2-889856081,S2-317192971,S2-360078833
S1-997137667	S2-693826514,S3-88817890,S3-159486216,S2-835917272,S2-506044392,S3-146163775,S3-229750888,S2-34691646,S2-560384527,S3-840281286,S3-138811917,S3-253825292,S2-849420380,S2-575111067,S3-419339032,S2-374334241,S2-705040251,S2-764637565,S3-788470142,S2-459363558,S3-334531198,S2-769359538,S3-516686951,S3-303440700,S2-187915995
S1-48201804	
S1-552544757	
S1-382001550	S3-382774179
S1-773485282	S2-877050411,S3-201293611
S1-843765227	
S1-157700588	
S1-899874737	
S1-582423036	
S1-589521969	
S1-501073561	
S1-284820266	S3-339542517,S3-443632315,S2-568360479,S3-658685437,S2-760417055
S1-771278228	
S1-424049459	S2-33885009,S2-211233868,S2-306392202,S2-110821807,S2-131182559,S2-256781534,S2-446261879,S2-324358182,S2-475245312,S2-160980423,S2-688422676,S2-876318509,S2-675822376,S2-12781223,S2-353457949,S2-661128680,S2-80737444,S2-352405011,S2-316793018,S2-841545719,S2-225565512,S2-479111476,S2-706316678,S2-577523774,S2-774512583,S2-293641074,S2-239358295,S2-262782004,S2-387866357,S2-689101624,S2-292103635,S2-119148412,S2-105511417,S2-746272377,S2-130451445,S2-530639029,S2-162831178,S2-735153377,S2-333783469,S2-105719821,S2-776722434
S1-641842880	
S1-261125897	S3-227099960,S2-549245286,S2-189295417,S3-294328996,S3-235507588,S2-47542965,S2-286713667,S2-478099954,S2-131208030,S2-332879840,S3-470110920,S3-478740633,S3-132568872,S3-351079205,S2-155633699,S2-112531767,S3-448859321,S2-59686400,S3-264947730,S2-496102530
S1-18553955	S2-395984807
S1-545294154	S3-154642427,S2-716412542,S3-96660261,S3-157994111,S3-145546238,S2-548635570,S2-727878235,S3-225460320,S3-475184033
S1-639113964	
S1-607646145	
S1-170860088	S2-677188622,S2-841188626,S2-298980625,S2-42204048,S2-373689031,S2-30643311,S2-792261806,S2-897068526
S1-512951493	
S1-147608482	S2-102602404,S2-140808189,S2-535825916
S1-546325650	S2-211233868,S2-33885009,S2-446261879,S2-306392202,S2-324358182,S2-131182559,S2-467918977,S2-12781223,S2-675822376,S2-475245312,S2-875986261,S2-256781534,S2-876318509,S2-160980423,S2-688422676,S2-229969412,S2-140514405,S2-774512583,S2-791711694,S2-776722434,S2-105719821,S2-735153377,S2-333783469,S2-87690299
S1-257226555	S3-25902726
S1-549370199	S3-111862574,S2-359313695,S3-956350981,S3-290990541
S1-68456921	S3-221384142,S3-328279744,S2-184620797,S3-412212897,S3-27940543
S1-217427623	
S1-235411891	
S1-63620147	
S1-146084309	
S1-948736689	S3-568320208
S1-400371708	S2-544553463,S2-941479859
S1-652366125	
S1-502275537	S3-315763918
S1-374342735	S2-963631542,S3-453876974,S3-478283718,S3-241416723,S3-456394361,S3-312709222,S2-586622265,S3-364766067,S3-963614832,S3-265985195,S2-510416529,S2-900325992,S2-907319701,S2-581954030
S1-583016282	
S1-883468618	
S1-852526881	
S1-937288707	S3-592831811
S1-729603111	
S1-871433242	
S1-916305285	S2-578864667
S1-310744384	
S1-339527574	S2-662295747,S3-430763703,S3-21372269,S2-761402660,S2-897165277,S3-399156467,S3-267534347,S2-727454597,S3-254653280,S3-729644680,S2-747488687
S1-325028316	S3-227099960,S2-142461838,S2-891580821,S2-972846311,S3-478740633,S2-155633699,S2-59686400
S1-459084380	S2-23117910
S1-856667356	S2-412382686,S3-85769882,S3-107916477,S3-314911686,S3-139124893,S3-268844466,S3-143605286,S3-754134508,S2-319415802,S3-898838410,S2-801608659,S3-294106297,S3-140872910,S3-94789080
S1-177384848	
S1-998842627	
S1-462349591	
S1-594125530	
S1-371864811	S2-189665120
S1-823457460	S2-40750135
S1-928914408	
S1-994039959	
S1-523035722	
S1-872302647	S2-252541095,S3-743032743,S3-589378521,S2-673438363,S3-160179530,S3-187612854,S2-931578904,S2-625411537,S3-528037598,S2-35076137,S2-541774209,S3-755729504,S2-821902133,S2-995342663,S2-895469629,S3-589758586,S2-639318328,S3-616734493
S1-605304876	S2-374274364,S2-98934896,S2-119041137,S2-47404315,S2-575670266,S2-250784984,S2-604064910,S2-54797206,S2-477076148,S3-112064429,S2-69184579,S2-448514413,S2-397927479,S2-232575239,S3-126939583,S2-841383785
S1-37255821	
S1-941443590	S3-606580559,S3-853087291,S3-716469844,S3-148962593,S2-234824184,S2-445206439,S2-590932286,S2-252165195,S2-624513596,S2-759762445,S2-17802751,S2-882684433,S2-160699556,S3-409435933,S2-750522226,S3-309264131
S1-273481256	
S1-678603059	S3-883019721
S1-756304715	S2-184445115,S2-880838880,S3-403481237,S3-732888103,S3-928274915,S3-925250266,S2-464855231,S3-588310475,S2-725696864,S3-120057645,S3-243660082,S2-749648922,S2-111887288,S2-267704559,S2-925837235,S3-7398858,S3-758726290,S2-702784539,S2-300752400,S3-351248378,S2-822477902,S2-526120224
S1-60853589	
S1-983372659	
S1-88792518	
S1-861123839	S2-547617311
S1-963104624	S2-949554463
S1-247132924	S3-887128072,S3-946165958,S3-19354941,S3-281106844,S3-539250403,S3-830852444
S1-677886228	
S1-921237438	S2-15244075,S3-934637572,S2-471623340,S3-464033633,S2-234053799,S2-251115314,S3-225342421,S2-548870825,S3-138237597,S3-160710413,S3-600301298,S3-212661279,S3-454548001,S2-359010929,S3-839020948,S2-944824718,S3-558551614,S2-592064369,S3-338404543,S3-878303120,S3-955309634,S3-227246503,S3-510445257,S3-185926139,S2-514460657,S3-398652489,S3-13978286,S3-964783521,S3-544736730,S2-91264226,S3-191604979,S2-630698480,S2-959891828,S3-715221582,S3-971660900,S2-595936663,S3-526021281,S2-638344620,S3-915067261,S2-238815330,S3-205358920,S2-255262799,S3-729518681,S2-81979269,S3-172516626,S3-16963268,S2-672365176,S3-584163261
S1-154786161	
S1-342547011	S2-556850133,S3-349531973,S2-551999900
S1-57274805	S2-337188546,S3-484595707,S2-875065666
S1-130890269	
S1-430604402	
S1-114891444	S3-790783672,S3-200250901,S3-86973927,S3-397830582,S3-107882656,S2-23924357,S3-959066676,S3-939400153,S2-375498626,S3-908232359,S2-493943130
S1-364530136	
S1-612071387	
S1-318259834	
S1-116713256	S2-590742711,S3-424293353,S2-389698795
S1-262196873	
S1-382072597	S3-699430219,S3-976447994,S3-296803348,S2-46180734,S3-707208941
S1-283259550	S3-146718733,S3-365536973
S1-635797953	
S1-941796285	
S1-941651618	S3-73534930,S2-224808217,S3-200381706,S3-860126763,S2-430355611,S3-112228889,S2-35456195,S2-574772160
S1-271450293	S2-734420847
S1-70947154	
S1-561152069	
S1-622099247	S2-151349865,S2-216860121,S3-110252160
S1-220453919	
S1-248855602	
S1-247786329	S2-732177887
S1-524573021	
S1-999894380	S2-872268763,S2-656348376
S1-62588792	S2-513881620,S2-490041389
S1-924467624	S2-317744733,S2-681035783,S2-698376166,S2-606671366,S2-321876705,S2-756005246,S3-36555050,S2-911311609,S2-956031763,S2-864434585,S2-30779382,S2-602586212,S2-127049406,S2-126897901,S2-444319208,S3-174580748
S1-523995535	
S1-716917585	
S1-25517882	
S1-902664624	S2-769202600,S2-145418741,S2-551591758,S2-36871135,S2-365215605,S2-37188246,S2-16084621,S2-621507101,S2-387115807,S2-224657764,S2-443243519,S2-631129240,S2-729741616,S2-46545150,S2-649253315,S2-314625832,S2-614973065,S2-365061259,S2-569438165,S2-155873938,S2-335658785,S2-262928840,S2-100715859,S2-262413466,S2-662994229,S2-736585370,S2-431435374,S2-180106844
S1-14447328	S3-53063549
S1-568217118	
S1-987000091	
S1-676559541	S2-852080855,S2-598086314,S2-5506679
S1-582327231	S2-114282415,S2-549562903,S2-346647266,S3-238894985,S3-623450952,S3-194443565,S2-734728931,S2-997915108,S3-558610034,S3-979808234,S3-30933709,S2-573224857,S3-621015246,S2-165489765,S3-563153784,S2-383229838,S3-11281430,S2-283503888,S3-280244111,S3-754247847,S2-79066731,S2-36369930,S2-782436948,S2-543579293
S1-105648976	
S1-664355108	S2-797243298,S2-644432152,S2-259549417,S2-413044152,S2-399373485,S2-591355094,S2-810427397,S2-377323803,S2-828407985,S2-770310003,S2-706770439,S2-80754123,S2-502268839,S2-4003108,S2-567776428,S2-520230091,S2-266941210,S2-589465549,S2-543882093,S2-856413877,S2-126853467,S2-889754712
S1-548093714	S2-13115762,S2-942526403,S2-267500703,S2-899036327,S2-20546213,S2-316142916,S2-406296867,S2-352610363,S2-276076969,S2-286628086,S2-641011780,S2-251692345,S2-824718641,S2-787540201,S2-537063176,S2-67378207,S2-29970605,S2-326378179,S2-907281612,S2-111371422,S2-366689593,S2-813209929,S2-758140220,S2-455905467,S2-843407178,S2-636892415,S2-683454914,S2-137691210,S2-410916069,S2-502375711,S2-935286352,S2-493225675,S2-734284607,S2-376835730,S2-579951449
S1-203779189	S2-35916893,S3-332316274,S2-557772904,S2-10943865
S1-107682341	S3-13674525,S3-727424990,S3-937151825
S1-564193651	
S1-986863583	S3-810868497,S3-348604625,S2-998270769
S1-200004381	S3-552700994
S1-982950958	
S1-31034323	S3-209690589,S3-570314281,S2-78458714,S3-125065601,S2-224677205,S2-768724593,S3-838325124
S1-919589781	
S1-173853575	S2-528636757,S2-192640484,S2-265006197,S2-388189262,S2-139985823,S2-550312839,S2-259376686,S2-57345324,S2-2694599,S2-14922824,S2-472975250,S2-256072418,S2-782058062,S2-714421611,S2-698358405,S2-358504456,S2-606954416,S2-588548717,S2-564437098,S2-500451147,S2-384255338,S2-589803297,S2-1766567,S2-322363431,S2-348051170,S2-650741334,S2-162893045,S2-635805666,S2-202314048,S2-169181306,S2-326599634,S2-814214685,S2-794199666,S2-669424714,S2-351872642,S2-220827941,S2-521735018,S2-34107264,S2-393006321,S2-23487402,S2-775043270,S2-149242575,S2-77698963,S2-498618273,S2-171964628
S1-183091758	
S1-292393735	S3-977433675,S3-587857907,S2-732407673,S2-155079579,S2-221510261,S3-514581778,S3-41931609
S1-689135051	S2-134141080,S2-66230028,S2-728290847
S1-355050168	S3-996344807,S3-378652249,S3-627345153,S2-544178221,S2-484181585,S3-757990812
S1-379538520	
S1-421670200	S3-547188359,S2-898352135
S1-263596785	S2-519643070
S1-390359713	S3-427800686,S3-807476772,S2-907308646,S2-94761646,S2-931141536
S1-151325990	S3-250342735,S2-363862503,S3-562512825,S2-539624486,S2-591421250,S2-506278336,S2-100961527,S2-872974491,S2-454836919,S3-11711086
S1-942779540	
S1-308206411	S2-705076863
S1-259831232	
S1-330916229	S3-948869947,S2-895368319
S1-987116071	S2-428696060,S2-427675972,S2-802800935,S2-851592609,S2-263529378,S2-41187647,S2-134226183,S2-341674088,S2-772737994,S2-31936374,S2-549261616,S2-472287372,S2-289468234,S2-326501256,S2-551250135,S2-580985934,S2-472392747,S2-499246395,S2-679889252,S2-361446452,S2-741941433,S2-720956641,S2-457317218,S2-697980455,S2-597904952,S2-627097554,S2-553497012,S2-76667440,S2-65607990,S2-216599601,S2-542527623,S2-456680440,S2-262651627,S2-903338907,S2-415804091,S2-549490617,S2-589709931,S2-616455580
S1-476083068	S3-702769386,S3-343939736
S1-340868165	S3-929998882,S3-999276588,S3-887861415,S3-974584752,S2-775808025,S3-222861028,S3-486264149,S2-53800634
S1-75631487	
S1-779180246	S2-764940065
S1-58090536	
S1-104065800	S3-810084382,S2-852995273,S2-110584707,S3-789070049,S3-930493968,S2-738999755,S3-442699492,S3-544598095
S1-416952905	
S1-97534410	
S1-878777821	S3-73590682,S2-765841149,S2-444945133,S2-72662565,S2-739279054,S3-531691600,S3-347172360,S3-751225363,S3-706106741,S2-253220239,S2-75088217,S3-564151203,S3-660154408
S1-196390702	S3-648594627
S1-6496973	S2-744984662,S3-391127130
S1-701984245	S2-921055327,S2-38258639
S1-148813395	S2-618618929,S2-297793485,S3-622740743,S2-851729280,S3-129125389,S3-199976141
S1-288783874	S2-87935452,S2-889270136,S2-564416031,S3-196854838,S2-890372266,S2-973693236,S2-122346402
S1-138997274	S3-986498701,S3-986077713,S3-364531551,S2-408759950,S2-61496555,S3-370528287,S3-931749255,S3-937888765,S3-85185030,S3-351757190,S3-115861486,S3-796040559,S3-71079214,S2-601375191,S2-453985279,S3-980569372,S3-2052466,S3-920482145,S3-361604066,S3-676408918,S3-463092097,S3-805610701,S3-866119784,S2-571116600,S3-904485815,S3-251558527,S2-510339752,S2-266877403,S3-419455171
S1-279200202	S2-53824611,S2-228930144,S2-863830252,S2-243286727,S3-566965120,S3-73978833,S3-872714519,S3-396329710,S3-816073095,S3-328105015,S2-591950474,S3-248992937,S2-319916303,S2-274291077,S2-433710235,S2-681712530,S2-330656306,S3-397259280,S2-260765310
S1-429031348	S2-913026958
S1-596455020	S3-466826718,S2-306177882,S3-399858001,S2-25010375,S2-384154093,S2-118264781,S2-249052976,S2-631617083,S2-269277729,S3-435871633,S2-312379347,S3-49234936
S1-485052187	S3-11427376,S3-73534930,S3-96148151,S3-430989924,S3-509096387,S2-624793890,S2-823011586,S2-857845796,S3-464015374,S2-935981685,S2-443062303,S3-875534645,S3-29539919,S2-230730449,S2-975366821,S3-304900406,S2-224808217,S2-428704897,S2-758524659,S2-430355611,S2-175422550,S3-112228889,S2-711150036,S2-35456195,S3-742095241,S2-574772160
S1-78007962	S2-517678684
S1-593600927	
S1-915189817	S3-16308995,S2-834672631,S2-830303902,S2-500717435,S2-240911981,S3-117615510,S2-421108740,S2-500315053,S2-431954010,S2-466208646,S2-545610969,S2-45326712,S2-983514893,S2-847885051
S1-181907213	S2-7105925,S3-263913384,S3-810563758,S3-414560012,S3-136697891,S2-650413317,S2-112252614,S2-647711837,S3-880009542,S2-189305291,S2-902129089,S3-316525262,S3-453027795,S2-415939636,S3-339586876,S2-703292964,S3-404430564,S2-654605148,S3-609383676,S2-966408556,S3-399393778,S2-859044553,S2-254416744,S3-821985624,S3-864195148,S3-750591025,S2-541549702,S2-840287819,S2-842221701,S2-369403308,S3-563242687,S3-722656892,S2-204947261,S2-833783595,S2-121867875,S3-45647623,S2-494187943,S2-355464446
S1-88072639	S2-498954544
S1-383319619	
S1-140525226	
S1-871480353	
S1-545578977	
S1-654395773	S2-324727896,S2-770732046,S2-10462315,S2-172971831,S3-352694934,S3-357954701,S2-95632929,S3-213571648,S2-234946386,S3-352806243,S3-257338765,S3-19039717,S2-761505735,S2-307208042,S2-457908973,S2-866510554,S2-426685250,S3-103890912,S3-218693874,S2-7689463
S1-228491187	S2-393873586,S3-476901986
S1-758342882	S3-21765467,S2-30728123,S3-760436007
S1-528100157	S2-47841445,S2-756273687,S2-21862008,S2-446638113,S2-305312706,S2-521187523,S2-191642999,S2-846704896,S2-693518082,S2-813209929,S2-557629172,S2-735388909,S2-235278294,S2-430843083,S2-928104404,S2-818215424,S2-782242042,S2-646199791,S2-647274183,S2-734284607,S2-579951449
S1-299628100	
S1-664895287	S2-822896180,S2-457850209,S3-133475797,S2-101816718,S2-604836876,S2-612398979,S2-118000740,S2-356024173
S1-812768119	S2-994901592,S3-796647874,S3-55114440,S3-800722457,S3-477556334,S2-700975694,S3-81723455,S3-959122295,S3-835925550,S3-990769794,S2-802187427,S3-27920389
S1-177483439	S3-28949377,S2-586377600,S2-221970764,S3-727789904,S2-63030452,S3-97056794,S2-908443074,S2-998716769,S3-100281171,S3-686929711,S3-344441552,S2-608371343,S2-743200797,S3-54506026,S3-239724885,S3-637311800,S2-149765951,S3-829652692,S3-122698058,S2-79985512,S3-131370556,S3-663064957,S2-81849136,S3-195961903,S3-986099494,S2-851284593,S2-41724756,S3-691530908,S2-7842667,S2-10223294
S1-101180468	S3-151080783,S3-371061451,S3-405133686
S1-317712974	S3-742429916,S2-170975488,S2-257370975,S3-619983043,S2-199710168,S2-610050413,S2-231387799,S2-934842948,S2-645453006,S2-514790867,S2-46334524,S3-797578577,S2-431387132,S2-228446786,S3-550108327,S3-29055209,S3-711377319,S3-763321285
S1-859684353	
S1-147109963	
S1-139402285	S2-352295171,S2-367432845
S1-75321398	S2-124287834
S1-399928359	S2-808275472
S1-20679780	S3-542279277,S3-497151430,S2-746650103
S1-985516131	S2-676408687,S2-859524973,S2-76965372,S2-819203698,S2-409261394,S2-541456973,S3-391727888
S1-780400330	S2-529959614,S2-668845585,S2-45775835,S2-219033561,S2-348846232,S2-632107609,S2-740523695,S2-15835805,S2-618207016,S2-30372846,S2-382704580,S2-244682502,S2-36200495,S2-367023229,S2-107712684,S2-301142885,S2-434122610,S2-794199666,S2-662495675,S2-449660771,S2-164896117,S2-448733775,S2-498618273,S2-27838767,S2-691502306,S2-15329865,S2-2694599,S2-171964628,S2-77698963
S1-891706363	
S1-250561899	S2-496565147,S2-810280772,S2-735388909,S2-38714154,S2-181952214,S2-496567142,S2-547541391,S2-111371422,S2-376482781,S2-579951449
S1-695609253	S2-510012997
S1-831843558	S2-82785475,S3-504863665
S1-21649526	S2-785816645,S2-535985541,S2-855835385,S2-682439201,S2-717525852,S2-400475515,S2-334917739,S2-63574494
S1-332388880	
S1-478260814	S2-496269313,S3-910648354,S3-833108630,S2-243542119,S2-829511196,S3-754720870,S3-588634094,S3-550036067,S3-187481083,S2-521256761,S3-198463156,S3-511385451,S3-361038699
S1-792997803	
S1-992987509	S3-309316707,S2-721745918,S2-478696297,S2-203210847,S2-80591041,S2-480925529,S2-25210414,S2-822839440,S3-778147929,S3-153670200,S3-578691751,S2-405001342,S2-615144847,S3-716658988,S2-184923125
S1-375370928	S3-704467788,S3-572965276
S1-593202623	
S1-909714160	S2-317880019,S2-400619500,S3-527850482,S3-18046692,S2-847915218
S1-684656443	S2-776537435,S2-778583863,S3-923518086,S3-11863989,S3-193622652,S3-702728385,S2-292217042,S3-807962530,S3-237461498,S3-357633133,S2-561268449
S1-943033931	
S1-510326179	S3-121825150
S1-684012770	
S1-850606398	S3-235507588,S2-155633699
S1-694879293	S2-440587856
S1-791508059	S3-287348661
S1-457749209	S2-979182867,S2-278524381,S2-39357842,S3-133475797,S2-433932681,S2-927299891,S2-612398979,S2-750602220,S2-448252019,S2-362793146,S2-333230306,S2-646989155,S2-69012712,S2-599797498,S2-653149667,S2-977097318,S2-356024173,S2-488229934,S2-944047751,S2-196194141,S2-990288343,S2-729269227,S2-545095254,S2-178336004
S1-437195746	
S1-409356989	S2-341670345,S3-740356890,S2-977875814,S2-452261578,S2-221752221,S3-74101237,S2-481921379,S2-217729012,S2-223642696,S3-892940011,S2-755997041,S2-80118184,S3-80824354,S3-568542943,S3-125502702,S3-519357136,S3-386730730,S3-554209530,S3-167377553
S1-510181653	
S1-406508866	S2-378347144,S3-4023268
S1-989677890	
S1-433113004	
S1-280226694	
S1-253674677	S3-759539255
S1-269512174	S3-689721339,S3-772739111,S2-419299232,S3-669813656,S2-762363892,S2-288206902,S2-571215063,S2-327737583,S3-266621047,S2-221281984,S2-45909442,S2-885747737,S3-719253160,S2-828386617,S3-727141636,S3-744625270,S2-23434812,S3-395185704,S3-475431644,S2-497300049
S1-122637196	S3-788337497,S2-803635554,S3-568630097,S2-410205313
S1-966003571	S3-788466145
S1-370595750	
S1-312473512	S3-388272594
S1-311772615	
S1-458807712	S3-844262667,S3-973323595,S3-600074312,S3-292389072
S1-751233527	
S1-79060537	
S1-231101064	
S1-579194394	S2-62034587,S2-422948650,S2-350162455,S2-180134885,S2-745343841
S1-799126736	S3-24994050,S2-471492795,S2-464640567,S2-34159244,S2-702591805
S1-804091291	S3-234392072,S3-413407109,S2-67602161,S2-105036589,S3-979732133,S3-861713965,S3-956632616,S3-353172975,S3-975856655,S3-261387133,S2-990448845,S3-344700529,S2-277282216,S2-188446380
S1-975702663	
S1-217557248	S3-727264286,S3-307353929,S2-273385574,S3-12971470,S2-407376794
S1-113824804	S2-357138622
S1-556007512	
S1-290277178	S3-797944790
S1-28205922	S3-205114906,S2-550669661,S2-997386056,S2-98994935
S1-434056892	S2-171936926,S3-884647449
S1-960413063	
S1-1412759	S2-875350884
S1-574588231	
S1-649829257	S2-620679445,S2-319597570,S2-708180019,S2-665240173,S2-479285528,S2-732475597,S2-133413178,S2-790840546,S2-122140775,S2-853483077,S2-256483550,S2-746934996,S2-861201345,S2-442902415,S2-442722130,S2-23474383,S2-162666647,S2-731762629,S2-356053999,S2-822742383,S2-614212853,S2-337468809,S2-54968893,S2-912341730,S2-899578824,S2-621107908,S2-891275277,S2-421552443,S2-114968985,S2-622481264,S2-268101571,S2-293972182,S2-307595290,S2-101677614,S2-893048055,S2-287836977,S2-455999140,S2-691718681,S2-287660910
S1-821827055	S3-591966446,S3-753948572,S3-563312993,S3-679473643,S3-409564477
S1-605882320	S2-464504449,S2-306177882,S3-466826718,S3-501405225,S2-602330339,S2-614167164,S2-484113681,S3-123373734,S3-129315084,S3-435871633,S2-312379347,S2-269277729,S2-386218769,S3-49234936
S1-768899550	S3-296375987,S3-661962385,S3-474985958,S3-718829720,S3-343574574,S2-649079429,S2-468930738,S2-611463293,S3-42150415,S2-206317453,S3-980055564,S3-844054592
S1-41368806	
S1-419498841	S2-224833729,S2-804895558,S2-572549238,S2-971838383,S2-277789704,S3-174263374,S2-976837700,S3-276585163,S2-449715538,S2-234761707,S2-970368862,S2-35983797,S2-622039008,S2-548552463,S2-59836501,S2-394116370,S2-461546336,S2-796589250,S2-922107799,S2-31408125,S2-538456905,S2-24771735,S2-881799150,S3-282713581,S2-176001168,S2-622743900,S2-203482318,S3-300518520,S2-12758701,S2-2018493,S2-617450402,S2-124385771,S2-738464568,S2-302832642,S3-241459480,S2-594884237,S2-745535514,S2-470774050,S2-421382074,S2-41973808,S2-381605370,S2-922507175,S2-108903931,S2-292224471,S2-534043104,S2-488049041,S3-252285627,S2-541664823,S2-557486065,S2-58907874,S2-712420496,S2-287136759,S2-370589845,S2-58477203,S2-318304856,S3-298209968,S2-635320398,S2-528145143,S2-492245428,S2-834822493,S2-787520522,S2-652300840,S2-955818133,S3-303430909,S2-597692962,S2-630072645,S3-277132144,S2-943168589,S2-76614026,S2-199131123,S2-496320578,S2-718639701,S2-906586504,S3-119060072,S2-184631474,S2-709988524,S3-178190202,S2-4915757,S2-574600665,S2-467424733,S2-970634212,S2-641083418,S2-532296086
S1-476625263	S2-737281951,S2-159054342,S2-385885387,S2-690943030,S2-545980090,S2-7421736,S2-292103635,S2-316306615,S2-742191837,S2-577523774,S2-788047001,S2-774512583,S2-446261879,S2-67408637,S2-339186553,S2-221406627,S2-50675000,S2-369601779,S2-778419554,S2-715182049,S2-486912342,S2-105719821,S2-211182661,S2-833292268,S2-735153377,S2-776722434,S2-333783469,S2-87690299
S1-522879734	S3-402973010,S3-252532454,S3-282294811,S3-681926238,S2-554524752
S1-970879476	
S1-716894242	
S1-261133992	S3-28954570,S2-845234342,S3-957086666,S3-6484481,S2-373981938,S2-311532476,S2-798395068,S3-315514687,S3-204405238,S2-847472068,S3-431843845,S3-516348473,S3-418458442
S1-76214334	S2-308415673
S1-133037285	S3-49797178,S2-809099861,S2-262388906,S3-830602792,S2-39418145,S3-161435576,S3-610209802,S3-135611910,S3-480129113,S2-510936406
S1-13053649	S2-560505973,S2-962509490,S2-756341806,S2-285945080,S3-557296941,S3-327637739,S2-355105041,S2-261324941,S2-433282618
S1-200572754	
S1-916360441	S3-740641815
S1-401074421	
S1-433495071	
S1-32214992	S2-168315159,S2-34691646,S2-560384527,S3-229750888,S2-835917272,S3-146163775,S2-109443033,S3-698567840,S3-133564228,S2-408079655,S2-459363558,S2-769359538,S3-334531198,S3-788470142,S3-303440700,S2-187915995,S3-516686951
S1-323914911	S3-4023268
S1-713635209	
S1-558812114	S3-452601086
S1-618571023	
S1-141347038	
S1-978732778	
S1-175963448	
S1-178174372	
S1-227395368	
S1-185055467	S2-975527854,S3-269199310,S3-264322475,S2-32079335,S2-597692962,S2-115631556,S2-37136574,S3-15680583,S2-354998081,S2-865952472,S2-613774823,S2-472815024,S2-536237085,S3-176109752,S2-413706716,S3-270061873,S3-169186161,S2-860691241,S2-973656680,S2-588588038,S2-244788597,S3-182065924,S2-224833729,S2-804895558,S2-881799150,S2-738464568,S3-276585163,S3-174263374,S2-971838383,S2-277789704,S2-572549238,S2-557486065,S2-712420496,S2-176001168,S2-234761707,S2-922107799,S2-35983797,S2-955277799,S2-970368862,S2-796589250,S2-449715538,S2-108903931,S2-976837700,S2-59836501,S2-461546336,S2-24771735,S2-955818133,S2-409461967,S2-650126951,S3-201264804,S3-300518520,S3-282713581,S2-318304856,S2-577848713,S2-538456905,S2-12758701,S2-394116370,S3-286283857,S2-203482318,S2-787520522,S2-31408125,S2-411792314,S2-541664823,S2-617450402,S3-178190202,S3-252285627,S2-370589845,S3-103041532,S3-119060072,S2-41973808,S2-768901988,S2-76614026,S2-594884237,S3-241459480,S2-381605370,S2-137544633,S2-111526286,S2-813050616,S2-922507175,S2-745535514,S2-470774050,S2-635320398,S2-58477203,S2-421382074,S2-344435782,S2-2018493,S2-622743900,S2-492245428,S2-876489913,S2-368146434,S2-718639701,S2-527236354,S2-287136759,S2-96986880,S3-303430909,S2-302832642,S2-900702186,S2-796038667,S2-58907874,S2-201027011,S2-655231133,S2-715056911,S2-980609185,S2-141063444,S2-676225640,S2-4915757,S2-574600665,S2-467424733,S2-532296086,S2-641083418,S2-970634212
S1-760888492	S2-153950520,S3-268745505
S1-585574692	S3-934107768,S3-455206440,S3-750773570,S3-609989467,S3-151484250,S3-366034125,S2-217800012,S2-149980945,S2-622743913,S3-618582924,S3-971593814,S2-201476724,S2-839533786,S3-338129967
S1-652152802	
S1-277391322	S2-433186114
S1-296996951	
S1-431774934	
S1-228432450	S3-200116838,S2-159561914,S3-258442173,S2-978019609,S3-458902488
S1-740568549	S2-614664564
S1-299742816	S2-33885009,S2-131182559,S2-446261879,S2-306392202,S2-324358182,S2-661128680,S2-80737444,S2-256781534,S2-688422676,S2-357528125,S2-675822376,S2-352405011,S2-353457949,S2-12781223,S2-475245312,S2-876318509,S2-160980423,S2-237522048,S2-467918977,S2-812675112,S2-229969412,S2-875986261,S2-204140839,S2-567979105,S2-385885387,S2-690943030,S2-774512583,S2-241836868,S2-648926260,S2-778419554,S2-328582303,S2-791711694,S2-735153377,S2-776722434,S2-333783469,S2-105719821
S1-22440787	
S1-787617931	S2-993144257
S1-499802509	
S1-260260547	S2-146623032,S2-431236803,S2-427608075,S2-523228047,S3-361042314,S2-770219993,S2-37297198,S2-443520786,S2-22263550,S3-19039717,S3-352806243,S2-761505735,S2-457908973,S3-218693874
S1-581565440	
S1-567262694	S3-359895705,S2-679530640,S3-222466693,S2-474845515
S1-964756169	
S1-93995897	S3-495736024,S2-451803549
S1-23669343	S2-305032897,S2-564685922,S2-821467836
S1-43562364	S2-284675496
S1-615081497	
S1-393904151	S3-207266365,S3-555512753
S1-225330324	
S1-378024246	S3-673222311,S3-876865834,S3-942154374,S2-21521290
S1-383914080	S2-246881206,S2-873925434,S2-538422726,S2-5057633
S1-830922354	S2-54102468
S1-799930487	S2-302790028
S1-142116674	
S1-234624983	
S1-905493061	S3-698849211
S1-436307824	
S1-448489887	
S1-143303148	S3-219061973,S3-568630097
S1-11773416	S3-781239925,S2-473488502
S1-3618553	S3-843686319,S2-851498372,S3-28735712,S2-783110346,S3-169381399,S2-82785475,S2-725145261,S2-32267699,S2-663960636,S2-540428927,S2-315116255,S3-181757197,S2-63706054,S3-30190728,S3-632494315,S2-359183690,S3-184155037,S2-153563086
S1-444926720	
S1-841015443	
S1-921451574	
S1-17779586	
S1-514083097	S2-302742914,S2-689520511,S2-173710970,S2-97064793,S2-255953911,S2-587227192,S2-770742526,S2-460464200,S2-534309499
S1-449111526	S2-433081949,S3-417229697,S3-724250452,S3-142008218,S3-216696231,S2-672125308,S3-838080735,S2-77701968,S2-711061519
S1-122003718	S3-19208236,S2-563483902,S3-378837014,S2-971718494,S3-676065906,S3-42861845,S3-911501313,S3-490267975,S3-271157598,S3-267553477,S3-106251432,S3-639501530,S3-837289282,S3-700989936,S2-882743825,S2-704744875,S3-427944577,S3-789801923,S2-191686433,S3-496751065,S2-333057405,S2-889343890,S3-276105444,S3-934470311,S3-392620860,S2-958602058
S1-112377984	
S1-828885766	
S1-812250335	S2-461474548
S1-312174524	S3-453612949,S2-330372199,S2-424399787,S2-753132791,S3-356436984,S3-311521704,S2-511546664,S3-32231515
S1-621386822	S2-934693724,S3-648368160,S3-303086841,S2-190345501,S2-787145710,S3-200941058,S3-286758040,S2-4985468,S3-183724076
S1-942104958	S3-995121280
S1-312111815	
S1-6956394	S3-41572864,S2-206929566,S2-42413368,S2-229146539,S2-94625584,S2-736670333,S2-15099225,S2-782040202,S3-621604671,S3-219981920,S2-810779252,S2-910418666,S2-18353597,S2-325413796,S3-244219815,S2-755802094,S2-291941540,S2-59294725
S1-996332987	S3-439070366,S2-834826649,S3-29765600,S3-160710413,S2-863307390,S2-796579511,S2-258472471,S3-584163261,S2-712748272,S2-956449162,S3-698867281,S3-950496170,S2-471623340,S3-441375024,S2-238815330,S3-234621464,S3-573468067,S3-95407915,S3-847072630,S2-234053799,S3-16116477,S2-344883620,S2-91264226,S3-338404543,S2-486765715,S3-971660900,S2-668731697,S2-630698480,S2-468661548,S2-514460657,S2-904997122,S2-251115314,S2-652409191,S2-179192369,S2-595936663,S2-185370872,S3-729518681,S3-386969349,S2-341685028,S3-205358920,S2-593281772,S3-821392298,S2-372581729,S2-598499244,S3-227891058,S2-359010929,S3-715221582,S2-547214729,S3-6214004,S2-390813878,S2-638344620,S3-693521046,S3-748768797,S2-218813573,S2-211010248,S2-944824718,S3-527158478,S3-246270956,S3-406467254,S3-16963268,S3-172516626,S2-672365176,S3-955309634,S3-544736730
S1-899464372	
S1-346673967	S2-714951438
S1-330298689	S2-611649419,S2-495825650,S3-838128029,S3-844262667
S1-693154681	S3-346080653,S2-638936889,S3-194361512,S2-396105383,S2-409402615,S2-163612231
S1-659630672	S3-589624120,S2-170446948,S2-307268021,S2-409307241,S2-384638128,S3-581509389,S3-246372608,S2-510893016,S2-393970011,S3-363410031,S3-763414007,S2-977026993,S3-387831610,S3-919417732,S2-902325613,S2-168498729,S3-146213053,S3-452789785,S3-592943646,S3-95107821,S3-811730518,S2-145024787,S3-726631421,S2-419489435,S3-876837918,S3-309877049
S1-796628292	
S1-609669425	S2-396644796,S2-740519349,S2-475482800
S1-596431100	
S1-687455011	
S1-651435851	S2-402903483,S2-495426490,S2-483970668,S2-378308209,S2-546075031,S2-689043294,S2-535985541,S2-874458653,S2-400475515,S2-717525852,S2-334917739,S2-298755393
S1-853862695	
S1-622241555	S3-629924154,S3-102009245,S3-921450663,S2-74952427,S2-886266720,S2-544647934,S2-789858752,S2-909445999,S2-734752121,S3-257882766,S2-631934668,S3-161302858,S3-398267385
S1-772324975	
S1-371543666	S2-927847985,S2-807113828,S2-148805344,S2-394795219,S2-165649102,S3-879564698,S2-973292523,S2-39889760,S2-448408291,S3-889983640,S2-334869461,S2-217693187,S2-368020936,S2-349927121,S3-953204079,S3-88748689,S2-134129534,S2-425439096,S3-355014269,S2-631035436,S3-119083528,S2-759467179,S2-429721451,S3-293244015,S3-273704167,S2-540774917,S3-519299498,S3-749036891,S2-579809420,S2-705851202,S3-728173132,S3-385563432,S2-742144770,S2-751470939,S2-965962266,S3-795363957,S2-892516596,S2-654593140,S3-516760419,S2-798715804,S3-482559512,S3-471594619,S3-949268054
S1-526606899	
S1-380839864	S3-889676973,S3-702690972,S2-859855737
S1-132193346	
S1-249916694	S2-25956335,S2-327285334,S3-742354391,S3-634795032,S2-433110540,S2-38038056,S3-495736024,S2-166647024
S1-510485852	S2-668845585,S2-529959614,S2-740523695,S2-219033561,S2-45775835,S2-348846232,S2-15835805,S2-698358405,S2-588548717,S2-618207016,S2-144364980,S2-632107609,S2-299742973,S2-149242575,S2-358504456,S2-133027173,S2-728382356,S2-118527996,S2-528025382,S2-502981781,S2-691502306,S2-151714683,S2-193595000,S2-498618273,S2-39676027,S2-163134741,S2-449660771,S2-794199666,S2-27838767,S2-164896117,S2-162893045,S2-171964628,S2-832409291,S2-12962379,S2-77698963
S1-695421300	S3-907702304,S3-563320487,S2-581390426,S2-761946187,S3-855948574
S1-792167391	S3-524758256,S2-27930650,S2-166647024,S3-495736024
S1-384128644	S2-21274893,S3-171096177,S3-712605297,S3-714563035,S3-374393279,S3-405275461,S2-910662088,S3-52854765,S2-770419582
S1-393432530	S2-147931795
S1-269656551	
S1-498595920	
S1-452779249	S3-303086841
S1-387612744	
S1-88517306	
S1-196127879	S2-971748520,S2-570974958,S2-400475515,S2-717525852,S2-334917739,S2-229434487,S2-298755393
S1-132482993	
S1-998818791	
S1-840586718	
S1-163747087	S3-704178873,S2-46180734,S3-469730231,S3-893443201,S3-303818230,S2-9452363,S3-707208941,S3-396291523,S3-125793462,S2-301521834,S3-252962202,S3-699430219,S3-976447994
S1-981346708	S3-477226842,S3-639310531,S3-744115010,S3-585096773,S2-744975512,S3-886297878
S1-59633785	
S1-773585271	S2-778499827,S2-625490220,S2-159006887,S2-89378713,S2-275397208,S2-98346850,S2-24832253,S2-557875899,S2-658599974,S2-587227192,S2-770742526,S2-460464200
S1-498399790	
S1-975041124	
S1-605007042	S2-513229832
S1-264272517	S2-486936539,S2-819927478,S2-307972559,S2-70002326,S2-317387421,S2-891724637,S2-168670799,S2-686979274,S2-255932588,S2-136217329,S2-57057245,S2-458831613,S2-487927714,S2-416680563,S2-797403279,S2-80934192,S2-110811145,S2-316682952,S2-853572898,S2-578945271,S2-183092653,S2-139963838,S2-908510616,S2-786206662,S2-648362230,S2-481493872,S2-909133099,S2-789578372,S2-833532894,S2-502594473,S2-628772724,S2-733544898,S2-673548287,S2-31615763,S2-366066563,S2-577331856,S2-79166589,S2-202866819,S2-346144327,S2-590537855,S2-589522525,S2-649607870,S2-805177125,S2-602084524,S2-73254796,S2-813748455,S2-242524460,S2-678690214,S2-259754115,S2-497696239,S2-267907355,S2-690127271,S2-728389979,S2-562681799,S2-404951487
S1-917285318	S2-879587923,S2-953969454,S2-560928093,S2-78940449,S2-234807613,S2-554122647,S2-906313914,S3-235344873,S2-385885037
S1-309101313	
S1-537844724	S2-636100422
S1-518175973	S3-630331250,S3-815993513
S1-47443839	
S1-695625080	S3-94829732
S1-192530794	
S1-107367404	S2-714698365,S3-845753553,S2-310883743,S3-374393279,S3-604984430
S1-571376605	S2-298215556
S1-85396495	S3-779954048,S3-991545083,S3-743960550,S3-378652249,S3-627345153,S2-745998627,S3-915526638,S3-470103100,S3-583438239,S2-484181585,S3-757990812
S1-708796012	S2-169106475,S3-888393588,S3-108293964,S2-324235151,S2-689483956,S3-715699088,S2-972889340,S3-334249128,S2-33011673,S2-632530235,S2-894334250,S2-740294116,S3-323550076,S2-551360770,S3-303204373,S2-567326602,S2-567462961,S2-762888161,S3-189084854,S3-81932792,S3-938020359,S2-807200818,S2-567929214,S2-834148564,S2-285814995,S2-150101348,S2-840451578,S3-679385217,S3-519188137,S2-413861792
S1-582337255	
S1-590136213	S2-823445802,S2-671868851,S2-728291907,S2-250583864,S2-12575492,S2-656184247,S2-496615663,S2-178544570,S2-805636783,S2-647453818,S2-223230811,S2-341394500,S2-591032606,S2-788631280,S2-647651815,S2-634903098,S2-424247102,S2-108871171,S2-71670232,S2-372363817,S2-365572475,S2-332016410,S2-727306054,S2-715162081
S1-696636634	
S1-810345819	
S1-713599256	S3-102602053,S2-70639654,S2-382184673,S3-890640332,S3-307476331,S3-906390963,S2-352000508
S1-575923620	S3-578512310,S2-280436898
S1-855700872	
S1-659524760	
S1-458223959	S2-956128680,S2-64864552,S2-874428078,S2-961688903
S1-305403960	S3-401612978,S3-843358137,S3-636851143,S3-688033929,S3-391752905,S2-694535549,S2-841661802,S3-882373206,S3-991992721,S3-356768678
S1-788105245	
S1-56671537	S3-589066144
S1-721140591	
S1-451255492	S2-753132791,S3-356436984
S1-321495441	
S1-38072697	
S1-812886866	S3-639741855,S2-629080781,S3-552612055,S3-382707141,S3-978821291,S2-517294532,S2-538912849,S2-792345057,S3-68560638,S3-504836312
S1-72057312	S2-157212403,S2-510631515,S2-358259188,S2-786612299,S2-812980324,S2-175166551,S2-791681400,S2-560731007,S2-261423486,S3-202147633,S2-34128690,S2-274641904
S1-837908386	
S1-941710375	S2-583478499,S3-70409524,S2-339898290,S3-537227650
S1-205572391	
S1-661173194	
S1-602222708	S3-86757752
S1-258692552	
S1-317610576	
S1-100146655	S2-578915473,S3-918661621,S2-599647444,S2-884850141,S3-9275146,S2-691096760,S3-136435775,S3-101707977,S3-276558441,S3-981132157,S2-67155839,S2-707268652,S3-805366115,S2-971086458,S3-524754988,S3-509831864,S2-880119672,S3-491292094,S3-462147663
S1-719427894	
S1-519482575	
S1-12041665	
S1-60151568	S3-316897037,S3-684935472,S3-372088373,S3-185686074,S2-262250999,S3-644760963,S2-48547981,S3-42910580,S3-831322214,S3-17045897,S2-856175144,S2-470862828,S3-467774602,S3-976026616,S2-269430298,S2-485544756,S3-205347670,S3-602653373,S2-281727777,S3-989317080,S2-278373609,S3-961117641,S2-454155670,S3-149084262,S2-710534719,S2-458404098
S1-690963367	S2-614314679,S2-373132972,S2-420939417,S2-905123184,S3-364662285,S2-162602516,S2-625882148,S2-181651904,S3-165214064,S3-251037520,S3-206621972,S2-780349087,S2-901065440,S3-293863839,S2-245695849,S2-775491139,S2-655914471,S2-433715690,S2-515708648,S2-912477195,S2-404808019,S2-950057823
S1-313386776	S2-201789580
S1-707311952	S3-88976145
S1-304962344	S3-200939472,S2-97360606,S2-956571883,S2-155851591,S2-951752993
S1-893983413	S2-565050765,S3-358073585,S2-654412645
S1-948046243	S3-40792686,S2-954844243,S2-219103696,S2-212132959,S2-331772212,S3-240779244,S2-915861256,S3-156242979,S2-111492659,S3-604874198,S3-963861859,S3-24862540,S3-457705181,S2-869692537,S3-39302043,S2-750971274,S2-104854413,S3-507277509,S3-234122032,S3-841707517,S2-997843275,S2-186241395,S2-119176953,S3-651719838,S2-785495046,S2-209130702,S3-481619181,S2-535609323,S2-293299898
S1-832969377	S2-637053153,S2-796192689,S3-385326783,S3-126921618,S3-378575572,S3-13232799,S2-812554081,S2-921971634,S2-766139933,S2-457086024,S2-727004969,S2-147652829,S3-180544584,S3-366780425
S1-177881010	
S1-642895892	S2-957272267,S2-476099473,S2-138927914,S2-924335886,S3-118397819,S3-107113177,S2-584253455
S1-388589542	
S1-640830255	
S1-303791674	
S1-909955989	S3-551481169,S2-316403963
S1-966343032	
S1-163521308	
S1-627042239	
S1-783056748	
S1-548217581	
S1-310044750	
S1-493944188	
S1-617741036	S2-239362592
S1-773506928	
S1-942110962	S2-622839019,S3-317343602,S3-439820707,S2-378057200,S3-32231515
S1-357079669	S2-495860240,S3-37668346,S3-910648354,S3-465908354,S2-15286067,S2-480837288,S2-950823454,S2-529095751,S3-969467251,S3-299088467,S3-500791765,S3-742355075,S2-684312554,S3-361147727,S3-353715579,S2-248038719,S3-430385119,S3-511385451,S3-361038699
S1-771350895	S3-269212795,S3-405390063,S3-562327679,S3-624747342,S2-109365392,S3-853087291,S3-606580559,S2-879720898,S2-990075414,S2-308328105,S3-729750887,S2-17802751,S3-769679881,S3-970670252,S3-716469844,S3-409435933,S2-750522226,S3-309264131,S3-306622975
S1-250510039	
S1-831922252	
S1-903470091	S2-962308116,S3-572042592,S3-148278525,S3-720542254,S3-713021077,S2-651931697
S1-518966256	
S1-481439773	S3-466793969,S2-824539307,S3-378797259,S2-132449560,S3-579132292,S3-805450762,S3-195208995,S3-888121169,S2-446573289,S3-472008921,S2-926663504,S2-161302077,S3-393800476,S2-236765913,S3-829213012,S3-783997341,S3-679829,S3-116566976,S3-632957389,S2-414090787
S1-789383606	S2-284896553,S2-717916680,S2-858008989,S2-904996810,S2-822582739,S2-988523912,S2-195601926,S2-523858442,S2-129080100,S3-156763520,S2-455080842,S2-250633126,S2-62092247,S2-896264951,S2-951843795,S3-223861841,S2-291635456,S2-63004297,S2-394189263,S2-492944301,S2-480177776
S1-971964462	
S1-84172548	S3-67950383,S3-886965195,S3-637091573,S3-343887006,S3-820478802,S2-23153000,S3-773257376,S2-165317772,S3-487309104,S2-309433805,S3-855546679,S3-503224001,S3-861379286,S2-162141255,S2-94571549,S2-484947063
S1-983588293	
S1-623168313	S2-15532397,S3-826671603
S1-580205927	S3-131480798
S1-854930326	S2-205198310,S2-395218575,S2-539712551,S2-513315376,S2-332185750,S2-313735752,S2-577124408,S2-655407438,S2-580517962,S2-392495348,S2-753898444,S2-215023165,S2-271291053,S2-72755196,S2-893452264,S2-639852893,S2-11649998,S2-115812894,S2-828407985,S2-733604720,S2-889754712
S1-932827505	
S1-473471482	S2-868127388,S2-181932157,S2-561911284,S2-673883233,S2-462813915,S2-90067640,S2-621113695,S2-843334349,S2-586738789,S2-179466822,S2-103339453,S2-522042091,S2-88858185,S2-507093932,S2-285248484,S2-819696681,S2-610154907,S2-555656139,S2-14327438,S2-414356537,S2-724089150,S2-120746149,S2-772203835,S2-845746087,S2-43885783,S2-125086919,S2-341455263,S2-166561956,S2-492621162,S2-898577463,S2-121457470
S1-748169501	S2-420647716,S3-279125295,S3-332619226,S3-536380620,S2-310130089,S3-418637575,S3-173469938,S3-388848
S1-261811696	S3-609989467,S3-151484250,S2-729140419,S3-548198553,S3-455206440,S2-569797716,S3-344548845,S3-65899855,S2-640189693,S2-331344052,S2-837732710,S2-716229167,S2-839533786,S2-869895454
S1-11862688	
S1-152287749	S2-726064943,S2-409285786
S1-668750166	
S1-889763196	S3-356819791,S3-923287548,S3-113453447,S3-263706769,S2-14994912,S3-486874370,S3-885247434,S3-77161371,S3-315715096,S3-467472732,S3-530485961,S2-836224104,S3-247929179,S3-518808841,S3-88806363
S1-731133418	
S1-199429633	
S1-848491748	
S1-647059934	
S1-22784825	S2-123026241,S2-859046356,S2-896587297,S2-36224575,S2-738360885,S2-593211446,S2-380775955,S2-255362892,S2-918785197,S2-179975208,S2-362910945,S2-143323101,S2-505430076,S2-788599727,S2-526717564,S3-260602342,S2-990265043,S2-241048334,S3-205046672,S2-27819738,S3-161130258,S2-359549629,S2-978339219,S2-845890525,S2-841621186,S2-91491361,S2-128236991,S2-237196627
S1-288974022	
S1-192763800	
S1-340745284	S2-737627978,S2-706550846
S1-985635854	
S1-955514212	S2-332127380,S2-243874645,S2-979222867,S2-752480236,S2-359549629
S1-590479623	S3-123653435,S2-801255088,S2-935053001
S1-442789750	S3-492333788,S3-715235148
S1-110948491	S3-526636672
S1-722718077	
S1-762013125	S2-45768307,S3-969464817,S2-51370111,S3-679767637,S3-20145244,S3-669484272,S3-744380548,S2-326741277,S2-664246199,S2-683458848,S3-311605874,S2-160163104,S2-304465196,S2-436018272,S2-562231400,S2-571157020,S2-835642370,S2-197155931,S2-253195767,S2-950500992,S3-767156889,S3-352525851,S2-528807948,S2-435305662,S3-784107607,S3-86092633,S3-765352042,S2-405259584,S2-83821450,S3-795256334,S2-633973793,S2-78074287,S3-876643074,S2-871920618,S3-801151247,S3-971852602,S3-308239228,S2-160988895,S3-215540151,S3-931011967
S1-820512968	
S1-117954160	S2-944263805,S2-510507387,S3-353172975,S3-975856655,S3-993558620,S3-177865383,S3-412026353,S3-261387133,S3-956632616,S3-861713965,S2-533204539,S2-577775521
S1-60414159	
S1-668139592	S3-830771098,S3-869573873,S3-497760647
S1-291144644	
S1-658620649	
S1-8091184	
S1-464105135	S2-147990164
S1-672296545	
S1-89093509	
S1-31462693	S2-987445834,S3-658215354
S1-174647865	
S1-633264119	
S1-974373503	
S1-997284925	S2-641496118,S3-820478802,S2-748075717,S2-882152948,S2-101324956,S2-309433805,S3-855546679
S1-97581850	S2-795032896,S3-193622652,S2-740592581,S3-357516767,S3-128573256
S1-482850607	S3-123346767,S2-557578199,S2-74590757,S2-485389932,S3-575213590,S2-427580965,S3-524684868,S2-422890870,S2-635291523,S2-112493429,S2-570996301,S3-392620860,S2-767354808,S3-953883684,S3-199057723,S2-559818183
S1-874718016	S3-682193240,S2-857173237,S2-495333171,S2-184163786,S3-155238299,S2-498714192,S3-114606638,S3-617099032,S2-656090889,S3-511814091,S2-185187345,S3-882783617,S2-796750257
S1-844255078	
S1-308671803	
S1-821063848	
S1-216179293	S2-893680142,S2-10943865
S1-952088099	S2-593918191,S2-671190711,S2-63251045,S2-730481487,S2-85737910,S2-920109004,S2-282718008,S2-612004699,S2-566848464,S2-420701304,S2-816411639,S2-261085201,S2-509521063,S2-730924879,S2-137714064
S1-820394674	S2-675848730
S1-716114169	S3-45095279,S2-197758224
S1-354150218	
S1-608121430	
S1-933623242	S3-198745928,S2-124569614,S2-30615534,S3-695222759,S2-794272150,S2-826287925,S3-622807772,S2-976612956,S3-292071516,S3-290531826,S3-694058063
S1-291010048	S3-364882765,S3-765180357,S2-357845748,S3-214008870,S3-802819827,S3-756855343
S1-94967538	S2-702922305
S1-930984906	S3-199805834
S1-689153292	S2-242967168,S2-224574325,S2-790907847,S2-565374315,S2-64202533,S2-874371911,S2-85906403,S2-589441931,S2-633185510,S2-328146445,S2-391184334,S2-629397355,S2-14084129,S2-327822068,S2-450319569,S2-113148849,S2-524604419,S2-331311222,S2-872551966,S2-550277548,S2-110661787,S2-436483556,S2-727662252,S2-668410006,S2-559599671,S2-312082854,S2-407098803,S2-657349822,S2-190603919,S2-325356658,S2-668559629,S2-270948555,S2-447469536,S2-820860718,S2-111496486,S2-829341087,S2-162894395,S2-386143705,S2-196608011,S2-435680343,S2-815041558,S2-115659109,S2-530701791,S2-769870857,S2-390617892,S2-935367306,S2-86926787,S2-181063334,S2-542945420,S2-138477027,S2-360749777,S2-313245951,S2-353131400,S2-161245638
S1-130546000	
S1-840805501	
S1-550467607	S2-755195573
S1-323228137	S3-677964678,S3-340577897,S3-382134067,S2-732638071,S2-95005556,S2-496699317,S3-12167004,S2-710934195,S3-632894548,S2-114503889,S2-30971794,S3-393442672,S2-256198953,S2-36076818,S2-91503311,S3-809251754,S2-569320888,S2-834056061,S3-705619816,S2-455157183,S2-437824348,S2-142179700,S2-52191434,S2-991799043,S3-950421484,S3-226370125,S3-207943579,S3-549528939,S3-612034004,S2-840571813,S2-249520557,S3-708045852,S3-863002117,S3-276213813,S3-706610115,S3-123893258,S3-39853402,S3-196571424
S1-966940882	S2-76582696,S2-18240981,S3-565092059,S3-52936250
S1-740270062	S3-550532461,S2-794534627,S3-473220059,S2-773360952,S3-61492696,S2-426902140,S2-776265784,S2-464273620,S3-585991841,S3-460123193,S2-863530983,S2-418991508,S3-313109239,S2-526080084,S2-903981421,S2-31941244,S2-460039844,S3-236962268,S2-56123358,S2-640423350,S2-254423387,S2-436833294,S2-975040783,S3-548351196,S3-476191703,S3-393762653,S3-407744521,S3-54951837,S2-163754935,S3-575237915,S2-372248639,S3-535686716
S1-348817052	S2-175498373,S2-699609689,S2-364409091,S2-667133523,S2-743669001,S2-80030396,S2-304024666,S3-974613550,S2-380368273,S3-314764503,S2-192919160,S3-213181388,S3-962193104,S3-913516011,S2-43927816,S2-23522994,S3-247520022,S3-115787789,S2-91895647,S3-813405243,S2-110075254,S2-379411944,S3-854063505,S3-873691670,S3-14703862,S2-876289147,S3-418917752,S2-212091485
S1-950265172	S3-91615167
S1-301843655	S3-539250403,S3-281106844,S3-19354941,S3-830852444,S2-369191472
S1-312468980	S2-548904273,S3-229462616,S2-434030717,S2-443569378,S2-515455468,S2-365423335,S2-307853916,S2-474701239,S3-203075051,S2-486548125,S3-167377812,S2-827562037,S2-971327684,S2-567794297,S2-591072126,S2-287070307,S2-552735005,S2-322707527,S2-696710395,S2-8945388,S2-432748864,S3-19823878,S3-1462874,S2-314521837,S2-424237391,S2-693319620,S2-33142941,S2-455456848,S2-778256508,S3-134804715,S2-985670014,S2-159274266,S3-144823758,S2-331584074
S1-501560459	S2-789506125
S1-81192361	S3-10183087,S2-568841403,S3-759920114,S3-667168392,S3-570387005,S3-970178579,S3-154035629,S2-933026242,S3-618405076,S2-715145934,S3-801808031,S3-165440012,S2-100083276,S3-967768499,S2-627374081,S2-12404234,S3-472905501,S3-555780366,S3-40060015,S3-693454629
S1-705366048	
S1-779459524	S3-86869702
S1-650289478	S2-952551714,S3-773864763,S3-585096773,S3-744115010,S3-688211664,S2-744975512,S2-818800912,S3-886297878,S3-604203791
S1-25446474	
S1-54275582	
S1-257923459	S3-392258654,S2-937482160,S2-982949575,S2-4382573
S1-824324746	S3-912329273
S1-860285918	
S1-207463128	
S1-72785829	
S1-353982565	
S1-973362772	
S1-657025372	
S1-385822921	S2-390264224,S2-93860076,S3-102923208,S2-86721176,S2-642891324,S3-397069000,S2-453709897,S3-569346307,S2-770268651,S2-609747271,S2-596956626,S2-435088227,S2-477490719,S3-386881396,S2-279348473,S2-374227187,S3-436696540,S3-271773550,S2-187218249,S2-804592135,S2-413451854,S3-650735894,S2-372420151,S2-27531612
S1-276322405	
S1-735283511	S2-939333521
S1-546242141	
S1-899352052	S2-954705156,S3-514041547,S3-357103138
S1-852951897	S2-224833729,S2-572549238,S2-203482318,S2-976837700,S2-971838383,S2-277789704,S2-35983797,S3-276585163,S2-804895558,S2-24771735,S2-796589250,S2-12758701,S2-234761707,S2-461546336,S2-970368862,S2-176001168,S2-881799150,S2-617450402,S3-241459480,S2-622743900,S3-174263374,S3-282713581,S2-738464568,S2-108903931,S2-922107799,S2-41973808,S3-252285627,S2-538456905,S2-449715538,S2-370589845,S2-394116370,S2-544615935,S2-900702186,S2-594884237,S2-729098891,S2-137544633,S2-541664823,S2-557486065,S2-712420496,S3-300518520,S2-331986400,S2-650126951,S2-982205149,S2-287136759,S2-922507175,S2-58907874,S2-381605370,S2-58477203,S2-787520522,S2-31408125,S2-292224471,S2-955277799,S2-630072645,S2-577848713,S2-76614026,S2-492245428,S2-354998081,S2-184631474,S2-952774226,S2-834822493,S2-318304856,S2-745535514,S3-103041532,S3-277561622,S2-955818133,S3-303430909,S2-768742348,S2-199131123,S3-178190202,S2-411792314,S2-4915757,S2-574600665,S2-467424733,S2-970634212,S2-641083418
S1-804655850	S2-186917997
S1-926018314	
S1-127932197	S2-852007199,S3-12744470,S2-820624955,S3-120427011,S3-243628504,S3-197756039,S2-740406669,S2-215878680,S3-464012860,S3-245255461,S2-841156750,S3-41440815
S1-40045119	
S1-845002907	
S1-967153211	
S1-99616032	
S1-159113730	
S1-51113716	
S1-89003311	S3-124246203,S3-546308303,S3-655695980,S2-122701336
S1-177088763	
S1-635110499	S2-77344556,S3-329997554,S3-685995692,S3-146163775,S2-560384527,S3-229750888,S2-835917272,S2-34691646,S2-506044392,S3-88817890,S2-127209625,S3-829795388,S2-849420380,S3-881113731,S2-459363558,S2-769359538,S3-788470142,S3-516686951,S3-334531198,S2-187915995
S1-410610117	
S1-775249786	
S1-31575673	S2-407399533,S2-130892815,S3-241642429,S2-515520487,S2-108398695,S2-441079895,S3-271129383,S2-488166480,S2-465239729,S3-130643559,S2-663074204,S2-822562373,S2-579437630,S2-739118934,S2-581063000
S1-992003464	
S1-670095347	
S1-25750233	
S1-698189395	
S1-818679709	S2-328079276
S1-791176254	
S1-447452795	S2-765226896,S2-899215861,S2-116073785,S2-383359949
S1-579962524	S2-234699109,S2-876924172,S2-424387851,S2-923500757,S2-226494608,S2-771746663,S2-338006175,S2-674079903,S2-576293562,S2-424954698,S2-550225052,S2-92322579,S2-594646994,S2-38827079,S2-883612706,S2-163395991,S2-287656003,S2-528473005,S2-433032085,S2-898008935,S2-474308490,S2-20213851,S2-631977552,S2-817607055,S2-576940662,S2-122201731,S2-291644849,S2-502816364,S2-813641485,S2-472900054,S2-499027495,S2-150975970,S2-75217079,S2-183518047,S2-331873332,S2-414647364,S2-170100406,S2-302054007,S2-361211798,S2-820815164,S2-21605450,S2-4615798,S2-317152754,S2-405105351,S2-56465834,S2-583339726,S2-415670729,S2-171227599,S2-696109598,S2-842721511,S2-19245434,S2-456194866,S2-600904389,S2-579633576,S2-635487150,S2-306289434,S2-730521036,S2-668971573,S2-5562734,S2-337420573,S2-454352954,S2-860355097,S2-196504480,S2-213277943,S2-239641965,S2-437281736,S2-788354095,S2-452685961,S2-342987051,S2-762695364,S2-690655838,S2-270502309,S2-450414338,S2-413513633,S2-69245191,S2-427062954,S2-485793518,S2-247372000,S2-587732158,S2-230344467,S2-478976831,S2-30382724,S2-56576313,S2-386525936,S2-739386823,S2-702366846,S2-875893829,S2-508344439,S2-195534419,S2-866466206,S2-538278737,S2-52804522,S2-247602828,S2-35322068,S2-164999379,S2-843635430,S2-857262168,S2-823944463,S2-479233308,S2-92301104,S2-418436422,S2-479048111,S2-457106884,S2-810475663,S2-229525660,S2-480944369,S2-914534929
S1-891829965	S3-447367496,S2-807018361,S2-541768385,S3-173448265,S2-89738639,S3-711318488,S2-851304279,S3-470814254,S2-677218888,S3-146067013,S3-489732004
S1-193414269	S3-250296200,S2-193787772,S2-600577952
S1-807215192	S3-373530188,S2-500817940,S2-233370805,S3-553316175,S3-479425308,S3-643070448,S2-909948740,S2-261873404,S2-324072363,S3-847810365,S2-480677881,S3-691503799,S3-884389807,S3-712603496,S3-175034833,S3-710606362,S3-726859841,S3-172751061,S2-185619158,S3-73344476,S3-843723483
S1-925180590	S2-392734397,S2-519518433
S1-617582034	S3-905448221,S3-44980885
S1-332338799	
S1-847444053	S2-563483902,S3-19208236,S3-378837014,S2-971718494,S3-42861845,S2-918742078,S2-721521726,S3-911632855,S2-645578868,S3-685252427,S3-670882103,S2-152556006,S2-967508302,S3-314119918,S2-315857532,S3-143338185,S2-889343890,S3-276105444,S3-934470311,S3-392620860,S2-958602058
S1-861429878	S3-887658789,S2-533963641
S1-841854206	S2-917075871,S2-440219856,S2-483445196,S2-585563664,S2-281072664,S2-465334857,S2-69218550,S2-694058507
S1-686495691	
S1-639870547	
S1-639807990	S2-112805031,S3-678007093,S2-339081087
S1-20235192	
S1-424984189	S2-43320510,S2-545367345,S2-243902755,S2-324274596,S2-352403187,S2-489795031,S2-305315061,S2-702267609,S2-851391522,S2-763669874,S2-241392070,S2-961584157,S2-847167076,S2-487061741,S2-954673307,S2-760385237,S2-321681577,S2-590761669,S2-94979629,S2-426049855,S2-735723416,S2-460398545,S2-683707503,S2-404768538,S2-965022781,S2-318542048,S2-863269535,S2-878595989,S2-347457758,S2-250542021,S2-737311826,S2-863284280,S2-96000429,S2-241093078,S2-243159401,S2-827738560,S2-390913332,S2-621920146,S2-613234078,S2-310207219,S2-28337466,S2-580000242,S2-191595068,S2-204923015,S2-85113215,S2-349099978,S2-729198204,S2-23492265,S2-603668961,S2-803603754,S2-785246908,S2-312033050,S2-248613547,S2-924091320,S2-960497500,S2-799647940,S2-799021792,S2-633078778,S2-12169707,S2-671124898,S2-762254064,S2-590885672,S2-359579050
S1-206477802	S2-905035752,S2-813290201,S2-467877840,S3-141412884,S3-16126416,S2-841219512
S1-260330364	S3-452760382
S1-404818756	
S1-930912392	S3-670945741,S3-615022165
S1-148572108	S2-567768142,S2-551622949,S2-386611820,S2-209555917,S2-259125416,S2-88396090,S2-261419722,S2-331311222,S2-407098803,S2-162894395,S2-589441931,S2-328146445,S2-85906403,S2-215785349,S2-668559629,S2-406213043,S2-110661787,S2-872551966,S2-14084129,S2-894541542,S2-330401512,S2-85950641,S2-853252664,S2-640219101,S2-891357710,S2-268889147,S2-391184334,S2-135130951,S2-377148918,S2-130167276,S2-80420263,S2-606734163,S2-730702890,S2-312629170,S2-935367306,S2-776486096,S2-537354013,S2-181063334,S2-542945420,S2-138477027,S2-360749777,S2-313245951,S2-353131400,S2-287899361
S1-60467532	
S1-714059800	S3-501226086
S1-933508054	S3-955520925,S3-704084300,S3-632131547,S3-720542254,S3-148278525
S1-543819559	S2-430590320,S2-819043456,S2-319348889,S2-540140052,S2-34107264,S2-661539844,S2-662495675,S2-266812235,S2-691502306,S2-27838767,S2-142012964,S2-698358405,S2-164896117,S2-45775835,S2-588548717,S2-782058062,S2-259979264,S2-507967800,S2-803561826,S2-382704580,S2-305872160,S2-57345324,S2-139985823,S2-402866647,S2-726893252,S2-683700380,S2-642424396,S2-107712684,S2-775043270,S2-384255338,S2-351872642,S2-448718545,S2-39676027,S2-35347746,S2-832409291,S2-498618273,S2-171964628,S2-77698963
S1-282807299	S2-103226456
S1-272610077	S2-600127521,S2-584654166,S2-164174301,S2-663264245,S2-219089453,S2-548803970,S2-66107949,S2-368001586,S2-672797856,S2-479285528,S2-805550794,S2-493596870,S2-790840546,S2-442722130,S2-332633461,S2-429362394,S2-140999625,S2-622481264,S2-861201345,S2-442902415,S2-805843027,S2-732475597,S2-373552567,S2-853483077,S2-122140775,S2-23474383,S2-731762629,S2-775375330,S2-386577460,S2-155117845,S2-751280357,S2-163141808,S2-735509914,S2-348344890,S2-54968893,S2-287836977,S2-620679445,S2-432885029,S2-852771740,S2-875930539,S2-455999140,S2-162708622,S2-293972182,S2-307595290,S2-101677614,S2-893048055,S2-691718681
S1-955415623	
S1-983373292	S2-772075898,S2-232589669
S1-890513258	S2-751138543,S2-485212200,S3-191481170,S3-707329332,S3-463045734,S3-98290638,S3-888122986,S3-949521349,S3-963417875,S2-888568642,S2-447023575,S3-220456649,S3-781742102,S3-649433029,S2-913103827,S3-762240221,S2-727985910,S2-757022047,S3-673404083
S1-751888247	
S1-925734123	
S1-387694500	S3-713021077,S3-112866704,S3-720542254,S3-148278525,S3-944787442,S3-181142796,S2-365419244,S2-604036214,S2-119695712,S3-935912987,S3-50174912,S2-244109661,S3-886559861,S2-962308116,S3-223793263,S2-944452628,S3-433748698,S2-651931697
S1-943107682	S3-408756960,S2-78402288,S3-612939734,S3-502195815,S3-928086496,S2-188046594,S3-593590601,S3-250958343,S3-699953273,S2-48310587,S3-720974063,S2-807224472,S3-214522312,S2-301818377,S2-798500353,S3-545248506,S2-536229695
S1-823262268	
S1-150228997	S2-840814190,S3-972652740,S3-473476704
S1-263844803	S2-649473399,S2-629926465,S3-793995349,S3-72203824,S3-475760390,S2-395002888,S2-374169593,S3-457585593,S3-591436610
S1-257613620	S2-230186117,S2-663609490,S2-821386903
S1-281587833	
S1-958380693	S2-708203474,S3-402929020,S2-702824963,S3-197065631,S2-155633699,S3-448859321,S2-496102530
S1-73686200	
S1-364876430	
S1-817125131	
S1-755207460	S3-358987321,S3-811937560,S3-766805540,S3-691687931,S3-988874301,S2-521234908,S3-423599766,S2-934863559,S2-741368687,S3-855036394,S3-67182875,S2-382036225,S3-184376312,S3-887229199,S2-97092398,S2-408643589,S2-685120052,S2-939697494,S3-913339283,S2-413433404,S2-282879183,S3-9916738,S3-378696999,S3-601768742,S3-464894882
S1-168395001	S3-445637774,S2-305823974,S3-866360951,S3-180200944,S3-383206819,S3-546173186,S2-404107580,S3-371004798,S3-838325124
S1-750577077	S2-114677078,S3-141592108,S3-219353457,S3-658848610,S3-20983096,S3-678007093
S1-45414958	S2-755422031,S3-88227412,S3-627345153,S3-378652249,S2-514160870,S3-611136702,S3-72844973,S3-202939955,S3-436653765,S2-515836901,S2-169084148,S3-284984104,S3-593776874,S3-757990812,S3-854938354,S2-484181585
S1-246625286	
S1-534915350	S2-252131439,S3-613690660,S3-453190276
S1-553712807	S2-103542778,S3-549508086,S3-287701777,S2-348153771
S1-648674437	S3-862474309,S3-911835665,S3-404718873,S2-908073473,S2-234441079,S3-913985036,S3-324033786,S2-212565516,S3-615290415
S1-400208519	S3-655073688,S3-584324136,S3-59817546,S3-246816893,S3-165466525,S3-874813673,S2-238815330,S2-390813878,S3-234621464,S3-573468067,S3-185926139,S2-54990563,S3-821392298,S2-334668563,S3-172516626,S3-16963268,S2-672365176,S3-955309634
S1-368557784	
S1-496346323	S3-83351389,S3-448675671,S3-284341974,S2-952720852,S3-793116225
S1-763279630	
S1-764328196	S3-453612949,S2-122348171,S2-340962606,S2-434352467,S2-999447804,S2-247368717,S2-572355144,S3-295215165,S2-431806711,S2-299579496,S3-356436984,S2-282480521,S2-378057200,S3-32231515,S3-311521704,S2-511546664
S1-942590387	S2-136783683
S1-130826118	
S1-650106134	
S1-809269444	S3-403174457,S3-386730730,S3-740356890,S2-341670345,S3-79126484,S3-351997170,S2-215181478,S3-519357136,S2-123046441
S1-346603579	S2-629841877,S3-343686824,S3-633003742,S3-566512004
S1-897656455	S2-890098841,S2-736111836,S2-949186680,S2-487105579,S2-673392824,S2-85593314,S2-146090465,S2-304832264,S2-382291687,S2-562238828,S2-733237639,S2-539376491,S2-915790145,S2-890973896,S2-992606611,S2-460164452,S2-9969781,S2-561980335,S2-925886837,S2-637805419,S2-234514383,S2-658599974,S3-130280669,S2-534309499,S2-587227192,S2-770742526,S2-110019645,S2-460464200,S2-177777608
S1-599209501	S3-373440296,S3-291690709,S2-29422380,S3-876865834,S2-731927707
S1-859008010	
S1-988533428	S2-233559671,S2-406181091,S2-177702104,S2-262030786,S3-326826684,S2-768053815,S2-366887997,S3-159540785,S2-228464184,S3-780493716,S2-881565404,S2-456776326,S2-6053611,S3-210459670,S2-717967391,S2-725275327,S3-191877213,S3-540896613,S2-51807871,S2-19405330,S2-875175107,S2-507648852,S2-624018531,S2-974742136,S3-265800527,S2-339560484,S3-979485735,S3-924645013,S3-416862927,S3-207509728,S2-934513223,S2-726020020,S2-681568197,S3-117489751,S2-757225857,S2-505062706,S2-465023675,S2-376112786,S2-528835085,S2-855405761,S2-938840493,S3-472366154,S2-579289135,S2-556035065,S2-885709691,S2-425580689,S3-541713539,S3-243933344,S2-234349705,S3-299370075,S3-628176242,S3-269590180,S2-932571789,S3-936817396,S2-48835339,S3-184036043,S2-294837571,S3-233567843,S2-69751973,S3-202402802,S2-976648659,S3-426940607,S2-323293917,S3-441831669,S3-764475448,S3-116266531,S2-553327159,S2-124623667,S3-638233948,S3-220570914,S3-836939554,S3-332758227,S3-337444190,S3-848254264,S3-557391182,S2-860913710,S2-246217264,S3-881130471,S3-14684668,S3-358852345,S3-522983222,S3-403649450,S3-544442854,S3-412200993,S3-440959913,S2-626499823,S2-775094093,S3-960911477,S2-306407749,S3-236379314,S2-707156746,S2-906596114,S3-180587523,S3-70625626,S2-73272087,S3-669845968,S3-450681680,S3-441188460,S2-481513262,S3-712488741,S2-465450543,S3-216835525,S2-167215301,S3-523448992,S3-999667491,S2-940434362,S3-145155011,S2-412095994,S3-379167066,S3-167017639,S2-914704962,S2-281905157,S3-402964716,S3-494199853,S3-142342190,S3-233465018,S2-308931558,S3-786488291,S2-504095653,S2-985421392,S2-339903422,S3-946818490,S2-390435992,S3-838794956,S3-723867253,S2-181719653,S3-635306015,S2-231202008,S2-58661799,S2-615153587,S3-269402240,S2-747400550,S3-130668390,S3-751595314,S2-187896016,S3-676829980,S3-557741412,S2-58268070,S3-116508654,S3-456080101,S3-413030946,S3-994706509,S3-892019797,S3-493499568,S3-290960350,S2-64258742,S3-671352596,S2-784868587,S3-753197196
S1-100184895	
S1-713070619	
S1-280802664	
S1-711954851	S2-243376374,S3-792990897
S1-667406578	S2-736284692
S1-567494413	S3-502876531,S3-838477267,S2-731479461,S2-403149472,S2-682766785,S3-539842046,S2-128667555,S2-326438344,S2-961688903
S1-55271748	S3-915940136,S3-836431101,S3-837619130,S3-212080345,S2-368885677,S2-658756194,S3-918612745,S2-996890908,S3-861551308,S2-428599708,S3-454996344,S3-170242339,S2-897663582,S2-354965748,S2-289010987,S3-899630608,S2-684258090,S3-797040409,S3-181744081,S3-181480541,S3-832247349,S2-95121956,S2-203630231,S2-789017716,S2-101004099,S2-671095834,S3-505610369,S2-717582147,S3-684974903
S1-761890917	S3-136184348,S3-568305051,S2-250884064,S3-534929089,S3-63068061,S3-678929555
S1-83312074	S3-203911406,S3-93509158,S3-84389480,S2-21458643,S2-811854308,S2-540005643,S2-471540697,S2-21517183,S3-126704759,S3-893189250,S3-295106054,S3-844382543,S3-261433142,S2-442457674,S3-24277781,S2-574103497
S1-256602729	S3-484673397,S3-454996344,S2-117490586,S2-95121956,S2-203630231,S3-327954465
S1-584261180	S3-305955367
S1-477308019	S2-237646451,S2-203139959,S2-741060453,S2-49669890,S2-547826651,S2-385099535,S2-75417288,S2-502712101,S2-419974646,S2-309311409,S2-683844480,S2-300481819,S2-631117267,S2-70381142,S2-339704683,S2-449675768
S1-977818366	S2-818215424,S2-382506114,S2-928104404,S2-891702808,S2-886947928,S2-939696371,S2-234430260,S2-156068018,S2-149660336,S2-579951449
S1-651396775	
S1-196747008	S2-436947289,S2-291346409
S1-738395788	S2-354084885,S3-327623741,S3-813161055,S3-118600205,S2-722957179,S2-915488883,S2-784921023,S2-590276732,S2-982452698,S2-95168952
S1-250206718	
S1-574118361	
S1-571214733	
S1-421396910	S3-792691845,S3-139605450
S1-707652890	
S1-344744007	
S1-722250945	S2-91518712,S3-598641931,S3-779999707,S2-486857159,S3-791282859,S3-922260680,S3-878522660,S3-790873231,S2-919713791,S3-219611459,S2-963461077,S3-746492131,S3-999039243,S2-157501607,S3-839925291,S3-242765417,S3-281284620,S3-783586803,S2-814232882,S3-435190050,S3-427895351,S3-534200357,S2-320409138,S2-412891969,S3-337921221,S3-23529292,S3-437394781,S2-916691893,S2-180348628,S3-777747421,S3-945859738
S1-476132624	
S1-951623450	
S1-752939701	
S1-74948217	
S1-794999036	S2-606085469,S2-2169667,S2-44441743,S2-136894372,S2-661691163,S2-449123110,S2-454801715,S2-442039563,S2-260426871,S2-480126302,S2-819424842,S2-326079630,S2-848793642,S2-501200909,S2-656724503,S2-550316771,S2-14290577,S2-671868851,S2-249288412,S2-428253338,S2-156246102,S2-730852516,S2-177628668,S2-424247102,S2-756864325,S2-332016410,S2-591032606
S1-829983869	
S1-590815515	
S1-845810996	
S1-796024407	
S1-230062845	
S1-641579109	S2-298182599,S3-405548623,S3-527850482,S2-386237704,S2-489075170,S2-563079744,S2-279747332,S3-18046692
S1-168305415	
S1-241742700	
S1-155893581	
S1-247326908	S3-80057533,S3-444257506,S3-630468560,S2-595316775,S3-940841174,S3-268282165,S2-193315890,S2-512935989,S2-894756627,S3-550964951,S3-456478600,S3-82018873
S1-971115873	S2-354630228,S3-682275978
S1-305783479	
S1-677544297	S3-385451992,S3-117815289
S1-722170008	
S1-348877440	
S1-886246681	S2-981576599,S2-972567563
S1-349719765	S2-486831396,S2-878908417,S2-184071134,S2-516046517
S1-770845761	S3-214231123,S2-63297467,S2-304314772,S3-827095035,S2-566859062,S3-646872341,S2-346674876
S1-836589285	
S1-889100586	
S1-929251082	
S1-587645790	
S1-810780326	
S1-682075570	S2-466440305,S2-198493039,S2-521711964,S2-292703511,S2-39869945,S2-388123985,S2-659611183,S2-57242208,S2-631109596,S2-254404079,S2-192675707,S2-157443642,S2-528186654,S2-823529389,S2-253950301,S2-272800175,S2-800873754,S2-693042531,S2-704516263,S2-186961088,S2-437576862,S2-662012943,S2-26622075,S2-747224749,S2-867932680,S2-201593768,S2-762100715,S2-165303940,S2-313984536,S2-931109853,S2-922587322,S2-142131792,S2-172134446,S2-239094631,S2-842709465,S2-647176030,S2-357135493,S2-250632157,S2-594674491,S2-824648676,S2-496683615,S2-862985378,S2-478485264,S2-24246960,S2-911458577,S2-112790260,S2-176076467,S2-959204099,S2-867098208,S2-782343040,S2-938297699,S2-759917947,S2-525862775
S1-857107134	S2-982928619,S2-176561433
S1-643543122	S2-901341650,S2-204387455,S2-620729893,S2-599409907,S2-411582671,S3-235344873,S3-186322869,S2-654753900,S2-792771990,S2-385885037,S2-661901231,S2-277038062
S1-60550637	
S1-462027042	S3-539250403,S3-281106844,S3-19354941,S3-830852444
S1-37245133	S2-712539134
S1-977929015	S2-608319748,S2-534941235,S2-288415631,S2-697380605,S2-578558365,S2-268426319,S2-383075534,S2-330884939,S2-185922453,S2-428218148,S2-657517225,S2-578666285,S2-198486555,S2-557886280,S2-75245578,S2-573120083,S2-526746866,S2-741060453,S2-109149639,S2-368230373,S2-416681458,S2-70381142,S2-544126244,S2-104460387,S2-33482250,S2-600688376,S2-248542738,S2-35200360,S2-449675768,S2-612884808,S2-631117267
S1-26971117	
S1-173971969	S2-665471075,S3-787467844,S3-130628210,S3-218681727,S3-550088801,S3-281859755,S2-369786317,S3-939446691,S3-319041786,S2-630896283,S3-61466907,S2-625558992,S3-70421847,S3-236825162
S1-864658047	S2-857285190
S1-99624997	
S1-6197302	S2-887715734,S2-754042781
S1-833798119	S2-509521063,S2-730924879,S2-816411639,S2-137714064,S2-261085201,S2-884123437
S1-475750986	
S1-294124151	S2-987611867,S2-422948650,S2-350162455,S2-180134885
S1-642816714	S2-56123558,S3-142948022,S3-645262691,S2-153647290,S3-531307634,S2-437683050,S2-515847916,S2-715532358,S2-389698795
S1-770510917	
S1-774588648	S2-448104093,S3-404718873,S2-895279854,S3-474095056,S2-54782238,S2-821742025,S3-7380900,S3-324033786,S2-178124786,S3-615290415
S1-922877354	
S1-552658307	S2-977557460
S1-949860928	
S1-665989323	
S1-949512979	S2-603036358,S2-641215426
S1-511863452	
S1-136538611	S3-666694528,S2-590116104,S2-363218449,S2-952436621,S2-288645216,S3-819282082,S3-64718385,S2-225913759,S3-375804730,S3-795051118,S3-776826869,S2-213190203,S3-523507059,S2-412213452,S3-875555623,S2-235187703
S1-41637391	S2-76920936,S2-775511815,S2-500192151,S2-782062125,S2-320685436,S2-723382766,S2-261745733,S2-529936643,S2-813209929,S2-928104404,S2-433501815,S2-641011780,S2-376835730,S2-579951449
S1-875672601	S2-142251291,S3-924196926,S3-904817052,S2-585055719,S3-462225377,S2-365474295,S2-19755027,S3-393730642,S3-117240161,S3-197407561,S2-179442168,S2-335076088,S2-787764466,S2-624699668,S3-425060316,S2-866445022,S3-276371102,S3-658170495,S2-418325426,S3-680232144,S3-896096328,S3-913800398,S3-651812897,S3-213021340,S2-450047496,S3-691056680,S2-702500080,S3-105715289,S3-425150846
S1-48025555	
S1-701003373	
S1-547231913	
S1-911753267	S3-117624860
S1-63655361	
S1-550367593	S2-625144311,S2-219837172
S1-203274301	S2-259822782
S1-27453021	
S1-737471613	S3-475760390,S2-395002888,S2-374169593,S3-793995349,S3-457585593,S2-145509280,S2-629926465,S2-649473399,S3-72203824,S3-591436610
S1-246368304	S2-601331008
S1-723275887	S3-601630248,S2-135185944,S2-327677001
S1-699652036	
S1-122252916	S2-85883742,S3-386588119,S2-154902729,S3-105699847,S3-336956806,S3-697766559,S2-389929464
S1-908688391	
S1-498754359	S3-737520732,S2-185063976,S3-168476318,S3-703604992,S2-934189773,S3-625953358
S1-522846216	
S1-722358313	S3-248017613
S1-511662098	S3-131297718,S3-329415313,S3-280747933,S2-720620188
S1-682041645	S2-200535675,S3-110636809,S2-390421927,S2-308963995,S3-283558070,S2-255812773
S1-270702264	
S1-205889045	S2-483231444,S2-465050991,S2-610259986,S2-890608218,S2-24597482,S2-43926516,S2-581645518,S2-182839119,S2-725866426,S2-817554779,S2-122937971,S2-561739221,S2-548803970,S2-48350229,S2-421274182,S2-759812507,S2-441594085,S2-522562069,S2-691718681,S2-665240173,S2-287836977,S2-287660910,S2-307595290,S2-293972182,S2-893048055
S1-13065538	
S1-90032658	S3-375616003,S2-430060563,S2-293218487,S2-271810365,S3-972315206,S3-382590950,S2-440020160,S2-566116280,S3-2031084,S2-992515748,S2-69596961,S2-118915920,S2-547297611,S3-186319448,S2-482929679,S3-269778843,S2-978353587,S2-619726120,S2-914777518,S3-754807750,S2-544555490,S2-825169471,S3-119653681,S2-187347218,S3-963289751,S3-564769879,S3-376500414
S1-761286259	
S1-603849231	S3-196854838,S2-391940855,S2-635344857
S1-277534575	S3-448618290,S3-650698905,S3-482635955,S3-367408440
S1-71689462	
S1-243807937	S3-861995505
S1-635442408	S3-118600205,S2-413275222,S2-388220379,S2-421271567
S1-904479856	
S1-100516852	
S1-68396535	
S1-281523825	
S1-657497649	S3-537398803,S2-341353157,S3-184149509,S3-740126170,S3-479003961
S1-558129390	S2-186917997
S1-629859442	
S1-199464904	S3-176170719,S2-658744822,S2-644926234
S1-854246466	
S1-945115789	
S1-122770460	
S1-776993257	
S1-900593758	S3-732540303
S1-731008709	
S1-180063754	S2-214607575,S2-158961646,S3-804982316
S1-918553483	
S1-813191679	
S1-970257995	S3-659889338
S1-829163315	S2-910508931,S2-760967510,S2-453693150
S1-788800357	
S1-973738537	S3-579126025,S3-448332409,S3-574333335,S3-196339962,S2-464640567,S3-24994050,S2-540092598,S2-555027295,S2-769391689,S3-414044295,S2-372858191,S2-34159244,S2-702591805
S1-223766452	S2-345016058,S2-118055143,S2-721973916,S2-936667243
S1-349027619	
S1-652171268	S3-970670252,S2-258667957,S3-189153787,S3-853087291,S3-606580559,S3-340138323,S3-249041044,S3-769261395,S3-567744919,S3-729750887,S3-764157224,S3-615205533,S3-876225064,S2-615157500,S2-160699556,S2-607574428,S3-312221054,S3-12841909,S3-847680007,S3-409435933,S3-309264131,S2-750522226,S3-306622975,S3-716469844,S3-769793045
S1-385259135	S3-122250540,S3-780469457,S3-465908354,S3-910648354,S3-37668346,S3-543972072,S3-430385119,S2-950823454,S3-194139699,S2-529095751,S2-124599089,S2-248038719,S3-417289092,S2-566213081,S3-550036067,S3-499489460,S3-198463156,S3-511385451,S3-361038699
S1-262975311	S2-507321870,S2-834672631,S3-16308995,S2-137559122,S2-335106924,S2-378260030,S2-391938130,S3-108961829,S2-432745646,S2-300966344,S2-809896228,S2-102142127,S2-933092030,S2-987026096,S2-336067278,S2-431954010,S2-466208646,S2-545610969,S2-45326712,S2-983514893,S2-847885051
S1-457935815	S2-161663251,S2-415283847,S2-643942875,S2-23273229,S2-469119927,S3-177814027,S2-276355156,S2-768669951
S1-49535321	S2-260493939,S2-818401135,S2-434033540,S2-869458921,S2-897980422,S2-853572898,S2-908510616,S2-183092653,S2-168670799,S2-648362230,S2-487927714,S2-57057245,S2-110811145,S2-316682952,S2-32510305,S2-590537855,S2-267907355
S1-601526711	
S1-525599954	S2-471236827
S1-9401824	
S1-949412850	S2-493933809,S3-546159141,S2-297028046,S3-860853205,S3-930317092,S3-702769386,S2-122753687,S2-314812963,S3-343939736
S1-851671111	S2-113580586,S3-747286967
S1-390402411	
S1-388617413	
S1-350653193	S3-744115010,S3-585096773,S3-998248680,S2-470148277,S2-744975512,S2-265930393,S3-972819872,S2-782922066,S2-852631739,S3-886297878,S3-883867506
S1-576153543	
S1-572490154	
S1-2161902	S3-464118061,S3-407993141,S3-744389170,S3-378652249,S3-627345153,S2-484181585,S2-745998627,S2-514160870,S3-743960550,S3-252183847,S2-608260576,S3-757990812
S1-404725425	S2-738105394
S1-480062938	
S1-703424019	
S1-629417405	S3-72685909
S1-13407425	S3-311231437
S1-557399885	
S1-44244376	S2-57345324,S2-528636757,S2-139985823,S2-192640484,S2-45775835,S2-472975250,S2-358504456,S2-256072418,S2-698358405,S2-616772031,S2-169181306,S2-479257540,S2-35347746,S2-12962379,S2-529959614,S2-402866647,S2-432313044,S2-115680009,S2-434122610,S2-163134741,S2-259376686,S2-39676027,S2-467834425,S2-642424396,S2-193595000,S2-15835805,S2-691502306,S2-785040089,S2-245473532,S2-142012964,S2-384255338,S2-299742973,S2-794199666,S2-481772709,S2-747319151,S2-118527996,S2-465983582,S2-123547208,S2-202314048,S2-312585480,S2-832409291,S2-453426463,S2-618160041,S2-77698963,S2-498618273,S2-171964628
S1-106418728	S2-367237866,S2-167880419,S2-721623614,S3-313851272,S3-800871230,S3-492559728,S3-931021787,S2-414975980
S1-189749525	
S1-874930061	S3-890194394
S1-686610815	S2-912341730,S2-442902415,S2-861201345,S2-257992460,S2-853483077,S2-707364299,S2-731762629,S2-852771740,S2-325362566,S2-904674341,S2-122140775,S2-442722130,S2-732475597,S2-790840546,S2-479285528,S2-23474383,S2-162666647,S2-633252016,S2-522562069,S2-508427931,S2-48350229,S2-584654166,S2-893048055,S2-441594085,S2-665240173,S2-493596870,S2-332633461,S2-293991464,S2-160318984,S2-817554779,S2-204701448,S2-551443593,S2-307595290,S2-293972182,S2-101677614,S2-287836977,S2-455999140,S2-691718681,S2-287660910
S1-764993784	S2-617928085,S3-738893082,S2-504728736,S2-676664537,S3-131944817,S2-606335379,S2-291708882,S2-310138704,S2-397389697,S3-76664218,S3-650520357,S3-484011477,S2-132921311,S3-538686473,S3-215447359,S2-648948605,S2-458487598,S2-527566905,S3-487729231,S2-326693956,S3-428933920,S3-621183749,S3-456134913,S3-24177962,S2-204665869,S2-252678433,S2-91272411,S3-396563935,S3-935530880,S3-667909424,S2-580996833
S1-228413189	
S1-685444194	
S1-350053232	S3-418254302,S3-102293840,S2-573627826,S3-853087291,S3-571823791,S3-606580559,S3-356607141,S3-932418642,S3-33838928,S3-769679881,S3-320252067,S2-3932633,S3-409435933,S3-309264131,S2-750522226,S3-306622975,S3-716469844,S3-769793045
S1-107490330	S2-295742738,S2-700328196,S2-272360302,S3-453853465,S3-27106889,S3-3025113,S3-541941825,S2-970211724,S3-522443050
S1-205432256	S2-326079630,S2-323819437,S2-347417379,S2-579157671,S2-647453818,S2-140526794,S2-135384077,S2-723163255,S2-628078119,S2-742328277,S2-293365442,S2-780902159,S2-156246102,S2-812183,S2-233010987,S2-715162081,S2-23480006,S2-271241284,S2-223230811,S2-104176563,S2-628740522,S2-372363817,S2-116241308,S2-332016410,S2-591032606,S2-727306054,S2-71670232
S1-88905792	
S1-402731785	
S1-500363061	S2-843174397,S3-19354941,S3-539250403,S3-281106844,S2-18863360,S2-188161330,S2-939079087,S3-894372105,S3-830852444,S2-369191472,S2-285908490,S3-486295835
S1-262294930	
S1-505599291	S3-850080811,S3-951614437,S2-885923870,S2-571595892,S2-830357295,S3-675134734,S3-648620727,S3-372915063,S2-625299575,S3-108015039,S2-262143010,S2-938054065,S2-739279442,S2-337687689,S2-520487565,S3-380166752,S3-992845476,S3-555247417,S3-102176785,S2-559885151,S3-77959862,S3-938371714,S3-105423719,S3-958234203,S3-239672515,S3-832340743,S3-306750498,S2-974663701,S2-233178510
S1-26643484	
S1-14825773	S3-345686106,S2-676862823,S3-761753484
S1-534785540	
S1-884751359	S2-606085469,S2-661691163,S2-449123110,S2-44441743,S2-2169667,S2-136894372,S2-260426871,S2-293365442,S2-454801715,S2-720201856,S2-598228240,S2-442039563,S2-312057229,S2-723720966,S2-271241284,S2-647651815,S2-14290577,S2-108255677,S2-124911925,S2-244185385,S2-81357420,S2-496615663,S2-288977263,S2-332016410,S2-715162081,S2-591032606,S2-727306054,S2-71670232,S2-405701199
S1-359751656	S2-596405161,S2-511885526,S2-125810850,S2-373298297,S2-679849222,S2-911820847,S2-33895530,S2-90067640,S2-868127388,S2-242145239,S2-121457470,S2-125086919,S2-898577463
S1-406771676	
S1-412692042	S2-322305547,S3-667168392,S3-10183087,S2-318640897,S3-472905501,S3-552655597,S3-40060015
S1-861741724	S2-418437084,S2-246807635,S3-639473351,S3-174561812,S3-652269302,S2-938872335,S2-989276516,S2-601343838
S1-721468708	
S1-823070959	S3-245711193,S3-233662492,S2-718971287,S3-175060006,S2-104270281
S1-861422873	
S1-532036704	
S1-64057623	
S1-24610196	
S1-582307657	
S1-909114952	
S1-272340452	S3-134559466,S3-24994050,S2-64475163,S3-574333335,S2-15383593,S3-196339962,S2-570276654,S3-101402689,S3-922356209,S2-34159244,S2-702591805
S1-25965321	
S1-197197167	
S1-278085974	
S1-109581032	
S1-717412354	S3-227814585
S1-71846920	S3-660498056,S2-781348519,S2-759798860
S1-665803307	
S1-886802071	S2-677213445,S3-956572320,S3-474315619,S2-732245189,S2-367977165,S2-352000508
S1-367817606	S2-920658932,S2-951124941,S2-713657075
S1-749355478	S3-186377848,S2-637178225,S2-804971765
S1-428151861	S2-880050692
S1-687844039	S2-184045983
S1-290362235	S2-922081953,S2-854800260,S3-766374312
S1-639708214	
S1-232999426	S3-291419604,S2-799430393,S2-475531570,S2-463798526
S1-577619215	S2-7931346,S3-280804336,S3-876107124,S3-668794031,S3-962375641,S2-842792047,S3-95896484,S2-641237436
S1-744424482	S3-947776950
S1-610162639	
S1-759712828	S2-237845028,S2-760686353,S2-488202236
S1-346270459	S2-580304784,S2-92243622,S3-4501364,S2-841373131,S2-111924858
S1-611361090	
S1-320400684	S3-884577467,S3-629605968,S3-357412741
S1-700882543	S2-221013978,S2-553335027,S2-95632929,S2-68347440,S2-837948318,S3-347171944,S2-229360625,S2-33149856,S2-366965745,S2-521378877,S2-761505735,S2-457908973,S3-352806243,S3-257338765,S3-19039717,S2-307208042,S2-866510554,S3-103890912,S3-218693874,S2-7689463,S2-329459630
S1-725419706	
S1-404890661	
S1-656459229	
S1-669043829	
S1-561666180	
S1-622284723	
S1-985976695	S2-222580269,S3-342298000,S3-519446750,S2-750284553,S2-812821306,S3-461727917,S2-741086986,S3-994805311,S3-239097698
S1-305609167	S2-681897355,S2-856310930,S2-453773841,S2-189295417,S2-902347838,S3-295264606,S2-294617027,S2-97190714,S2-929924597,S2-641413003,S2-355956329,S3-39831034,S3-434913483,S2-638972720,S3-380315751,S2-619947822,S2-11046109,S2-578846574,S2-454304525,S3-447119074,S3-377714500,S2-265362621,S2-142461838,S3-27493688,S2-47352811,S2-865926045,S2-286713667,S3-13312800,S3-25508263,S3-207818974,S3-31119358,S2-894587160,S3-449251224,S2-534877136,S3-179087564,S2-341107148,S2-355360575,S3-114155854,S3-457330766,S2-618573080,S3-294328996,S2-621779787,S2-972846311,S2-9997031,S3-276250249,S3-475109578,S3-11181705,S2-188725687,S2-683888969,S2-514214943,S2-122612997,S3-448595931,S2-169858302,S3-24437227,S2-603006846,S3-132568872,S3-478740633,S3-351079205,S2-155633699,S2-112531767,S3-448859321
S1-981647836	
S1-84556007	S2-632762674,S2-799449782,S3-600441546,S3-183135636
S1-441029431	
S1-455703120	
S1-988321030	S2-121165186,S2-505529032,S2-229685438,S2-154694505,S2-74264214,S2-642751377,S2-589522525,S2-43175471,S2-131866300,S2-527245953,S2-481493872,S2-307972559,S2-487927714,S2-578945271,S2-183092653,S2-189818899,S2-418372406,S2-316682952,S2-31495493,S2-168670799,S2-557125154,S2-657793583,S2-648362230,S2-57057245,S2-908510616,S2-458831613,S2-853572898,S2-324608552,S2-893479463,S2-110811145,S2-102175863,S2-380266728,S2-904631497,S2-906980566,S2-884751117,S2-869458921,S2-728389979,S2-227994730,S2-733928043,S2-590537855,S2-198351465,S2-399950855,S2-108412128,S2-562681799,S2-916507935,S2-737105356,S2-139963838,S2-919068154,S2-891724637,S2-640383095,S2-370483549,S2-317387421,S2-722947711,S2-463324164,S2-841389317,S2-833532894,S2-909133099,S2-144207255,S2-267907355,S2-690127271
S1-545839168	
S1-648879437	
S1-683345357	S3-116671839,S3-398424680,S3-424861861
S1-34569924	
S1-568450762	
S1-953014080	
S1-22973786	S2-480693950,S3-414903180,S3-891974218,S3-726350011,S3-377934978,S2-499216552,S2-521545812,S3-921030272,S2-825741432
S1-374894230	S3-16308995,S2-447525783,S2-500717435,S2-240911981,S2-45326712,S2-466208646
S1-907855258	S2-21458643,S3-67056298
S1-154667728	S3-324584569
S1-407554487	
S1-529184207	
S1-803172700	S3-632211503,S2-158392564,S2-915795612,S3-599348858,S3-177951471,S3-759450603,S2-735060857,S2-158238627
S1-914020122	
S1-429792102	S3-371189888
S1-93053516	S2-905874263,S2-243880400,S2-395192725,S2-542357848,S2-97359819,S2-35862631
S1-268705328	S3-251259889,S3-237298316,S2-298418269,S2-997507194,S2-468893746,S2-912628595,S2-120848784
S1-655579084	
S1-609323033	
S1-164610400	S3-190378802,S2-765113141,S3-990769794,S3-959122295,S3-835925550,S3-916327896,S3-80317883,S3-693149951
S1-860216772	
S1-66698016	S3-432280326,S3-973323595,S2-605234359
S1-716830359	S2-306163710,S2-795817041,S3-737589534,S3-762649005
S1-566945033	S2-179789026,S2-437375799
S1-638785454	
S1-90406410	S3-746108894,S3-143366416,S2-731769550,S3-170560124,S2-975421922,S2-724710775,S2-58687980,S2-533125353,S3-803885568,S2-228042383
S1-52788209	S3-667168392,S3-941045105,S3-681831281,S2-664858314,S2-196865191,S2-131413773,S2-12404234,S2-303484263,S3-618405076,S3-209176467,S2-679038466,S3-667874206,S3-40060015,S3-693454629,S2-714416965,S3-298879761
S1-921396568	S3-235624291,S2-525537217,S2-762789253,S3-281859755,S3-550088801,S3-787467844
S1-219548536	
S1-957687608	S2-271810365,S2-430060563,S3-499596377,S3-873051040,S3-919828432,S3-751271334,S3-83415792,S3-143130029,S3-966150048
S1-578764126	
S1-48837061	
S1-288523937	S3-607087516,S2-460775376,S2-241631489
S1-781229538	S3-704345230,S2-967893924,S3-679473643,S3-563312993,S2-662782138
S1-985708703	S3-501405225,S2-306177882,S2-602330339,S3-466826718,S3-395849772,S3-291949692,S2-737336509,S2-220006953,S3-129315084,S3-435871633,S2-312379347,S2-269277729,S2-386218769,S3-49234936
S1-879045948	
S1-991504592	S2-70936993,S2-399950855,S2-395762092,S2-307974036,S2-550468809,S2-728579117,S2-797403279,S2-111400240,S2-648362230,S2-853572898,S2-57057245,S2-908510616,S2-366188766,S2-463324164,S2-802577451,S2-307972559,S2-481493872,S2-487927714,S2-183092653,S2-224093491,S2-110811145,S2-604594995,S2-686979274,S2-497696239,S2-316682952,S2-380266728,S2-168670799,S2-943668267,S2-170798861,S2-222876217,S2-819927478,S2-922575892,S2-229685438,S2-590537855,S2-32510305,S2-661963665,S2-43175471,S2-105845989,S2-673548287,S2-267907355,S2-690127271,S2-728389979,S2-562681799,S2-404951487
S1-379692908	
S1-538643272	
S1-977477433	
S1-705923786	
S1-825179378	S3-42861845,S3-676065906,S3-700989936,S2-531621226,S2-967508302,S2-958602058,S2-721521726,S3-941205108,S3-346105309,S2-889343890
S1-53323215	S2-309951201,S3-437997074,S3-657195699,S3-304569563,S3-296676455,S3-498779125
S1-73448004	S2-804895558,S2-572549238,S2-114051495,S2-224833729,S2-292224471,S3-174263374,S2-622039008,S2-947208210,S2-394116370,S2-12758701,S2-922507175,S2-203482318,S2-176001168,S2-548552463,S2-421382074,S3-277561622,S2-492245428,S2-234761707,S2-541664823,S2-544615935,S2-738464568,S2-970368862,S2-24771735,S3-201264804,S2-652300840,S2-609208580,S2-622743900,S2-287136759,S2-943168589,S2-449715538,S2-108903931,S2-221704086,S2-594884237,S2-955277799,S2-484792231,S2-718639701,S3-178190202,S2-59836501,S2-881799150,S2-796589250,S2-745535514,S2-577848713,S2-41973808,S2-318304856,S2-528145143,S2-900702186,S2-302832642,S2-381605370,S2-834822493,S2-976837700,S2-676225640,S2-971838383,S2-938591604,S2-922107799,S3-298209968,S2-32079335,S3-303430909,S2-107275267,S2-825173866,S2-137544633,S3-282713581,S3-252285627,S2-630072645,S2-603069239,S2-2018493,S2-449362420,S3-276585163,S2-557486065,S2-712420496,S2-617450402,S2-538456905,S2-650126951,S2-199131123,S2-489273375,S2-655231133,S2-876489913,S3-286283857,S2-35983797,S2-527236354,S2-277789704,S2-298123480,S2-409461967,S2-852210456,S2-461546336,S2-635320398,S2-536237085,S3-277132144,S2-470774050,S2-423448400,S2-370589845,S2-952774226,S2-472815024,S2-715056911,S2-368146434,S2-542560047,S2-76614026,S3-177091087,S2-31408125,S2-354998081,S2-184631474,S3-275675657,S3-300518520,S2-796038667,S2-124385771,S2-212722576,S2-58477203,S2-906586504,S2-955818133,S2-58907874,S2-111526286,S2-72136245,S2-355609699,S2-115631556,S3-103041532,S2-869567434,S2-459262326,S2-96986880,S2-625045406,S2-815930718,S2-982205149,S2-496320578,S3-264322475,S2-768901988,S3-270061873,S2-244788597,S2-613774823,S2-787520522,S2-344435782,S2-597692962,S2-865952472,S2-253862699,S2-67613505,S3-15680583,S3-169186161,S3-181774593,S2-534043104,S2-488049041,S2-868287033,S2-401713436,S2-411792314,S2-709988524,S2-768742348,S3-119060072,S2-813050616,S3-252134176,S2-973656680,S2-4915757,S2-574600665,S2-970634212,S2-467424733,S2-641083418,S2-980609185,S2-455008027,S2-532296086
S1-316932948	S3-928474583
S1-385277943	S3-247848988,S2-470015331,S2-678564188,S3-413683722,S2-630238462,S2-838973270,S2-291718632,S2-839972185,S3-223012982,S3-276345752,S3-344602430,S2-109545102,S2-5057633,S3-547683295,S3-755583451,S2-362195548,S2-482500713
S1-11038305	S2-774162525
S1-430893489	S2-410963764,S3-999819410,S3-539250403,S3-281106844,S3-19354941,S3-830852444
S1-484761650	
S1-376110886	S3-183860883,S3-233662492,S2-750310829
S1-582702190	
S1-988173560	S3-404487162
S1-451027472	S2-824564575,S2-100085632,S2-31267163,S2-106048006,S2-112277125,S2-535720941
S1-866876723	S2-244100926,S2-608726492
S1-525038311	S3-666204714,S2-554791321
S1-597401517	S2-513965294,S3-84030621,S2-512105880,S3-682205129,S2-483578182,S3-448848176,S2-348687805,S2-838921166
S1-606347842	
S1-331305578	
S1-578590810	S2-463416932,S2-142118560,S2-667894370,S2-757871207,S2-534656826,S2-314625832,S2-191989095,S2-525888519,S2-621507101,S2-16084621,S2-443243519,S2-631129240,S2-224657764,S2-37188246,S2-387115807,S2-365215605,S2-404068444,S2-716039525,S2-726397609,S2-607853274,S2-333562392,S2-769202600,S2-246920535,S2-332989807,S2-522928762,S2-419708087,S2-650583,S2-387196862,S2-262413466,S2-662994229,S2-736585370,S2-569438165,S2-431435374
S1-541962667	S2-249116362
S1-566143634	S2-874381425,S3-717250183,S3-546321093,S3-131299465,S2-67203548,S3-527850482,S3-142075382,S2-386237704,S2-489075170,S3-854047015,S2-663131664,S2-609806276,S2-639852098,S2-111395931,S3-15509962
S1-529998321	
S1-281051556	
S1-499249421	
S1-785708388	S2-570004405,S2-10469723,S2-535054656,S2-623078844,S2-174204912,S3-251031573,S2-321039487,S2-301757320,S3-538868577
S1-988516196	S2-39357842,S3-133475797,S2-612807583,S2-880948277,S2-977097318,S2-356024173,S2-488229934,S2-944047751,S2-196194141,S2-990288343,S2-729269227,S2-545095254,S2-178336004
S1-361942672	S2-897768918,S3-790467322
S1-864612087	
S1-19868030	
S1-603908369	
S1-450374831	S3-151367749,S2-281528198
S1-386703703	S3-287701777,S3-549508086,S2-348153771,S2-103542778,S2-891206617
S1-164124982	S3-198626622,S3-26551225,S2-569516630,S2-717916680,S2-588905380,S2-936667243,S2-345016058,S3-200584552,S2-62092247,S3-223861841,S2-896264951,S2-291635456
S1-69697905	S3-938005778,S2-257397625,S3-159144159,S2-956834920,S3-224832736,S2-841919846,S3-57744133
S1-181655880	S3-665175104,S3-660879688
S1-510312721	
S1-28680289	
S1-880453398	S3-774322812,S3-353172975,S3-261387133,S3-975856655,S3-956632616,S3-165236272,S3-861713965,S2-533204539,S3-253792885
S1-717576357	
S1-466472356	S2-347414471,S2-172545137,S2-356391252,S2-855731462,S2-902013767,S2-71213371,S2-757329991,S2-290853026,S2-335608003,S2-444539985,S2-774316189,S2-68683284,S2-260791980,S2-221399429,S2-522964122,S2-317736419
S1-718700810	S3-849372889
S1-184201555	
S1-210353803	
S1-384235216	S2-479639767,S2-601097302,S2-937184842,S2-493216812,S3-70731950,S3-456499250,S2-631585507,S2-306388575,S2-21693127
S1-147057413	
S1-385162560	S2-428898765,S2-866278506,S2-228122456,S3-743434377,S3-9122243,S3-662282103,S3-17805189,S2-91252658,S2-24840953,S3-671466724,S2-12775029,S3-910766186,S3-883753566,S3-181838262,S3-93918853,S3-28329807,S3-449993609,S2-11589683,S2-656356323,S3-614137179
S1-521978308	S3-505288016,S2-865142405,S3-555512753
S1-379512171	
S1-505869859	
S1-480138954	
S1-524932969	S2-959170432,S2-677717051
S1-329437838	S2-271576381,S3-744115010,S3-585096773,S2-744975512,S3-886297878,S3-998248680
S1-592043070	S3-530818862,S3-244701549,S3-895123074,S3-545665176,S2-123033594,S2-448527777,S2-38386346,S2-900344719,S2-541624711,S2-95167037,S3-600338027,S2-803392514,S2-385543838,S2-922948681,S3-476369608,S3-55514760,S3-404861768,S2-418502938,S3-518967767
S1-800321942	S2-407939458,S2-252022153
S1-244809602	S2-514359320,S2-491147307,S2-617410053,S2-771721770,S2-290377698,S2-134356459,S2-690843168
S1-883355521	S2-385885387,S2-545980090,S2-737281951,S2-357528125,S2-661128680,S2-159054342,S2-690943030,S2-139145704,S2-119148412,S2-172203240,S2-432951535,S2-788047001,S2-774512583,S2-67408637,S2-812675112,S2-221406627,S2-644857087,S2-40792844,S2-390163518,S2-105719821,S2-301463166,S2-486912342,S2-299665429,S2-583046238,S2-791711694,S2-735153377,S2-776722434,S2-333783469,S2-87690299
S1-389245246	
S1-626513532	S3-377676896,S2-980134008,S3-377934978,S3-187497749,S3-682881746,S2-499216552,S2-521545812,S2-747227474,S2-113580586
S1-557151561	
S1-689267280	S2-483665020,S2-865694695,S2-904025075,S3-64435792,S2-126928921,S2-738603451,S3-972798063,S2-72537517,S3-125651600,S3-940768740,S2-577466444,S3-325363328,S3-476570731,S3-968756274,S2-208963525,S3-125545809,S3-896391312,S3-813899829,S3-250778742,S3-730276682,S2-264792023,S3-220895299,S2-578389417,S2-497570984,S3-114179150,S2-829712273,S3-91793115,S3-227031852,S3-213503764,S3-184111571,S2-449480650,S2-41067682,S3-485653539,S3-680787947
S1-43043013	
S1-305643083	S3-235745532,S3-707208941
S1-92444725	
S1-185557895	S2-22875716,S3-500387297,S3-818284543,S2-648530951,S3-954962702,S3-483840455,S2-304646838,S3-660849752,S2-384256024,S2-883963336,S2-687217525,S3-51817735
S1-326611970	
S1-738639763	
S1-625794486	S2-899774792,S3-231926475,S2-746595183,S2-693475402
S1-259566176	S3-184423644,S3-198607554,S2-742567493,S3-720974063,S2-77018244,S2-798500353,S3-545248506,S2-536229695
S1-948919422	S2-445632178,S3-242174559,S3-550088801,S3-281859755,S3-130628210,S2-665471075,S3-787467844,S3-61466907
S1-82768236	S3-769195596,S3-867109894,S3-374960734,S3-177144197,S2-318060787,S3-451428258,S3-295950006,S2-656124133,S2-713973162,S3-721106526,S3-748825502,S2-357224984,S2-328297081,S2-355375441,S2-776246617,S3-124439387,S3-415297930,S3-237139499,S2-668251046,S2-490860528,S2-946163004,S2-448029694,S2-582659799,S3-628532275,S2-773481405,S2-259690696
S1-358181215	
S1-106410807	S2-826587370
S1-926958422	
S1-187538828	
S1-495878698	
S1-581233086	
S1-641270983	
S1-529148390	
S1-658151638	S2-963610276,S2-422948650,S2-350162455,S2-180134885,S2-256237785
S1-521605108	S2-697873807,S2-421958689,S3-946580986,S2-685280693
S1-153636238	S3-357154222
S1-811116916	
S1-471214180	S3-410353378
S1-433871690	S3-291419604,S2-676291617,S2-931116504,S2-932582398,S2-463798526
S1-387519977	S2-75362421,S3-156461474,S2-201704513,S2-392716402,S3-291419604,S2-48419810
S1-604811207	
S1-611979795	
S1-136461355	S2-326741277,S2-528807948,S2-75318767,S2-465684773,S2-950500992,S3-752679174,S3-795256334,S2-871920618,S3-422214615,S3-765352042,S3-767156889,S2-15829772,S3-813830541,S2-699599306,S2-78074287,S2-637944944,S2-271861065,S3-444982084,S3-805220571
S1-863881054	
S1-238576208	S3-780148528,S3-553316175,S3-479425308,S3-643070448,S2-339345278,S3-65104309,S3-892548181,S3-187761079,S3-253460739,S2-634203802,S3-843723483,S3-172751061
S1-172827773	S3-851896863,S2-979628887
S1-808476192	S2-223230811,S2-271241284,S2-191995440,S2-244185385,S2-354668833,S2-347417379,S2-760947511,S2-249288412,S2-2169667,S2-341394500,S2-788631280,S2-23480006,S2-634903098,S2-829184987,S2-628740522,S2-727306054,S2-332016410,S2-591032606,S2-71670232
S1-578641214	S2-824570205,S3-2208399,S3-978965625
S1-433220386	S3-908717200
S1-178384024	
S1-410040347	S2-295157925,S2-401997943,S3-687880154,S2-973346842,S3-454526712,S2-745431033
S1-78078135	S2-324440402,S2-203223273,S2-225257302,S2-3681845,S2-606131096,S2-486848725,S2-493243044,S3-1049313,S2-509521063,S2-730924879,S2-137714064,S2-816411639
S1-122232705	
S1-313430849	
S1-442178131	S3-587553343,S3-717541835,S2-503979033,S2-689182429,S2-864527564,S3-496456465,S3-41801400,S3-814285237,S2-419764225,S3-133025004,S3-584381202,S2-986940248,S2-829457311,S2-803719564,S3-264534055,S2-556469960,S3-262007090
S1-344457671	S2-111075283
S1-662688248	S2-699555918,S3-237380557,S3-194298300,S2-315250279,S2-36863448,S2-880969832,S2-140501584,S2-47203536,S2-660919960
S1-879837384	
S1-131527067	S2-740979336
S1-584514719	S2-438102426,S2-127407896,S3-339542517,S3-443632315,S2-819196119,S2-682080483
S1-681080436	S3-681837068,S2-286642554,S2-780596906,S3-178985852,S3-272305909,S3-324050804,S3-545167932,S2-885596117,S2-439304386,S2-855391697,S3-558047527,S2-337809749,S3-386028900,S3-466506869,S3-52518843,S2-616794519,S3-566816498,S3-391728848,S2-347777136,S2-512480472,S3-993884551,S2-322396311,S2-174942427,S2-842661360,S3-207113343,S3-156229966
S1-548116192	
S1-458080098	
S1-988009600	S3-296676455,S3-304569563,S3-657195699,S3-206729157,S3-349205499,S3-123137756,S3-615557105
S1-877733833	
S1-299278979	S3-841187028
S1-350848545	S3-577906013,S2-433765888,S3-439732123,S2-213677366,S2-200492834,S3-802082874,S3-712654785,S2-155568776,S3-825770691,S2-196620491
S1-509991975	S2-396741924
S1-506810298	
S1-968228908	S2-476377929
S1-159067707	
S1-254753234	S2-487105579,S2-673392824,S2-881028278,S2-635626927,S2-42002421,S2-345906652,S2-876466866,S2-252122447,S2-725719816,S2-460164452,S2-562238828,S2-632140129,S2-967983841,S2-503312712,S2-674969479,S2-877464058,S2-658599974,S2-937117085,S2-310106532,S2-634101413,S2-704618057,S2-587227192,S2-770742526,S2-460464200,S2-534309499,S2-177777608,S2-110019645
S1-353313556	S2-127331362,S3-185500483,S3-803069638
S1-765456522	S3-256743745
S1-924148803	
S1-418361061	S2-343079622,S3-219120352,S2-870472102,S3-196854838,S3-402482459,S2-771887813,S2-53659559,S2-122346402,S2-209354444,S2-443984832,S2-208155215
S1-804737474	S2-955726802,S2-597201051,S3-361004084
S1-873022884	S2-334266809,S3-241416723,S3-453876974,S2-322660452,S3-887032943,S3-478283718,S3-364766067,S2-963631542,S2-181265971
S1-553668161	S2-749976579
S1-863305311	S2-973322301,S2-129100584,S3-617909415,S3-14147324,S2-183317297,S2-444755803,S2-941032665,S2-59294725
S1-293909320	
S1-482878118	S2-679898874,S2-347657505,S2-171558296,S2-634445829,S2-310376929,S3-468574802,S2-491123238,S2-658744822,S2-644926234
S1-886116894	
S1-432962984	S3-579223830,S2-200326493,S2-324937555,S2-765620673,S3-630457504
S1-113241674	
S1-543135526	S2-827408006
S1-706856946	
S1-828917180	
S1-629464448	S3-598991355
S1-206627523	S3-64117171,S2-996603634,S3-95978418
S1-395920256	
S1-106291863	S3-729831856
S1-337503787	S2-979599067
S1-343322661	S2-452231962,S3-459291636,S3-235372834,S2-898173433,S2-483890899,S2-766333269,S2-873947164,S2-179933918,S2-386836902
S1-133548520	
S1-180130122	
S1-539934099	S2-147913148,S2-168875948,S3-306841127,S2-801335921
S1-41657913	S3-166103427
S1-620176345	
S1-73905239	
S1-33009627	
S1-973426878	
S1-596738218	S2-188069479,S3-850949447,S3-447492698,S2-728944535,S2-834056061,S3-226370125,S2-991799043,S3-207943579,S2-850338675,S3-549528939,S2-569320888,S3-938026284,S2-579999215,S3-950421484,S3-612034004,S2-52191434,S2-843117095,S2-437824348,S2-142179700,S2-36076818,S3-714992488,S2-249520557,S3-434744846,S3-380050917,S3-45270024,S3-107211053,S2-779520092,S2-663356174,S2-771730142,S3-863002117,S3-276213813,S3-706610115,S3-123893258,S3-196571424
S1-97737266	S3-954831454,S3-404718873,S2-487562835,S2-234441079,S2-802806265,S3-148513444,S3-862474309,S2-627368384,S2-212565516,S3-615290415
S1-7383499	
S1-416600394	
S1-174357952	
S1-635695385	
S1-355850450	
S1-696974171	S2-333501890,S3-172733333,S2-511456949,S2-390033695,S2-7441581,S2-159342875,S3-256013728,S3-268104967,S2-392588012
S1-14433627	S3-77338085,S3-834325663,S3-259820557,S2-765620673
S1-322870651	S3-930239960,S2-393022866,S3-497151430,S3-542279277,S2-598234818
S1-204848731	
S1-160075795	S2-406623806,S3-864237410,S3-467871681,S3-691606378,S3-777275319,S3-525370109,S2-502317016,S3-701610307,S2-568957679,S2-555636706,S2-685203548,S2-844023898,S3-255609572,S2-252741168,S3-674063328,S3-861903720,S3-353277178,S2-503128371,S2-857796053,S2-404675805,S3-523509720,S3-484505900,S2-132636623,S3-157488345,S3-776529792,S3-676256633,S2-69288324,S3-334600540,S3-776636146,S3-284489623,S3-419096825
S1-109461975	
S1-989268700	
S1-686329764	S2-673904433,S2-698084228,S2-182118136,S2-275944547,S2-756806553,S2-1399977,S2-772651946,S2-399793108,S2-516166819,S2-59288146,S2-579645671,S3-132720234,S2-283157116,S3-179150593,S2-225104755,S2-157609141,S2-629762744,S2-877487910,S2-410838717,S3-139121086,S2-929688754,S2-988697157,S3-135702761,S2-213749028,S2-63511898,S2-463187327
S1-854551178	S3-747588419,S3-223417921,S2-506446243,S3-934449620
S1-744120199	S2-602571350,S2-124287834,S2-608635506,S2-152875581,S2-539166617,S2-446649046,S2-420296579,S2-632013915,S2-112980381,S2-269347338,S2-453693150
S1-495100291	S2-10943865
S1-518860674	
S1-208793878	
S1-78762900	
S1-255826527	
S1-633321060	S2-787807743,S2-977206465
S1-426033453	S3-684831564,S2-949637818
S1-824088734	
S1-637627315	
S1-140408664	S3-362373604,S2-520942847,S3-620667743,S2-405001342,S3-153670200,S2-774006684
S1-967223914	S2-787437914,S3-583776689,S3-179904641,S3-477182243,S3-437450344,S2-462171105
S1-761407497	S2-717457275,S2-360078833,S2-317192971,S2-783001623,S2-1470551,S2-415827584,S2-730015433,S2-368358786,S2-346222185
S1-621866070	S3-690280400
S1-154665376	S3-889397510,S2-375887665,S3-957907772,S3-637049405,S3-609081927,S2-131315802
S1-540458030	S2-492649141,S2-153647290,S2-437471088,S3-297322909,S2-153303168,S3-396640097,S2-708049832,S2-389698795,S2-192496967,S3-615568576,S2-590742711,S2-386434834,S3-129634846,S3-639971813
S1-888312490	
S1-234787807	
S1-945203432	S2-329395983,S2-401698859,S2-857687850,S2-717525852,S2-63574494,S2-400475515,S2-635838691
S1-86034373	S2-92658103
S1-4422904	S3-946525856
S1-871128741	S3-807973979,S3-851766303,S2-446286104,S2-930810608,S3-533942546
S1-702868476	
S1-354633628	
S1-515803087	
S1-484130661	
S1-117064429	
S1-492472188	S2-280061215,S3-960219875,S3-563312993,S3-679473643,S2-273260986,S2-105987335
S1-837025896	S2-22164316,S2-800873754,S2-693042531,S2-437576862,S2-528186654,S2-823529389,S2-379917486,S2-758112627,S2-266144148,S2-272800175,S2-295471848,S2-506710495,S2-229102200,S2-916410267,S2-71787181,S2-811756798,S2-27140019,S2-7901229,S2-782343040,S2-759917947,S2-938297699,S2-432341031,S2-525862775,S2-836747571
S1-877175483	S2-838097346,S3-118735417,S3-793963193,S3-764866077,S3-610081481,S2-803635554,S2-327232935,S2-665872306,S3-593744377,S3-594473491,S3-788337497,S2-652871590,S2-160090459,S2-341342918,S2-884488474,S2-480702941,S2-839809582,S2-284026355,S2-369499935,S3-568630097,S3-623421323,S2-410205313,S2-200766179,S2-4382573
S1-720678863	
S1-13329602	
S1-237252143	
S1-759419535	S2-987611867,S2-422948650,S2-350162455,S2-180134885,S2-745343841
S1-528531241	S2-636561994,S2-899215861,S2-417890812
S1-799587036	
S1-562176993	
S1-549456614	S2-347846671
S1-170773933	S3-699583661,S3-948623015,S2-615035446
S1-705440875	S3-6484481,S2-877429116,S3-838968046,S2-306257399,S2-495195460
S1-403073757	S2-509521063,S2-730924879
S1-723485050	S2-717457275,S2-375494641,S2-360078833,S2-145634817,S2-327373940,S2-415827584,S2-864898748,S2-601427107,S2-783001623,S2-160589281,S2-1470551,S2-757465,S2-282171076,S2-768691037,S2-890380419,S2-730015433,S2-156794782,S2-36285484,S2-114949473,S2-893415910,S2-207513016,S2-523828058,S2-236387212,S2-58557496,S2-905102370,S2-589117362,S2-871150341,S2-713759996,S2-305979483,S2-75235244,S2-518882374,S2-346222185,S2-221823268
S1-432478198	
S1-459793158	
S1-760138211	S3-174850538
S1-191741101	S3-504863665
S1-246407136	
S1-205363679	S2-479639767,S2-922396256,S3-456499250,S2-306388575,S2-493216812,S2-601097302,S3-70731950,S2-639150153,S2-937184842,S2-631585507,S2-21693127,S2-188047907
S1-2835161	
S1-999023589	S3-752408694,S3-925303910,S3-350370260,S3-259628603,S3-538530557,S3-941856687,S2-223816595,S2-650140311,S3-848783208,S3-243758371
S1-6896770	
S1-527944320	S2-175864554,S3-4501364
S1-698662524	
S1-970038977	
S1-346808265	S2-36107020,S2-513311683,S2-643440787,S3-412691315,S2-932896705,S3-498570452,S3-373677970,S3-793677440,S2-62416110,S2-484997738,S2-600793502,S2-989755261,S3-314780139,S2-633286427,S2-764512427,S3-601846176
S1-576857452	S3-843358137,S3-636851143,S2-499840996,S2-703088139,S3-911946070,S3-9648333,S3-991992721,S3-688033929
S1-229131902	S2-229759815,S2-748649852,S2-956835560,S2-144082462,S2-580424533,S2-391090460,S2-308325730,S2-735723416,S2-642922981,S2-847167076,S2-404768538,S2-305315061,S2-702267609,S2-145326325,S2-96000429,S2-590761669,S2-763669874,S2-243902755,S2-961584157,S2-702609757,S2-975134035,S2-475225895,S2-128333098,S2-520773188,S2-803603754,S2-737311826,S2-37015760,S2-331312145,S2-551907040,S2-880370298,S2-594996949,S2-729709581,S2-447701252,S2-558642920,S2-125428906,S2-91112427,S2-752905021,S2-136595945,S2-751019276,S2-28337466,S2-14357592,S2-168213533,S2-266031212,S2-965458823,S2-446677920,S2-352403187,S2-85113215,S2-887194063,S2-533729771,S2-610719951,S2-423162427,S2-596872651,S2-683707503,S2-202595061,S2-489795031,S2-614647177,S2-574546963,S2-635961697,S2-720831046,S2-241093078,S2-785246908,S2-45052223,S2-21816956,S2-291312025,S2-312033050,S2-204923015,S2-924091320,S2-960497500,S2-799647940,S2-799021792,S2-633078778,S2-12169707,S2-671124898,S2-359579050,S2-590885672,S2-762254064
S1-26989708	S2-240698755,S2-950823454,S3-910648354,S3-465908354,S3-37668346,S3-870091529,S2-495860240,S2-78407334,S2-4629475,S2-867748389,S3-542598300,S3-354782633,S3-665255049,S3-563894937,S3-27302712,S3-588634094,S2-188591593,S3-430385119,S3-384558609,S3-511385451,S3-198463156,S3-361038699
S1-547550173	
S1-520730944	S2-256845882,S3-987241457,S3-889177524,S2-272805528,S3-154354521,S2-63536183,S3-319680126,S3-187578271,S2-35456195,S2-430355611,S2-574772160
S1-729861968	S2-339652753
S1-712689085	S2-131438421,S2-998014960,S3-910966879,S2-656262353,S2-996927576,S3-385920381,S2-314051985,S3-71819817,S3-909559101,S3-504749716,S2-162996357,S2-172628063
S1-673498458	S2-692180986,S3-217171141
S1-447348670	S2-407855621,S3-357547607,S3-763302738
S1-481932363	S2-561980335,S2-673392824,S3-139136310,S2-768537197,S2-345906652,S2-967724718,S2-252122447,S2-304832264,S2-76848589,S2-154825107,S2-674969479,S2-833927940,S2-374553820,S2-449493357,S2-5756654,S2-587227192,S2-770742526,S2-177777608,S2-534309499,S2-460464200,S2-110019645
S1-312664369	S2-312224390,S2-314557420,S2-82894222
S1-774320076	
S1-899162325	S2-472082370,S2-647975487
S1-164942774	S2-400674611,S2-236027320,S2-369428747
S1-6532344	S2-730852516,S2-344142885,S2-273483665,S2-546513356,S2-261198690,S2-723720966,S2-647651815,S2-243855266,S2-135384077,S2-824679254,S2-2169667,S2-224112939,S2-383026734,S2-803041670,S2-332016410,S2-591032606
S1-803367123	
S1-954539500	S3-930317092
S1-154212368	S3-582125675,S2-660124820,S3-723180815,S3-103893520,S3-481072607,S3-473502862,S3-915345355,S3-599348858,S2-19974679,S2-904772357,S2-314206919,S2-735060857
S1-152874921	S2-899215861,S2-52018370,S2-383359949
S1-594656139	S2-571843034,S2-679889252,S2-426879206,S2-720956641,S2-630794860,S2-368289089,S2-181784021,S2-361446452,S2-481459118,S2-131153421,S2-453401761,S2-766147118,S2-330384490,S2-65607990,S2-317506656,S2-849221201,S2-262651627,S2-31936374,S2-326501256,S2-415804091,S2-385166201,S2-34938129,S2-499246395,S2-685466293,S2-480657989,S2-151053007,S2-105233743,S2-616455580,S2-22402506,S2-643060476,S2-788294964,S2-352375698,S2-627097554,S2-168346428,S2-903338907,S2-549490617,S2-589709931
S1-332179847	S2-455393616
S1-988166265	S3-589219360,S3-43867250
S1-734453985	
S1-418423816	
S1-234174270	S3-641336434
S1-17666546	
S1-382138150	
S1-308193460	S2-602043559
S1-21084577	S2-308561404,S2-355926281,S2-173355939,S2-870508187,S2-29650243,S2-501088729,S2-280024169,S2-883230609,S2-459696168,S2-715669395,S2-652214842,S2-957469594,S2-851454400,S2-531750060,S2-692242340,S2-414650666,S2-391744840
S1-34916446	S3-276265749,S2-55686686,S2-652441045,S2-106157328,S3-303086841
S1-152496348	S2-602043291,S2-910936057,S3-251259889,S3-237298316,S2-600456053,S2-24320730,S2-241255925,S2-737276084,S2-523202650,S2-503260887,S2-79426573,S2-567087139,S2-20274460,S3-138996526,S2-678978774,S2-454017272,S2-860116011,S2-111755807,S3-259390809,S3-19048639,S2-687369807,S2-758220477,S2-92645295,S2-217002088,S2-932244747,S2-298418269,S2-725402452,S2-997507194,S2-468893746,S2-120848784,S2-642216293,S2-5604414,S2-825957189,S2-912628595,S2-844561506
S1-332692411	S2-479863886,S2-945816672,S2-400798970,S2-416906743,S2-890217174,S2-193834577,S2-864088754,S2-54797206,S2-477076148,S3-112064429,S2-69184579,S2-448514413
S1-304587794	
S1-990633874	S3-41603534
S1-562837448	S3-718959298,S2-920384455,S2-270999949,S3-96827677,S3-434744846,S2-843800823,S2-455157183,S2-142179700,S3-226370125,S2-834056061,S2-52191434,S2-569320888,S2-437824348,S2-36076818,S3-612034004,S3-207943579,S2-991799043,S3-549528939,S3-123893258,S3-380050917,S3-407694506,S2-145896217,S3-677964678,S3-633749264,S3-705619816,S2-116676815,S3-863002117,S3-276213813,S3-706610115,S3-39853402,S3-196571424,S3-751856659
S1-492467148	S2-432259596,S2-823077365,S2-263922002,S3-536803067
S1-500250016	S2-422847294,S3-170375542,S2-566113185,S2-382730240,S2-788303154,S2-63511898,S2-410838717
S1-962416500	
S1-224750703	
S1-597789322	S3-672854413,S3-780628497,S3-538530557,S3-259628603,S3-350370260,S3-813129692,S3-825340470,S3-243758371
S1-376134253	S3-91956266
S1-519976261	S3-84830904,S3-494478591
S1-479915851	S2-474294615,S2-631735585
S1-481652414	S3-7216938,S3-808359870,S2-429277495,S3-455440783,S3-262894067,S2-516598252,S3-226646867,S3-8435652,S2-527548738,S2-636078522,S2-230844680
S1-572403449	S3-573051180,S3-288537180,S2-291941540
S1-621121657	S3-250100092,S3-755407517,S3-303086841,S3-898474420
S1-176550551	S2-608685373
S1-534265138	S2-500005315,S2-901065440,S3-165214064,S2-245695849,S3-302342227,S2-404808019,S2-950057823
S1-336947450	
S1-541486517	S3-1779973,S3-786706142,S3-885419326,S3-649043455,S3-432783650,S3-153795311,S3-680200355,S3-132640504,S3-747574925,S3-961989586
S1-684371604	
S1-15926090	S3-963289751,S3-919828432,S3-520086741,S3-751271334,S3-83415792,S3-143130029,S3-905136946,S3-827716313,S3-443446337,S2-934261928,S3-751935762,S3-269778843,S2-759241666
S1-348647076	S2-66230964,S3-892943629,S2-894507257,S2-997136550,S2-68943153,S3-173704224,S2-214232249,S3-899842778,S2-934280613,S3-705552275,S3-133193656,S3-629460525,S2-270557769,S2-717137506,S3-708077389
S1-786791050	S2-437247883,S2-132745499,S2-575707861,S2-196601282,S2-820815336
S1-599703679	S2-615230476
S1-881770296	S3-72203824,S2-358179648,S2-395002888,S2-145509280,S2-374169593,S2-629926465,S3-475760390,S3-793995349,S3-457585593,S3-591436610
S1-452989824	
S1-3368030	
S1-318741276	
S1-804765937	
S1-727634534	
S1-907952719	S3-341358173,S2-594924905,S3-347049544
S1-588831845	S3-551615445
S1-266640251	
S1-682076342	
S1-54173995	S2-642891324,S3-397069000,S3-102923208,S2-770268651,S2-596956626,S2-806682727,S2-108478159,S3-638629281,S2-783653180,S2-804592135,S3-650735894,S2-27531612
S1-831844659	S3-851766303,S2-239918057,S3-934803198,S2-32810254,S2-814500074,S2-134358504,S2-906907779,S2-930810608,S2-393681998,S3-533942546
S1-584501529	
S1-629036279	
S1-166702277	S3-231165485,S2-649804506,S2-999306058,S2-459571902,S2-524347321,S2-455306622,S2-621897365,S2-266234738,S2-784648512,S2-741154042,S2-560343092,S2-366480050,S2-68511424,S2-50027423,S2-959887302,S3-161755914,S2-952521534,S2-896827292,S2-454250437,S2-373455256,S2-427952917,S2-667289877,S2-635069132
S1-460136045	S3-251774684,S3-24545276,S2-202792029,S2-803591124,S2-702591805,S2-372858191,S2-34159244
S1-385303865	S3-302902537,S3-971217514,S2-827625487,S2-101202942,S2-524825420,S3-542279277,S3-497151430,S2-985947350,S2-52627459
S1-504740308	
S1-90771849	S3-604874198,S3-39302043,S2-915861256,S3-947161352,S2-331772212,S2-111492659,S3-457705181,S2-869692537,S2-954844243,S2-219103696,S2-212132959,S3-240779244,S3-963861859,S3-40760113,S3-156242979,S3-841707517,S3-481619181,S2-997843275,S3-507277509,S2-119176953,S2-785495046,S2-104854413,S2-209130702,S2-535609323,S2-293299898
S1-811924796	S2-788047001,S2-357619712,S2-162012421,S2-412056224,S2-876318509,S2-778419554,S2-475245312,S2-715182049,S2-435297365,S2-235974265,S2-12781223,S2-688422676,S2-80737444,S2-160980423,S2-357528125,S2-299665429,S2-256781534,S2-661128680,S2-675822376,S2-736970553,S2-353457949,S2-87860786,S2-827474500,S2-672597497,S2-377002896,S2-552285040,S2-706316678,S2-510192086,S2-110821807,S2-774512583,S2-221406627,S2-455695097,S2-301463166,S2-509907175,S2-791711694,S2-105719821,S2-735153377,S2-776722434,S2-333783469,S2-87690299
S1-331538788	
S1-940115232	
S1-808997676	S2-813270700,S2-858997394,S3-92525769,S3-698804459,S2-276918988,S3-678245148,S2-438892263,S2-18365736,S2-391687192,S3-15510893,S2-947934722,S2-189528473,S3-304238123,S2-20747568,S3-35144681,S3-34365604,S3-307167439
S1-523444268	S3-647750340
S1-336349403	S3-429878356
S1-300031623	S3-799633693,S3-536522870,S3-855143180,S3-730757125,S3-717616460,S2-330739342,S3-544231371,S3-862134702,S2-330822030,S3-217727979,S2-69943575,S2-549434835
S1-543318668	
S1-683277802	S3-876865834,S2-885380552,S2-398527163,S3-313505492,S3-338813694,S2-476510219,S3-77070519,S2-572640446
S1-543258709	S2-260668580
S1-912770625	S2-769202600,S2-145418741,S2-36871135,S2-522928762,S2-551591758,S2-443243519,S2-707882915,S2-729741616,S2-621507101,S2-685628690,S2-46545150,S2-356852109,S2-224657764,S2-808995359,S2-37188246,S2-280015021,S2-16084621,S2-649253315,S2-365215605,S2-403356093,S2-447432157,S2-834999948,S2-726397609,S2-246920535,S2-569438165,S2-445613390,S2-219976450,S2-332989807,S2-195926808,S2-463416932,S2-778173351,S2-116025357,S2-387196862,S2-620703855,S2-59984023,S2-115833383,S2-662994229,S2-262413466,S2-736585370,S2-431435374,S2-523304160,S2-180106844
S1-721721262	
S1-118338310	
S1-999922243	S2-163461670
S1-481028541	
S1-198113725	
S1-867129763	S2-819377016,S3-311175170,S3-822328696,S3-167546834
S1-622257785	S2-91264226,S2-833349746,S2-668731697,S3-172516626,S2-672365176,S3-16963268,S3-584163261,S3-955309634,S3-544736730
S1-53356096	S2-678606084,S2-6115424
S1-204456890	S3-527139810,S3-349019095,S3-128311710,S2-42871471,S3-42150415
S1-534128060	S2-657666946
S1-495990882	S2-713252665,S2-585132276,S2-32510305,S2-202866819,S2-889206958,S2-218583208,S2-357158018,S2-313435170,S2-57057245,S2-299820792,S2-908510616,S2-168670799,S2-853572898,S2-481493872,S2-110811145,S2-316682952,S2-648362230,S2-487927714,S2-578945271,S2-183092653,S2-307972559,S2-771095253,S2-590537855,S2-121165186,S2-911660141,S2-690127271,S2-728389979,S2-906980566,S2-267907355,S2-562681799
S1-236249833	
S1-250894701	S2-861368831
S1-586779169	
S1-601964566	
S1-906079981	S3-236303196
S1-176478926	S3-804331307,S3-395185704,S3-913713053,S2-23434812
S1-674857487	
S1-555090350	S2-141961633,S3-193677971,S2-630711459,S3-374393279
S1-721213231	S2-453357112,S3-107882656,S3-397830582,S2-96607109
S1-11447650	S2-495860240,S3-465908354,S3-910648354,S3-37668346,S3-194139699,S3-187481083,S3-754720870,S2-521256761,S3-391842415,S3-511385451,S3-361038699
S1-809307002	S3-778137160,S3-895114586
S1-185338284	S3-464015374,S3-229522319,S3-105858675,S3-120784609,S2-430355611
S1-907068489	
S1-575511645	
S1-579771518	
S1-419148679	
S1-163344744	S3-487309104,S3-399873558,S2-309433805
S1-973192951	S3-182858294
S1-257752252	S3-362352937,S2-350028509,S2-244892384,S3-360254460,S2-463447267
S1-67140094	
S1-590134263	S3-16308995
S1-75262805	
S1-509961458	
S1-971228288	S2-111526286,S3-201264804,S2-577848713,S2-955277799,S3-276585163,S3-286283857,S2-368146434,S2-845222944,S2-107275267,S2-825173866,S2-331986400,S2-318304856,S2-496320578,S2-883906033,S3-248617889,S2-676225640,S3-119060072,S3-181774593,S2-96986880,S2-625045406,S2-852210456,S2-201027011,S2-409461967,S2-947208210,S2-929870483,S2-58477203,S2-768742348,S2-411792314,S2-137405715,S2-316847340,S2-206045133,S2-722907330,S2-715056911,S3-178190202,S2-90824034,S2-923419163,S2-906586504,S2-527236354,S2-709988524,S2-224833729,S2-97819000,S2-813050616,S2-176001168,S2-234761707,S2-971838383,S2-881799150,S2-277789704,S3-174263374,S2-804895558,S2-203482318,S2-115631556,S2-35983797,S2-970368862,S2-572549238,S2-738464568,S2-922507175,S2-292224471,S2-461546336,S2-865952472,S2-449715538,S2-421382074,S2-108903931,S2-796589250,S2-394116370,S2-472815024,S2-650126951,S2-12758701,S2-24771735,S2-381605370,S2-943168589,S2-484792231,S2-609208580,S3-282713581,S2-221704086,S2-370589845,S2-538456905,S2-952774226,S2-489273375,S2-354998081,S2-59836501,S3-103041532,S2-834822493,S2-745535514,S2-76614026,S2-31408125,S2-922107799,S2-622039008,S2-655231133,S2-982205149,S3-264322475,S2-613774823,S2-32079335,S3-270061873,S2-622743900,S2-976837700,S3-252285627,S2-900702186,S2-617450402,S2-37136574,S2-597692962,S2-302832642,S3-169186161,S2-41973808,S2-536237085,S2-557486065,S2-287136759,S2-58907874,S2-712420496,S2-137544633,S2-244788597,S3-241459480,S3-300518520,S3-303430909,S2-492245428,S2-968862136,S2-594884237,S3-177091087,S2-413706716,S2-542560047,S2-876489913,S2-955818133,S2-973656680,S2-2018493,S2-298123480,S3-15680583,S2-449362420,S2-199131123,S2-787520522,S2-815930718,S2-4915757,S2-574600665,S2-467424733,S2-641083418,S2-980609185,S2-970634212,S2-141063444
S1-335576235	S2-522914948,S2-676955040,S3-107882656,S3-397830582,S2-493943130,S3-908232359,S2-23924357,S2-375498626
S1-964907692	S2-93316261,S2-236557897,S2-683242771,S2-104221686,S2-694058507,S2-28166615
S1-847156604	S2-466364323,S2-82098950,S3-257484437
S1-568551826	
S1-90346785	
S1-530687623	S2-426879206,S2-571843034,S2-368289089,S2-679889252,S2-720956641,S2-630794860,S2-361446452,S2-481459118,S2-131153421,S2-766147118,S2-453401761,S2-330384490,S2-31936374,S2-326501256,S2-317506656,S2-262651627,S2-65607990,S2-415804091,S2-812946530,S2-543084607,S2-241672314,S2-499246395,S2-368141744,S2-126174774,S2-630563734,S2-616455580,S2-582017691,S2-264643226,S2-443120788,S2-230636555,S2-643060476,S2-216599601,S2-168346428,S2-903338907,S2-549490617,S2-589709931
S1-410267878	
S1-493257449	
S1-792347633	S3-148506496,S2-383368593,S2-774424755,S3-295807089,S2-507481655,S3-102693404,S3-974419359,S3-158479579,S2-172659489,S3-543504031,S2-239285297,S3-953644271,S3-198865788,S3-594128269,S3-109494748,S3-78708881,S3-571754888,S3-442160789,S2-791125743,S2-494224415,S3-461726279,S2-727828977,S2-757944179,S3-128503790
S1-318449194	
S1-284013322	
S1-577565577	S3-513450013,S3-346730673
S1-235705784	S3-865819891,S2-550501526,S2-66872234,S2-696579743,S3-265078105,S2-824058655,S3-361240880,S2-757559318
S1-187614953	S3-136361794
S1-463580996	S3-409145281
S1-487182924	S3-12233294,S2-496505024,S2-897068526
S1-965820884	S2-330356149,S3-143605286,S2-963311788,S3-268844466,S3-314911686
S1-127835134	S2-774138864,S3-453612949,S2-328745469,S2-156594538,S3-356436984,S2-378057200,S3-32231515,S2-282480521,S3-311521704,S2-511546664
S1-340744823	
S1-533701421	S3-19499776
S1-632463387	
S1-683996760	S2-925983863,S2-717088770
S1-997517893	S3-484122437,S3-705291720,S3-148278525,S3-720542254,S3-778861723,S2-338025211,S3-430723846,S2-651931697
S1-67904114	
S1-708163208	
S1-210122431	S3-31784947
S1-34717806	S3-453551125,S3-937173504,S2-614453416,S2-33908789,S3-394143864
S1-19121821	
S1-349466237	S3-71010180,S2-465062311,S2-676549371,S2-562152385,S3-510842664,S2-733953913
S1-904900990	S3-646036727,S3-146718733,S3-365536973
S1-567349457	S2-271269416,S3-334677842,S2-721982848,S2-309615148,S2-178364993
S1-914324020	
S1-500369022	S3-293834204
S1-787256882	
S1-118901869	S2-703259078,S2-608635506,S2-684214048,S2-873074982,S2-545595154,S2-834848668,S2-101574814,S2-435853792,S2-150937063,S2-516481816,S2-269347338,S2-112980381,S2-453693150,S2-615462581,S2-915027705,S2-433938984,S2-624580053,S2-149869784
S1-451678478	
S1-514360031	S3-858173280,S3-639741855,S3-743950165,S3-978821291,S3-517652020,S2-970063369,S2-495282337,S2-676451151,S2-795317815,S2-657405070,S3-746639998,S3-112800160,S3-68560638
S1-799095862	S2-138617025,S3-390817686,S2-946491615,S3-327047093,S3-922244935,S3-280785828,S2-901002140,S2-952166678,S3-567206903,S3-363832393,S2-264531076,S3-498764063,S3-191850101,S2-363585172,S3-664995824,S2-703478208,S3-945334205
S1-499494221	S2-5161108
S1-509094995	S3-422019173,S3-912151867,S3-559706182,S3-803073430,S3-453193062,S2-52856941,S2-888515242,S2-656163918,S2-646456123,S2-297444928,S3-743980699,S3-559357908,S2-796427198,S2-425050691,S2-155079579,S2-992014189,S2-221510261,S3-514581778,S3-749772964
S1-352234501	S2-478504163
S1-928675966	
S1-791201903	S2-544112496,S3-192808307,S2-191223454,S2-202628267,S3-162525945,S3-646247330,S3-786637679,S2-494723911,S3-873587767,S3-279145320,S2-464881743,S2-707842405,S2-611602480,S3-176735368,S3-241817099,S2-299248302,S3-604721291,S3-28189799,S3-747016064,S2-599419816,S3-120203723,S3-587369761,S3-213203222,S2-994659047
S1-478594859	
S1-194340421	S2-53496280,S2-579197774,S2-422167113,S2-471140449,S2-694436062,S2-615985890,S2-693990506,S2-231274858,S2-328180726,S2-345464653,S2-606698875,S2-891888036,S2-300559572,S2-710029606,S2-671468416,S2-152342973,S2-631842884,S2-591083111,S2-555406196
S1-162465054	
S1-265938918	S3-393895171,S3-107466736
S1-570181116	S2-458814625
S1-745218864	
S1-7040061	S3-704169847,S2-152072827,S3-810629931,S2-21458643,S3-352241758,S3-67056298,S2-57176100,S3-494182603,S2-14302186,S2-450503447,S3-709970989,S3-935827000,S3-732796789,S2-813948536,S3-787114058,S3-261433142,S3-908361786,S3-24277781,S2-574103497,S2-997977601
S1-639091249	
S1-747973935	
S1-54743479	S3-136593284
S1-46049969	S2-918906020,S2-617953130
S1-839101861	S2-47755437,S2-647879348,S2-951287322,S2-931348160,S2-433715690,S2-655914471,S2-432683252,S2-70502830,S2-963405936,S2-646792670,S2-404808019,S2-950057823,S2-778909348,S2-652189339
S1-626922669	
S1-128603737	S2-323548701,S2-155873938,S2-790399139,S2-737231796,S2-41061862,S2-492705598,S2-401594094,S2-455659817,S2-592508582,S2-419708087,S2-520986836,S2-810611616,S2-40842012,S2-165890474,S2-387115807,S2-384692580,S2-621507101,S2-224657764,S2-37188246,S2-16084621,S2-404068444,S2-631129240,S2-365215605,S2-73428582,S2-523304160,S2-145418741,S2-153346136,S2-527339054,S2-486331165,S2-851477075,S2-662994229,S2-262413466,S2-736585370,S2-569438165,S2-431435374,S2-180106844
S1-75627448	S2-76920936,S2-500192151,S2-320685436,S2-775511815,S2-376835730
S1-618807720	S2-21458643,S3-841218744
S1-281725882	S2-51370111,S2-45768307,S2-326741277,S2-683458848,S3-767156889,S2-528807948,S3-890170624,S3-765352042,S3-444982084
S1-939208118	S2-32954343,S2-836392689,S3-610460480,S3-8209357,S2-61874177,S2-422023953,S3-913288870,S2-170061693,S3-911129332,S3-195797860,S2-911885730,S2-490715823,S3-34787589,S2-571490474,S2-310934080,S3-404122213,S2-111028646,S3-40231164,S2-478231240,S3-244461082,S3-455624578,S2-837350337,S2-948224847,S3-148052111,S2-592944442,S2-167308160,S3-307914476,S2-337014797,S2-852320423,S3-586884162
S1-165544723	S2-415853347,S3-318376488
S1-909226063	
S1-234407650	S2-184445115,S3-778288455,S2-571635508,S2-465508414,S2-267704559,S3-7398858,S2-925837235,S3-758726290,S2-702784539,S2-300752400,S2-822477902,S2-978694759
S1-643953045	
S1-766697297	S3-900176517,S3-700525657,S2-219271473,S2-121105916,S3-892852893,S2-32133630,S2-804531446,S2-902344032,S3-861996162,S2-866744657,S3-303022437,S3-766782822,S3-397736355,S2-106171578
S1-172667135	
S1-238106423	S2-922798594,S2-974663701,S2-233178510,S3-306750498,S3-832340743
S1-503598780	S2-47412348
S1-658439443	S2-150560820
S1-41341245	S3-19499776,S2-350426982,S2-543941377,S2-620497591
S1-271311792	
S1-521211713	S3-143948547,S3-811621849
S1-859740925	S3-948338681,S2-818055935,S2-708898746,S3-800813533,S2-147413775
S1-855043859	
S1-994551021	
S1-536488324	
S1-574037691	S2-770395180
S1-376964535	
S1-376606321	S2-949877826
S1-36125154	
S1-874716873	S2-358383866,S2-302577274,S2-387210104,S2-248957053,S2-104460387,S2-686328848,S2-299395099,S2-599845278,S2-502712101,S2-488032208,S2-397594965,S2-32846180,S2-775476037,S2-65553137,S2-337372087,S2-196706105,S2-631336275,S2-449675768,S2-612884808,S2-631117267,S2-171220932
S1-915775105	S2-362917601,S3-421703380
S1-561885740	
S1-810708354	S3-571507155,S3-686412598,S2-587546442,S2-40047840,S2-423132274,S3-521096361,S2-668318546,S2-601375191,S3-551610427,S3-735860306,S2-581649412,S2-453985279,S3-532722750,S3-12266680,S3-701269923,S3-792063296,S3-922525439,S2-499669096,S3-41278507,S3-931749255,S3-866119784,S3-805610701,S3-904485815,S3-251558527,S2-266877403
S1-728270873	
S1-480390410	S3-767077429,S3-884219150,S2-717109071,S2-827478429,S2-663743395,S3-120486453,S2-994555520,S3-537423529
S1-752221257	S3-456237300,S3-412173145,S3-2611944,S3-973323595,S3-679720462
S1-458071224	S2-24795043,S3-860953324,S3-327816282,S3-305259031,S3-284686530,S3-168770769,S3-169522525,S3-311841399,S3-976543618,S3-176522812,S3-511971852,S3-216454169,S3-574670219,S3-561949674,S2-166262684
S1-335478469	
S1-626449312	S3-383991114,S2-70190028
S1-24868287	S2-244833016
S1-963362754	
S1-918838609	S2-511801517,S2-811865425,S2-185156515,S2-105422871,S3-13232799
S1-368202365	S2-326434283
S1-849149040	S2-944008982,S2-398702176,S3-745845546,S2-770559659
S1-336167025	
S1-913785285	S2-62034587,S2-24363592,S2-495443745,S2-65923743,S2-180134885,S2-987611867,S2-422948650,S2-350162455
S1-305463018	S3-6484481,S2-306257399,S2-150083704,S2-877429116,S3-495525238,S2-156604245,S3-362814427,S2-495195460
S1-841602265	S3-565419048
S1-615385489	S2-721623614,S3-313851272,S2-541527115,S3-492559728,S3-800871230,S3-937787135,S2-938981958,S3-537767254,S2-118602294,S3-235196503,S2-820159474,S2-10787665,S2-585685463,S3-436756008,S3-696777412
S1-542851975	S3-217171141,S3-34193070
S1-286233028	
S1-678466717	
S1-142631764	S2-616814626,S3-563633454,S3-586305710,S2-733008905,S3-315011352,S3-648759812,S3-357550506,S3-281061117,S2-776224371,S3-420920643,S3-155235519,S3-139977812,S3-194823703
S1-519081093	S2-849455383,S2-975842014,S2-698039366,S3-211219856,S2-533920930,S3-256283253,S2-379208022,S3-36555050,S2-77833410,S2-614682602,S2-652970550,S2-540737436,S2-84686241,S2-119283146,S2-626673944,S2-463892903,S2-189821268,S2-792054913,S2-236339765,S2-952881711,S2-126897901,S2-755009322,S2-127049406,S2-335476625,S2-51480400,S2-429192568,S3-174580748,S2-957881246
S1-510465376	S2-321613939,S2-686174040,S2-253915205,S2-35108575
S1-187483691	S2-10598620,S3-142252286,S2-385885037
S1-51101506	S2-266877403,S3-856091062,S3-883883192,S3-798711147,S3-735860306,S3-834969902,S2-499669096,S3-986077713,S3-931749255,S3-251558527,S3-866119784,S3-805610701,S2-571116600,S3-904485815,S2-510339752,S3-419455171
S1-419121549	
S1-796459040	
S1-340442244	S3-176862104
S1-189831319	S3-123456138,S3-416795803
S1-920297646	S2-845968414,S3-654932890
S1-91480582	S2-728140077
S1-806365059	S3-637200520
S1-256882797	S2-286381380,S2-934525151,S3-355614803,S3-542279277,S3-497151430
S1-936820081	S2-617741408,S3-206531484,S3-303086841,S3-286758040,S3-189441505,S3-378423042
S1-246157396	
S1-917236836	S2-830257984,S2-149453500,S2-526399876,S2-195122722,S2-385131806,S2-735947723,S2-286327080,S2-12997522,S2-267690304,S2-412065651,S2-826560412,S2-36285484,S2-383495104,S2-189283488,S2-36905992,S2-935199945,S2-18428846,S2-346222185
S1-110662739	
S1-827192137	S3-804563758,S2-919669697,S3-390311474,S3-712379765,S3-504372075,S3-614476259,S2-818313646,S3-111822740,S2-305245671,S2-331417017,S2-600539072,S2-959998703,S3-290961802,S2-257424029,S3-767918852,S3-582478659,S2-36456572,S3-870825023,S2-830298850,S2-807679989,S2-343117767,S2-124082342,S2-552895929,S2-132221659,S3-660879688,S3-724376670,S3-564844905,S3-510164984,S3-512354044,S3-622204173
S1-66625987	
S1-839364223	S2-519226277,S2-614067985,S2-271648720,S2-245398251,S2-681528483,S2-108631592,S2-594307303,S2-952465027,S2-792326036,S2-270276932,S2-676051612,S2-483890899,S2-766333269,S2-873947164,S2-179933918,S2-866028960,S2-430923333
S1-141798354	S3-563320487,S3-94461253
S1-552518114	
S1-422772138	S3-590057089,S3-630331250,S2-424179642,S2-224294461
S1-976369483	
S1-165890090	S2-840016986,S3-996388841,S3-876865834,S2-593756034,S2-852903326,S2-682229472
S1-544515663	
S1-59962472	
S1-192893845	S3-112196493
S1-553167730	S2-685763419,S2-926169676,S3-35577968,S3-629043063,S3-375419388,S3-657736279,S3-22754126,S2-704575859,S3-557114025,S3-916379142,S2-27758638,S3-358683320,S3-353234450,S3-918313533,S2-119435466,S3-207329139,S2-405036560,S3-295764573,S3-101060278,S3-939418591,S2-172289015,S3-215304648,S3-544292849,S2-722571092,S3-291765200,S2-485800959,S3-954053276,S3-279112827,S2-886102658,S3-552573103,S2-986911741,S2-334092250,S2-363580903,S3-347902844,S2-939541229,S3-224641924,S2-515440137,S3-500338301,S3-154520937,S2-811858369,S2-157363918,S3-629478980,S2-310107112
S1-307290160	S3-589326167
S1-586998165	
S1-483281264	
S1-771099410	
S1-942890922	S3-28535495,S2-996367784,S2-553912561,S2-740369292,S3-740997388,S3-270619713,S2-910251776,S3-944571858,S2-455413842,S2-947252448,S2-203137519,S3-611627653,S2-246361132,S3-292591263,S3-658246048,S3-780496619,S3-200783707,S2-389897204,S3-795928597,S3-468090528,S3-921824396,S2-253827921,S2-497213598
S1-594967670	
S1-573785223	S3-522722481
S1-96122582	S3-383473468
S1-23259130	S2-296988351,S3-972652740,S2-840814190,S3-473476704
S1-228004101	
S1-80059466	
S1-915479091	S3-477182243,S2-393873586,S3-674737315,S2-879218620,S2-163612231
S1-159375199	
S1-39787756	S2-472029428,S2-912305831
S1-529563044	S2-156832763
S1-524787346	S3-306878884,S3-280632327,S2-53734547,S2-804592135,S3-650735894,S2-27531612
S1-239559399	
S1-823517714	
S1-379385870	S2-47842379,S3-253072135,S2-917069105,S2-558155617,S2-537274337,S2-889607954,S3-564800101,S3-413152226,S3-453815201,S3-357914064,S3-824330470,S3-872117095,S3-657416834,S3-143139919
S1-431664014	
S1-560377511	S3-616430555,S3-896387558,S3-422941556,S3-837331596,S2-505652464,S3-611233601,S2-978722949,S3-733896145,S3-541028055,S3-98442623,S3-912151867,S2-774375261,S2-221510261,S3-514581778,S3-41931609
S1-988797326	S3-198860721,S2-655531946,S2-612075102,S2-621660337,S3-968191637
S1-983390183	
S1-579569347	
S1-801944909	
S1-14031305	S3-659031310
S1-979267636	S3-905549447,S2-508520216
S1-252644636	S3-22810178,S3-326022219,S3-281106844,S3-455022949,S3-901111015,S3-19354941,S2-942040703,S3-539250403,S3-830852444,S3-429740787
S1-801306682	S3-185040617,S3-404718873,S2-124272862,S3-182311074,S2-201838884,S3-615290415
S1-381957415	S3-529268632,S3-389777475,S3-422940856,S2-871567834,S2-268601533,S3-374570939,S3-635582461,S2-562766225,S2-690542803,S2-897774957,S2-509940413,S2-239054725,S3-291429105,S2-598072554,S2-696748142,S3-210629146,S2-208651582,S2-708816707,S2-300670853,S2-221904585,S3-319195767,S3-721483033,S2-369312672,S3-628162293,S3-880829764,S3-119991789,S2-742148246,S2-852673366,S3-33344342,S2-764968183,S3-248153324,S2-679340432,S3-676363218
S1-535729154	S3-961235989,S2-114496493,S2-748046436,S3-376585149,S3-43493176,S2-176978736,S2-965330664,S2-250464487,S3-184920411
S1-692594454	S3-996344807,S3-378652249,S3-627345153,S3-331616408,S2-536756969,S2-745998627,S3-217898672,S2-142945084,S3-991545083,S3-583438239,S2-484181585,S3-757990812
S1-771041923	
S1-149458465	S2-921971634,S2-727004969
S1-512204886	
S1-769172378	
S1-799782482	S3-324263122
S1-986150160	S2-601375191,S2-40047840,S2-717061992,S2-423132274,S3-701269923,S3-792063296,S3-204004475,S2-668318546,S3-208880552,S3-931749255,S2-510339752,S2-571116600,S3-805610701,S2-266877403,S3-251558527,S3-419455171
S1-973071454	
S1-933384875	S3-581095226,S3-771795518,S3-936473678,S2-131953404,S3-980429101,S2-684799340,S3-108142525,S3-6131674,S2-158248730,S2-352852285,S2-38167807,S3-952759495,S2-574073519,S2-787156822,S3-974456981,S3-61617844,S2-660119290,S2-385702337,S3-769355954,S3-461493944,S3-520134808,S2-727701442,S2-827455267,S2-418473945,S2-586567836
S1-264533506	
S1-81469251	
S1-962174051	S2-48233411,S2-673883233,S2-125086919
S1-547767257	
S1-554990706	S3-70338517,S2-422769921,S3-984935641,S3-972639836,S2-943873550,S3-576482148,S3-794308342,S2-754288076,S2-999683546,S3-576494474,S3-487239338,S3-256985093,S2-94756237,S2-974744869,S2-352691923,S2-288685126,S2-632299988,S2-416223467,S2-233802786,S3-852250207,S3-528947424,S2-790173257,S2-772807735,S2-168881130,S2-962131032,S2-811605567,S2-170940500,S3-575891612,S3-954122061
S1-67951851	S3-68802328,S2-836224104,S3-742909541,S2-412735728,S3-247929179
S1-648894561	S3-259269768,S3-307386819,S2-728539702,S3-70409524,S3-58564576,S3-889643825,S2-263264212,S2-843621916,S2-773686295,S3-230718187,S3-954340342,S3-963209449
S1-860641883	S3-992317288
S1-940275488	
S1-437575720	S2-611686875,S2-105185,S2-253570718,S2-199765109,S2-323510567,S2-724159659,S2-68577067,S2-768691037,S2-683569943,S2-577036534,S2-269079750,S2-521080389,S2-873569874,S2-229532762,S2-889856081,S2-139143434,S2-638685196,S2-652433296
S1-767371184	
S1-868335410	
S1-757649945	
S1-465331031	S3-657193194,S2-49635368,S3-749668253,S2-511676103,S2-937915405,S2-168861975,S3-948463898,S3-129707347,S2-491559956,S3-403604643,S2-108688523,S3-208789845,S3-632229446,S3-930178827,S3-14340904,S3-374050033,S3-432517197,S2-804608270,S2-306720551,S3-735877552,S3-817523847,S3-18174569,S2-949484236,S2-698886484,S3-376462416,S2-873261225,S3-483330117,S2-751028594,S2-546678604,S3-876024361,S3-907807261,S3-313632256,S2-904781592,S3-809098765,S3-379899184,S2-685683436
S1-330368818	
S1-283284625	
S1-748165808	S3-668838825,S2-170867538
S1-629875748	S3-197754720,S3-164451082,S3-398909534,S2-700095711
S1-309349399	S2-575734000,S2-334470670
S1-763611874	
S1-703201622	S2-12943282,S2-488166480,S2-828430029,S2-379104271,S2-475927296,S2-420202495,S2-407399533,S2-130892815,S3-229467595,S3-290330680,S2-86842547,S2-780959934,S3-331324117,S2-136440016,S2-367521742,S3-374217774,S2-94778253,S2-579437630,S2-967997351
S1-795195261	S2-605729779
S1-994193555	
S1-804300777	S2-481921379,S2-217729012,S3-273107241,S3-241584093,S2-341670345,S3-740356890,S2-977875814,S2-984958474,S3-414687226,S2-877422389,S2-18555602
S1-933322488	
S1-410017820	S2-124518616,S2-134525482,S2-422617857,S2-115747015
S1-327951743	S3-215335700,S3-352525343,S2-721623614,S3-800871230,S2-541527115,S3-313851272,S3-492559728,S2-512548378,S2-118602294,S2-938981958,S2-939748635
S1-525614905	S2-857173237,S3-238788200,S2-495333171,S2-656090889,S2-185187345,S3-882783617,S3-511814091,S2-993473021
S1-911275098	
S1-337669498	S3-962558371,S3-543221002,S3-876865834,S3-114850616,S2-682229472,S3-380111359,S3-536063604,S3-957289716
S1-91890249	S2-147264734,S2-561058593,S2-695451604,S2-21458643,S3-523566894,S3-514869542,S2-293706593,S3-193420124,S3-103222698,S2-915439753,S3-352054659,S2-997977601,S3-261433142,S2-442457674
S1-160962647	S2-776863709
S1-378978603	S2-319300693,S3-921016187
S1-748730249	S3-577763600,S2-765670168,S2-253281943,S2-169373423,S2-878728382,S3-331134376,S2-909290458,S2-229000030,S2-598447812,S2-426902140,S2-508282528,S2-371100138,S2-842960526,S3-647445801,S3-473220059,S2-647677811
S1-901601528	
S1-52008571	S2-608080708,S3-210551477,S3-286238001,S3-221554836,S2-284102838,S2-953146928,S2-850453737,S2-656982759,S3-515941798,S2-318943995,S2-396649528,S3-407495674,S2-749787711
S1-137817720	S2-244833016
S1-511581149	
S1-363742101	
S1-593682333	
S1-27854558	S2-313134937,S2-409261394,S2-819203698,S3-391727888
S1-754543752	
S1-29448070	
S1-473750173	S2-734237765
S1-142288436	S3-159616638,S3-541151956
S1-159303490	S3-110193122,S2-253862632,S3-804220708
S1-235461034	
S1-291817418	
S1-372780237	S2-883008640,S2-209057883,S3-752614030,S2-1673710
S1-143958303	S3-153999162
S1-832025510	
S1-39601412	
S1-314045617	S2-153647290,S3-476487363,S2-389698795
S1-469410766	
S1-728692256	
S1-82591612	S3-860953324,S2-547163793,S2-341854825,S3-63733026,S2-377561995,S2-810869356,S2-326669797,S2-796802476,S2-641666475,S2-460343565,S3-217306256,S3-983827334,S3-115207065,S2-701659677,S3-946088540,S3-782466169,S3-144415837,S3-35193640,S2-959419015,S2-154839895,S3-216454169,S3-574670219,S3-561949674
S1-884606211	S2-201951823,S2-184487406,S2-325356658,S2-281076373,S2-851527743,S2-553985935,S2-637263812,S2-473210890,S2-6481087,S2-739771169,S2-521188832,S2-85950641,S2-85906403,S2-559599671,S2-589441931,S2-406213043,S2-664099225,S2-331311222,S2-432319564,S2-14084129,S2-328146445,S2-110661787,S2-524604419,S2-872551966,S2-250861878,S2-635311962,S2-636012187,S2-377099365,S2-312082854,S2-190603919,S2-221481547,S2-853252664,S2-407098803,S2-160408804,S2-935367306,S2-447469536,S2-668559629,S2-64202533,S2-815041558,S2-820860718,S2-111496486,S2-829341087,S2-181063334,S2-542945420,S2-360749777,S2-138477027,S2-353131400,S2-313245951
S1-881912325	S2-33551308,S2-42204048,S2-373689031,S2-30643311
S1-445881211	S3-107670339,S3-497532904,S2-601171662,S3-640790954,S3-239347072,S2-299679063,S3-623750751,S3-785584213,S3-276297013,S3-12915638,S2-852462359,S3-565170665,S2-851024443,S3-510079398,S3-466900189,S3-9971669,S3-67504906,S2-954854788,S3-43015548,S2-762871007,S2-794642149,S3-907296701,S3-656884382,S2-931986685,S3-327640950,S3-468606536,S2-611097802,S2-835922760,S2-81706457,S3-357725556,S3-163220845,S3-110317963,S2-315078413,S2-276151053,S2-218469279,S3-748131814,S3-589974551,S3-629121423,S2-273018349,S3-21867979,S3-358747048
S1-550419926	
S1-118834288	S2-313338381,S2-54120441,S2-784158407,S3-363424991,S2-296955260,S2-73522184,S2-878265976,S3-268671125,S2-784203485,S2-668257689,S2-960460938,S2-100961527,S2-872974491,S2-454836919
S1-821099846	
S1-715447168	
S1-610297712	
S1-475018237	S3-551673501
S1-60946319	
S1-743208304	
S1-646143601	S3-882752137
S1-380024821	S2-50149822,S2-97051761,S3-173327469,S2-168253995,S2-772143504,S2-520331259,S2-134726523,S2-119688774,S2-854136481,S2-907404223,S2-833378080,S2-513794392,S2-352073048,S2-729765209,S2-111953653,S2-962300938,S3-161130258,S2-359549629,S2-978339219,S2-845890525,S2-841621186,S2-1683369,S3-262305894,S2-91491361,S2-128236991,S2-237196627,S2-249582358
S1-803590345	S3-364089444,S2-314802558,S2-127868998,S3-427207555,S2-93128222,S3-209972466,S3-257710477,S3-267808012,S3-318943999,S3-28633558,S2-464235857,S2-726096499,S3-350966037,S3-303504991,S2-861764252,S2-582424505,S2-677902714,S2-729373048,S2-551615786,S3-332447752,S3-124010770,S3-275528818,S2-90782791,S3-176033279,S2-505248518,S2-465796543,S2-913029779,S2-324316663,S3-539693479,S2-465625438,S2-699014428,S2-868568254,S2-784343391,S3-329113420,S3-533415279,S3-318885431,S2-998755583,S3-535193453,S3-214537213,S2-452932031,S2-49077923,S3-453682242,S2-104508958,S2-439289136,S2-86570082,S2-707556157,S3-128058241,S3-235233786,S2-639224330,S3-520049432,S2-683686443,S2-118665619,S2-261796240,S2-369632568,S3-546425880,S2-113210517,S2-629031294,S2-377264429,S3-403809026,S3-417960229,S2-735596167,S2-472571157,S2-66239211
S1-14310054	S2-476710316
S1-378164136	
S1-4225696	S2-257370975,S2-231387799,S3-711377319,S3-550108327,S3-29055209
S1-602399431	S3-200470340
S1-674729074	
S1-697023536	S2-995732129
S1-144878347	
S1-179782413	
S1-72918323	S2-396207833,S2-688629589
S1-823731657	
S1-865662243	
S1-309436280	S2-469220008,S3-546755630,S3-554205811,S3-32092238,S2-568470237
S1-139115196	S3-952000060,S3-334359765,S3-22189997
S1-678863564	S2-226508155,S3-1445567,S2-558248173,S3-65874695,S2-900182532,S2-142543389
S1-503583417	
S1-799709383	
S1-573332363	
S1-253448746	
S1-504442535	
S1-234119489	S2-44528382,S3-241416723,S3-453876974,S3-478283718,S2-65778848
S1-713113814	
S1-196054265	
S1-970207960	
S1-564415085	S3-383057808,S3-125440026,S3-185183560,S2-219351864,S2-540358995,S2-33379555,S2-367013531,S2-838100004,S2-243426889
S1-116229177	S2-850487668,S2-114677078,S2-419792504,S2-662351849,S2-49290820,S2-112805031,S2-466713416,S2-784742941,S3-487378298,S3-829129736,S3-678007093,S2-857226771,S2-366602597,S3-121619287,S2-339081087
S1-997603260	S2-496565147,S2-181952214,S2-496567142,S2-735388909,S2-810280772,S2-111005765,S2-51404837,S2-545455610,S2-157137659,S2-850312470,S2-926702290,S2-817081726,S2-887108081,S2-831174999,S2-171101526,S2-75594490,S2-515203776,S2-111371422,S2-130613994,S2-644797046,S2-149660336,S2-666720939,S2-657081464,S2-928104404,S2-235278294,S2-430843083,S2-850112406,S2-555489985,S2-446638113,S2-734284607,S2-579951449,S2-376835730
S1-194887455	
S1-832593986	S2-721523610,S3-632086069,S2-331371627,S3-741315013,S3-11800374,S2-714499169,S2-856790262,S2-86621461,S2-395044621,S2-360808756,S3-864868235,S3-620464346,S3-992847024,S2-306831505,S2-497875047,S3-786261533,S2-37067108,S2-3650707,S3-264642771,S3-196855690,S3-939806828,S2-942888561,S2-950895920,S2-287826664,S2-146338336,S2-78796632,S2-544092002
S1-998340088	
S1-940946868	S2-64153440,S2-321742092
S1-192986616	
S1-525924487	
S1-860531634	
S1-650567133	
S1-20925783	
S1-92768400	
S1-240217829	
S1-489533421	
S1-811767850	
S1-473599837	S3-837872792,S3-146251477,S3-305259031,S3-574670219,S3-216454169,S3-561949674
S1-985038901	
S1-680585243	S2-531389178,S2-118368734
S1-744710348	S2-571370741,S3-626536979,S3-923287548,S3-315715096,S2-533761278,S2-455811998,S3-871661966,S2-464239091,S3-518808841,S3-247929179,S3-88806363
S1-373810395	S3-402973010,S3-282294811,S3-681926238,S3-252532454,S2-436238486,S2-166185785,S2-999051168
S1-873357966	S3-304448057,S3-853087291,S3-606580559,S2-760779498,S2-445206439,S2-756557122,S2-590932286,S2-76795807,S3-216767634,S3-294419537,S3-758897426,S3-320508826,S3-409435933,S3-309264131
S1-525107098	
S1-862165762	S2-879184294,S2-165008063,S3-662425772,S2-201325399,S3-190350371,S2-234310003,S3-844464374,S3-109252359,S2-300553926,S3-384457178,S3-87696103,S3-425516217,S2-784718860,S2-486528370,S2-381964521,S2-335235331,S3-993065866,S3-571417697,S3-929788561,S3-748122616,S3-683027103,S2-857373028,S2-696409896,S3-128469007,S2-946852078,S3-92337190
S1-842626907	S2-51370111,S2-45768307,S3-20145244,S2-326741277,S3-744380548,S3-368223531,S2-664246199,S2-197155931,S2-160163104,S3-890170624,S3-767156889,S2-874066866,S2-846811661,S3-311605874,S3-969464817,S2-436018272,S2-645531565,S2-888095962,S2-405259584,S2-343180354,S2-683458848,S2-562231400,S2-950500992,S3-352525851,S2-435305662,S3-593681495,S2-835642370,S2-304465196,S3-86092633,S2-528807948,S3-876643074,S2-627244188,S2-571157020,S2-498579687,S2-253195767,S3-752679174,S3-784107607,S3-765352042,S2-198825615,S2-633973793,S3-496254231,S3-130429929,S2-652252009,S3-782516603,S3-822899970,S2-742743505,S2-609379029,S2-769567108,S2-310644691,S2-871678115,S2-388455187,S2-205321115,S3-308239228,S2-372157341,S2-871920618,S3-172478816,S2-789738775,S3-707526238,S3-235752727,S2-558669049,S2-482614373,S3-795256334,S3-444982084,S3-679767637,S2-689273940,S2-841037990,S3-193715053,S2-258531914,S2-465684773,S3-114057207,S2-308140714,S2-685906093,S3-854202197,S3-708794267,S3-655705679,S3-527839724,S2-435384327,S2-699599306,S2-979112583,S2-378381254,S2-78074287,S3-580211298,S2-955670053,S3-108445268,S3-382017477,S2-910981389,S2-513319894,S3-939755984,S3-628132958,S3-712142341,S2-160988895,S3-215540151,S2-15829772,S3-237244013,S3-944951140,S3-4352894,S3-931011967,S2-497280515,S3-135657866
S1-132481041	
S1-561712974	S2-157266239,S3-138900356,S2-46576236
S1-445993033	
S1-820854608	
S1-7754913	S2-682439201,S2-546075031,S2-390131914,S2-492229286,S2-401698859,S3-117478917,S2-40184714,S2-329395983,S2-209628885,S2-834698201,S2-855835385,S2-689043294,S2-154242802,S2-885329338,S2-692916933,S2-818095137,S2-857687850,S2-566446279,S2-46670445,S2-526207849,S2-717525852,S2-400475515,S2-334917739,S2-196255237,S2-63574494,S2-229434487,S2-298755393,S2-635838691
S1-184420835	S2-253915205
S1-520813789	S2-915512559
S1-432713586	
S1-839285884	
S1-742245952	S2-143422881,S2-507808487,S3-641693843
S1-53933830	
S1-676541429	S3-268719500,S2-259764889,S3-615256298,S3-928828192,S3-389342961,S3-545041422,S3-195525297,S2-181355122,S3-534532524,S3-822202068,S3-625571156,S3-621835752,S3-219305565,S2-300446568,S3-352114870,S2-609015340,S3-634894225,S2-963940885,S3-222980923,S3-882461134,S2-141261386,S3-726394547,S3-812278466
S1-441996890	S2-347502472,S2-667289877,S2-373455256,S2-454250437,S2-418127332
S1-642405907	
S1-309069586	S2-327069901,S2-834245908,S2-714839313,S2-507938730,S2-189305291,S3-404430564,S2-902129089,S2-966408556,S3-60952228,S3-609383676,S2-507775420,S3-339586876,S2-703292964,S3-136697891,S3-453027795,S2-181462484,S2-647711837,S3-316525262,S2-654605148,S3-502120802,S3-424795073,S2-570877860,S2-418736499,S2-117743517,S2-68958368,S2-840287819,S3-853185749,S2-686382087,S2-833783595,S2-494187943,S2-355464446,S3-45647623,S2-121867875
S1-746273151	S3-15968499,S2-797873663,S2-392340230,S3-964388817,S3-506061460,S3-800724831,S3-993951661,S3-581408395,S2-358085551
S1-366879876	
S1-279914306	
S1-128371993	S3-280395634,S2-39352438,S3-233662492,S2-931281785,S3-321087017
S1-518553743	
S1-587870927	S3-905434264,S2-360104037,S3-614534702,S3-612600212,S2-231348162,S3-918968046,S3-500532517,S3-417431932,S2-237653549,S3-347922118,S2-294231503,S3-31205215,S2-290934127,S3-641635383,S3-742000072,S3-526883520,S2-461601170,S3-762973870,S3-338687979,S2-948350247,S3-516520743,S2-147397331,S2-933395045,S2-257833620
S1-861747	S3-739409318
S1-481227494	S3-412893334,S2-227885476,S3-922470531,S3-376200343,S2-661039756
S1-981201143	
S1-542980	
S1-344544157	
S1-153727830	
S1-566369712	
S1-438430300	S2-875667311,S3-843358137,S2-950185410,S3-636851143,S3-90643255,S2-694535549,S3-991992721,S3-688033929
S1-326575536	
S1-297374091	S3-20822029
S1-477343565	
S1-176888366	S2-6675433,S3-553316175,S3-643070448,S3-479425308,S2-840260885,S3-172915130,S3-464868367,S2-512006212,S2-637616513,S3-686759308,S3-172751061,S3-73344476
S1-511019080	S3-832380068,S2-55535299,S3-921831921,S3-676483579
S1-331343904	
S1-548811788	S2-213942048,S2-529230135,S2-909900207,S2-219134396,S2-11751224,S2-16229478,S2-355688137,S2-36743305,S2-441057858,S2-516317754,S2-821272890
S1-4990771	
S1-697026911	
S1-866862358	S3-169408950,S2-851819965,S2-704267442,S2-668776016,S3-944150190,S2-774087123,S2-434275741,S3-171015638,S2-350732497,S2-880872953,S2-747212112
S1-612605958	
S1-463135997	
S1-878632015	S2-400265768
S1-547835337	
S1-990411301	
S1-116247627	S2-9568354,S2-833155858
S1-685073108	
S1-807589192	S3-204998929
S1-599964548	S2-664523981,S2-549608755,S2-355057676,S2-641697413
S1-81900846	
S1-167150918	
S1-444149322	S2-366683455
S1-737171527	
S1-149887453	S2-185370872,S2-796579511,S2-238815330,S2-258472471,S2-956449162,S2-471623340,S2-853563303,S2-595936663,S2-630698480,S3-934637572,S3-584324136,S2-785204544,S3-420224393,S2-668731697,S3-69803768,S2-598499244,S3-172516626
S1-729860168	S2-349509896,S3-722699651,S3-14799569,S2-943575634,S3-598183803,S2-10065301
S1-926867729	
S1-871687844	S3-154642427,S3-96660261
S1-901695846	S2-641251089,S3-453551125,S3-937173504
S1-165705804	S2-388572393,S2-581235065,S3-799633693,S3-536522870,S3-229245476,S3-729480676,S3-793606802,S2-460936926
S1-206873092	S2-407033938,S3-261935142,S2-633697608,S2-582972507,S3-884070059,S3-108661380,S2-71958034,S2-616375372,S3-275200479,S2-633012840,S2-917698035,S2-338411470,S2-495770952,S2-899044307,S2-369546644,S3-779258178,S2-884019822
S1-415302257	S3-239835293
S1-587657166	S2-315279446,S2-913895312,S2-845368070,S2-204586522,S2-428220378,S2-509521063,S2-730924879
S1-140686821	S3-782274947,S2-73655919,S2-630413429,S2-447537162,S3-635247159
S1-305869423	
S1-691555791	
S1-337356747	
S1-27455843	S3-349205499,S3-476688535,S3-123137756
S1-167321703	
S1-408835967	
S1-997383403	S3-79770374,S3-980653505,S2-440697812,S2-461054619,S3-789801923,S3-960793022,S3-213739528,S3-524684868,S3-270461113,S2-669407338,S2-503138746,S3-259432902,S3-767422285,S2-41718449
S1-159579644	
S1-284361235	S2-703718052,S3-965248788,S3-208541519
S1-737482473	
S1-557122184	
S1-301534349	S2-643109975,S3-998228101,S3-51525407,S2-285681275,S3-405508435,S2-796427198,S2-503764244,S3-779911557,S2-221510261,S3-514581778
S1-138186252	
S1-967500830	S2-454908091,S3-104919915,S3-43493176,S2-489123910,S3-886835493,S3-942647343,S3-17712032
S1-521131813	S2-793465703,S2-361764346
S1-63589647	S2-602230604,S3-303086841,S3-777958714,S3-543125089,S2-650987505,S2-379584189
S1-924130512	
S1-477773796	
S1-34441801	S2-614314679,S2-373132972,S2-905123184,S2-901065440,S2-162602516,S2-181651904,S3-165214064,S3-206621972,S3-293863839,S2-276262055,S3-316091460,S3-364662285,S2-500002268,S2-420939417,S3-251037520,S3-3239822,S2-245695849,S2-433715690,S2-655914471,S2-716834017,S2-950057823,S2-404808019
S1-569442923	
S1-796867952	S2-978803685
S1-456377382	
S1-867289464	S3-423735200,S3-429163108
S1-961259101	S2-747684749,S3-956632616,S3-353172975,S3-674017376,S3-861713965,S3-261387133,S3-975856655,S2-959133388,S3-116405465
S1-401372098	S2-205646360,S2-805213044,S2-659635024,S2-222425977,S2-569990287,S2-345391217,S2-428115412,S2-872076124,S3-602039910,S3-469183225,S2-991748927,S3-380494310,S3-190914176,S3-525862733,S2-567314693,S2-862171503,S2-634856626,S2-308196277,S3-593458133,S3-294562087,S3-299225036,S2-152647278,S3-394116593,S2-383013979,S2-310706405,S3-445359772,S2-239334130,S3-525207512,S3-43115055,S2-555944999,S2-549305145,S3-231934238,S2-49085419,S2-889744472,S2-583256632,S3-398303269,S2-488467151,S2-259827988,S2-2452363,S2-990620835,S2-889164350,S2-493213009,S2-773572883,S2-548760026,S3-530246408,S3-11843993,S2-927400279,S3-13085487,S2-746024558,S3-353099767,S3-168666436,S3-324512785,S2-852632304,S2-925156940,S2-615270746,S2-513176568,S3-325303202,S2-832662008,S3-573506670,S2-89055163,S2-228086036,S2-690353303,S2-59375135,S2-857352985,S2-631142254,S2-282220533,S2-371082430
S1-66358218	
S1-735663405	
S1-888227080	S3-177814027,S2-276355156,S3-226497953
S1-764526188	S2-809729680,S3-497308752,S2-256690458
S1-967024020	S2-879437533,S3-298114759,S3-790467322,S2-897768918
S1-271520763	
S1-609962053	
S1-334041096	
S1-137354200	S2-537122560,S2-997915108,S2-734728931,S2-134948744,S3-818609565,S3-558610034,S3-979808234,S3-194443565,S2-276568653,S3-996138535,S3-623450952,S3-30933709,S3-967003837,S2-761327331,S3-754247847,S3-280244111,S2-79066731,S2-36369930,S2-782436948,S2-543579293
S1-52364202	S2-627185462
S1-453939454	S3-716561825,S2-189763689,S3-433930581,S2-753881837,S2-580219358,S2-806796750,S2-537917665,S3-780187444,S3-485059739,S2-3777658,S2-334278771,S2-551255692,S2-687715240
S1-589837728	
S1-411744587	
S1-374182910	
S1-528590391	
S1-208973592	S2-165827711,S2-662277331,S2-912936901,S3-144236998
S1-261705265	
S1-125271389	
S1-550533347	S2-13041325,S2-79426573,S2-703675244,S2-298418269,S2-725402452,S2-468893746,S2-825957189,S2-120848784
S1-835204997	
S1-761905856	S2-854958439
S1-910315718	S3-200584552,S3-26551225,S2-717916680,S2-345016058,S3-119712053,S2-936667243,S2-455986645,S2-358798793,S2-827005587,S3-107020099,S2-644483863,S3-198626622,S2-103013606,S2-801020803,S2-62092247,S3-223861841,S2-896264951,S2-291635456,S2-951843795,S2-394189263,S2-381719337,S2-492944301
S1-760729719	S2-870741525,S2-768537197,S2-967724718,S2-490469103,S2-689520511,S2-587227192,S2-770742526,S2-460464200
S1-959186175	S2-5029904
S1-554328643	
S1-976783021	S3-483308835
S1-802120230	
S1-413862512	
S1-207537610	
S1-574783839	S3-406334349,S3-939500774,S2-79985512,S2-998716769,S3-637311800,S3-239724885,S3-54506026,S2-116109113,S2-149765951,S3-513402968,S3-442113192,S3-986099494,S2-718355827,S3-691530908,S2-7842667,S2-10223294
S1-830751750	
S1-797129295	S3-148278525,S3-720542254,S2-155048426,S3-935912987,S2-498753394,S2-651931697
S1-831940557	S3-132773280,S2-813596208
S1-829049305	S2-715311523,S3-396640097,S2-590742711
S1-107328074	S3-692561188,S3-273367484,S2-164408447
S1-351491429	
S1-251311978	
S1-381286473	S3-162606363,S3-225972135
S1-615534064	S3-352397363
S1-772060989	
S1-834386502	S3-844684888,S2-120915037,S3-131480798
S1-172887346	
S1-304599971	S3-517050609,S3-231588114,S2-869509470,S2-644107684
S1-609714937	S2-559164349,S3-868747452,S3-80824354,S3-740356890,S2-341670345,S2-452261578,S2-481921379,S2-977875814,S3-74101237,S2-221752221,S2-755997041,S2-217729012,S2-474955330,S2-223642696,S2-80118184,S3-874404375,S3-519357136,S3-204655096
S1-73647500	S2-962554812,S3-19213833,S2-435521146,S2-347676527,S2-919462873
S1-966462381	
S1-149302771	S2-715970690,S2-472392747,S2-239181012,S2-105233743,S2-604215504,S2-580985934,S2-630563734,S2-630744083,S2-817768979,S2-769566051,S2-903095160,S2-897323689,S2-104204154,S2-776960698,S2-453401761,S2-227631137,S2-832786842,S2-584246869,S2-503967706,S2-789689545,S2-847678051,S2-257790023,S2-553497012,S2-65607990,S2-643060476,S2-31936374,S2-352375698,S2-531576066,S2-355637616,S2-29700197,S2-326501256,S2-584671244,S2-499246395,S2-896429468,S2-687968861,S2-582017691,S2-135119653,S2-889304390,S2-638148870,S2-197625962,S2-45415575,S2-443120788,S2-168346428,S2-262651627,S2-903338907,S2-415804091,S2-549490617,S2-589709931,S2-616455580
S1-47765963	S3-834956894,S3-58464745,S2-515840650,S3-856697012,S2-994555520,S2-163939989,S2-891674770,S2-961789505,S3-354573906,S2-686791885,S2-846236034,S2-85974114,S2-115376641,S2-299586476,S3-798700334,S2-700121246,S3-983303745,S3-799288246,S3-314684018,S2-387686909,S3-141656158,S2-756982169,S3-88734909,S2-774474239,S3-709069212,S3-710652765,S3-94793923,S2-594783306,S3-215346542,S3-498115308,S3-948910487
S1-584709461	S3-9211976,S2-744115629,S3-794051467,S2-702706291,S2-77635052,S3-443692748,S3-727410405,S2-761059652,S2-888675324,S2-646216241,S2-814345740,S3-692728867,S3-763545595,S3-497137040,S3-94492552,S2-553499352,S2-233516466
S1-7272746	S2-449680938,S2-163425293,S2-241672314,S2-522913018,S2-368009820,S2-195262247,S2-10954407,S2-249724972,S2-31936374,S2-754843013,S2-264643226,S2-326501256,S2-102475169,S2-724103895,S2-551250135,S2-472392747,S2-361446452,S2-651193172,S2-720956641,S2-896429468,S2-630744083,S2-385166201,S2-499246395,S2-305347518,S2-237140730,S2-151493047,S2-151053007,S2-627097554,S2-104204154,S2-120830004,S2-131153421,S2-130977023,S2-597904952,S2-143210923,S2-168346428,S2-262651627,S2-903338907,S2-415804091,S2-549490617,S2-616455580
S1-544301808	S2-22767902,S3-386821909
S1-832689294	S3-420087550,S3-853271781,S3-343680283,S3-328149806,S3-207565374,S3-129125389,S3-468955750,S3-199976141
S1-551469891	
S1-728332269	S2-138224234,S2-416117514,S2-383359949
S1-372752185	S3-546604719
S1-978938661	
S1-808699530	S3-485092436,S2-634309864,S3-864397669,S3-695744748,S3-811359647,S3-335601989,S3-276650556
S1-535936959	
S1-18726359	S2-627881801,S2-532157362,S2-836987652,S2-943501042,S2-660839351,S2-930265617
S1-147388490	
S1-993662167	S3-124813157,S3-877684431,S3-51810370,S2-340120671,S3-684301069,S2-55273625,S2-214252826,S3-837906495,S3-748475006,S3-204716537,S2-148366845,S3-165808462,S2-73790764,S3-126665978
S1-950101048	S3-676839596,S3-463204261,S2-700649993,S3-93182012,S3-66974101,S3-303086841,S3-954878806,S3-186252098,S3-167923325,S2-622729882,S2-368958125
S1-749958171	
S1-198041406	
S1-376882708	S2-49878399
S1-131673126	
S1-830687398	S3-319268475,S2-137432324,S2-262200560,S3-296676455,S3-304569563,S3-657195699,S3-615557105
S1-740533054	
S1-589064493	S3-964684893,S3-547274443
S1-214847276	S3-112994043,S2-160118929,S2-515711680,S3-967915318,S2-752680647,S3-544255720
S1-244454509	S2-740665473,S3-26499868,S3-353841293,S3-307109604,S2-822698715,S2-10598620,S2-657106282,S2-560928093,S2-499234375,S2-385885037
S1-609550886	
S1-631152952	S2-230531256,S2-560313737,S2-612427582,S2-193221662,S2-515424220,S2-672734557,S2-661108883,S2-365389880,S2-791167528
S1-42620891	S2-25662695
S1-670478396	
S1-72342425	S3-759458620,S2-834189008
S1-192327811	
S1-692891261	
S1-283604109	S2-415664035,S3-411788841,S3-867640279,S3-314911686,S3-143605286,S3-268844466,S3-451623091,S2-46303167,S3-294106297,S3-94789080
S1-590796950	S2-970752398,S3-334677842,S2-721982848,S2-309615148,S2-178364993,S3-311231437,S2-390595351,S2-444600114,S3-106150053
S1-802494740	
S1-668150019	
S1-656420412	S2-199098209,S2-938063657,S2-202187106,S3-996962154,S3-121558249,S3-111634425,S2-373607493,S2-873556187,S2-392145339,S2-428439868,S3-556344553,S2-464724439,S2-154898200,S3-475044361,S2-735552954,S3-534253649,S3-645237954,S3-773879615,S2-49771764,S3-640103832
S1-494028959	S2-874200747,S2-515695074,S2-854136481,S2-168253995,S2-359549629
S1-730279779	
S1-805811299	S2-310304762
S1-930625292	S3-951236407,S2-747360902,S3-124554193,S3-363658537,S2-647711837,S2-703292964,S2-654605148,S3-136697891,S3-547383611,S2-285229383,S3-339586876,S3-404430564,S2-181462484,S2-121867875,S2-415939636,S3-609383676,S3-453027795,S2-189305291,S2-859044553,S2-254416744,S3-864195148,S2-174202129,S2-2876081,S2-842221701,S3-858337965,S2-840287819,S2-369403308,S3-956336963,S3-563242687,S3-722656892,S2-833783595,S2-494187943,S2-355464446
S1-316246362	S2-630592507
S1-736091319	S3-184423644,S3-720974063,S3-619983610,S3-593590601,S3-363995974,S3-612939734,S3-852293087,S2-742567493,S2-798500353,S3-545248506,S2-536229695
S1-697294833	S3-443204215,S3-744115010,S3-585096773,S2-744975512,S2-583496904,S3-886297878,S3-998248680
S1-16684124	S2-394117399,S2-511559417,S2-350162455
S1-762958682	
S1-114380129	S3-350132199,S2-33565280,S2-402748029,S3-363424991,S3-26392582,S2-573989519,S3-20768276,S3-385286948,S3-308879295,S2-904739176,S2-193051075,S2-54120441,S2-784158407,S3-536114467,S3-474580513,S2-313023622,S2-846100888,S3-315871875,S2-954337400,S2-195364660,S2-200850016,S2-897986442,S2-811696175,S2-960460938,S2-162749838,S2-515068686,S2-15220561,S3-494278186,S2-784203485,S2-74790471,S2-24871525,S2-348137595,S2-668257689,S3-439644993,S2-28898584,S3-5048907,S2-876525729,S3-118757132,S2-628644871,S2-239370349,S2-746813999,S2-992451386,S3-232232952,S2-58579748,S2-73522184,S3-562512825,S2-635634435,S3-156358265,S3-311687757,S2-529594124,S2-235153819,S2-99374569,S3-250342735,S2-323992514,S3-138217920,S3-363935854,S3-395302684,S2-215804113,S2-540204592,S2-528033198,S2-640257337,S2-290517294,S3-268671125,S2-484121890,S3-449199577,S2-839531791,S2-878265976,S3-475245485,S2-173844591,S2-363862503,S2-502073200,S3-236237306,S2-100961527,S2-454836919,S2-872974491,S3-11711086
S1-496708399	S3-167080498
S1-723773808	
S1-801584662	S2-32133630,S2-121105916,S3-427119028,S3-766782822,S2-444025229,S3-990402140,S3-324631608,S2-219271473,S3-900176517,S2-804531446,S3-303022437,S2-902344032,S2-866744657,S3-861996162,S3-501380432,S3-701114073,S3-700525657,S3-454164114,S3-847754978,S3-48146331,S2-106171578
S1-139720010	S2-569841166,S2-4945749,S3-34484955,S3-267822416,S3-15485958,S2-141663766,S2-92243622,S2-96685976
S1-633315809	S2-39283875,S2-649259177,S2-213722801,S3-556932098,S3-112353707,S3-59615684,S2-952793874,S3-889609798,S3-721529483,S2-984892830,S3-838080735
S1-916156199	S2-634137662,S3-39349847,S2-858910593,S2-174197335,S2-186510272,S3-451194140,S3-746537120,S2-240124093,S2-107014833,S2-821808456,S2-968139891,S2-504342221,S3-536553533,S3-529689133,S3-713007321,S3-15395733,S2-709276816
S1-382125488	S2-639533860,S3-106519833,S2-340052141,S2-667289877,S2-454250437,S2-635069132
S1-456782592	
S1-1976247	
S1-739723915	
S1-635787940	S2-17966329,S3-746108894,S3-143366416,S2-999064774
S1-715657190	S2-869190288
S1-46149682	S2-147553811
S1-753194868	S3-750754173
S1-75262097	
S1-333597050	S2-471140449,S2-579197774,S2-422167113,S2-693990506,S2-615985890,S2-76404303,S2-783660974,S2-681904592,S2-152342973,S2-555406196
S1-461075986	
S1-567721159	
S1-797086028	
S1-360188878	S2-877429116,S3-6484481,S2-495195460,S3-999826252,S2-306257399
S1-335959747	S2-175166551,S2-582233389,S2-83366945,S2-81469515,S2-814740972,S2-637032404,S2-822663550,S2-483223434
S1-766458019	
S1-929251875	
S1-508861152	
S1-710909094	
S1-144848940	S3-646075084,S3-5441831,S2-562100061,S3-976026616,S3-602653373,S3-357123311,S2-115657875,S2-480310921,S2-214296477,S2-470040772,S3-944976758,S3-920642722,S2-275977927,S2-624876007,S2-281727777,S3-903109621,S3-684935472,S2-432111489,S2-303070792,S2-311153754,S2-406694790,S3-804861162,S2-710534719,S2-269430298,S3-493822936,S2-458404098,S3-376453945
S1-634152028	S2-881554255,S2-813270700,S3-698804459,S2-858997394,S2-276918988,S3-92525769,S3-458968879,S3-385039482,S2-31400630,S3-307667817,S3-954070926,S3-543570210,S2-826806244,S3-824600021,S2-128042662,S3-208542679,S3-987990761,S3-27574689,S3-491415689,S2-476064679,S3-681456289,S3-304238123,S2-20747568,S3-35144681,S3-34365604,S3-307167439
S1-952867453	S3-644555724
S1-273577921	
S1-327225619	
S1-700641920	
S1-681668060	S2-657263113,S3-74786971,S2-795252023,S3-982791509,S2-854691243,S2-196239089,S3-966971924,S3-455624578,S2-490715823,S3-244461082,S3-34787589,S2-478231240,S2-594586460,S2-310934080,S3-40231164,S3-911129332,S3-404122213,S2-484103249,S2-390493621,S2-685035359,S2-167308160,S3-307914476,S2-948224847,S2-337014797,S2-353144954,S2-852320423,S3-586884162,S3-148052111,S3-732757296
S1-642915384	S3-955520925,S3-704084300,S3-720542254,S3-632131547,S3-148278525,S3-785243635
S1-748402456	S3-663925247,S3-536455118,S3-131480798,S3-1063384,S3-530960530
S1-893165350	
S1-448345019	S2-853161136,S3-562723945,S3-796518057,S3-843358137,S3-636851143,S3-526336432,S3-853717143,S2-44637453,S3-882373206,S3-9648333,S3-991992721,S3-688033929
S1-371395394	
S1-300034658	
S1-910214068	
S1-816449159	
S1-78789684	S2-704899,S3-116384999,S3-30685240,S2-772538964,S3-555512753
S1-450792187	
S1-945827504	S2-281569438,S2-226114198
S1-24166581	S3-843358137,S3-636851143,S2-841661802,S3-991992721,S3-688033929
S1-932260031	
S1-23041389	
S1-341540500	S2-13579279,S2-531389178,S2-894647426,S2-118368734,S2-490813748,S3-110252160,S3-301991120,S2-84065029
S1-657284212	S2-694428503,S2-989998539,S2-537132434
S1-34142930	
S1-6344565	
S1-141651914	S2-573444333,S2-772200436,S2-34450272,S2-925527248,S2-980776434,S3-96495739,S3-296631411,S2-528541281,S3-569168696,S3-172202776,S3-298334325,S3-43493176,S3-164462368,S3-20488624,S3-782145372,S2-50820701
S1-20031068	
S1-163216207	S3-193418331,S3-381259235,S3-911270872,S2-45191299,S3-194959271,S2-831113198,S3-6484481
S1-943911835	
S1-699305160	
S1-571202213	
S1-868442664	
S1-300211684	
S1-399029343	S3-461777431,S3-25868056,S3-162084580,S2-707509244,S2-115662070,S2-628520858,S2-647412259,S3-688377666,S2-779488794,S2-373796119,S3-850664312,S2-650748633,S3-324774880,S3-99452198,S2-435490049,S2-382407677,S2-288967757,S2-644464753,S2-637397383,S3-552521841,S2-535226186,S2-455322436,S2-372392529,S2-28113116,S2-186845303
S1-981671211	S2-660839351,S2-532157362,S2-627881801,S2-836987652,S2-943501042
S1-892015074	S2-971836366,S3-252979260
S1-824906869	S3-807909465
S1-369058465	
S1-213269363	S2-696010225
S1-505683835	
S1-890634836	
S1-239172760	S2-89171814,S2-514359320,S2-52433956,S2-39330641,S2-784152278,S2-442014224,S2-502654460,S2-637659133,S2-194142349,S2-771438761
S1-674489666	S2-714547286,S2-200677689,S2-79491931,S2-209770909,S2-453235734,S2-89415894,S2-196256029,S2-685454162,S2-627478352,S2-558922608,S2-529222992,S3-270458079,S2-31174518,S3-168711428,S2-222068438,S2-885810218,S2-566230695,S2-206720044,S2-925323993,S3-155906008,S2-312459882,S2-4459955,S2-970587697,S2-50930276,S2-621899047,S2-806905532,S3-145598710,S2-915736148,S3-303645750,S2-127284995,S2-588536573,S2-216784937,S2-644216795,S3-120682093,S2-261526984,S2-116143022,S2-67059783,S2-107354533,S2-645789542,S2-151698256,S3-232128141,S3-277967558
S1-628436260	S2-972302449,S3-550088801,S3-281859755,S2-718614739,S3-462281313,S3-70421847,S3-61466907
S1-488645480	S2-925313012,S2-957249564,S2-524568439,S2-303255071,S2-268624937,S2-718026766,S3-930493968,S3-273817340,S3-260483509,S3-671383119,S2-534608085,S2-365277529,S2-738999755
S1-862352890	S2-266453007,S3-606208274,S2-329950596,S2-739268969
S1-734467842	S2-871854496,S2-965599933,S2-45390382,S3-591424381,S3-834118895,S3-670725271,S2-506446243,S2-919980711,S3-471426706,S3-531772191,S3-640388162,S3-347049544
S1-12521080	S3-526536236,S3-491729276
S1-341378122	S3-392501269
S1-483140947	S2-898310685,S3-161130258,S2-249582358
S1-634204980	
S1-905986016	S3-228786309,S3-432171982,S2-214602663,S2-545290466,S2-951686383,S2-22753776,S2-20501230,S3-80188286,S3-81042269,S3-787888082,S2-951144909,S2-584532464,S3-636148024,S3-233305147
S1-351910100	S3-20382145,S3-322966136,S2-322399037,S2-583105633,S2-199382830,S3-873046404
S1-420103678	
S1-171223752	
S1-263994317	S2-185187345,S3-511814091
S1-837936483	
S1-609758235	S2-998129200,S3-586220689,S3-630331250,S2-537538217,S3-759403145,S3-108508219,S2-266396684
S1-328709395	
S1-528881275	S3-257531578,S2-179704279,S2-315290006,S2-769167036,S2-995835117,S2-338074040,S2-72953764,S2-901900501,S2-817192779,S2-809288718,S2-670022833,S2-982123017,S3-15984998,S3-391127130,S2-75388226,S2-79775360
S1-961941107	
S1-533761248	
S1-443107982	
S1-65340836	
S1-529179778	S2-411375476
S1-75818960	
S1-707035135	
S1-737685254	
S1-345107626	
S1-190510302	
S1-366101809	S2-697873807
S1-598605289	S2-277310540,S2-104345685,S2-663063541
S1-785336105	
S1-257800967	
S1-279145576	
S1-724177791	
S1-638324619	
S1-282089477	
S1-617270932	
S1-281356776	S2-981357596,S2-895376238
S1-29661695	
S1-279718509	S3-268797605
S1-365101576	S2-712615027,S2-87117732,S2-917000928,S2-695673508,S2-274900336,S2-823268149,S2-465092069,S2-499138211,S3-299041136,S3-410605071,S2-737450884,S2-308942961,S3-840962364,S2-203737730
S1-664964789	S2-600882335,S2-663499114,S2-594307303,S2-483890899,S2-766333269,S2-873947164
S1-72096030	
S1-267553252	
S1-88817160	S3-566739305,S3-487916872
S1-625390990	S2-624897198
S1-954000499	
S1-744220341	S2-15286067,S2-124599089,S3-725659286,S3-448240127,S2-314889422,S3-468561699,S2-479398027,S2-957770804,S3-361038699,S3-198463156,S3-511385451
S1-696431616	
S1-370065226	S3-767208176,S3-927256493,S2-493618692,S2-70073568,S3-324534683,S3-69889650,S3-344558612,S3-270035748,S3-613654684,S2-768724593,S3-570314281,S3-346018248,S2-174408214,S3-388211055,S3-838325124,S3-371004798
S1-468172551	
S1-737309522	S3-285037761,S3-5725561,S2-71986011,S2-596644847,S3-18321694,S2-885159502,S2-552147368,S3-918276229,S3-494996439,S2-599145689,S2-681124632,S2-917950531,S2-815713745
S1-623350674	
S1-733359223	
S1-741434603	S2-847545102,S2-2541134,S2-824017323,S3-677658327,S2-917642074,S2-387835176,S3-306621090,S3-882763400,S3-126723626,S2-182431985
S1-282339211	
S1-565604644	
S1-504285887	S3-417737010,S2-559164349,S3-868747452,S3-241584093,S3-414687226,S2-217729012,S2-481921379,S2-341670345,S3-74101237,S3-579034611,S3-432095328,S2-474955330,S2-755997041,S2-452261578,S3-197421206,S3-877349249,S3-54520023,S3-909604981,S2-221752221,S2-404336087,S2-49966674,S2-687434336,S3-695513280,S3-720175174
S1-577708501	
S1-439473619	
S1-346204963	
S1-543092731	
S1-920976104	
S1-857484364	S2-554485381
S1-462627347	S2-104221686,S2-25711010,S2-708420346,S2-694058507,S2-69218550,S2-128000220,S2-443493395,S2-759009408,S2-621540812,S2-168800957,S2-151659483,S2-68884874,S2-923353090,S2-513794686
S1-36237806	S3-459672618
S1-276717160	S2-917698035,S3-261935142,S3-678788683,S2-407033938,S3-779258178,S2-253264903,S3-108661380,S2-633697608,S3-884070059,S2-633012840,S2-369546644,S2-884019822,S2-616375372,S2-338411470,S2-582972507,S2-71958034,S2-495770952,S2-899044307,S3-275200479
S1-104104759	S3-37732874,S2-682037424,S3-619749173,S2-610791050,S3-799767993,S2-177515355,S3-694424144,S3-384023229,S2-246128597,S3-534413669,S3-600441546,S3-183135636,S3-428301742,S2-271168133
S1-493794660	S2-891702808,S2-928104404,S2-818215424,S2-382506114,S2-886947928,S2-939696371,S2-234430260,S2-496565147,S2-579951449
S1-144335241	
S1-656199802	
S1-321957566	
S1-211335835	S2-549632675
S1-942337153	
S1-736162578	S2-293609147,S2-751788773,S2-221406627,S2-206901220,S2-748833051,S2-346807682,S2-256781534,S2-330799164,S2-493820585,S2-688422676,S2-827160668,S2-389153195,S2-766597723,S2-380247355,S2-357528125,S2-876318509,S2-661128680,S2-301463166,S2-485708698,S2-353457949,S2-12781223,S2-475245312,S2-160980423,S2-160991833,S2-249745708,S2-225565512,S2-316793018,S2-125085360,S2-690943030,S2-577523774,S2-262782004,S2-734093127,S2-33885009,S2-293641074,S2-530639029,S2-746272377,S2-735153377,S2-774512583,S2-791711694,S2-105719821,S2-776722434,S2-333783469,S2-87690299
S1-986212462	S3-577534158,S2-679630809,S3-861713965,S3-956632616,S3-261387133,S3-353172975,S3-975856655,S2-252381546
S1-886434037	S3-720613818
S1-761930510	S2-721671070,S2-313682739,S3-229144142,S2-465266386,S2-262901182
S1-483210751	S3-153670200
S1-788351777	S2-59915065,S2-475131434,S3-129703405,S2-954978245,S3-251259889,S2-710701571,S3-285420226,S2-318339505,S2-689868320,S3-138996526,S2-457469985,S2-298418269,S2-997507194,S2-468893746,S2-642216293,S2-725402452,S2-912628595,S2-120848784
S1-821954516	
S1-766372261	
S1-331189951	
S1-676294630	S3-885604995,S3-557004556,S3-625320283,S2-183148156,S3-726417667,S3-733896145,S3-894155011,S2-656163918,S2-646456123,S2-297444928,S3-720383227,S2-221510261,S3-514581778
S1-618216324	S3-392639917,S3-473395195,S3-923138927
S1-327464495	S3-72121049,S3-574265635,S3-382774179
S1-251964703	
S1-650287907	
S1-222768762	S2-828407985,S2-644432152,S2-399373485,S2-502268839,S2-377323803,S2-810427397,S2-770310003,S2-591355094,S2-797243298,S2-259549417,S2-413044152,S2-706770439,S2-889754712
S1-571355356	
S1-746998714	S2-181737978
S1-734056507	
S1-556845820	S3-831295244,S3-647674398,S3-263141318,S3-270392217,S3-319671996,S2-41928307,S2-245240611,S3-804313488,S3-408912440,S2-5289448,S2-169912232,S3-569616183,S2-15543900,S3-53809857,S3-908979967,S3-395557291,S2-543688964,S3-601921645,S2-300508794,S3-657705458
S1-204405207	
S1-536413635	
S1-687832145	S2-244892384,S2-114298488,S2-630474947
S1-529619943	S2-243411521,S2-801871864,S2-386400269,S2-557031422,S2-923748842,S2-583957993,S2-158873837,S2-854329001,S2-201260997,S3-196044535,S2-331451033,S2-617895331,S2-278054919,S2-992010667,S2-415632592,S3-405894982,S2-685304224,S2-460136490,S2-699077779,S3-282965125
S1-194603851	S2-709096262,S2-781598713
S1-486296456	S2-559974705,S3-137917806,S3-414492627,S3-326302381,S3-389918335,S2-560132655,S3-605342473,S2-903049209,S2-754942901,S3-157596892,S2-815722986,S2-360752023,S3-885955026,S3-26028752,S3-439510301,S2-529448804,S2-165609636,S2-697000967,S2-456747868,S2-735994255,S2-496968693,S2-782424151,S2-108715695,S3-477444492,S2-160961809
S1-112583852	
S1-384141199	S3-694606410,S3-17663837,S3-829213012,S3-783997341
S1-633275137	
S1-148353436	S2-11107092
S1-246359905	S3-310157601,S2-776069830,S3-434682621
S1-39314330	S2-214571261,S3-827572362
S1-392214139	
S1-315325465	S2-666991378,S2-143993724,S3-864530888,S3-463513853,S3-349581143,S2-136620646,S3-183223647,S2-442325069,S3-330379193,S3-834175229,S3-733898897,S2-51857182,S3-545473374,S3-721824531,S2-194135937,S2-324753106,S2-746893763,S3-485597949,S2-58496948
S1-521384917	
S1-945077570	
S1-677712937	S2-294312668,S2-291136146,S3-286407057,S2-71587031,S2-828652360,S2-805316341
S1-814067260	S3-108390911,S3-332024783,S3-923287548,S3-247929179,S3-88806363
S1-135449605	S3-807330620,S3-697114422,S2-779949019,S2-947788745,S3-35392134,S3-915609930,S2-675529965,S3-540924099,S3-624623973,S2-851943890,S2-154028785,S3-147089797,S3-884116202,S3-623388983
S1-745839307	S3-37668346,S3-465908354,S3-910648354,S3-448240127,S2-15286067,S2-124599089,S2-950823454,S3-564043361,S3-277309835,S3-700782687,S2-496269313,S3-325178354,S2-314889422,S2-957770804,S3-511385451,S3-198463156,S3-361038699
S1-600088932	
S1-581017555	
S1-244890000	S2-742382566,S2-649375137,S2-790827591,S2-673257621,S2-661904810,S2-128018319,S3-792555001,S2-983682172,S2-56318955,S2-35994221,S2-323685279,S2-556300888,S2-28567375,S2-307050051,S2-405833229,S2-953161388,S2-162343418,S3-480402155,S3-445697950,S3-350383017,S2-255812773
S1-333434527	S3-555512753
S1-545790155	S3-296908218,S3-799022327,S2-519638715,S2-325467676,S3-460332133,S2-572137852,S3-751481508,S3-442274211,S2-992014189,S3-276494935,S3-17075789,S3-422941556,S3-21779223,S3-48813262,S2-796427198,S2-425050691,S2-214062600,S2-503764244,S2-780212058,S3-743980699,S3-559357908,S2-559253096,S2-342677139,S3-168484085,S2-323826312,S3-847615243,S2-309516610,S3-955129964,S3-289438453,S2-221510261,S3-514581778,S3-41931609,S3-749772964
S1-904102874	S3-328779703,S3-286243087,S2-750284553,S3-342298000,S3-346169948,S2-741086986,S2-812821306,S3-239097698,S3-994805311,S2-331457143
S1-458869341	
S1-389534645	S2-18988304,S3-187612854,S2-291452762,S3-160179530,S3-309808704,S2-639318328,S2-541774209,S3-589378521,S2-821902133,S3-528037598,S3-639930438,S3-7240308,S2-995342663,S3-755729504,S3-776498108
S1-424538610	S3-694608819,S3-610081481,S3-764866077,S3-793963193,S3-830839609,S2-933559287,S3-306633724,S3-654164056,S2-860957567,S3-623421323,S3-568630097,S2-4382573
S1-877799141	
S1-780893579	
S1-654544499	S3-403174457,S3-386730730,S2-867329621,S2-480949445,S2-234583493
S1-448521657	S2-516825007
S1-863833082	S2-310672201
S1-454760542	S2-505367959,S2-130892815,S2-407399533,S2-89683327,S2-667914100,S2-642352245,S2-543576173,S2-441079895,S2-510059627,S2-734523077,S2-316870431,S2-710179401,S2-736811668,S3-374217774,S2-94778253,S2-367521742,S2-136440016,S2-579437630,S2-967997351
S1-320243797	S3-385388341
S1-11008242	S2-175166551,S2-261423486,S2-556986084,S2-822663550,S2-927586314,S3-144398850,S2-430434644
S1-414487608	S3-579126025,S3-448332409,S3-205122166,S2-464640567,S2-56511355,S2-34159244,S2-372858191,S2-702591805
S1-828437606	
S1-42301056	
S1-187505343	S2-465307413,S2-894549426,S3-386821909,S2-921214043,S3-539670955,S2-227208356
S1-235380040	
S1-882835124	
S1-381056460	S2-933783130,S3-291419604,S2-948541260,S2-117787896
S1-259216366	S3-404718873,S2-322347770,S2-802806265,S2-627368384,S3-615290415
S1-496877090	
S1-19053820	S2-299308670,S2-822138810,S2-517431571,S2-531957948,S2-387743043,S3-789892802,S2-675538710,S2-113012956,S2-30694981,S2-578907472,S3-20704913,S3-86798127,S3-809227877,S3-801873331,S2-610973248,S3-496388310,S3-90911717,S2-488616813,S3-355435118,S3-204500551,S2-526646087,S2-585907636,S3-330334271,S3-341233928,S2-618359836,S2-280723888,S3-592931367,S3-394871297,S3-416377656,S3-827406302,S3-396194026,S3-260228746,S3-884917118,S2-675544372,S3-777715120,S2-117653388,S2-869259244,S3-933609743,S2-45687285,S3-751623989,S2-469197097,S3-907112736,S2-91757335,S3-463003681,S3-440148156,S3-130577960,S2-570942256,S2-191636199,S3-318812035,S3-899812702,S2-797832172,S3-379575854,S3-368914231,S2-523982887,S2-664338531,S2-195753628,S3-566083295,S2-818097853,S2-707955450,S2-951706721,S3-779020417,S3-85291620,S2-207714748
S1-661390886	S3-510445257,S3-160710413,S3-246816893,S2-91264226,S3-430703503,S2-471623340,S2-486765715,S2-986543343,S2-833349746,S2-334668563,S2-185370872,S2-372581729,S2-255262799,S3-16963268,S3-172516626,S2-672365176,S3-584163261,S3-955309634,S3-544736730
S1-434086049	
S1-371279768	
S1-681760987	S2-683707503,S2-702267609,S2-763669874,S2-310207219,S2-878595989,S2-590761669,S2-460398545,S2-318542048,S2-404768538,S2-241392070,S2-489795031,S2-487061741,S2-954673307,S2-760385237,S2-961584157,S2-545367345,S2-305315061,S2-250542021,S2-94979629,S2-347457758,S2-426049855,S2-847167076,S2-243902755,S2-735723416,S2-809184972,S2-380253303,S2-737243783,S2-321681577,S2-352403187,S2-191595068,S2-962691847,S2-863269535,S2-204923015,S2-755388476,S2-927388627,S2-558642920,S2-551907040,S2-241093078,S2-642922981,S2-675488315,S2-136595945,S2-85113215,S2-38509651,S2-266031212,S2-528819808,S2-14357592,S2-702609757,S2-267789880,S2-574546963,S2-533729771,S2-688263818,S2-202595061,S2-447701252,S2-785246908,S2-799021792,S2-312033050,S2-799647940,S2-359579050,S2-924091320,S2-960497500,S2-633078778,S2-671124898,S2-762254064
S1-630232982	
S1-720387027	
S1-111051089	S3-213739528,S2-45827508,S3-259432902,S2-772610471,S3-491998175,S3-938431606,S3-755455781,S3-142699000,S2-503138746,S3-911632855,S2-721521726,S2-485389932,S3-767422285,S2-152556006,S2-74590757,S3-496751065,S2-669407338,S2-315857532,S3-789801923,S2-965518878,S3-259228343,S3-182259104,S3-272495966,S3-392620860,S2-889343890,S3-123346767
S1-146406369	S2-794272150,S2-927377592,S3-290531826
S1-551878346	S3-932959420
S1-742878440	S2-196256029,S2-1268709,S2-415764238,S2-308833655,S2-955666537,S2-247556193,S2-912935602,S2-508589022,S2-359973210,S2-866696707,S2-105491843,S3-126527275,S2-73456354,S2-216766918,S3-153635228,S2-981262680,S3-107416819,S2-4459955,S2-560383408,S2-421583576,S2-621899047,S2-588536573,S2-261526984,S3-120682093,S2-216784937,S3-303645750,S2-127284995,S2-644216795,S2-116143022,S2-67059783,S2-107354533,S2-645789542,S2-151698256,S3-232128141
S1-832907659	S2-487982433,S2-104374098,S2-631468297,S2-6843168,S2-449269071,S2-216363771,S2-401142292,S2-557886280,S2-110999054,S2-573120083,S2-49669890,S2-171220932,S2-578558365,S2-531662579,S2-774080744,S2-288415631,S2-268426319,S2-185922453,S2-732472111,S2-449675768,S2-631117267,S2-65553137
S1-480479535	S3-135141537
S1-209922971	S2-625411537,S3-160179530,S3-187612854,S2-734171936,S3-166059612,S3-502754423,S2-507191011
S1-337438640	
S1-232287879	
S1-124034271	
S1-664387167	S2-667289877,S2-373455256,S2-454250437
S1-694085192	S2-662012943,S2-704516263,S2-157443642,S2-388123985,S2-253950301,S2-198493039,S2-521711964,S2-254404079,S2-39869945,S2-57242208,S2-897581811,S2-659611183,S2-223805136,S2-415414139,S2-506710495,S2-647176030,S2-239094631,S2-127797648,S2-142131792,S2-165303940,S2-292703511,S2-277585286,S2-823529389,S2-466440305,S2-272800175,S2-758112627,S2-631109596,S2-762100715,S2-931109853,S2-379917486,S2-22164316,S2-266144148,S2-501117248,S2-26622075,S2-747224749,S2-867932680,S2-192675707,S2-201593768,S2-958761019,S2-596145832,S2-120022132,S2-282397555,S2-803156010,S2-496683615,S2-76729084,S2-478485264,S2-842709465,S2-250632157,S2-824648676,S2-9633590,S2-10239962,S2-24246960,S2-922587322,S2-911458577,S2-313984536,S2-329401703,S2-549341028,S2-176076467,S2-172134446,S2-862985378,S2-867098208,S2-782343040,S2-938297699,S2-759917947,S2-836747571,S2-525862775,S2-432341031
S1-108761292	S3-131983083
S1-925057409	S2-864301372
S1-213531654	
S1-196137389	S3-260077737
S1-185349777	S3-229522319,S3-523819923,S3-466055381,S3-464015374,S2-443062303,S3-596098288,S3-11427376,S2-230730449,S3-820313314,S2-80843964,S2-430355611,S2-624793890
S1-246462346	S2-713920891,S3-101007956,S3-158065263
S1-738889895	
S1-264312057	S3-195090372
S1-387241445	S3-564491162
S1-83336	S3-627053605,S3-853713832,S3-25224247,S3-812430134,S3-967583715
S1-31920944	S2-257082969,S2-806523322,S2-178524001,S2-176052921,S2-536060625
S1-934459964	
S1-767833721	S2-87232873,S2-705111203,S2-922575892,S2-183092653,S2-57057245,S2-108412128,S2-245146157,S2-853572898,S2-527245953,S2-487927714,S2-168670799,S2-110811145,S2-908510616,S2-481493872,S2-648362230,S2-686979274,S2-307972559,S2-316682952,S2-578945271,S2-923054166,S2-714406923,S2-31615763,S2-202866819,S2-502975737,S2-32510305,S2-227994730,S2-299820792,S2-590537855,S2-395762092,S2-307974036,S2-213622611,S2-134174164,S2-267907355
S1-952482355	S2-760021809,S3-110901361,S2-311344020,S3-833892751,S3-195525297,S3-534532524,S2-824062894,S3-268719500,S3-882461134,S2-141261386,S3-726394547
S1-91690148	
S1-56835737	
S1-991461248	S3-26551225,S2-588905380,S2-345016058,S3-266475281,S2-936667243,S2-62092247,S3-223861841,S2-896264951,S2-291635456,S2-394189263
S1-558003949	S2-473463063
S1-55679373	
S1-256650150	S3-704625096,S3-119477719,S2-794272150
S1-857215332	
S1-256100717	S2-777643384
S1-763758768	S2-736685411,S2-985644785,S2-685369008,S2-105706275,S3-118638715,S2-703158885,S2-595517508,S2-987611867,S2-350162455,S2-180134885,S2-422948650
S1-689430394	
S1-3732976	S2-96448046,S2-106548840,S2-827336204,S2-783247711,S3-555917902,S2-183197006,S2-561440512,S3-496817524,S2-441657360,S2-433749983
S1-4962711	
S1-169819530	
S1-177887676	
S1-520078089	
S1-523209408	S2-612110711,S2-374274364,S2-729826564,S2-949277488,S2-799840048,S2-627732345,S2-57340286,S2-835093454,S2-146963200,S2-19712848,S2-668302653,S2-911565635,S2-457489070,S2-54797206,S2-477076148,S3-112064429,S2-69184579,S2-397927479,S2-448514413,S2-232575239,S2-337192874,S2-841383785
S1-278626482	S3-670869662,S2-413451854,S2-804592135
S1-512069001	S3-773998034,S2-721623614,S3-492559728,S3-800871230,S3-313851272,S2-541527115,S2-938981958,S3-996184187,S2-642054358
S1-119279828	S2-560522659
S1-162875698	S2-53644871,S3-404810118,S3-508059482,S2-267819014,S2-776443037,S2-241859982,S2-643237198,S2-716299756,S2-876257363,S2-581211896,S2-164945569,S3-310034308,S2-121758824,S3-140729962
S1-6414300	
S1-692199159	
S1-212629838	S3-131480798,S3-909641187,S2-425246226
S1-942301043	
S1-508896438	S2-305182643
S1-981095974	S3-358641430,S3-545272530,S2-227057768,S3-32572135,S3-299514267,S3-561406300,S3-295712819,S2-406167797,S2-980958625,S2-406082564,S2-954021346,S2-323646922,S2-694645973,S3-184294900,S3-441850763,S2-622356959,S2-476099473,S2-781645519,S2-433749983,S2-280020567,S2-28073821
S1-563661207	
S1-44090099	S2-650351168
S1-269334688	S3-665665850,S3-762395830
S1-971788456	S3-689718529,S3-536838079,S2-192369198,S2-840865826,S2-157592690,S2-795638645,S3-348355665,S2-644645728,S2-566147672,S2-757559318,S2-238661101
S1-331839088	
S1-203575952	S2-961042632,S3-794805480,S3-605831427,S3-140295739,S3-623860787
S1-136767225	S2-302390708,S3-994119832,S3-18321694,S2-917950531,S3-280117973,S3-5725561,S3-516822626,S2-681124632,S2-599145689,S3-16955570
S1-937631159	S2-426042460,S2-554916492,S2-187911680,S3-160371938,S2-260668580
S1-440103564	S3-606304347,S3-215616814,S2-960601824,S3-853087291,S3-606580559,S2-750522226,S3-769261395,S3-970670252,S2-892017143,S2-160699556,S3-409435933,S3-716469844,S3-309264131
S1-220020462	S3-153591008,S2-50007164,S3-126723626,S2-136578606,S2-998024445,S2-872859405,S2-6835123
S1-742199402	
S1-847883289	
S1-17615061	
S1-691291923	
S1-296273640	S2-614417864,S2-415888226
S1-610533884	
S1-112762254	S2-530741887,S3-558428904,S3-882783617,S3-511814091
S1-736499135	S2-658605012,S2-869512672
S1-361268532	S3-667168392,S2-465057459,S3-803815284,S3-489344542,S2-303484263,S3-40060015,S3-693454629
S1-216930107	
S1-85642586	S2-890356499,S2-204884431,S2-27778719,S2-963030850,S2-269354098,S2-21301263,S2-714886944,S3-923398544,S2-729353907,S2-59119022,S2-957151232,S3-205866527,S3-976655573,S2-425426000,S3-323586841,S2-534058563,S3-693312308,S3-39030571,S2-694527415,S2-538622227,S2-320094198,S2-835790118
S1-638922585	
S1-156139015	
S1-426398632	S3-542279277,S3-497151430,S3-444227012
S1-324353196	
S1-788325700	S2-283959131,S3-914224604,S3-821285475,S3-107705008
S1-242199364	S3-523288598,S3-990769794,S3-835925550,S3-959122295,S3-900886274,S2-25014899,S3-456245587,S3-728334887
S1-103976249	S3-564751097
S1-917590063	
S1-753671400	
S1-362400629	S3-237380557,S2-381366101,S2-907718698,S2-642731145,S2-145734274,S2-859384142,S2-487792185,S3-111630818,S2-611424449,S3-337100040,S2-767527218,S2-866222093,S2-709754090,S2-455329298,S2-271889884,S3-234746377,S2-880969832,S2-47203536,S2-140501584,S2-660919960,S2-980146537
S1-846771019	S2-257669882
S1-920281796	
S1-846258254	
S1-455534410	
S1-951545232	S3-141596053,S3-974584752,S3-786361228,S2-163849736,S3-858779037,S3-887861415,S2-365337662,S3-291725492,S3-914714358,S2-833875988
S1-807405756	
S1-203925563	S3-156787797,S2-184742439,S3-440132454,S2-768724593,S2-571585757,S2-70073568,S3-301206769,S3-741699431,S3-106431656,S2-716920209,S3-691861172,S3-157187789,S2-605794219,S3-468714759,S3-472352547,S3-481954813,S2-96933811,S2-210983158,S2-976022658,S3-773543357,S3-838325124,S2-174408214,S3-388211055,S2-309036642,S3-41369159,S3-828565760,S3-346018248,S3-952448125,S3-768306829
S1-743857557	
S1-596555182	S3-639741855,S2-283018727,S3-395993069,S3-699157036,S3-978821291,S3-743950165,S3-68560638
S1-900945148	S2-83663810
S1-200376709	
S1-643663550	S2-422948650,S2-735671818
S1-627864371	S2-492412191,S2-600366423,S2-467040429,S2-374553011,S2-800928359,S2-46296071,S2-310513454,S2-831078043,S2-709904284,S2-238771661,S2-56351504,S2-544407287,S2-67897371,S2-208571893,S2-13845021,S2-68683284,S2-417935355,S2-825821003,S2-176203280,S2-853676532,S2-85559200,S2-276796872,S2-444539985,S2-317312863,S2-801348645,S2-896841770,S2-591920400,S2-317736419
S1-934057900	
S1-869167635	
S1-886852861	S3-99633084,S3-540007557,S3-564690058,S3-190718269,S2-751315288,S3-141114669,S2-839324736,S3-254753642,S2-658462428,S3-88565822,S3-412175144,S2-704766324,S3-339124027,S2-123998332,S3-856521630
S1-214432606	S3-165990614,S3-497151430,S3-542279277,S3-595594146
S1-418025284	
S1-119262573	S3-222947148
S1-766044750	
S1-895910464	
S1-635135366	
S1-585796364	
S1-925783039	S2-517291332
S1-418896338	S3-73669125
S1-691331021	
S1-198783696	
S1-198026451	S3-420793339,S2-147305924,S3-328149806,S2-718650880,S3-732654838
S1-699452087	S2-81672640
S1-352623064	S2-904370124
S1-106653705	
S1-430842276	S3-674560521,S2-302804673,S3-578599290,S2-857332064,S3-353172975,S3-956632616,S3-861713965,S3-261387133,S3-975856655,S2-277282216
S1-561314507	
S1-26171900	
S1-861499657	
S1-32061798	S2-616375372,S2-633012840,S2-71958034,S2-633697608,S3-261935142,S2-884019822,S2-582972507,S3-275200479,S2-407033938
S1-669182921	S2-44441743,S2-136894372,S2-661691163,S2-449123110,S2-606085469,S2-2169667,S2-454801715,S2-293365442,S2-35761716,S2-442039563,S2-598228240,S2-720201856,S2-260426871,S2-312057229,S2-344142885,S2-579157671,S2-196529174,S2-848793642,S2-501200909,S2-512297695,S2-250583864,S2-439172085,S2-187378635,S2-842834677,S2-261880225,S2-428253338,S2-384986812,S2-332016410,S2-715162081,S2-591032606,S2-727306054,S2-71670232,S2-405701199
S1-39457179	S3-514936285
S1-961928336	S2-297694758,S3-923672108,S3-164756751,S2-605161965
S1-23124190	S2-303643922
S1-105632026	S2-923422723,S2-347502472,S2-113599171,S2-667289877,S2-427952917,S2-373455256,S2-454250437
S1-38402575	S2-913236519,S3-143366416,S3-746108894,S2-228042383,S2-58687980
S1-774070269	S3-242605314,S3-233662492
S1-630482653	S3-36092305,S2-721623614,S3-313851272,S3-800871230,S2-541527115,S3-492559728,S3-63221944,S3-84185244,S3-837134111,S2-938981958,S2-483386641,S3-146017478,S3-695354444,S3-709667052,S3-664095411,S2-784475810
S1-402994011	S2-537526893
S1-144718195	S2-516317754,S2-219134396,S2-405121183,S2-997475542,S2-367061009,S2-151590877,S2-909900207,S2-22239028,S2-647376582,S2-16229478,S2-400381490,S2-230791292,S2-676009448,S2-362760511,S2-441057858,S2-43461296,S2-821272890
S1-740722282	S2-671611509,S3-251774684,S3-579126025,S3-448332409,S3-93936078,S2-464640567,S2-34159244,S2-702591805
S1-661315962	
S1-137682774	S2-374274364,S2-729826564,S2-117015725,S2-890217174,S3-169074124,S2-54797206,S2-477076148,S3-112064429,S2-69184579
S1-221384458	S2-255366297
S1-815285897	S2-593130518,S3-886851399,S2-690739541,S2-704766324,S3-141114669,S3-339124027,S2-123998332
S1-599925641	S2-270422330,S3-307895178
S1-114928580	
S1-124312817	S2-224833729,S2-881799150,S2-594884237,S2-394116370,S2-37136574,S2-834822493,S2-574600665,S2-467424733,S2-970634212,S2-641083418,S2-980609185
S1-439534834	S3-670177892,S2-490706418
S1-435201324	S3-454068852,S2-463684032,S3-243628504,S2-74111182,S3-120427011,S2-852007199,S3-12744470,S3-735248928,S3-613298421,S2-179063295
S1-32757469	
S1-937127907	S2-711285799,S3-596992111,S3-582981191
S1-223128051	
S1-504633584	S2-871854496,S2-965599933,S2-45390382,S3-591424381,S3-670725271,S3-834118895,S3-148601342,S2-506446243,S2-919980711,S3-347049544
S1-415723660	S3-678317256
S1-902269591	
S1-16795630	S2-268561286,S2-703113372
S1-290187706	S3-632542922,S2-429636505,S2-421533284,S3-377934978,S2-499216552
S1-500351518	S3-765034062,S2-223699005,S3-395727440,S3-600206503,S3-921416879,S2-88095298,S2-480567192,S2-74956496,S3-967445276,S2-399293215,S2-237410296,S3-412881978,S2-679168925,S3-800606849,S2-934046353,S3-93165393,S2-908905682
S1-45964697	
S1-382018301	
S1-900223558	S3-618582924,S3-609989467,S3-151484250,S3-455206440,S3-338129967,S2-5314354,S2-531836729,S2-622743913,S2-331344052,S3-934107768,S2-716229167,S2-837732710
S1-143099585	
S1-942275093	S2-779359741,S3-563312993,S3-679473643
S1-48241570	S3-753730458
S1-662240822	
S1-795245610	
S1-517915853	
S1-918589311	
S1-479190496	S3-433950580
S1-502391969	
S1-593273854	S2-155048426,S2-83867976,S2-651931697
S1-664239711	S3-762734097,S3-522854255,S3-618405076,S3-282609700,S3-667168392,S2-702200396,S3-787571544,S2-214159361,S3-468721960,S2-643884456,S2-67619299,S2-211382724,S3-40060015
S1-67160153	S2-126579829,S2-185815139,S2-488508794,S2-880963141,S2-926583934,S2-903585413,S2-374553011,S2-56351504,S2-427709208,S2-874542026,S2-208571893,S2-67897371,S2-13845021,S2-290349096,S2-544407287,S2-801348645,S2-260791980,S2-68683284,S2-845782082,S2-265025544,S2-802598582,S2-790352757,S2-32232859,S2-303695550,S2-873167117,S2-272129669,S2-831078043,S2-317736419,S2-863750296,S2-181812335,S2-74121857,S2-721917107,S2-390913843
S1-324441012	
S1-480806934	S2-201789580,S2-550290248,S2-595057704,S3-415432962,S2-803130729
S1-125513434	
S1-422006769	S3-426047142,S3-511423182,S2-19788659,S2-671293655
S1-273767878	
S1-328196988	
S1-410902109	S2-809288718,S2-805021648,S2-543031348,S2-100085632
S1-527378599	S3-222407794,S3-11513242,S2-10469723,S3-474572936,S2-905292715,S2-916653395,S2-535054656,S2-85982908,S2-174204912,S3-251031573,S2-456831975,S2-915224854,S2-623078844,S2-570004405,S2-769150189,S3-549928175,S2-758264288
S1-126331601	S3-772124412,S3-718739713,S3-986314771,S2-131484951,S3-842213768,S2-342784002,S3-383358016,S3-586516002,S2-809642840
S1-786081971	S2-278264656
S1-834751356	
S1-809315545	
S1-734312688	S2-355105041,S3-557296941,S3-470091526,S2-433282618
S1-158768870	
S1-304386686	S2-836628836,S3-170147207,S2-611424449,S2-9533693,S2-45933570,S2-552283792,S2-880969832,S2-47203536,S2-140501584
S1-421621385	S3-323776336
S1-144339143	S2-735319768
S1-566146835	S2-400437689,S3-153855948,S2-67023339,S2-392454021,S2-103845104,S3-279125295,S2-717930126,S2-310130089,S2-420647716,S3-950494539,S3-145205935,S3-173469938,S3-648835457,S3-388848,S2-875948581,S2-198437520,S3-509376478,S3-418637575
S1-365341299	
S1-635466493	
S1-832983427	
S1-83311103	S2-10524047
S1-520682975	S3-549464739,S2-169205992,S2-588813869,S2-520134266,S3-156410949,S3-260987183,S3-43493176,S3-321646468,S2-480408486,S3-17712032
S1-827255762	S2-350848602
S1-105870348	
S1-550990735	S3-196854838
S1-332410345	
S1-514423627	S2-949722129,S2-973242032,S2-10091607,S2-350947983,S2-511784959,S2-790370274,S2-34617403
S1-500841209	
S1-195228372	S3-404718873,S2-487562835,S3-9820592,S2-124272862,S2-802806265,S2-821742025,S2-627368384,S3-48911053,S2-858227574,S3-148513444,S3-474095056,S2-895279854,S3-315601276,S3-157803012,S3-615290415,S2-178124786
S1-108888770	S2-20213851,S2-331873332,S2-92322579,S2-771746663,S2-260117127,S2-38827079,S2-122201731,S2-108572031,S2-493611809,S2-68748027,S2-163395991,S2-474308490,S2-923500757,S2-631977552,S2-164999379,S2-291644849,S2-75217079,S2-560955461,S2-816684193,S2-272609403,S2-405105351,S2-454352954,S2-234699109,S2-788354095,S2-213277943,S2-716987982,S2-502816364,S2-857262168,S2-232161676,S2-342987051
S1-522371488	S2-343079622,S2-870472102,S3-219120352,S3-196854838
S1-150454257	S2-185817172,S2-281480389,S3-270872790,S2-426884986,S3-217402145,S3-663304881,S3-545121530,S3-933740186,S2-719688678,S3-799200363,S3-898653623,S3-329286005,S2-407587811,S2-788753908,S2-719509241,S3-79268114,S3-514886597,S3-238707572,S2-614188293,S3-448283785,S2-982837782,S3-392239540,S2-68221768,S3-517676150
S1-54407109	S3-424040878
S1-991244095	
S1-849406830	S2-540697109
S1-755536860	
S1-377445860	
S1-78868424	S2-319111183,S3-527850482,S3-374146995,S2-874381425,S3-214895833,S2-847915218,S2-111395931,S3-225910780,S3-901176774
S1-862304378	S3-962149411
S1-388665095	
S1-120904830	S2-140885747
S1-814387751	
S1-311065359	
S1-168707566	
S1-332238776	S2-454075545,S2-592231891
S1-622106291	
S1-218059706	S2-518485300
S1-995135794	S2-553214074,S2-531110624,S2-155382265,S2-697707994,S2-987611867,S2-745343841,S2-422948650,S2-350162455,S2-180134885,S2-810408355
S1-695757770	S2-341466861,S2-853676532,S2-276796872,S2-176203280,S2-417935355,S2-673484192,S2-523327120,S2-74121857
S1-539840689	S2-21458643,S3-24277781,S3-703091021,S2-450503447
S1-102769539	
S1-142515068	S2-407399533,S2-132599993,S3-271129383,S2-258646763,S2-574102185,S2-515520487,S2-126199235,S2-132712589,S2-548309634,S2-86842547,S3-352410333,S2-129560643,S2-355048421,S2-136440016,S2-579437630
S1-846028981	S3-363878709
S1-855895108	S2-591072126,S3-167377812,S2-229623554,S2-474701239,S2-567794297,S3-203075051,S2-486548125,S2-434030717,S2-443569378,S2-827562037,S2-515455468,S2-365423335,S2-509263936,S2-606180401,S2-287070307,S2-42083033,S3-173927581,S2-622708487,S2-197313638,S2-642724697,S2-249089300,S2-274016803,S2-634827026,S2-564339943,S2-432748864,S2-867895022,S2-104864084,S2-288059941,S2-502895218,S2-372053666,S2-140356701,S2-849344522,S2-28118964,S2-890489803,S2-642972921,S2-382752962,S2-238755955,S2-837814248,S2-73071682,S2-202879489,S2-552735005,S2-73818758,S2-959857244,S2-945825051,S2-200825989,S2-954592046,S2-969988349,S2-505350614,S2-659497021,S3-11843669,S2-635943426,S2-755090621,S2-613136557,S2-983373644,S2-939380590,S2-109369657,S3-123006873,S2-815200666,S2-149814690,S3-107458151,S2-696710395,S2-823977498,S2-832470668,S2-8945388,S2-975264550,S2-573329237,S3-19823878,S3-149914538,S2-815153661,S2-170074927,S2-322707527,S2-348708726,S2-734742378,S2-233627884,S2-617545700,S2-686178910,S2-878747483,S2-878438208,S2-743228187,S2-385367026,S2-548904273,S2-359111101,S2-509877065,S3-106987532,S2-881483132,S2-391543557,S2-33142941,S2-455456848,S2-778256508,S3-134804715,S2-985670014,S2-975011984,S2-159274266
S1-384957255	S2-297260264,S2-600238415,S3-555103400,S2-83687337,S2-461299423,S2-472773826,S3-155460481,S3-358064403,S2-973942358,S2-793059576,S3-734803586,S2-421580601,S2-56718609,S2-968378535,S3-891128175,S3-446646199,S2-936362400,S2-125933367,S3-637074853,S3-740556539,S3-924945688,S2-819016749,S3-910739621,S3-171554429,S2-39616499,S2-409650317,S3-973793602,S2-544251006,S3-494261725,S3-156988293,S2-417636194,S2-789230397,S3-901172189,S3-353843861,S2-821303062,S2-131514393,S3-310070871,S3-288296445,S3-432419568,S3-858432195,S3-363402564,S2-93795972,S3-60271360,S3-313816506,S3-300971891,S3-239180711,S3-205863428,S3-225383131,S2-116779716,S3-857101800
S1-347171620	S2-591010591,S3-963869226,S2-133668836,S3-794169569,S2-379029879,S2-513249146,S2-512297262,S2-434320818,S3-295909513,S3-917536794,S3-635454624
S1-360419883	
S1-150260513	S2-195926808,S2-425994526,S2-614973065,S2-441958415,S2-170049056,S2-480211325,S2-43668840,S2-853150438,S2-454693032,S2-504114659,S2-16084621,S2-638808587,S2-312118854,S2-390718499,S2-412721392,S2-840460951,S2-365215605,S2-191787466,S2-387115807,S2-224657764,S2-404068444,S2-37188246,S2-443243519,S2-631129240,S2-621507101,S2-814175083,S2-578549018,S2-716039525,S2-662994229,S2-147249120,S2-667894370,S2-142118560,S2-180106844,S2-687703368,S2-267104830,S2-657965848,S2-153346136,S2-107694723,S2-54191862,S2-46545150,S2-73428582,S2-753477773,S2-385361061,S2-262413466,S2-736585370,S2-569438165,S2-431435374,S2-523304160
S1-783546194	S3-886297878
S1-488863775	
S1-354470254	S3-923398544
S1-319645269	
S1-21376915	
S1-627160847	
S1-890545138	
S1-180583972	S2-480401746,S3-383057808,S3-348550473,S3-331075789,S3-185183560,S3-125440026,S2-726553818,S2-707950106,S2-981318822,S3-221190280,S2-367013531
S1-228678189	S3-122250540,S3-780469457,S3-465908354,S3-910648354,S3-37668346,S3-971277101,S2-492007733,S3-198463156,S3-511385451,S3-361038699
S1-349883961	S2-790105165
S1-382234885	
S1-568670890	S3-383918052,S2-344763798,S3-148551562,S3-356436984,S3-32231515,S2-282480521
S1-981319832	S3-657154832
S1-335392403	S3-465057574,S3-102490869
S1-230395971	
S1-657183316	
S1-108551334	S3-277082064,S3-400629166,S3-241584093,S2-929268186,S3-918047298,S2-223642696,S3-414687226,S3-412369534,S3-909604981,S2-264790811,S2-111157923,S3-359228059,S2-984958474,S3-79126484,S3-116797594,S2-877422389,S2-18555602,S2-956205296,S3-863854289,S3-682528511,S3-615404764,S3-181370008,S2-667339539,S3-877349249,S3-342987902,S2-234583493,S3-554209530
S1-582370039	
S1-793851082	S2-558737404
S1-377357921	
S1-112860356	S3-836954156,S3-665555605,S3-6484481,S2-293378483,S3-462649864
S1-728032080	S2-394066113
S1-594308816	
S1-662343149	
S1-825168376	
S1-643422361	
S1-432351164	S3-125440026,S3-348550473,S3-383057808,S3-185183560,S3-331075789,S2-367013531
S1-132568685	
S1-648145659	S3-989338219
S1-732582649	
S1-473087834	S2-755802094,S3-225438520
S1-570361411	S2-835508538,S2-547509575,S3-212210462,S3-538116434,S3-221900535,S3-182707711,S3-375025626,S2-849572392,S2-181737978
S1-901210153	S2-345436931,S3-693017254,S3-508654609,S3-439732123,S2-213677366,S2-155568776,S3-712654785,S3-802082874,S2-200492834,S3-825770691,S2-196620491
S1-811491785	
S1-508273585	
S1-338822986	
S1-759372821	
S1-307682447	S2-231622146
S1-316907323	S2-199402050
S1-369553183	
S1-927386238	
S1-623439991	S2-774948616
S1-930259999	S3-591966446,S3-753948572,S3-679473643,S3-563312993,S2-936659170,S3-409564477
S1-344907589	
S1-739331292	S2-247112732,S3-101707438,S3-915031925,S2-634234827
S1-159288198	
S1-827516507	S2-798676930,S3-374469938,S3-828206510,S2-196448014,S3-952220644,S3-445104888,S3-41294756,S3-990301977,S2-514348383,S2-97953505,S2-736616474,S2-215874169,S3-925631694,S2-419007959,S2-661147431,S3-948731453,S2-194902302,S3-231412481,S2-121416707,S2-740644864,S3-339804248,S2-876845419,S2-946547363,S3-793817926,S3-881118027,S3-981519729,S2-680265918,S3-461175723,S3-433362289,S2-655940727
S1-630354801	S2-48911569,S3-613981895
S1-685350597	
S1-249685841	S2-73842232,S2-81732840,S2-73307398,S2-259536191,S2-80213246,S2-62985727
S1-555957831	S3-207565374,S2-685981766,S3-231652668,S3-328149806,S2-700479514,S2-851729280,S3-199976141,S3-129125389,S3-732654838,S3-622740743,S2-458816625,S2-330309427,S2-982541967
S1-507861657	S2-579157671,S2-323819437,S2-326079630,S2-140526794,S2-723163255,S2-742328277,S2-293365442,S2-37090025,S2-156246102,S2-628078119,S2-233010987,S2-780902159,S2-812183,S2-715162081,S2-829184987,S2-327426931,S2-454801715,S2-545606373,S2-501200909,S2-805464775,S2-847780584,S2-14290577,S2-848793642,S2-12575492,S2-288977263,S2-244185385,S2-842834677,S2-512297695,S2-649479648,S2-716671411,S2-372363817,S2-428253338,S2-645819700,S2-332016410,S2-591032606,S2-727306054,S2-71670232
S1-359908548	S2-811093359,S2-883781994,S2-111294773,S2-102275356,S2-904034500,S2-447002728,S2-967361395,S2-671882514,S2-644067593,S3-135742213,S3-162291748,S2-38562654,S2-159196486,S2-406758246,S2-221973888,S2-146963200,S2-625514721,S2-864088754,S2-530678102,S2-987205319,S2-543152568,S2-973262582,S2-54797206,S2-477076148,S3-112064429,S2-69184579,S2-397927479,S2-448514413,S2-232575239,S3-126939583,S2-337192874,S3-125843914,S2-841383785
S1-581924464	S3-728963351,S3-853222279,S3-557296941,S2-355105041,S2-46248579
S1-88725839	S3-116946802,S3-386289381,S2-754962180
S1-341137832	S3-131370556,S3-100281171,S2-951872715,S3-97056794,S3-54506026,S2-998716769,S3-239724885,S3-344441552,S3-637311800,S2-460654776,S3-205708542,S2-955350482,S3-28949377,S2-908443074,S3-434120288,S2-364682019,S2-607927808,S3-931326875,S3-628886198,S3-829652692,S2-252296172,S3-691530908,S3-709468636,S2-7842667,S2-10223294,S2-41724756
S1-428406155	S2-229886429,S2-593366278,S2-658744822,S2-644926234
S1-197764110	
S1-913306799	
S1-104540583	S2-909615337,S2-88858185,S2-387259426,S2-836323092,S2-285248484,S2-39971888,S2-673883233,S2-568635283,S2-166561956,S2-125086919
S1-346903037	S2-606002887,S2-279955992,S3-485092436,S3-811359647,S3-695744748,S3-276650556,S3-864397669,S2-781836094,S3-141493239
S1-441451250	S3-899842778,S2-214232249,S2-738803386,S2-68943153,S3-705552275,S2-66230964,S3-173704224,S3-133193656,S3-892943629,S3-155580259,S2-894507257,S3-243145394,S2-270557769,S3-864250664,S2-985423890,S3-790228084,S2-362616396,S3-751490941,S2-158041620,S3-237674640,S2-651659942,S3-210288625,S3-629460525,S3-98316038,S2-584490670,S3-86784468,S3-603701581,S2-436792171,S2-597637194,S3-142423867,S3-635854646,S2-924585907,S2-792793898,S2-429161047,S3-708077389
S1-210342540	S3-779693282,S3-471820015,S3-747100244,S3-105509027,S3-564491888,S3-742429916,S2-730975484,S3-550108327,S3-711377319,S3-29055209,S3-277063820,S3-294797766
S1-682877189	
S1-661997002	
S1-669660916	S3-629476491
S1-80616247	S3-495934611,S2-512800611,S2-915721206
S1-531155923	S3-173327469,S2-517992141,S2-869184613,S2-526717564,S2-455242515,S2-697967787,S2-848250649,S2-359549629
S1-215910600	S2-712132668,S2-710029606,S2-678492868,S2-606698875,S2-173929663,S2-766502564,S2-718484609,S2-84633951,S2-309046974,S2-556484159,S2-116847534,S2-712922114,S2-664523981,S2-4398038,S2-578922865,S2-559208649,S2-466665851,S2-471140449,S2-591083111,S2-320212810,S2-355057676,S2-631842884,S2-641697413
S1-476195607	S2-186101057,S2-853892875,S3-304569563,S3-657195699,S3-296676455,S2-223119135,S3-615557105
S1-477242620	S3-249816294,S2-855000063
S1-476022166	
S1-381485646	S3-843686319,S2-851498372,S2-783110346,S3-28735712,S3-792014704,S2-689863443,S3-684410514,S2-393105340,S3-36964922,S3-386549741,S3-990664873,S3-632494315,S2-359183690,S3-184155037,S2-153563086
S1-803940269	
S1-571115458	S2-179975208,S2-939570448,S3-262305894,S2-380775955,S2-36224575,S2-243223168,S2-123026241,S2-241048334,S2-143323101,S2-868936270,S2-842901038,S2-332127380,S2-737527294,S3-222768176,S2-292335754,S2-310363563,S2-264627962,S2-896587297,S2-788599727,S2-766696884,S2-140142939,S2-513056805,S3-161130258,S2-359549629,S2-978339219,S2-845890525,S2-841621186,S2-237196627
S1-802567407	S2-320310711,S3-325071319,S2-159438122
S1-717204388	
S1-257839458	S2-478485264,S2-308189925,S2-916410267,S2-652307450,S2-802495761,S2-777621662,S2-758112627,S2-506710495,S2-823529389,S2-272800175,S2-379917486,S2-266144148,S2-186631899,S2-15045692,S2-642883743,S2-908424011,S2-830207692,S2-26500789,S2-912528411,S2-663490785,S2-938297699,S2-549341028,S2-974804313,S2-860073448,S2-782343040,S2-759917947,S2-525862775
S1-622939145	
S1-64966742	S2-899215861,S2-417890812,S2-749532067
S1-16541529	S3-676538371,S3-480682146,S2-857969707,S3-375025626,S3-221900535,S3-182707711,S3-538116434,S2-518047487,S2-587403713,S2-908085652
S1-207259588	
S1-474480957	
S1-73968355	
S1-299453262	
S1-832345756	S3-299723803
S1-718542441	S2-200209700,S3-29809973,S3-357954701,S2-778011611,S2-572824208,S2-431236803,S2-642742876,S2-365669201,S2-296107821,S3-206645778,S2-937183508,S3-287780537,S2-761505735,S2-457908973,S3-352806243,S3-257338765,S3-19039717,S2-307208042,S2-866510554,S2-426685250,S3-103890912,S3-218693874,S2-7689463,S2-329459630
S1-980596584	
S1-171983883	S2-37689317,S3-115218826,S2-803758964,S2-427913641
S1-805104360	
S1-111065528	S3-520248667,S2-475496795
S1-420536902	
S1-496138803	
S1-657270420	S2-181544289
S1-759691517	S3-270392217,S2-41928307,S2-121128782,S2-549912273,S2-496688936,S3-831295244,S3-263141318,S3-319671996,S2-630902288,S3-647674398,S2-177548406
S1-589067925	S2-117220312,S3-116671839,S3-448122645
S1-896330970	S2-429915084,S2-452262287,S2-815284668,S2-597904952,S2-168346428,S2-262651627,S2-903338907
S1-902292681	
S1-238319738	S2-795066184,S2-724252066,S2-269185203,S2-148311620,S2-494645065,S2-752010519,S2-637116804,S2-431888193,S2-817995760,S2-677988513,S2-624599782,S2-39332977,S2-564943805,S2-521142265,S2-633353088,S2-577750821,S2-426370413,S2-60616924,S2-480000887,S2-262153071,S2-280206767,S2-606698875,S2-766502564,S2-749791176,S2-399309203,S2-631842884,S2-320212810
S1-506019440	
S1-972728599	
S1-223097022	S3-996089425,S2-977311792,S3-340540050,S2-544914267,S3-500943079,S2-757559318,S3-650143209
S1-625772184	
S1-134701923	S3-659628079,S3-570333536,S3-412358785,S2-937311694,S3-887253371,S3-867932250,S3-170658507,S3-403473111
S1-653172248	S3-494488267,S2-174467480,S2-948667755,S2-953146928,S2-713347310,S2-78129831,S2-850453737,S3-286238001,S3-221554836,S3-515941798,S2-318943995
S1-339554923	S2-943959244,S3-742740500,S2-520034696,S2-380850491,S3-782336491,S2-929086167,S3-264465394,S3-435188247
S1-655510329	S2-832036847
S1-126740965	
S1-58259520	S2-502940540
S1-989125871	S2-82411283,S2-905283580,S2-122708518,S2-810225542,S3-702321300,S2-923166461,S3-853122805,S2-715269727,S2-996988790,S3-894647248,S3-297730787,S2-959222909,S2-336904477,S3-958518076,S3-526885599,S3-184670596,S3-572371871,S3-704627655,S2-405098297,S3-559360604
S1-421315715	S2-635794976,S2-720208255,S2-619659697,S2-862499672,S2-277076255,S2-885856886,S2-727004969
S1-566137077	S3-974464936,S3-322357019,S2-272671658,S2-668290291
S1-177844289	
S1-140882270	S2-210664687,S2-859608757,S2-262557078
S1-335316158	
S1-360776331	
S1-601781557	
S1-385411565	S2-308356608,S2-671770763,S2-518758704,S2-395019189
S1-499809025	S2-828783143,S3-806483823,S2-553339500,S3-17821895,S3-141792469
S1-42637588	S2-899215861,S2-701564478
S1-300609714	
S1-440889960	
S1-172850574	S2-283226714,S3-734292210,S2-487025480,S2-974660547,S2-181001955,S3-517974839,S2-156720517,S3-656229637,S3-822189650,S3-914897360,S2-87042728,S2-810116528,S2-839068515
S1-810141255	S2-654291956
S1-945793047	S2-375413024
S1-75809435	S2-27720962,S2-975774729,S2-126948973,S2-600093922,S3-772271474,S3-138929330,S3-995645222,S3-737853821,S3-942074772,S3-551087044,S2-399383464,S3-575424586,S2-472234834,S2-252448868,S2-296823562
S1-310017139	S2-49112391,S2-788047001,S2-778419554,S2-412056224,S2-357619712,S2-12781223,S2-435297365,S2-357528125,S2-235974265,S2-353457949,S2-256781534,S2-661128680,S2-162012421,S2-675822376,S2-80737444,S2-688422676,S2-715182049,S2-475245312,S2-827474500,S2-299665429,S2-876318509,S2-160980423,S2-87860786,S2-736970553,S2-551891249,S2-140293819,S2-672597497,S2-397696438,S2-385885387,S2-774512583,S2-241836868,S2-339186553,S2-402310965,S2-172946525,S2-134668428,S2-229969412,S2-50675000,S2-158628055,S2-771238859,S2-152912300,S2-791711694,S2-583046238,S2-105719821,S2-735153377,S2-776722434,S2-333783469,S2-87690299
S1-434647607	
S1-718073178	
S1-745775319	S3-188364302
S1-349554399	
S1-436247714	
S1-998953235	S2-679889252,S2-426879206,S2-571843034,S2-368289089,S2-720956641,S2-630794860,S2-361446452,S2-181784021,S2-481459118,S2-262651627,S2-849221201,S2-151053007,S2-480657989,S2-499246395,S2-385166201,S2-788294964,S2-643060476,S2-105233743,S2-126174774,S2-685466293,S2-415804091,S2-355470270,S2-34938129,S2-375239572,S2-230636555,S2-616455580,S2-168346428,S2-903338907,S2-549490617
S1-333304824	S2-721623614,S3-800871230,S2-541527115,S3-313851272,S2-418312172,S3-492559728,S3-411548568
S1-425938131	S2-517703696,S2-632872716,S2-989333417,S3-905136946,S3-741865575,S3-751271334,S3-83415792,S3-143130029
S1-551363317	
S1-892395333	
S1-282476481	
S1-91116287	
S1-242634825	S2-514957974,S2-776738316
S1-83210593	S3-492559728,S3-800871230,S2-721623614,S2-541527115,S3-313851272,S3-411548568
S1-627353378	S3-815283820,S2-918742078,S2-889343890,S2-45827508,S3-938431606,S2-669407338,S2-427580965,S3-38750610
S1-893733254	S3-945665595,S2-270187714
S1-216181354	S3-923287548,S3-623832380,S2-14994912,S3-520495088,S2-836224104,S3-518808841,S3-247929179,S3-88806363
S1-164121267	
S1-118084305	S2-361856323,S3-468572387,S2-161912487,S3-62438128,S3-111993759,S2-80935451,S2-43100722,S3-35384583,S3-428613622,S3-910113749,S3-885923100,S2-23891767,S3-85444836,S3-613806254,S2-207372895,S3-17896392,S3-367278060,S3-927552690
S1-103733388	
S1-687143677	S2-643923969,S2-610623372,S3-373418151
S1-92690219	
S1-874147929	
S1-861507912	
S1-64110137	S3-106258852
S1-865492250	S3-655998808,S3-141117823,S3-543607706
S1-373692986	S2-347998397,S3-360881798
S1-589284935	S3-692785747,S3-688784736
S1-558771841	S3-682638031,S3-135141537,S2-880771980
S1-263674098	S3-37668346,S3-910648354,S3-465908354,S3-194139699,S3-564043361,S2-208362849,S3-27302712,S2-496269313,S3-144807473,S3-870091529,S2-332337466,S3-506450147,S2-641537497,S3-700782687,S3-499489460,S3-511385451,S3-198463156,S3-361038699
S1-539090309	S3-317103907,S3-425985219,S2-488017303,S2-439516264,S2-182434901,S2-318396520,S2-383352610,S3-254788661,S2-896480105,S2-154011917,S2-280256459,S2-509600059,S2-598183625,S2-502156030,S2-844182544,S2-660344869,S3-24332842,S3-377007881,S2-474019814,S2-278503106,S2-440768344,S2-585634271,S2-546178397,S3-425756529
S1-156869488	
S1-824885867	
S1-258644838	S3-446643667,S3-131738908
S1-68201540	S2-531263075
S1-544803037	S2-202319827
S1-981904067	
S1-613359762	S3-485092436,S2-542152243,S2-483684222,S3-602324151,S2-186525369,S2-185841406,S3-563614967,S3-833164157,S2-925731310,S3-317276377,S3-979381521,S2-382864453,S3-74676298,S3-811359647,S3-695744748,S2-781836094,S3-276650556,S3-864397669,S3-335601989
S1-383125804	S2-723400957
S1-70279076	
S1-216986373	
S1-624396370	
S1-737635669	
S1-57396698	S2-475198331,S2-770141170,S3-14820683,S2-949197557,S2-487077035,S2-770593229,S2-182766241,S2-195400196,S2-713060861,S2-217264585,S2-272305216,S2-434082524,S2-735350191,S2-801335921,S2-375702479,S2-812264960,S2-861910827,S3-12143222,S3-223571173,S2-285204085,S2-994513834
S1-806533606	S2-664894396,S2-630233447,S2-821220273,S3-177814027,S2-276355156
S1-92067415	S3-40263781,S3-339542517,S2-7839581,S2-105326016,S3-443632315,S2-819196119,S3-258543142,S2-165210263,S2-832768156,S2-85285751,S2-575114504
S1-380580331	S2-224247815,S2-186918829
S1-735514240	
S1-169248106	S3-367555480,S2-259651163,S3-251363122,S3-381138437,S2-676408687,S2-260668580,S2-102340237
S1-406141864	S3-760436007
S1-811729588	
S1-5718747	S2-507101910
S1-839917608	
S1-380911362	S3-820478802,S2-309433805,S3-855546679,S2-484947063
S1-401850061	
S1-360139295	
S1-512634625	S2-738803386,S3-892943629,S3-133193656,S3-148162811,S3-899842778,S3-155580259,S2-894507257,S2-68943153,S3-705552275,S2-66230964,S2-214232249,S2-997136550,S3-173704224,S3-210288625,S3-629460525,S3-237674640,S2-362616396,S3-864250664,S2-651659942,S3-708077389,S2-429161047
S1-786169050	
S1-898630961	S2-13710991,S3-373016090,S3-629605968,S3-357412741,S2-865421646,S3-370011183
S1-695917325	S2-606085469,S2-2169667,S2-44441743,S2-661691163,S2-449123110,S2-720201856,S2-136894372,S2-293365442,S2-454801715,S2-260426871,S2-35761716,S2-598228240,S2-480126302,S2-312057229,S2-381461578,S2-585483606,S2-641514822,S2-642386828,S2-730852516,S2-628078119,S2-728291907,S2-847780584,S2-730014105,S2-16554760,S2-336328397,S2-742328277,S2-169193540,S2-774116008,S2-156170900,S2-596170464,S2-156246102,S2-753117007,S2-332016410,S2-715162081,S2-591032606,S2-727306054,S2-71670232,S2-405701199
S1-160619570	S3-111813286,S2-248303687,S3-809584156,S3-907633708,S3-724250452,S2-301863293,S3-142008218,S2-90980030,S3-207048255,S2-77701968,S2-984892830
S1-277658439	
S1-747125161	
S1-950541099	S2-847109921
S1-431652470	
S1-768341245	S2-267704559
S1-545582895	
S1-144979450	
S1-181290919	S2-349099978,S2-962691847,S2-741025029,S2-28337466,S2-829236363,S2-243902755,S2-128333098,S2-17798950,S2-23492265,S2-763669874,S2-961584157,S2-847167076,S2-767739635,S2-168213533,S2-702267609,S2-305315061,S2-419620946,S2-590761669,S2-845233642,S2-735723416,S2-404768538,S2-38509651,S2-487061741,S2-954673307,S2-760385237,S2-321681577,S2-601282438,S2-803603754,S2-596872651,S2-96000429,S2-520773188,S2-539648010,S2-737311826,S2-863284280,S2-43553563,S2-845078558,S2-413188374,S2-613234078,S2-440430990,S2-729709581,S2-88822054,S2-391090460,S2-43320510,S2-729198204,S2-350403374,S2-267789880,S2-545367345,S2-567353185,S2-85113215,S2-357585176,S2-14357592,S2-241392070,S2-603668961,S2-489795031,S2-576131067,S2-574546963,S2-671124898,S2-241093078,S2-580000242,S2-489235339,S2-785246908,S2-312033050,S2-762254064,S2-446677920,S2-648605426,S2-204923015,S2-924091320,S2-960497500,S2-799647940,S2-799021792,S2-633078778,S2-12169707,S2-359579050,S2-590885672
S1-676936062	S2-276350566,S2-436174928,S2-612597019,S3-577906013,S2-196620491,S2-949085359,S2-94913737,S3-53013010,S2-685858799,S2-529449858,S3-60767006,S3-439732123,S2-213677366,S2-155568776,S3-802082874,S2-200492834,S3-712654785,S3-825770691
S1-260530670	
S1-5977315	
S1-728279157	S2-991131117,S3-274201627
S1-801556054	
S1-368903247	
S1-403160679	S2-855733050,S2-487105579,S2-673392824,S2-625490220,S2-778499827,S3-118626177,S2-833927940,S2-587227192,S2-770742526,S2-534309499,S2-177777608,S2-110019645
S1-321343020	S2-751788773,S2-293609147,S2-376297057,S2-706316678,S2-545980090,S2-774512583,S2-648926260,S2-827474500,S2-735153377,S2-333783469,S2-105719821,S2-776722434
S1-128347375	S3-250100092
S1-130018504	S3-14606986,S3-30749307,S3-981264090,S3-320445774,S3-113044668
S1-109132023	S2-22851635,S2-803041670,S2-829184987,S2-47199782,S2-424247102,S2-332016410,S2-641514822,S2-606085469,S2-661691163,S2-449123110,S2-244185385,S2-730852516,S2-628078119,S2-591032606
S1-905998232	S2-186980990
S1-477538874	
S1-754702309	
S1-528102700	S2-721471918,S2-561348792,S2-813290201,S3-141412884,S2-467877840,S2-314427240,S3-125301988,S3-292651605,S2-397301810,S3-16126416
S1-914626397	S2-441057858,S2-821272890
S1-49935563	
S1-767120180	
S1-688277165	
S1-733322792	
S1-657713840	S2-569056216,S3-516283957,S2-860569635,S2-481781857,S3-49324970,S2-39600120,S3-712950363,S2-666124592,S2-380449775,S3-771914304
S1-141208490	S2-101390759,S2-521785445,S2-141312768,S2-633383009,S2-359972809,S2-313735752,S2-25204423,S2-184483852,S2-807247864,S2-869339164
S1-163681963	
S1-120433302	S2-346633560
S1-374269189	
S1-502043608	
S1-985119931	S3-168118819,S2-347988553
S1-677358632	
S1-296323848	S3-661962385,S3-296375987,S3-718829720,S3-474985958,S3-718206663,S2-188618607,S3-581918728,S2-611463293,S3-38701030,S3-347160671,S2-206317453,S3-42150415,S3-844054592,S3-132072256
S1-424118841	S2-380057393,S3-378610549,S2-465849803
S1-942373049	
S1-47730563	
S1-900390346	
S1-739032625	
S1-604015391	S3-744115010,S3-585096773,S3-998248680,S2-744975512,S2-732592038,S3-886297878,S3-883867506
S1-951729213	S3-95428902,S3-220819860,S2-300579475,S3-552700994,S2-613256368,S2-736587274,S2-973771075,S3-355077865,S2-991874597,S2-585852908,S2-302920051,S2-473431645,S3-379578845
S1-555762942	
S1-619068107	
S1-380738770	S3-584381202,S3-133025004,S2-419764225,S3-944444308,S2-556469960,S3-264534055
S1-20064900	
S1-82597331	S2-810830576
S1-355360961	S2-975221857,S2-661268851,S2-616082483,S2-806426504,S2-357135493,S2-397619252,S2-649384751,S2-841119001,S2-524955460,S2-10763922,S2-790234687,S2-272800175,S2-823529389,S2-379917486,S2-758112627,S2-806468917,S2-506710495,S2-698328473,S2-22164316,S2-266144148,S2-709826429,S2-9633590,S2-614796318,S2-478485264,S2-250632157,S2-922587322,S2-196702757,S2-388123985,S2-803156010,S2-496683615,S2-172134446,S2-842709465,S2-824648676,S2-856136624,S2-10239962,S2-112790260,S2-830207692,S2-24246960,S2-57242208,S2-176076467,S2-198493039,S2-313984536,S2-239094631,S2-911458577,S2-71787181,S2-811756798,S2-466440305,S2-432341031,S2-862985378,S2-782343040,S2-759917947,S2-938297699,S2-867098208,S2-836747571,S2-525862775
S1-277361935	
S1-233116130	
S1-585532131	S3-129568472,S3-233280552,S3-794805480,S2-433293675,S3-378053312,S3-605831427,S3-140295739,S3-623860787,S3-404861798,S3-359674930
S1-929555475	S3-224622615,S2-370643167,S2-574694543,S3-237461498,S2-225653845
S1-484455328	S2-226323020,S2-806255636
S1-517800727	
S1-325049602	
S1-761888543	
S1-764858672	
S1-713996832	
S1-222851417	S3-818941701
S1-199433633	
S1-576426786	
S1-226400041	S3-330751471
S1-364282301	S2-487283955,S2-871696711,S3-458694548
S1-802078075	
S1-145950089	
S1-213635162	S2-785836859
S1-965997059	S2-751788773,S2-293609147,S2-748833051,S2-221406627,S2-346807682,S2-485708698,S2-493820585,S2-12781223,S2-80737444,S2-766597723,S2-160980423,S2-475245312,S2-827160668,S2-357528125,S2-160991833,S2-876318509,S2-661128680,S2-675822376,S2-688422676,S2-125085360,S2-256781534,S2-249745708,S2-862385737,S2-385885387,S2-301463166,S2-735153377,S2-774512583,S2-459392006,S2-791711694,S2-105719821,S2-776722434,S2-333783469,S2-87690299
S1-281427928	S3-747588419,S3-670725271,S3-834118895,S3-223417921,S2-94432627,S3-954677919,S3-232196509,S3-724843027,S3-934449620,S3-671380172,S3-652733194,S3-347049544
S1-261056468	S2-685139190
S1-85157201	
S1-228855536	S2-508160281,S2-570826848
S1-276003295	S3-417935012
S1-544666921	
S1-685227936	
S1-352955281	
S1-943679421	S3-981619651,S2-443700264,S3-424574247,S3-675965530,S3-960954310,S3-43056292,S3-600818240,S2-361818108,S3-313878238,S3-520988174,S2-780032669,S2-181687792,S3-554218094
S1-862191137	S3-402614537
S1-419243203	S3-762566746,S2-898962425,S3-516951559
S1-80743386	
S1-172398513	
S1-778456014	
S1-296948002	
S1-758798773	S2-689203128
S1-852279820	S2-879115145,S3-983891989,S2-689605959
S1-704206413	
S1-617029750	S2-898848151,S2-627116429,S3-281362313
S1-633198652	S2-197077377,S2-889611802,S3-762695971,S2-620957253,S2-465092069,S3-299041136,S3-410605071,S2-737450884,S2-308942961,S2-428382682,S2-563851091,S2-203737730
S1-383867699	S3-268844466,S3-314911686,S3-143605286,S3-635356966,S2-607994352,S2-232214833,S3-593746032,S2-396373507,S2-319415802,S2-747083268
S1-253260211	
S1-160706467	
S1-29507374	S2-733604720,S2-893372748
S1-302712853	S3-802060398,S2-393085701,S2-21458643,S3-739759284,S3-295106054,S2-450503447,S3-908361786
S1-244772705	S3-473995536
S1-373429324	S3-148019409,S2-875584028,S2-817790381,S2-560005387,S2-915609277,S2-503493295,S2-615918119,S3-633003742,S2-270300229,S2-488788721,S3-566512004,S3-118610794,S2-252790607,S2-589252763
S1-620179786	S3-473284912,S2-344479086,S2-272355977
S1-591601241	S2-190072742,S3-100764589,S3-259737260
S1-800687701	S3-417456610,S2-343581446,S3-770457764,S3-664759781,S2-175037442,S3-494478591
S1-722293691	
S1-343598993	
S1-676591052	
S1-24456369	S2-385808678
S1-448143865	S2-78850033,S3-685058428,S3-546817354,S2-536912030,S2-822153405
S1-762761472	S3-731913012,S3-737063286,S3-46763103,S3-116671839,S3-424861861,S3-97593923,S2-926856205,S3-678775333,S3-702215262,S2-81226908
S1-284603599	S2-362539695,S3-223793263,S3-148278525,S2-441088664,S3-178313113,S3-720542254,S2-833754067,S2-667231440,S2-651931697
S1-663286282	S2-682859342,S3-633003742,S3-566512004
S1-449996405	
S1-570889630	
S1-502810871	S3-964119079,S2-906426136,S3-834956894,S2-227170959,S2-945530949,S2-163939989,S3-856697012,S2-700121246,S3-120486453,S3-887989347,S2-594783306,S3-215346542,S3-948910487,S3-985282899
S1-733133405	S3-511423182,S3-426047142,S3-214039611
S1-227011208	S2-784736365,S3-557894805
S1-519870557	
S1-963146446	S2-804971765
S1-667419894	
S1-790201877	S3-296375987,S3-718829720,S3-661962385,S3-474985958,S2-403231625,S3-96198738,S2-206317453,S3-42150415,S3-844054592
S1-401741650	S2-387259426,S2-706581440,S2-88858185,S2-772203835,S2-845746087,S2-5690433,S2-82210905,S2-355464427,S2-577623217,S2-492680873,S2-511885526,S2-18365995,S2-290103530,S2-489029878,S2-240529033,S2-166561956,S2-54986407,S2-214214126,S2-125086919
S1-326888389	S3-519557602,S3-967351968,S2-180805168,S3-977414229,S2-746345044,S3-379659481,S3-858779037,S3-974584752,S3-887861415,S3-291725492
S1-251188916	S3-477182243,S3-437450344,S3-527153571,S2-755459659,S2-731916854,S2-230162191,S2-945841775,S3-14375343,S3-476901986,S2-879218620,S2-538429113
S1-222890187	S3-227462379,S2-904499170,S2-744158764,S3-301526161,S3-242935744,S2-249474337,S3-125510505,S3-151054500,S2-256229261,S2-282114200,S2-305115400,S2-425100703,S3-345328499,S2-313682739,S2-55451808,S2-156062008,S2-84228909,S2-251967599,S3-229144142,S2-235569448
S1-432399947	S3-412892330,S2-20181938,S2-647728364,S2-271738027,S2-104345685,S2-18966963,S2-928174009,S3-254149046
S1-699955992	
S1-282690665	S3-498550164,S3-477182243,S3-527153571,S3-437450344,S3-294417908,S3-617174183
S1-230658168	S2-184439199
S1-880130809	S3-594118838,S2-874958267,S2-967576496
S1-139532667	S3-83993905
S1-575135452	S3-569136161,S3-560860431,S2-115641001,S3-388848
S1-940288600	
S1-707460490	S2-309700320,S3-527850482,S2-117500001,S3-408383726,S2-609806276,S3-214895833,S3-156109161,S2-961115916,S2-814179874,S2-111395931,S2-847915218
S1-178189126	S2-692787629,S2-391396963,S2-514925251,S2-51812199,S2-905337725,S3-715496147,S3-184947134,S2-956552795,S2-837168907,S2-349758300,S3-814153687,S2-597189151,S2-854060544,S2-646337355,S2-942246572,S2-533910473,S2-79755009,S2-7765030,S2-485711194,S3-4744694,S2-799582323,S3-665840566,S3-759494046,S3-216520121,S3-816397184,S2-173209588,S3-907792633,S3-736602143,S2-108831416,S3-494368782,S2-438806767
S1-813071881	S2-249424225,S3-271847716
S1-436640256	
S1-494213110	
S1-875691993	S2-656637886
S1-446767996	
S1-578004468	S2-774907924,S2-531263075,S3-901312745,S3-78561406,S3-613307987,S2-559166733,S2-627681586,S2-47275052
S1-549729217	
S1-780188380	
S1-821523654	
S1-706591875	S2-533932078,S2-959539236,S3-305656218,S2-401001134,S3-582555375,S2-889316881,S3-558635514,S2-258775383,S3-447248537,S2-799926334,S2-483711391,S3-856521630,S2-704766324,S3-141114669,S2-123998332
S1-656871963	S3-228360752,S3-76927825,S3-713934974,S3-574670219,S3-561949674
S1-541080274	S2-554645235,S3-799288246,S3-153422935,S3-834956894,S3-103509281,S2-115376641,S2-85974114,S2-846236034,S2-686791885,S2-600578301,S2-994555520,S3-498115308,S2-594783306,S3-215346542,S3-948910487
S1-790391714	
S1-408130216	
S1-596743118	S3-148843480,S2-185825471,S2-762113734,S2-610878912,S2-870508187,S3-158005981,S2-391744840,S2-943942363,S2-501088729,S2-112226003,S2-549406354,S2-428501617,S2-991804428,S2-355926281,S2-472592672,S2-791937486,S3-193706895,S2-575725304,S3-235696749,S2-137985283,S2-531750060,S2-692242340,S2-414650666,S2-201861100,S2-851454400,S2-624376269
S1-660805248	
S1-471497067	S2-244109661,S3-785243635,S2-57067037,S3-148278525,S3-720542254,S3-704144150,S2-377668046,S2-479206399,S2-441088664,S3-693194302,S2-651931697
S1-467800339	S3-708779239,S3-136967000,S3-296676455,S3-657195699,S3-304569563,S2-223119135,S3-615557105
S1-303701980	S3-930178827,S2-108688523,S2-937915405,S3-632229446,S3-14340904,S3-208789845,S3-749668253,S3-657193194,S2-168861975,S2-511676103,S2-491559956,S2-49635368,S3-948463898,S3-129707347,S3-403604643,S3-374050033,S2-949484236,S3-735877552,S3-432517197,S3-376462416,S3-907807261,S2-873261225,S2-804608270,S3-483330117,S2-904781592,S3-817523847,S3-876024361,S2-698886484,S3-379899184,S3-313632256,S2-546678604,S3-18174569,S2-751028594,S3-809098765,S2-306720551,S3-673770849,S2-685683436
S1-99005429	S2-691192967,S2-823011586,S2-35456195,S2-430355611,S3-112228889
S1-628335222	S2-463743935
S1-327391340	S3-138756910,S2-411209709,S2-437571575
S1-988634923	S2-47275052,S2-759577852,S2-627681586,S2-559166733,S2-99259389,S3-215928429
S1-753495835	
S1-888286733	
S1-149803252	
S1-521730978	S3-105016890,S3-284374761
S1-480870977	
S1-72013895	S2-740144668,S3-45405748,S3-361166079,S3-69889650,S2-70073568,S2-768724593,S2-174408214,S3-346018248,S3-773543357,S3-838325124
S1-543291404	S3-823243789,S3-485092436,S3-695744748,S3-811359647,S2-781836094,S3-276650556,S3-864397669
S1-805786908	
S1-151163479	
S1-432675591	
S1-625041866	S2-954245651
S1-711149797	S2-123126225,S3-286238001,S2-953146928,S3-221554836,S3-515941798,S2-850453737,S3-435117648,S2-54889144,S2-396649528,S2-608002728,S2-419231398,S2-681590772,S2-327325549,S2-1661398,S2-120210724,S2-175964615,S2-724672730,S3-407495674,S2-974232882,S2-318943995,S2-257194140,S2-875950440,S2-739854327,S3-258233103,S3-333337173
S1-689343758	S3-288385775
S1-384585623	
S1-535861273	S2-263586958,S2-846741062,S2-25673892
S1-788788817	S3-326085218,S2-435045310
S1-505744714	
S1-823980938	S3-853086057,S2-487204899,S2-378890560,S3-373174224,S2-206674330,S3-472058144,S3-217514523,S3-131247852,S2-681124632
S1-181900498	
S1-767046960	
S1-342426411	
S1-95194363	S3-974584752,S3-858779037,S3-887861415,S2-58142389,S3-770926116,S3-896930425,S3-476146916,S2-359784425,S3-79921094,S3-914714358,S2-833875988
S1-56446717	
S1-944478146	S3-411081169,S3-747572395
S1-183760590	S2-191192340,S2-664848979,S2-460136490
S1-502282153	
S1-34292661	S2-72278690
S1-7670075	
S1-230494994	
S1-906670284	
S1-250280931	
S1-714672450	S2-10598620,S2-956611100,S2-620729893,S2-901341650,S2-453200757,S2-771274128,S2-792771990,S2-499234375,S2-385885037,S3-235344873
S1-303700722	
S1-12485775	
S1-821458465	
S1-376359205	
S1-90825189	
S1-166433106	
S1-981766382	S2-509430842
S1-533786303	
S1-549011344	S2-244892384,S3-197706588,S2-673938938,S3-360254460,S2-463447267,S2-114186214,S2-451191877,S3-362352937,S2-768133783,S2-12202665,S2-350028509,S2-630474947,S2-932984826
S1-275444673	
S1-673783882	S2-600882335,S2-327377643,S3-202075271,S2-928872429,S2-483890899,S2-179933918,S2-873947164,S2-766333269
S1-615462936	
S1-32022831	
S1-85445813	
S1-385183435	S2-639533860,S2-361743784,S2-316554535,S2-178367478,S2-95074262,S2-431800852,S2-667289877
S1-482080378	S2-819377016,S3-311175170,S3-527154583,S3-838599934
S1-69461323	S3-908170516,S2-503138746
S1-642038314	S2-775249520,S3-892994698
S1-112773950	
S1-884728541	S2-497494238,S2-190679557
S1-651980502	S2-150104391,S2-49669890,S2-75417288,S2-547826651,S2-237646451,S2-578666285,S2-683844480,S2-741060453,S2-397594965,S2-419974646,S2-578558365,S2-608319748,S2-225285572,S2-449675768,S2-631117267
S1-677879814	S2-432097741,S3-572953768
S1-713638558	
S1-294789349	
S1-640054263	S3-393818576
S1-164072881	
S1-809295456	
S1-302366231	
S1-465275426	
S1-543668732	
S1-764937251	
S1-866369736	
S1-797361235	S2-883510452,S3-487677928,S2-373607493,S2-444832508,S2-202187106,S2-714545913,S3-877792138,S2-447825926,S2-140124073,S2-318292554,S3-645237954,S3-475044361
S1-389422044	S2-582518302,S2-577331856,S2-31615763,S2-227994730,S2-307972559,S2-526295217,S2-79166589,S2-168670799,S2-686979274,S2-705900701,S2-557125154,S2-57057245,S2-772947358,S2-366188766,S2-853572898,S2-183092653,S2-923054166,S2-527245953,S2-110811145,S2-316682952,S2-771095253,S2-73254796,S2-139963838,S2-324608552,S2-723621095,S2-648362230,S2-487927714,S2-578945271,S2-908510616,S2-858990971,S2-458831613,S2-717399330,S2-481493872,S2-369791450,S2-893479463,S2-939667642,S2-714227580,S2-366066563,S2-628772724,S2-372446484,S2-737105356,S2-346144327,S2-590537855,S2-629298928,S2-805177125,S2-80934192,S2-550468809,S2-404951487,S2-267907355,S2-690127271,S2-728389979,S2-562681799
S1-144913221	S3-680876919,S3-820147629,S2-884527227,S3-812852246,S2-665189960,S2-634518520
S1-144980832	S3-339542517,S3-443632315,S3-26072017,S3-502686645
S1-369114757	S2-384491232
S1-637632381	
S1-966193611	S2-284170579,S3-339574554,S3-140970187,S2-984273072,S3-587578252,S3-18433988,S2-632455531,S2-600832241
S1-663903162	S2-294649178,S3-420228150,S2-367330550,S3-398018314,S3-467195779
S1-371671884	
S1-642510192	S3-775391317
S1-562163221	S2-877429116,S3-6484481,S2-495195460,S3-319816494,S3-800022549,S3-848571471,S2-306257399
S1-496284884	
S1-812553864	
S1-840003773	
S1-431895945	
S1-792524876	S2-88858185,S2-387259426,S2-706581440,S2-604988317,S2-772203835,S2-845746087,S2-5690433,S2-82210905,S2-909615337,S2-234363600,S2-522042091,S2-315711263,S2-166561956,S2-240529033,S2-621113695,S2-103339453,S2-125086919,S2-341455263
S1-792880767	S3-471654310,S2-204003957
S1-993730499	
S1-378571171	S3-779253715
S1-460143677	
S1-960158214	S2-358996304
S1-432394295	S3-430583169
S1-378546251	
S1-369538847	S3-526808622,S2-22767902,S3-251027378,S2-780938071,S2-594942014,S2-82302953,S2-634831233,S2-32480928,S2-91334077,S2-894549426,S3-347257621,S3-117223982,S2-20986355,S2-757537721,S3-386821909,S2-396836746,S2-921214043,S3-539670955,S2-227208356
S1-218123382	S2-892325687,S2-19495713,S2-624785440,S2-351063200,S2-455824527,S2-489795850,S3-875342052,S3-987517506,S3-825421047,S3-27228490,S2-877846070,S2-616365515,S2-426855373,S2-218749475,S2-12502789,S2-44278484,S2-986443790,S2-44153835,S2-538269334,S3-855327840,S3-211589869,S2-436623132,S3-50411385,S2-258647668,S2-203154516,S3-31990981,S3-699970307,S2-704469713,S2-758408509,S2-861140187
S1-983570198	S3-303086841
S1-380772192	
S1-784866179	S2-378112358
S1-368348061	
S1-358150651	S2-625274538,S3-294325328,S2-507376643
S1-853993166	S3-146067013,S3-489732004
S1-42084101	
S1-354809838	
S1-109460220	
S1-461322371	S2-143855658,S2-575760235,S2-5288039,S3-214836154,S2-772782786,S2-815847031,S2-871364139,S2-366231779,S3-352806243,S2-761505735,S2-457908973,S3-218693874,S3-19039717
S1-430322179	
S1-316205545	S2-668449524
S1-11712388	
S1-196309581	
S1-510937618	S2-956212016,S3-119171923,S3-834956894,S3-498115308,S2-594783306,S3-215346542,S3-716440251,S3-948910487
S1-689927942	
S1-433619578	
S1-14229676	
S1-961075782	
S1-393344546	
S1-690090355	S2-98566614,S2-956583920,S2-111028646,S3-455624578,S3-883416242,S3-40231164,S2-490715823,S2-594586460,S3-244461082,S2-478231240,S3-34787589,S3-999479231,S3-966971924,S2-337014797,S2-32954343,S2-905010143,S2-167308160,S3-307914476,S2-948224847,S2-353144954,S2-852320423,S3-586884162,S2-169867655,S3-148052111,S3-732757296
S1-169326669	
S1-709830881	
S1-396759763	
S1-183373288	
S1-469535575	
S1-990010417	
S1-21488592	S3-666694528,S3-64718385,S2-393588103,S2-363218449,S2-535223633,S3-819282082,S3-795051118,S2-952436621,S2-133845152,S2-590116104,S2-288645216,S3-375804730,S2-848122730,S2-225913759,S3-523507059,S3-776826869,S2-213190203,S2-76049916,S2-412213452,S3-875555623,S2-235187703
S1-246835885	
S1-476254889	
S1-394271841	
S1-641750087	
S1-926243009	S2-132188069
S1-606170022	
S1-235827905	S3-221554836,S2-953146928,S2-850453737,S3-286238001,S3-263667062,S3-515941798,S2-318943995
S1-972491065	
S1-733554453	
S1-195663138	
S1-945045672	S2-700346845,S2-284844649,S2-28814628,S2-353224675,S2-727124556,S2-460136490,S2-699077779,S3-282965125
S1-847149133	
S1-459799143	
S1-962978614	S3-751481508,S2-245775011,S3-695016187,S3-442274211,S3-483830841,S2-837097551,S3-51525407,S3-460026684,S3-749772964
S1-739900151	
S1-566384097	S2-239609862
S1-392245358	S2-322900048,S2-12781223,S2-642019022,S2-706316678,S2-724036192,S2-479111476,S2-475245312,S2-661128680,S2-675822376,S2-876318509,S2-256781534,S2-688422676,S2-357528125,S2-353457949,S2-377002896,S2-774512583,S2-50675000,S2-221406627,S2-875986261,S2-825925421,S2-467918977,S2-220675675,S2-234874002,S2-162831178,S2-766597723,S2-140514405,S2-138907788,S2-791711694,S2-776722434,S2-333783469,S2-735153377,S2-105719821,S2-87690299
S1-636764280	
S1-716346194	
S1-312194988	
S1-142151995	
S1-482286138	S2-859325500,S2-65607990,S2-584246869,S2-553497012,S2-643060476,S2-472392747,S2-847678051,S2-79609725,S2-617761215,S2-551250135,S2-66294135,S2-483215034,S2-604215504,S2-715970690,S2-580985934,S2-812946530,S2-105233743,S2-386041807,S2-630744083,S2-630563734,S2-15379310,S2-830956644,S2-603966582,S2-499246395,S2-41187647,S2-603174107,S2-168346428,S2-262651627,S2-903338907,S2-549490617,S2-415804091
S1-51549927	
S1-837510013	
S1-868200857	
S1-887515590	S2-476290049,S2-832565548,S2-522562069,S2-421552443,S2-879728336,S2-167775591,S2-790840546,S2-367729913,S2-122140775,S2-479285528,S2-732475597,S2-565674065,S2-861201345,S2-853483077,S2-731762629,S2-707364299,S2-442902415,S2-23474383,S2-160318984,S2-658131759,S2-915301122,S2-622481264,S2-307595290,S2-293972182,S2-287836977,S2-101677614,S2-893048055,S2-455999140,S2-691718681,S2-287660910
S1-722883348	S2-720210843,S3-481584379,S2-922318873,S3-592819143,S2-669057940,S2-161795394,S3-278351128,S2-342748826,S3-541224229,S2-545029550,S2-302834761,S3-126723626,S2-109991986,S3-585855054,S2-512105880,S2-182431985,S2-348687805
S1-165591050	S2-913895312,S2-845368070,S2-281501943,S2-313620116,S2-509521063,S2-730924879,S2-816411639,S2-261085201
S1-400315785	S2-443451094,S2-202253970
S1-121982108	S2-996787820
S1-618836769	
S1-196578854	S3-392198257,S2-847707397,S3-598278742
S1-677741106	
S1-428919947	S3-494751361,S2-180526757,S3-486294341
S1-748732045	S3-128374885,S3-339987776,S3-950511723,S2-784522829,S3-890245240,S2-129509348,S2-358261978,S3-17756334,S3-844062169,S2-173832915,S3-793677440,S2-822421893,S2-491868566,S3-892823400,S2-633286427,S3-601846176
S1-821203406	S3-548198553,S3-609989467,S2-729140419,S3-151484250,S3-455206440,S2-569797716,S2-994972185,S2-751530042,S3-344548845,S3-578767887,S3-120954123,S2-640189693,S3-492333788,S2-716229167,S2-839533786,S2-869895454
S1-569917102	
S1-436705026	S2-228658195
S1-563624255	S3-166209819,S2-431983334,S3-213525427,S2-571175080,S2-724611952,S2-224125326,S2-522771715,S3-167258027,S2-999766869,S3-254957942,S2-523698352,S3-342442576,S3-218469758,S2-313243230,S2-98982833,S2-850011357,S2-585668799,S2-100171087,S2-299386178,S2-189114632,S2-919462873,S2-168175019,S2-919190096,S2-51657800
S1-543722172	S2-606698875,S2-300559572,S2-710029606,S2-4398038,S2-712922114,S2-466665851,S2-84633951,S2-34447048,S2-870209449,S2-578922865,S2-315598594,S2-338446054,S2-584855462,S2-198885717,S2-114108485,S2-780374307,S2-200484130,S2-762338097,S2-62646880,S2-262196664,S2-82014326,S2-224291268,S2-60616924,S2-678492868,S2-491074414,S2-320212810,S2-591083111,S2-556484159,S2-471140449,S2-718484609,S2-431888193,S2-148311620,S2-664523981,S2-138561376,S2-138681643,S2-369017627,S2-381450262,S2-424858855,S2-633353088,S2-667856388,S2-631842884,S2-280206767,S2-555406196,S2-152342973,S2-641697413
S1-733396460	
S1-50405097	S2-676567040,S3-90925015,S3-642228704,S2-882570128,S3-191254623,S3-387409614,S3-237978864,S2-474544097,S3-884962256,S3-113175514,S3-187517415,S3-963162107,S3-735121555,S2-82340467,S3-602610101,S2-172175713,S2-228260110,S3-412212897,S3-654815193,S3-27940543,S2-184620797,S2-128707716,S3-651620728,S3-991575503,S2-53274973
S1-986954059	
S1-991589899	S2-902234780,S3-309316707,S2-393429436,S3-60494145,S2-854293052,S3-778147929,S3-153670200,S3-578691751,S2-405001342,S2-615144847,S3-716658988,S2-184923125,S3-197812087
S1-493124566	
S1-134767553	S3-788144385
S1-392451496	
S1-605483203	S3-990769794,S3-835925550,S3-959122295,S3-693149951,S2-850901023,S2-802187427,S3-27920389,S3-11152109,S2-724073620
S1-308280368	
S1-919867800	
S1-484025155	
S1-356192136	
S1-670583718	
S1-688121899	S3-159540785,S2-406181091,S2-233559671,S3-780493716,S3-979485735,S2-323293917,S3-326826684,S2-528835085,S3-540896613,S3-472366154,S2-262030786,S2-339560484,S2-934513223,S2-228464184,S3-416862927,S2-717967391,S2-246217264,S2-556035065,S2-124623667,S2-465023675,S2-177702104,S2-855405761,S2-579289135,S3-337444190,S3-191877213,S2-234349705,S3-628176242,S2-726020020,S2-875175107,S3-848254264,S2-19405330,S3-836939554,S2-681568197,S2-507648852,S2-976648659,S2-6053611,S3-522983222,S2-624018531,S3-265800527,S2-768053815,S3-269590180,S3-233567843,S2-376112786,S3-402964716,S3-220570914,S2-366887997,S2-456776326,S3-358852345,S2-181719653,S3-243933344,S2-465450543,S3-145155011,S2-932571789,S2-885709691,S2-938840493,S3-70625626,S2-757225857,S2-914704962,S2-553327159,S3-207509728,S2-294837571,S3-669845968,S3-999667491,S3-403649450,S2-860913710,S2-48835339,S2-974742136,S2-51807871,S3-936817396,S2-425580689,S2-626499823,S2-985421392,S2-412095994,S3-440959913,S2-69751973,S2-505062706,S2-707156746,S2-933012964,S3-541713539,S3-441188460,S3-299370075,S3-881130471,S3-236379314,S2-775094093,S3-184036043,S3-960911477,S3-210459670,S2-725275327,S3-167017639,S3-924645013,S3-269402240,S2-881565404,S3-638233948,S2-339903422,S2-390435992,S3-130668390,S2-73272087,S3-688199643,S3-117489751,S3-441831669,S3-202402802,S2-481513262,S3-786488291,S2-281905157,S3-116266531,S2-906596114,S3-437206871,S2-940434362,S3-523448992,S3-838794956,S3-712488741,S3-544442854,S3-412200993,S3-635306015,S3-494199853,S3-946818490,S3-180587523,S3-14684668,S3-994706509,S3-676829980,S2-726643279,S3-25317684,S2-58268070,S3-116508654,S2-879913469,S3-413030946,S2-58661799,S2-747400550,S2-615153587,S3-723867253,S3-290960350,S3-892019797,S3-493499568,S3-751595314,S3-671352596,S2-784868587,S3-753197196,S2-64258742
S1-615226029	S2-607283719
S1-751347019	
S1-448373538	S2-47870002
S1-51122580	
S1-151030770	S2-704423733,S3-465772119,S3-384000513,S3-257708083,S3-131480798
S1-407040022	
S1-839977302	S2-716065318,S3-854068367,S3-239753320,S2-73307398,S2-80213246,S3-321872236,S3-540763726,S3-16826169,S2-600381770
S1-946642446	S3-798700334,S3-791754483,S2-957397056,S3-834956894,S2-432216887,S2-717109071,S2-482634442,S3-354573906,S3-232880222,S3-23313438,S3-651580493,S2-956212016,S3-119171923,S2-163939989,S3-887989347,S2-594783306,S3-215346542,S3-948910487,S3-498115308,S3-716440251
S1-190337071	
S1-368846142	S2-10598620,S2-920552656,S2-430569524,S3-23651031,S3-171650453,S3-235025526,S2-136167190,S2-619935674,S2-385885037,S2-499234375,S2-661901231
S1-502733673	S2-998404773
S1-520107432	S3-302722260,S2-991199113,S2-146265776,S2-937163460,S2-239581478,S3-15485958,S3-158475336,S2-511688795,S3-4501364,S2-92243622,S2-392961774,S2-580304784
S1-975759136	S2-22851635,S2-803041670,S2-829184987,S2-265412072,S2-851009438,S2-424247102,S2-694709351,S2-718110993,S2-266329421,S2-332016410,S2-381461578,S2-545606373,S2-70119944,S2-671868851,S2-250583864,S2-383026734,S2-647651815,S2-645819700,S2-727306054,S2-591032606,S2-71670232
S1-42826659	S3-158005981,S2-870508187,S2-652214842,S2-201861100,S2-692242340,S2-414650666,S2-391744840,S2-851454400
S1-694921791	
S1-62329201	S2-360078833,S2-317192971,S2-717457275,S2-160589281,S2-783001623,S2-375494641,S2-757465,S2-145634817,S2-327373940,S2-601427107,S2-1470551,S2-864898748,S2-890380419,S2-415827584,S2-768691037,S2-730015433,S2-419659715,S2-805210706,S2-862839325,S2-253570718,S2-229782618,S2-830257984,S2-346222185,S2-221823268
S1-326460389	
S1-615584763	S3-812914870
S1-553547335	
S1-715156488	S2-645291347,S3-182707711,S3-221900535,S3-375025626,S3-538116434
S1-356319224	S2-465050991,S2-725866426,S2-732475597,S2-600830548,S2-438241189,S2-546206841,S2-483231444,S2-442902415,S2-242107029,S2-122140775,S2-833227877,S2-853483077,S2-122937971,S2-731762629,S2-188383883,S2-502667533,S2-479285528,S2-193969742,S2-477877010,S2-861201345,S2-790840546,S2-162666647,S2-349553073,S2-114968985,S2-442722130,S2-23474383,S2-875930539,S2-432885029,S2-707364299,S2-146245985,S2-20824731,S2-745873332,S2-817554779,S2-153325227,S2-268101571,S2-591212513,S2-223885392,S2-725477472,S2-425737384,S2-174904516,S2-219089453,S2-838321405,S2-421274182,S2-600127521,S2-656343133,S2-681941147,S2-581645518,S2-620679445,S2-589134878,S2-476290049,S2-610259986,S2-287836977,S2-349844732,S2-769345193,S2-768183492,S2-429362394,S2-368001586,S2-633046925,S2-539506562,S2-633252016,S2-690575852,S2-421430080,S2-391934919,S2-163141808,S2-386577460,S2-691718681,S2-636489918,S2-293972182,S2-307595290,S2-101677614,S2-893048055,S2-455999140,S2-287660910
S1-303481605	S3-328522787,S3-639134469,S3-957794157,S2-34159244
S1-889584874	
S1-260265534	S3-6484481,S3-146614496,S2-748302747
S1-939542921	S2-712816878,S2-439246283,S2-265872785,S3-989966089,S3-943381152,S2-417049933,S3-216122075,S3-841938899,S2-209575807,S3-263110591
S1-921492629	S3-479531178
S1-562175922	
S1-799357480	
S1-811793890	S2-551169842,S2-649067051,S3-4046306,S2-153733088,S2-953146928,S3-221554836,S3-515941798,S2-850453737,S3-286238001,S2-452736519,S2-257194140
S1-291798291	S3-324727248
S1-680231884	
S1-676187388	
S1-111101994	S2-108412128,S2-87232873,S2-922575892,S2-366066563,S2-705111203,S2-841389317,S2-915969557,S2-227994730,S2-869458921,S2-399950855,S2-121165186,S2-505529032,S2-919068154,S2-891724637,S2-802577451,S2-267907355
S1-380456670	
S1-547694948	
S1-583376468	S2-571843034,S2-368289089,S2-679889252,S2-720956641,S2-630794860,S2-426879206,S2-131153421,S2-453401761,S2-481459118,S2-326501256,S2-317506656,S2-31936374,S2-262651627,S2-415804091,S2-651193172,S2-499246395,S2-135119653,S2-616455580,S2-220200394,S2-216599601,S2-417823779,S2-168346428,S2-903338907,S2-549490617,S2-589709931
S1-798808592	S2-792010938,S3-904419107,S3-166284293,S3-137469237,S3-962171004,S3-731692733
S1-939787179	S2-475046833,S3-35945424,S3-935989990,S3-955234150,S2-414542241,S3-400718177
S1-253986331	
S1-54520566	
S1-903522341	S2-227202555,S2-19138709,S2-186207001
S1-87813671	
S1-90030	S2-572144176
S1-632443480	
S1-208767878	S2-222707027,S2-394095646
S1-257734845	S2-905943963,S2-267690304,S2-12997522,S2-383495104,S2-826560412,S2-189283488,S2-236387212,S2-346222185
S1-102945390	S2-77983015,S2-776238938,S2-822947971,S2-206800725,S2-579947154,S3-204151963,S2-352238141,S2-317869422,S2-457922710,S2-586842600,S2-830617707,S2-661904810,S3-509232212,S2-774910695,S2-651378765,S2-58409496,S2-237942590,S3-348088920,S2-244199728,S2-922909613,S2-471814700,S2-51194900,S3-34229523,S2-1110482,S3-512029235,S3-233897163,S2-240845455,S2-754154558,S3-614694143,S3-633143546,S2-914745374,S3-166201816,S3-147163300,S2-978803984,S3-591507153,S3-653733974,S2-739127679,S2-426683016,S2-481626882,S3-535649740,S2-544749149,S3-136830931,S3-608989900,S2-308963995,S3-334379933,S3-501425410,S2-557031545,S3-207552422,S2-56318955,S2-390421927,S2-405833229,S3-158909971,S2-237210971,S2-889388542
S1-758075760	S2-642612633,S3-395951421,S3-511423182,S3-141952754,S3-174343985,S3-225757840,S3-970711629,S2-463659759,S3-537303683,S3-869864247,S3-903516266,S2-209173037,S3-802789763,S2-951291978,S3-283612046,S3-215520655
S1-770746043	
S1-965747862	S3-127413934,S2-938063657,S3-334621536,S3-467832819,S2-318292554,S2-475624341,S3-877792138,S2-750297604,S3-996962154,S2-202187106,S2-373607493,S2-883510452,S2-873556187,S2-392145339,S2-78850033,S3-636795796,S2-714545913,S2-545053202,S2-695969120,S2-154898200,S3-111634425,S2-428439868,S2-958820720,S3-374848815,S2-129331329,S2-459419142,S3-660561828,S3-211287464,S3-773879615,S3-475044361,S2-735552954,S3-534253649,S3-645237954,S2-49771764
S1-987913577	S2-209066643,S2-150130644,S2-372446484,S2-853572898,S2-908510616,S2-304289049,S2-563101540,S2-110811145,S2-487927714,S2-168670799,S2-481493872,S2-307972559,S2-316682952,S2-527245953,S2-183092653,S2-648362230,S2-242524460,S2-144207255,S2-590537855,S2-245107820,S2-159689608,S2-789578372,S2-267907355,S2-690127271,S2-728389979,S2-562681799
S1-903181812	S3-179966236,S3-864530888,S2-751476341,S2-211283671,S3-349581143,S2-699122969,S3-330379193
S1-22888672	S2-521608640,S2-733604720,S2-466926568,S2-115654081,S2-907059082,S2-852731091,S2-193474430,S2-585490372,S2-893372748
S1-926374473	S3-11412149
S1-74600852	
S1-260727837	
S1-326497906	S2-659738700,S3-903719419,S3-865114912
S1-787365320	
S1-330250935	S3-39349847,S2-504342221,S2-186510272,S2-968139891,S3-746537120,S2-858910593,S2-821808456,S2-240124093,S2-107014833,S3-536553533,S2-634137662,S3-713007321
S1-152967828	S3-281425091,S2-600067129,S3-583160268
S1-949259555	S2-445403170,S3-637951351,S3-406400990,S3-36186163,S3-654932890,S2-686016320
S1-968324639	S2-35609945,S2-168875948,S2-133953406,S2-69769127,S2-511610799,S2-357061203,S2-9577737,S2-801335921,S2-861910827,S2-994513834
S1-683400767	S2-571020101,S3-78132696,S3-552700994,S2-144240754,S2-900059093,S2-302920051,S3-379578845
S1-171294380	
S1-936921482	S3-615022165,S3-670945741,S2-234764258,S2-62663743,S3-603499955,S2-822359390,S2-772075898,S2-498957612
S1-444167799	
S1-431748598	S2-870419140,S2-367399297,S2-342961007,S2-430860627,S3-139319508,S2-477442914,S2-410838717,S2-517544677
S1-40885869	
S1-473735010	S2-920658932,S2-438997753,S2-951124941,S2-863244776,S2-729200245,S2-713657075,S2-76571134
S1-482000976	
S1-34160927	
S1-380060263	
S1-416583613	S2-373193977
S1-103952189	S3-964281451
S1-916196405	S2-889896425,S2-495206089
S1-364829382	S3-938005778,S2-956834920,S2-257397625,S3-54706939,S3-224832736,S2-14432483,S3-380317732
S1-384152983	S2-522562069,S2-442902415,S2-476290049,S2-790840546,S2-421552443,S2-731762629,S2-832565548,S2-853483077,S2-732475597,S2-367729913,S2-167775591,S2-707364299,S2-565674065,S2-861201345,S2-479285528,S2-442722130,S2-879728336,S2-162666647,S2-23474383,S2-160318984,S2-569635970,S2-584654166,S2-465050991,S2-164174301,S2-48350229,S2-441594085,S2-421274182,S2-763299907,S2-122937971,S2-493596870,S2-332633461,S2-188383883,S2-665240173,S2-580455199,S2-805843027,S2-293991464,S2-817554779,S2-297212163,S2-368001586,S2-875930539,S2-775375330,S2-769345193,S2-872901699,S2-735509914,S2-307595290,S2-293972182,S2-287836977,S2-101677614,S2-893048055,S2-455999140,S2-691718681,S2-287660910
S1-624888172	S2-376624673,S2-854060544,S2-7765030,S3-184947134,S2-837168907,S2-349758300,S2-317882412,S2-108831416,S2-877337996,S2-51812199,S3-736602143,S2-391396963,S3-494368782,S2-199887157,S2-237406522,S2-438806767
S1-364720255	
S1-134789038	
S1-164081713	
S1-313047345	S2-857004487,S2-592282952,S2-643942875,S3-256492458,S3-220367143,S2-292663440,S2-23273229,S2-943881097,S2-803433829,S2-439974080,S3-177814027,S2-768669951,S2-764457998,S2-276355156,S3-109324671
S1-234587135	S3-45251875,S2-653942707,S2-602330339,S3-466826718,S3-501405225,S2-306177882,S2-83664858,S2-467348952,S3-399858001,S3-255138758,S2-85713193,S2-232432141,S2-25010375,S2-312379347
S1-908539786	
S1-201577703	
S1-136236806	S2-269347338,S2-152875581,S2-685501423,S2-915027705,S2-453693150,S2-149869784
S1-797071973	S3-725534288,S2-51433721
S1-432725599	
S1-181369338	S2-309254690,S2-150413261,S2-404808019,S2-950057823
S1-953970638	
S1-590285242	
S1-65412029	S2-179715207
S1-897493208	
S1-88481196	S2-701564478,S2-787767792,S2-417890812,S2-393460427,S2-575283631,S2-383359949,S2-189400542
S1-912855728	S3-72967020,S2-3961924,S2-931032901,S2-144123082
S1-335752330	
S1-50821480	
S1-625951028	
S1-889968618	
S1-91844641	S3-399772576,S2-138862680,S2-592118076,S2-762308663
S1-82102704	
S1-891958084	S3-332316274,S2-10943865
S1-810404298	
S1-472142525	
S1-852845726	S3-896177199,S3-267106694,S3-660849752,S3-31429802
S1-913539624	S3-747100244,S3-742429916,S3-105509027,S3-304335464,S2-610050413,S2-563313227,S2-627047028,S3-896903365,S2-649101220,S3-444185351,S2-993367516,S2-63827416,S2-553607727,S3-658751224,S3-647245916,S3-29055209,S3-711377319,S3-550108327,S3-487972181,S3-277063820,S2-767780438,S3-294797766,S2-96395256,S3-763321285,S2-438495499
S1-866514162	S3-42162822,S3-245991573,S3-847680007,S3-606580559,S3-853087291,S2-819298917,S2-380283155,S2-866687990,S2-760779498,S3-729750887,S3-26605086,S3-970670252,S3-180606404,S3-189153787,S3-764157224,S3-249041044,S2-160699556,S2-258667957,S2-892017143,S3-162510120,S3-409435933,S3-309264131
S1-790746809	
S1-368703242	S2-193418780,S3-129093167,S2-949085359,S2-954723371,S3-368657100,S2-485999537,S3-973390471,S3-81426099,S3-141422130,S3-577906013,S2-213677366,S2-817615663,S3-651590471,S2-409931842,S2-94913737,S2-44551552,S2-155568776,S3-439732123,S3-802082874,S3-712654785,S3-825770691,S2-196620491
S1-196716011	S2-843017410,S3-350370260,S3-259628603,S3-538530557,S3-41344906,S2-681887266,S2-741533183,S2-890635038,S3-659303460,S2-264178850,S3-513309135,S3-863527957,S3-710559400,S3-243758371,S2-187944959,S3-510839919
S1-226399186	
S1-455541032	
S1-222681224	S2-184445115,S2-393984219,S2-737720745,S2-925837235,S2-267704559,S3-7398858,S3-351248378,S2-26742562,S2-822477902,S2-526120224
S1-47185754	S3-328149806,S3-186173791
S1-850215759	S2-171639497,S3-349531973,S2-551999900,S3-659344570,S3-43493176,S3-188448200
S1-292615208	S2-232214833,S2-687273673,S3-713914316,S3-609147447,S3-268844466,S3-143605286,S3-314911686,S2-396373507,S3-294106297,S2-319415802,S3-94789080
S1-972967205	S2-782167475
S1-889015903	
S1-305618376	S3-416500219,S3-530748882,S3-814920259,S2-438782341,S2-116474422,S3-498150286,S3-58552083,S3-567892808,S3-993065866,S3-384457178,S3-929788561,S3-87696103,S2-335235331,S2-486528370,S3-748122616,S2-784718860,S3-340248752,S3-52158368,S2-78475866,S2-593354121,S3-260511653,S3-123493523,S3-171712229,S3-331632634,S3-470032923,S3-571684132,S3-128469007,S2-946852078,S2-432742526,S3-385756329,S3-92337190,S2-725952998
S1-272502295	
S1-95321099	S2-582518302,S2-31615763,S2-227994730,S2-577331856,S2-110811145,S2-527245953,S2-487927714,S2-481493872,S2-316682952,S2-458831613,S2-183092653,S2-307972559,S2-853572898,S2-57057245,S2-908510616,S2-73254796,S2-714227580,S2-590537855,S2-729248592,S2-346144327,S2-134174164,S2-265512927,S2-404951487,S2-267907355
S1-898441868	
S1-549795649	S2-399406855
S1-607852072	
S1-308838396	S3-200216004,S3-382774179
S1-862752083	
S1-356964664	
S1-69549456	S3-759450603,S3-608171019,S3-422765144
S1-649411676	S3-191279805,S3-538094369,S2-131251329
S1-671129885	
S1-128071678	
S1-666460926	S3-596905417
S1-395950954	
S1-214635080	
S1-218685314	
S1-890936433	S3-654438900,S2-517294532,S2-771178863,S3-639741855,S2-143575042,S3-786286007,S2-991147730,S3-746639998,S2-838262594,S3-811590733,S2-970063369,S2-891271006,S3-158077221,S2-795317815,S2-364978725,S3-68560638,S3-504836312
S1-640196189	
S1-793274075	S2-868127388,S2-621113695
S1-967735640	S2-634835795,S3-495039079
S1-440550738	
S1-160242888	S2-627348582,S3-116671839,S3-678775333,S2-270342611,S2-454479276,S3-424861861
S1-862715502	S2-889841210
S1-491664006	S2-223119135,S3-611311890,S3-657195699,S3-304569563,S3-296676455,S2-790659327
S1-524036030	
S1-306175528	S3-770248457
S1-919439096	
S1-808341524	
S1-40341246	
S1-310112689	
S1-92668465	
S1-238485383	
S1-300521665	
S1-790313694	S2-539608185
S1-550919717	
S1-184828670	S3-367555480,S2-409261394
S1-975506716	
S1-528999441	S2-265632339,S2-137812408,S2-341067743,S2-263501919,S2-766278701,S2-172807387,S2-727642814,S2-123349874,S2-966203730,S2-94421348,S2-27437350,S2-547806152,S2-954416524,S2-626208567,S2-544468551,S2-191304337,S2-565618073,S2-452843415,S2-558924764,S2-881221848,S2-336367707,S2-264224340,S2-945905307,S2-186207001,S2-19138709,S2-308426330,S2-486183238,S2-860419166
S1-636669378	S3-433816358,S3-524311201,S3-792691845
S1-988076802	S3-422927090,S3-550108327,S3-29055209,S3-277063820,S2-96395256
S1-695163140	
S1-478567299	S3-504238755,S2-732762390
S1-195058161	S3-417456610,S2-343581446,S3-770457764,S2-772902621,S3-545757502,S3-133350303,S3-664759781,S2-175037442,S3-494478591
S1-702010060	S2-810779252,S2-229146539,S2-444755803,S3-14147324,S2-183317297,S2-679753790
S1-245014023	S3-537565873
S1-967900139	S3-13920801,S2-904845958,S3-238463630,S2-495155534
S1-182561046	
S1-29696416	S2-173401955,S2-240191300,S3-670725271,S3-834118895,S3-954677919,S3-610539472,S2-94432627,S2-506446243,S3-456443846,S3-724843027,S3-384600392,S2-898637428,S3-347049544,S3-652733194,S3-934449620,S3-223417921
S1-178294245	
S1-267427323	S3-485718351
S1-123445423	
S1-286630477	S2-117459501
S1-391141182	S3-535345948
S1-752457413	
S1-535787480	S2-411341899,S2-759198096,S2-194142349
S1-905405466	
S1-334052695	S3-233662492,S2-617696595,S3-245711193,S2-476950982,S3-175060006,S2-718971287,S2-279258357
S1-20306842	
S1-234223484	S2-342362934,S2-927299891,S2-151582230,S3-133475797,S2-270290494,S2-82911264,S2-139694080,S2-729269227,S2-196194141
S1-155082989	S3-19354941,S3-539250403,S3-281106844,S3-830852444,S3-569446162,S3-248097692
S1-102806263	S3-258765269,S2-303884458,S2-151929090,S3-587995046,S2-927718446,S3-782321337
S1-108750594	S2-244751001,S3-984001600,S3-484368101,S3-973323595
S1-117094654	S2-33934456
S1-580500657	
S1-95503899	S3-255839551,S3-527850482,S2-434100909,S2-167973485,S3-434609056,S2-961115916,S2-745852168,S2-801303006,S2-925809161,S2-712832935,S2-663131664,S3-225910780,S3-901176774,S3-375541148,S3-477649480,S2-434074181,S2-253968758,S2-537144080,S2-279747332,S2-859958537,S2-639852098,S2-847915218,S2-111395931
S1-43242803	
S1-664503524	
S1-571827345	
S1-792131569	
S1-241686597	S2-552262560
S1-537126138	S2-254869670,S2-207899676,S3-87696103,S2-486528370,S3-58552083,S3-839140221,S3-748122616,S2-784718860,S3-107639461,S3-498150286,S3-993065866,S3-571417697,S3-929788561,S2-335235331,S3-384457178,S3-567892808,S2-381964521,S2-379049339,S2-686931655,S2-78475866,S3-153396701,S2-500283911,S3-842805434,S3-83344897,S2-124227417,S3-520128371,S2-702963999,S2-59099660,S2-656111660,S3-411607279,S3-128469007,S2-946852078,S2-432742526,S3-385756329,S3-92337190
S1-874729954	
S1-412742376	
S1-277072715	S3-6506511,S3-62457887,S3-744115010,S3-585096773,S2-744975512,S3-886297878
S1-975975269	S2-994472257,S2-452890597,S3-30420239,S2-635845114
S1-753456409	
S1-729640360	S2-937915405,S2-108688523,S3-14340904,S3-632229446,S2-511676103,S3-129707347,S3-657193194,S2-168861975,S3-930178827,S3-749668253,S2-491559956,S2-49635368,S3-403604643,S2-685683436
S1-546702803	S2-400767462,S3-88530833,S2-226876210,S3-917156779,S3-10231314,S2-86777874,S3-103194485,S3-978098469,S3-904527966,S3-874679906
S1-811004970	S2-323783749
S1-465739288	
S1-298911800	
S1-404495136	S3-129398375
S1-69404920	S2-617410053,S2-162060482
S1-181752042	S2-302513926,S2-97051761,S2-310363563,S3-161130258,S2-978339219,S2-359549629,S2-845890525,S2-841621186,S3-262305894,S2-91491361,S2-128236991,S2-237196627,S2-249582358
S1-568889611	S3-72293175
S1-902621471	S3-133752901
S1-113609254	
S1-912626082	S3-959776777,S2-789677683,S2-843755045,S3-550088801,S3-281859755,S3-61466907
S1-534385851	
S1-9463761	
S1-549242522	S3-16308995,S3-164727489,S2-145897609,S2-658986989,S2-115312404,S2-933092030,S2-674505288,S3-108961829,S2-636142321,S2-391930311,S2-378260030,S3-17314555,S2-780583380,S2-466208646,S2-431954010,S2-545610969,S2-847885051
S1-599601032	S3-234772200,S3-639741855,S2-891271006,S3-112800160,S2-307692005,S3-158077221,S2-771178863,S2-364337745,S3-551099592,S2-823010878,S3-68560638,S3-504836312,S3-743950165
S1-406779795	S2-978119732
S1-121428705	S2-814910132,S2-180134885
S1-876610966	
S1-731917928	
S1-943874235	S3-649043455,S3-432783650,S3-153795311,S2-356961212,S2-15499438
S1-921169076	
S1-946616972	S2-572201288,S3-591154694
S1-782067272	
S1-800529624	
S1-955777542	S2-885056328
S1-628364291	S3-360043341
S1-187243551	
S1-45352781	S3-966004232,S3-750729155,S3-124967175,S2-805987498,S2-235335621,S2-637455549,S3-331145846,S3-396096136,S3-625957306,S3-599069461,S3-613009453,S3-251957404,S2-305170512,S3-524971847,S2-989603184,S2-221806074,S3-284815472,S3-895301046,S3-570251515,S3-491235096,S3-5857176,S3-581684084,S2-343109355,S2-725694808,S3-281362313
S1-792316304	
S1-415042128	
S1-659236248	
S1-902544764	S3-139188731,S2-45933570,S2-418491589,S2-611424449,S2-552283792,S2-47203536,S2-140501584
S1-374475963	S2-461603082
S1-690531895	S3-281106844,S2-652032952,S3-19354941,S3-539250403,S3-797088116,S3-429740787,S3-830852444
S1-297863402	S2-561575112
S1-740943681	S2-483845663
S1-644751653	
S1-198188475	S3-406400990,S3-637951351,S2-558545554,S2-280506725
S1-214762124	S2-794272150,S3-208398,S3-694058063
S1-688693379	
S1-548154459	S3-270878892
S1-970972284	S3-257686238
S1-541300902	S2-23950077,S2-881028278,S2-981560197,S2-105930613,S2-118285256,S2-345906652,S2-586258362,S2-689520511,S2-752020000,S2-242431253,S2-749659942,S2-225178742,S2-587227192,S2-770742526,S2-460464200
S1-521250108	
S1-193567668	
S1-49223151	
S1-85210897	S2-239061388
S1-836401682	S3-60546740,S2-534326423
S1-490748403	S3-554239363,S2-163744459,S3-482741610,S3-900144843,S3-724674803,S3-139241638,S3-136072742,S3-237071425,S2-342903423,S3-845720987,S3-122534563,S3-995832703,S3-802490649
S1-14678733	
S1-49219863	
S1-761471261	S2-462813915,S2-911820847,S2-868127388,S2-561911284,S2-673883233,S2-90067640,S2-181932157,S2-103339453,S2-621113695,S2-179466822,S2-887125210,S2-815041273,S2-681266042,S2-204888194,S2-125086919,S2-166561956
S1-320649261	
S1-727791058	
S1-410304151	S2-539376491,S2-289470841,S2-930833602,S2-587227192,S2-770742526,S2-460464200
S1-771644696	
S1-587037058	
S1-207436232	
S1-227566918	
S1-525813963	
S1-99058243	S3-890294718,S3-632494315
S1-169459586	S2-716299756,S2-121758824,S3-310034308,S2-241859982,S2-581211896,S3-404810118,S3-508059482,S2-267819014,S2-164945569,S3-140729962
S1-842617241	
S1-630579476	S3-985105185,S3-609989467,S3-455206440,S3-151484250,S2-994972185,S2-569797716,S3-492333788,S2-716229167,S3-737950587,S3-338129967
S1-781242268	
S1-603107324	S2-192311080,S2-585668799,S2-905981292,S2-687849221
S1-453231993	S2-823011586,S3-464015374,S3-896665850,S3-618782952,S2-935981685,S3-73534930,S2-233231715,S3-96148151,S3-319680126,S3-247057175,S3-11427376,S3-200381706,S2-691192967,S3-664159525,S2-255874206,S2-396253366,S2-7401172,S2-256845882,S2-35456195,S2-430355611,S2-175422550,S3-112228889
S1-606480359	S2-991147730,S3-786286007,S3-639741855,S3-609528456,S3-742137836,S3-848979229,S2-792345057,S2-786237267,S2-257697880,S2-629080781,S3-88769867,S2-891271006,S3-978821291,S2-795317815,S3-625384549,S2-136357659,S3-385032157,S2-238289408,S3-551099592,S3-158077221,S3-910555185,S3-382843421,S3-405626387,S2-843604420,S3-68560638,S3-872904624
S1-342757837	
S1-437313797	S3-778831295,S2-208525797,S2-185515584
S1-685497509	
S1-394715818	
S1-521882337	
S1-659932965	S3-82220406,S3-654122725,S3-630389567,S2-695733358,S3-350612146,S2-180177782,S3-591294397,S2-447344461,S3-727401726,S3-491791735,S2-809561798
S1-960203090	
S1-483126489	S2-522913018,S2-449680938,S2-241672314,S2-163425293,S2-284476966,S2-264643226,S2-31936374,S2-249724972,S2-754843013,S2-195262247,S2-102475169,S2-326501256,S2-724103895,S2-842412986,S2-626858063,S2-220323466,S2-499246395,S2-151493047,S2-375239572,S2-453401761,S2-104204154,S2-582365094,S2-22402506,S2-168346428,S2-262651627,S2-903338907,S2-415804091,S2-549490617,S2-616455580
S1-980636074	S2-437281736,S2-76962210,S2-600904389,S2-291644849,S2-163395991,S2-790285699,S2-3319138,S2-817607055,S2-337420573,S2-771746663,S2-525991458,S2-407149621,S2-842081349,S2-38827079,S2-471908725,S2-674079903,S2-702366846,S2-875893829,S2-92322579,S2-302054007,S2-923500757,S2-210149663,S2-560955461,S2-894769041,S2-860355097,S2-272609403,S2-316896911,S2-317152754,S2-474308490,S2-433860699,S2-696109598,S2-898008935,S2-405105351,S2-668971573,S2-75217079,S2-452685961,S2-433032085,S2-346543718,S2-4615798,S2-528473005,S2-813641485,S2-260117127,S2-170100406,S2-635487150,S2-583339726,S2-631977552,S2-739386823,S2-479233308,S2-239641965,S2-840714314,S2-594646994,S2-20213851,S2-414647364,S2-171227599,S2-386525936,S2-122201731,S2-164999379,S2-843635430,S2-186467125,S2-35322068,S2-331873332,S2-883612706,S2-196504480,S2-454352954,S2-415670729,S2-150975970,S2-857262168,S2-226494608,S2-108572031,S2-502816364,S2-213277943,S2-450414338,S2-790170069,S2-19245434,S2-456194866,S2-816684193,S2-56576313,S2-287656003,S2-788354095,S2-472900054,S2-835449021,S2-424954698,S2-29999226,S2-52804522,S2-716987982,S2-342987051,S2-876924172,S2-436744512,S2-499407802,S2-413513633,S2-445319317,S2-587732158,S2-424387851,S2-682413398,S2-679884143,S2-230344467,S2-232161676,S2-530539865,S2-903023022,S2-479048111,S2-229525660,S2-418436422,S2-480944369
S1-451073230	S2-609942540,S3-66619574,S3-889983640,S2-334869461,S2-542484143,S2-217693187,S2-39889760,S3-88748689,S2-631035436,S3-293244015,S3-879564698,S3-273704167,S2-540774917,S2-349927121,S2-973292523,S2-759467179,S2-368020936,S3-953204079,S3-127478466,S2-242381265,S2-999932219,S2-203304294,S2-806819193,S3-924898767,S2-8011424,S2-576723720,S2-654593140,S2-705851202,S2-887029801,S2-709168345,S3-516760419,S3-482559512,S3-471594619,S3-949268054
S1-384388496	S2-194840100,S3-196854838,S3-158107018,S2-122346402
S1-230171622	S3-288626189,S3-553316175,S3-643070448,S3-601466332,S3-479425308,S3-628140366,S3-847810365,S3-413580252,S3-146404948,S3-843723483
S1-876651852	
S1-953955613	
S1-197213235	S2-77613598,S2-404808019,S2-950057823
S1-560567082	S2-905040201,S2-713706868,S2-819959602,S2-829800661,S2-394982369
S1-189106248	
S1-118463867	S2-61842356,S2-467877840,S3-141412884,S2-813290201,S3-382844303,S2-762883468,S2-921958143,S3-125301988,S2-990650173,S3-16126416
S1-928237806	
S1-702336597	S2-357619712,S2-412056224,S2-49112391,S2-80737444,S2-256781534,S2-357528125,S2-876318509,S2-162012421,S2-661128680,S2-160980423,S2-12781223,S2-475245312,S2-736970553,S2-841545719,S2-118283695,S2-751788773,S2-577523774,S2-690943030,S2-774512583,S2-262782004,S2-530639029,S2-387866357,S2-689101624,S2-815912416,S2-157109150,S2-119148412,S2-111887997,S2-746272377,S2-791711694,S2-105719821,S2-735153377,S2-776722434,S2-333783469
S1-933416979	
S1-45919552	S3-972195303
S1-846836305	S3-430600994,S2-672366545,S2-670687228,S3-527115252,S3-360196659,S2-451349609,S2-763311041,S2-843548099,S2-348226150,S2-264926550,S2-760886890,S2-891023850,S2-596097539,S3-151249074,S3-374216090,S2-900230114,S2-730649105,S2-53637148,S2-627635433,S2-620957678,S2-870569367,S2-263525146,S3-394081375,S2-61873123,S2-855535142,S2-889361037,S2-451055833,S2-729982053,S2-749669684,S2-769390133,S2-181767769,S2-505503934,S2-150951010,S2-274074222,S2-744806072,S2-69765727,S2-421716177,S2-151577977,S2-206185027,S3-158883745,S2-217528887,S2-735010401,S2-146866866,S2-260645654,S2-564688607,S3-403784960,S2-560883845,S3-472238516,S2-90230837,S2-721244863,S2-322804386,S2-449259622,S2-852250410,S2-3361485,S2-989123271,S2-346884535,S2-606745939,S2-4063865,S2-445745013,S2-389285236,S2-424624528,S2-141927104,S2-664229357,S2-356765231,S3-546004470,S2-852561180,S3-399277683,S2-236093607,S2-55831140,S2-731516101,S2-950656040,S2-408527663,S2-765970633,S2-827706879,S2-13394411,S3-492296137,S2-146063669,S3-469779777,S3-394471441,S2-215029777,S3-185302345,S3-382651857,S2-945552625,S2-996789998,S2-692245974,S3-15957984,S3-36149327,S3-109955329,S3-450829929,S2-562221440,S2-110702296,S2-360844347,S2-339135081,S2-223290289,S2-884163187,S2-125994360,S2-926235364,S3-518824085,S2-103153675,S3-160356845,S2-575519759,S3-199624342,S2-71130755,S3-166829148,S3-114050055,S3-531812875,S2-326643070,S2-312445250,S2-359215532,S3-414026743,S2-773267292,S2-325289354,S3-343291616,S2-7543447,S2-495485388,S2-502130238,S2-333607679,S2-774799831,S2-747637740,S2-779676252,S3-249882202,S3-1416697,S3-311580311,S2-573676257,S3-122827886,S3-164750992,S3-528602041,S2-44584847,S3-195467557,S3-143520926,S3-373621467,S2-386664730,S3-518241260,S3-487046030,S2-805980077,S3-25941980,S2-161422253,S3-496534080,S2-900728270,S3-263972871,S2-405828177,S2-511109504,S3-361287279,S2-684529367,S3-309769910,S3-51040018,S2-134657547,S2-452934392,S2-592166210,S2-775425416,S2-302022404,S2-525425556,S3-241304152,S2-187727442,S3-320081424,S2-761459813,S2-492688125,S3-1906275,S3-534962721,S3-228173950,S3-112294156,S3-501820833,S2-144736403,S3-411379232,S2-41908129,S2-475198446,S3-390584244,S2-133962980,S3-168554976,S2-345397650,S2-901544239,S2-540370049,S3-377272337,S3-101947146,S3-190396563,S2-794349110
S1-678170359	
S1-180117020	S3-581511726,S3-115899739,S3-431864351,S2-566281429,S2-789042345,S2-261831845,S2-613036303,S2-234080550
S1-80598829	S2-975695901,S3-563242687,S2-415846496,S2-647711837,S3-544359485,S2-703292964,S3-136697891,S3-453027795,S2-654605148,S3-404430564,S3-339586876,S2-966408556,S3-609383676,S2-181462484,S2-415939636,S2-902129089,S2-859044553,S3-864195148,S2-541549702,S2-2876081,S2-285229383,S3-722656892,S2-833783595,S2-121867875
S1-952266463	S3-605495431,S3-112988157,S3-437160203,S2-381313183,S3-499230898,S2-360233448,S3-530237056,S2-603092218,S2-247724299,S3-103733832,S2-782076286
S1-508039162	S2-47695393,S2-828168813
S1-865558038	S3-523672694
S1-599691398	
S1-878403371	S2-627368384,S3-404718873,S2-487562835,S2-124272862,S3-9820592,S2-802806265,S2-54782238,S2-996779983,S2-821742025,S2-967710871,S2-895279854,S3-474095056,S2-858227574,S3-571978459,S2-567971238,S3-627823330,S3-862474309,S2-544324376,S2-525532240,S3-510400989,S3-196562000,S3-615290415,S2-178124786,S2-642771948
S1-169036830	
S1-531019485	
S1-202517222	
S1-743301865	
S1-597856896	S2-245700704,S2-262923349,S3-288104846,S2-740691421
S1-148226061	
S1-120848698	S3-14161700,S2-376286004,S2-747702850,S2-727701442,S2-586567836
S1-216005924	
S1-109643095	
S1-217080529	S2-153149657,S3-390311474,S2-305245671,S2-257424029,S2-959998703,S2-818313646,S2-600539072,S3-975932597,S2-343117767,S2-552895929,S3-582478659,S3-804563758,S2-958999413,S2-111035157,S2-59386461,S3-660879688
S1-732585910	
S1-385338713	S3-326490904
S1-523354110	S2-328750042,S3-59476109
S1-975229569	S3-29187516,S2-230318262,S3-320715619
S1-633582317	S3-153149485,S2-772143504,S2-869184613,S2-638649645,S2-276726037,S2-741181340,S3-161130258,S2-359549629
S1-793492834	
S1-467081723	
S1-137056064	
S1-66391243	S3-968425710,S3-987704309
S1-458506706	S2-649395699
S1-825852772	S2-102331861,S2-354668833,S2-585483606,S2-819424842,S2-327426931,S2-648006387,S2-730014105,S2-716002301,S2-558323893,S2-110802997,S2-214469026,S2-108871171,S2-116241308,S2-460498193,S2-586145543,S2-384631774,S2-69853777,S2-324819925,S2-606258540,S2-753117007,S2-727306054,S2-44441743,S2-347417379,S2-647453818,S2-104176563,S2-452457309,S2-496615663,S2-628740522,S2-124911925,S2-288977263,S2-405701199,S2-332016410,S2-715162081,S2-591032606,S2-71670232
S1-734359921	
S1-745322775	S2-106383667,S3-679745622
S1-596596978	
S1-927159531	
S1-98421553	S2-35843445
S1-22305073	S2-896429468,S2-787775539,S2-385166201,S2-151493047,S2-140236971,S2-174000,S2-603174107,S2-679386497,S2-499246395,S2-589709931,S2-262651627,S2-903338907,S2-415804091
S1-276964967	S2-47841445,S2-21862008,S2-521187523,S2-305312706,S2-756273687,S2-693518082,S2-191642999,S2-446638113,S2-557629172,S2-813209929,S2-846704896,S2-935286352,S2-493225675,S2-423681530,S2-121251495,S2-734284607,S2-579951449
S1-759365268	
S1-631544802	
S1-608209014	
S1-560693098	
S1-125472274	S3-233803825
S1-355337487	S3-583859487,S2-34691646,S2-560384527,S3-88817890,S2-835917272,S3-229750888,S3-835794928,S3-545612591,S2-408079655,S2-459363558,S2-769359538,S3-788470142,S3-334531198,S3-303440700,S2-187915995,S3-516686951
S1-894324649	
S1-868073197	
S1-926822525	S3-831891491,S3-251224720,S3-912059056,S3-989424038,S3-38201471,S3-158438097,S2-524100417,S3-210446454,S2-400238075,S2-25360206,S3-721924011,S3-314670688,S3-193323633,S3-472107354,S2-239450464,S2-970144416,S3-665243072,S2-452274429,S2-460907543,S2-793351422,S2-249118025,S2-122203277,S3-352555171,S2-517552379,S3-486633882,S2-376260098,S3-786701372,S3-54211489
S1-127186532	S2-477430378,S2-489029878,S2-647118389,S2-103926383,S2-479851748,S2-623862561,S2-583775694,S2-577623217,S2-214214126,S2-234906407,S2-738804968,S2-836323092,S2-684105419,S2-596405161,S2-490608374,S2-374343532,S2-139544833,S2-361263825,S2-109828025,S2-479633490,S2-356484312,S2-100485538,S2-240529033,S2-84681830,S2-547509417,S2-724089150,S2-121457470,S2-125086919,S2-898577463,S2-341455263
S1-660044232	
S1-437908048	
S1-415633195	S2-215488897,S3-494142219,S3-377934978,S2-499216552,S2-521545812
S1-861953097	
S1-129879904	S2-855213719
S1-79772943	
S1-967809379	S3-41930139,S2-21521290,S3-876865834,S2-608926201,S3-101405370,S3-538164431,S3-87413705
S1-511026802	S3-78073175,S2-496617037,S2-704302064
S1-211678907	S2-970063369,S2-307692005,S3-963171518,S2-83160900,S3-639741855,S2-629080781,S2-143575042,S3-811590733,S3-234772200,S3-517652020,S3-551099592,S2-676451151,S2-364337745,S2-136357659,S2-685763110,S3-876971543,S2-786237267,S2-469472740,S2-657405070,S3-860059898,S3-68560638,S3-504836312,S3-743950165,S3-872904624
S1-796794939	
S1-639012333	S2-126579829,S2-488508794,S2-880963141,S2-926583934,S2-185815139,S2-374553011,S2-775343356,S2-903585413,S2-653343801,S2-427709208,S2-544407287,S2-208571893,S2-13845021,S2-290349096,S2-874542026,S2-56351504,S2-67897371,S2-845782082,S2-260791980,S2-68683284,S2-265025544,S2-335608003,S2-263868441,S2-802598582,S2-790352757,S2-426444421,S2-272129669,S2-303695550,S2-481356370,S2-317736419,S2-863750296,S2-181812335,S2-74121857,S2-721917107,S2-390913843
S1-102881886	
S1-484639219	S3-630468138
S1-630943609	S3-146943895,S3-644433566,S3-193622652,S3-702728385,S2-432179372,S2-789134097,S2-893887123,S3-788717527,S2-485905610,S2-859269439,S2-443594860,S3-691388171,S3-889377505,S2-958489993,S2-173875422,S2-838837076,S2-337859895,S3-433098514,S3-562619864
S1-87161797	S3-557596496
S1-299370956	S3-391174887,S3-779595638,S2-387686909,S3-957466890,S2-354450897,S3-466011446,S3-834956894,S2-717109071,S3-103509281,S2-554645235,S3-651580493,S3-413237137,S3-498115308,S2-594783306,S3-215346542,S3-948910487
S1-353880717	S2-974213881
S1-719529249	S3-132326414,S2-465307413
S1-780317817	S3-309070320,S2-23540421,S2-591150439,S3-334677842,S2-286288036,S3-106150053
S1-449643256	
S1-739672849	S2-472944691
S1-264663287	S2-229009075,S2-123026241,S2-292335754,S3-122377934,S2-593211446,S2-243223168,S2-842901038,S2-896587297,S3-173327469,S2-907404223,S2-50149822,S2-979222867,S2-541851292,S3-161130258,S2-359549629,S2-978339219,S2-845890525,S2-128236991,S2-237196627,S2-249582358
S1-603423853	
S1-237923305	
S1-267736961	S3-539250403,S3-281106844,S3-19354941,S3-830852444
S1-231134792	
S1-25879788	
S1-56629354	S3-667168392,S2-115905985,S2-318640897,S2-933026242,S3-297184753,S3-10183087,S3-40060015
S1-807703451	S3-784007691
S1-143671838	
S1-592761187	S2-784632459,S2-265362621,S2-155633699,S2-112531767
S1-355110377	
S1-953665805	S3-345184593,S2-319759458,S3-757491985,S3-344441552,S3-637311800,S2-149765951,S3-54506026,S3-97056794,S3-100281171,S2-460654776,S2-659591642,S3-406334349,S3-119929779,S2-743200797,S2-63030452,S3-686929711,S3-41022751,S2-240768063,S3-691530908,S2-7842667,S2-10223294,S2-41724756
S1-426267364	S3-360060474,S3-820478802,S3-550042072,S3-861379286,S3-855546679
S1-377673441	
S1-85236080	S2-141526237,S3-203034238
S1-588629232	
S1-936853964	S3-958459747,S3-833636304,S3-903230876,S3-374393279,S3-797844671
S1-588939036	
S1-958506826	
S1-434235767	
S1-897331208	
S1-520361644	
S1-620689609	S3-224145257
S1-898041239	
S1-995078395	S3-412369534,S3-426916371,S3-682528511,S3-843782291,S2-956205296,S3-918047298,S2-977875814,S2-123046441,S3-197421206,S2-668712336,S2-532776430,S3-386730730
S1-636234159	
S1-855787505	S3-339542517,S3-443632315,S2-105326016,S3-817316267,S3-608105897,S2-663635304,S2-886263159,S2-85285751,S3-939675577,S3-723577114,S2-647725748,S2-29326816
S1-455347168	S2-172922502,S2-217902830,S2-11683033,S2-549507058,S2-11079141
S1-516773789	
S1-987152524	S2-18353597,S3-258906183,S3-373184220,S2-94625584,S3-580827705,S2-513538031,S2-291941540,S2-59294725
S1-399649742	S2-527335399
S1-347799952	
S1-749833591	S3-348550473,S3-125440026,S3-383057808,S3-185183560,S2-378599587,S2-461513115,S3-211744715,S3-338173731,S2-21115827,S2-206354144,S2-627422515,S2-944769160,S3-493538718,S2-676202678,S2-367013531
S1-518046279	
S1-36458946	S3-299733440
S1-987010400	S3-797949919,S3-659303460,S2-185020270,S3-176892573,S3-538530557,S3-350370260,S3-259628603,S3-843274962,S3-635793934,S2-132481414,S2-666978675,S2-541753869,S3-783063940,S3-813129692,S3-243758371
S1-757199197	S2-784088205,S2-259166858,S2-230280471,S2-433110540,S2-432359827,S2-638697817,S3-495736024
S1-37376260	S3-813161055,S3-327623741,S3-510261459,S2-784921023,S2-590276732
S1-981657585	S3-994464864,S3-556604118,S2-872612564
S1-295239670	S3-336043633,S3-94822610,S2-429037516,S2-606786760,S2-24284585,S3-686316619,S3-677463484,S3-143833510,S3-295569553,S2-480291885,S2-588727148,S2-206758928,S2-498822409,S2-982465285,S3-297176220,S3-514853006,S3-868598910,S3-652603712,S2-262778022,S2-168955119,S3-35353708,S2-392241463,S2-658449395
S1-49032225	S3-680926527,S2-631026197,S3-224633204,S2-773798507,S3-448332409,S3-579126025,S3-71186331,S3-574333335,S2-15383593,S3-196339962,S3-626303650,S3-392112597,S3-414044295,S2-540130448,S2-34159244,S2-803591124,S2-702591805
S1-787530179	S2-11408164,S2-476099473
S1-947166860	S3-481908862
S1-209240929	
S1-744973795	S2-760678421
S1-320913666	S3-238800182,S3-458945067,S2-798518797,S2-765930093
S1-680124546	S2-3356125,S3-158649914,S3-519139672,S3-777896136,S2-135786449,S2-828168813,S2-262668719,S2-383787301,S3-934850620,S2-105494548,S3-257484437
S1-619699783	S3-519166292,S3-422940856,S3-389777475,S2-871567834,S2-294676347,S2-648986125,S3-291429105,S3-77537998,S2-71654951,S3-216473657,S3-628162293,S3-880829764,S2-852673366,S2-369312672,S3-809331427,S2-447215140
S1-665834015	S2-109828025,S2-623862561,S2-583775694,S2-596405161,S2-103926383,S2-511885526,S2-214214126,S2-373298297,S2-647118389,S2-477430378,S2-479851748,S2-679849222,S2-640434082,S2-911820847,S2-121457470
S1-781085857	S3-650749028,S2-830551019,S2-511955214,S2-949058733,S3-965283428,S3-903109621,S2-501058965,S2-670996121,S3-976026616,S2-115729430,S3-602653373,S3-989317080,S2-48547981,S2-710534719,S2-269430298,S2-458404098,S3-376453945
S1-757905995	S2-607927808,S3-127728625,S3-628886198,S2-460654776,S3-637311800,S3-239724885,S3-100281171,S3-344441552,S3-432330722,S2-88674258,S2-252296172,S3-691530908,S2-7842667,S2-10223294,S2-41724756
S1-334487253	S3-462170639
S1-706817236	S3-125187535,S2-761679762,S2-390228284,S2-83232593,S2-552428086,S2-105732154,S2-83676479,S2-965240012,S2-494346051,S2-254246923,S2-63319373,S2-408074053,S2-197625341,S2-60219940,S2-264471824,S2-73721821,S2-709110397,S2-99022571,S2-223255462,S3-83930885,S2-913289229,S2-153036511,S2-362214555,S3-706874458
S1-652689400	S3-584323213,S3-259996814
S1-458402369	S2-719036100,S2-541944003,S3-113467352,S3-880112150
S1-150821320	
S1-691584189	
S1-56234230	
S1-911827061	
S1-516359910	S3-313516074,S2-481493045,S3-885787619,S2-376286004,S3-35962365,S2-818226892,S3-852537521,S3-204751604,S3-45586223,S2-241397864,S2-558133053,S3-156857342,S3-482235546,S3-917327350,S2-827455267,S3-520134808
S1-420226248	
S1-137601080	
S1-870704351	
S1-614484771	S2-784648512,S2-667289877,S2-373455256,S2-454250437
S1-220334720	S3-108824120,S2-110407360,S3-366565176,S2-138691471,S3-20983096,S3-756185275,S3-678007093
S1-290019824	
S1-46682830	
S1-407280565	
S1-365287517	S3-530485961,S3-516156702,S3-923287548,S3-617190603,S3-431779505,S3-871661966,S3-247929179,S3-88806363
S1-84102169	S2-441189230,S2-523858442,S2-801020803,S2-62092247,S2-896264951,S2-951843795,S3-223861841,S2-291635456,S2-63004297,S2-394189263,S2-492944301,S2-480177776
S1-359733495	S3-126366101,S2-751987153,S2-168540124,S2-945595113,S2-685580910,S2-30561365
S1-750117118	S3-653381985,S2-875823579,S2-671903958,S2-846121989
S1-491925427	
S1-486185859	S2-556471383,S3-172485866,S2-911311609,S2-202072565,S2-476731080,S2-124741880,S3-325595682,S2-149491447,S2-505865265,S2-994659587,S2-698039366,S3-16795992,S2-318838986,S2-127049406,S2-126897901,S2-957881246,S2-444319208,S2-77833410
S1-472663407	S3-948095510
S1-154324355	
S1-389552062	S2-21458643,S3-203911406,S3-524659433,S3-24277781,S2-997977601,S3-261433142,S2-442457674
S1-519076290	S3-973323595
S1-552720726	
S1-912947277	S2-144432013
S1-967173158	S3-614233493,S3-146718733,S2-124159237,S2-952561318,S3-859624405,S3-960090841,S3-854895985
S1-283808530	S2-788047001,S2-412056224,S2-357619712,S2-49112391,S2-256781534,S2-357528125,S2-876318509,S2-160980423,S2-162012421,S2-12781223,S2-475245312,S2-688422676,S2-661128680,S2-172203240,S2-225565512,S2-841545719,S2-377002896,S2-316793018,S2-65236902,S2-734093127,S2-577523774,S2-690943030,S2-33885009,S2-774512583,S2-530639029,S2-7421736,S2-262782004,S2-67408637,S2-293641074,S2-330799164,S2-402310965,S2-172946525,S2-389153195,S2-746272377,S2-812675112,S2-467918977,S2-791711694,S2-333783469,S2-735153377,S2-105719821,S2-776722434
S1-157020136	S2-789861220,S3-73853671
S1-680356898	S3-321821996
S1-203636107	S2-871696711,S3-320968973,S3-530778978
S1-349655389	S3-952646571,S3-374393279
S1-775313117	S2-298672438
S1-805536665	S2-470183985,S2-954416524,S2-231010380,S2-198848015,S2-468703505,S2-186207001,S2-945905307,S2-19138709,S2-264224340
S1-198728897	
S1-934688692	
S1-600659240	S2-111751293,S2-93243562,S2-859588561,S2-727488198,S2-426383879,S2-256608780,S2-804840607,S3-109306271
S1-68642168	S2-454938838,S3-393913958,S3-8572871,S3-509243672,S3-814285237,S3-289958683,S2-803719564,S2-986940248,S2-250241425,S3-264534055,S3-311390156
S1-544324636	
S1-377745466	
S1-493177664	
S1-753783208	S2-681266042,S2-290103530,S2-338797223,S2-732665656,S2-54986407,S2-196152628,S2-353471113,S2-397386461,S2-125810850,S2-422671432,S2-724089150,S2-30418841,S2-24227028,S2-649510986,S2-203207883,S2-401711566,S2-12841993,S2-108303797,S2-690661246,S2-522042091,S2-596405161,S2-836323092,S2-881467454,S2-511885526,S2-731163714,S2-281790304,S2-717186104,S2-911820847,S2-242145239,S2-835142245,S2-640434082,S2-679849222,S2-843334349,S2-768890177,S2-54947464,S2-723179948,S2-125086919,S2-341455263,S2-166561956,S2-492621162,S2-898577463,S2-121457470
S1-459898634	
S1-881950049	
S1-544794939	
S1-465775693	S3-908372924
S1-480381026	S2-616563119,S2-743038146,S2-307032576,S3-115610084,S2-32583731,S2-580231896,S2-389144542,S3-675394736,S3-724579025,S3-865701662,S2-114905552,S3-712950363,S2-180742453,S3-534436607
S1-186281585	S2-97402817,S3-975479366,S3-131698237,S2-821742025,S3-644755255,S2-434595875,S3-615290415
S1-788759542	S3-792063296,S2-211205682,S3-107087805,S3-677686666,S3-931749255,S3-866119784,S3-805610701,S2-266877403,S3-251558527,S2-510339752,S3-419455171
S1-111867989	S3-740454489,S2-57676509,S2-814452803,S3-167064822
S1-381184907	
S1-616943292	
S1-876256279	S2-875947431,S3-192962174,S3-148416570,S3-483911284,S2-319900603,S2-985910757,S3-746502144,S3-743510261,S2-552803170,S3-221439442,S2-643393251,S3-680686585,S3-670153717,S3-654847738
S1-826659385	
S1-905957470	S2-852631739,S3-744115010,S3-585096773,S2-744975512,S3-688211664,S2-445282808,S3-886297878,S3-629792211,S3-998248680
S1-275609629	
S1-130504269	S3-343574574,S3-661962385,S3-718206663,S3-296375987,S3-718829720,S3-474985958,S3-738870871,S3-896314477,S3-42150415,S2-90034458
S1-328537189	S3-328995413,S2-739135680,S2-265851352
S1-679619563	
S1-637465929	S2-899219467,S3-894049246,S2-53514316,S2-467857327
S1-477525759	
S1-149815324	
S1-297343387	S2-982915973,S2-313177200,S3-76919362,S3-646888222,S3-604485365,S2-221787885,S2-558860644,S2-927343360,S2-195308609,S2-331706110,S3-558166670,S2-972831202,S2-555268522,S3-417003454,S2-746100832,S2-323158112,S3-507665735
S1-111264432	
S1-122907961	
S1-413355280	
S1-951302670	S3-54095151
S1-473564167	S2-668845585,S2-529959614,S2-632107609,S2-2421199,S2-740523695,S2-15835805,S2-219033561,S2-618207016,S2-782058062,S2-45775835,S2-728382356,S2-789306297,S2-358504456,S2-149242575,S2-299742973,S2-133027173,S2-498618273,S2-171964628,S2-302258079,S2-77698963
S1-719141934	
S1-830737832	S2-829339355
S1-656314104	
S1-498490980	
S1-418514604	
S1-853759850	S3-114096817,S2-822986577
S1-183232960	
S1-857115678	
S1-172940189	
S1-932318328	S2-934140704,S2-97506682,S3-581290754,S2-124279950,S2-204947261,S3-688435538,S3-844137852,S2-647711837,S3-136697891,S3-6852701,S2-355464446,S2-893389262,S2-859044553,S3-864195148,S2-514557183,S2-840287819,S2-541549702,S2-2876081,S3-342273635,S2-842221701,S3-722656892,S2-833783595,S2-494187943,S2-121867875,S3-45647623
S1-174416924	S3-657195699,S3-296676455,S3-304569563
S1-183283123	
S1-481394893	
S1-917246075	S3-632957389,S2-236765913,S3-829213012,S3-116566976
S1-951451939	S3-291419604,S2-482257163,S2-258070307,S2-638576246,S2-463798526
S1-696596585	
S1-232133886	
S1-21126044	
S1-472232440	S2-128513686
S1-847263263	
S1-26973979	
S1-562847595	S2-790038143,S3-364334492,S3-613535985,S3-260816969,S2-269545124,S2-38038056,S3-495736024,S2-166647024,S2-687968165,S2-122711789
S1-952988982	
S1-960071581	S3-36555050,S2-911311609,S2-830651089,S2-189821268,S2-463892903,S2-582910654,S2-126897901,S2-755009322,S2-127049406,S2-335476625,S2-51480400,S2-77833410,S2-429192568,S3-174580748,S2-957881246
S1-831558264	S3-164451082,S2-700095711,S3-398909534
S1-215891377	S2-330043897
S1-967988833	S3-849123202
S1-321367491	S2-326959784,S2-518758704,S3-713399888
S1-334539148	
S1-754657655	
S1-873228324	
S1-426534386	S2-463550603,S2-845368070,S2-55872045,S2-509521063,S2-730924879
S1-680737813	
S1-206530536	
S1-96384267	S2-174426494,S3-575732949,S3-511423182,S3-426047142,S3-637946151,S2-657172153,S2-19788659,S2-105146290,S3-675133665
S1-684959382	
S1-39105767	S3-39590208
S1-328688637	
S1-756084793	
S1-244420475	
S1-711028059	
S1-444909190	S2-850315061,S3-888368892,S3-790627623,S3-301935265,S3-489456143
S1-227488977	S3-105660134,S3-727987025,S3-161938874,S2-90190725,S3-354574594,S3-49257609,S3-464168374,S3-363198219,S3-936753714,S2-434940052,S2-434395007,S2-939227100
S1-375224050	S2-64507764,S3-153659316,S2-827732455,S3-317050221,S3-563320487,S3-285258298
S1-517870446	S3-632653204,S2-305571277,S2-143220472,S2-677814286,S2-350814894,S2-299724919,S2-671002874,S2-981608167,S2-596810525,S2-234003581,S2-260305376,S2-453032138,S2-244143370,S2-57886597,S2-20792517,S2-346090424,S2-529303810,S3-250358100,S3-781192645,S3-366966140,S3-286554291,S3-11520169,S3-618588088,S3-9264973,S3-576258046,S2-992220880,S2-148843180
S1-667605690	S3-236215967,S2-856276516,S2-824518481,S2-227964497,S3-209946889,S2-267072963,S2-140453614,S2-502946548,S2-301349190
S1-693616794	S3-252532454,S3-681926238,S3-359666432,S3-352332651,S2-472964955,S3-79744255,S3-693766693,S3-992949052,S2-186313999,S2-554524752,S3-56547092,S2-61286238,S3-402973010,S2-82482424,S2-807407389,S3-213845435,S3-903276909,S3-922124683,S2-714750919,S2-864585474,S3-246760127
S1-856881956	S3-941711150,S3-773633116
S1-235223136	
S1-185653319	
S1-176567267	
S1-253788459	
S1-887193507	
S1-329965372	S2-142790854
S1-748942318	
S1-261805336	S2-462180252
S1-427607507	S2-352112358,S3-869864247,S3-426047142,S2-282584362,S3-511423182,S2-19788659,S3-791702201,S3-395951421,S2-209173037,S2-642612633,S2-657172153,S3-519722371,S3-327861517,S3-796777861,S2-438970636,S3-775321227,S2-671293655,S3-163969871,S3-38945604,S3-225757840,S2-155611290,S3-650635240,S2-314747787,S3-265817537,S3-409781461
S1-425462869	
S1-873914076	
S1-162987976	
S1-501989527	
S1-102091173	S3-805762482
S1-86978185	S3-742909541,S3-592117122,S3-923287548,S2-533761278,S3-780413175,S3-315715096,S3-385287632,S3-931523721,S2-455811998,S3-108390911,S3-989522977,S2-304441869,S2-235058867,S3-626536979,S3-68802328,S2-273594837,S3-247929179,S3-88806363,S3-518808841
S1-832079937	
S1-305903794	S2-539271605,S3-611547443,S2-769670614
S1-514306947	
S1-748364403	S2-359972809,S2-312096209,S2-141312768,S2-521785445,S2-101390759,S2-633383009,S2-408944234,S2-313735752,S2-25204423,S2-585490372,S2-807247864,S2-767582674
S1-665804046	
S1-712320143	
S1-531738165	S2-884259483,S2-608424527,S2-178336004,S2-356024173,S2-488229934
S1-123879419	
S1-38896143	S2-457095793,S3-470654286,S3-314805938,S3-123958503
S1-307708702	
S1-902188196	
S1-223283080	S2-847707397,S3-598278742
S1-222806068	S3-291419604,S2-915469265
S1-600808702	S2-580304784,S3-4501364
S1-957760619	S3-864237410,S3-266016485,S3-467871681,S2-502317016,S2-406623806,S3-419096825
S1-660246675	S2-752480878,S3-448406340,S3-99250807,S3-343892406,S2-538147276
S1-624102029	
S1-857898397	S3-309316707,S3-455380524,S3-620667743,S3-163307473,S3-662983008,S3-653214344,S2-223400128,S2-519024364,S2-721745918,S3-153670200,S3-778147929
S1-903984682	S3-206621972,S2-901065440,S2-625882148,S2-162602516,S2-905123184,S3-165214064,S3-251037520,S2-420939417,S2-614314679,S2-373132972,S3-316091460,S2-500002268,S3-293863839,S2-181651904,S3-364662285,S2-245695849,S2-598995849,S2-197507161,S2-405833388,S2-771301658,S2-309254690,S2-150413261,S3-338323284,S3-135143490,S3-154438226,S2-149845890,S3-210011733,S2-404808019,S2-950057823,S2-778909348,S2-963405936,S2-496612435,S2-652189339,S2-646792670,S2-775551147
S1-759182044	S2-548111410,S2-771612647,S3-862342551,S3-576077877,S2-414894390,S3-808134857,S2-984371907,S3-44029478,S2-253735044,S3-987853850,S3-424218841,S2-724031955,S2-484399303,S2-401337971,S3-145894699,S3-387137458,S3-885679450,S3-364570311,S3-141959189,S3-986008751,S3-388331940
S1-449072502	
S1-227616508	S3-11230194,S2-687662878
S1-897926130	S2-213567493,S2-154377602,S2-68571898
S1-554097475	S2-887125210,S2-268717049,S2-815041273,S2-731163714,S2-749546547,S2-120746149,S2-315711263,S2-724089150,S2-522042091,S2-125086919,S2-662227064,S2-132066677,S2-659494296,S2-568635283,S2-586738789,S2-397386461,S2-182659914,S2-20187320,S2-341455263,S2-166561956,S2-492621162,S2-898577463,S2-121457470
S1-219401270	
S1-951609532	
S1-127222577	S3-420793339,S3-207565374,S3-199976141
S1-59939523	S2-394117399,S2-511559417,S2-422948650,S2-350162455,S2-180134885
S1-279971988	S3-824019175
S1-231882629	
S1-441821984	S2-78458714,S2-221669172,S2-463213476,S3-414840349,S3-59255752,S2-425781342,S2-305823974,S2-207551652,S3-849521015,S2-174408214,S3-388211055,S3-371004798,S3-838325124
S1-704250829	
S1-72533913	S2-926702290,S2-171101526,S2-817081726,S2-209205749,S2-157137659,S2-547541391,S2-735388909,S2-831174999,S2-644797046,S2-181952214,S2-825154904,S2-130613994,S2-496567142,S2-111005765,S2-38714154,S2-810280772,S2-401404,S2-376482781,S2-47794183,S2-261745733
S1-131392607	S2-47369327,S2-457401739,S2-98189372
S1-686128990	S2-919945926,S2-406296867,S2-267500703,S2-899036327,S2-942526403,S2-286628086,S2-13115762,S2-316142916,S2-20546213,S2-641011780,S2-352610363,S2-276076969,S2-787540201,S2-326378179,S2-116775187,S2-67378207,S2-251692345,S2-824718641,S2-29970605,S2-902748481,S2-843407178,S2-366689593,S2-537063176,S2-813209929,S2-636892415,S2-907281612,S2-391543237,S2-137691210,S2-455905467,S2-683454914,S2-111371422,S2-410916069,S2-810280772,S2-521187523,S2-76920936,S2-647274183,S2-775511815,S2-850312470,S2-734284607,S2-376835730,S2-579951449
S1-355649086	S2-599707
S1-235335372	S2-417566940
S1-949279814	
S1-100276333	
S1-649197669	S3-585096773,S3-744115010,S3-956444479,S2-744975512,S2-470148277,S3-674176668,S3-372225408,S2-802161488,S2-853084957,S2-445282808,S3-754994446,S2-492424717,S3-629792211,S3-886297878,S3-655745608,S3-998248680
S1-96452829	
S1-181770594	
S1-253000788	
S1-411118345	
S1-266336918	
S1-587107442	S3-116340683,S2-232701637,S3-389777475,S3-422940856,S2-764968183,S2-457883231,S3-491429023,S2-401097610,S3-319195767,S2-562766225,S3-341926808,S2-509940413,S3-510175292,S3-374570939,S2-634517258,S3-248153324
S1-492492052	S2-415414139,S2-292703511,S2-521711964,S2-254404079,S2-659611183,S2-39869945,S2-704516263,S2-198493039,S2-662012943,S2-186961088,S2-253950301,S2-800873754,S2-437576862,S2-157443642,S2-528186654,S2-762100715,S2-388123985,S2-466440305,S2-142131792,S2-127797648,S2-844984869,S2-616082483,S2-249005152,S2-110488400,S2-491849467,S2-576179790,S2-226778935,S2-959204099,S2-709826429,S2-867098208,S2-782343040,S2-759917947,S2-938297699,S2-836747571,S2-432341031
S1-678133841	
S1-590182176	
S1-647752506	S2-393744454,S2-421792987,S3-339542517,S2-550445677,S3-443632315,S2-105326016,S2-819196119
S1-631900768	S3-949418688,S2-757970363,S2-618020972,S2-576723720,S3-953204079,S3-293244015,S2-134129534,S2-39889760,S2-973292523,S2-759467179,S2-217693187,S2-368020936,S2-165649102,S2-349927121,S2-540774917,S3-879564698,S3-273704167,S3-88748689,S2-631035436,S2-334869461,S2-542484143,S2-425439096,S3-355014269,S2-429721451,S3-889983640,S3-937074991,S3-28072560,S2-609859198,S2-217662545,S3-544306352,S3-713804933,S2-705851202,S3-684340152,S3-405217183,S3-92190211,S3-813352567,S2-709168345,S3-68648691,S2-448408291,S3-787084874,S2-654593140,S3-604841310,S2-716706622,S3-482559512,S3-471594619,S3-949268054
S1-821007067	S2-633697608,S3-261935142,S2-369546644,S2-633012840,S2-71958034,S2-917698035,S2-495770952,S2-899044307,S2-884019822,S2-582972507,S3-108661380,S3-275200479,S2-407033938,S3-779258178,S2-616375372,S2-338411470,S2-253264903,S3-678788683,S3-884070059,S3-573525407,S3-377235747,S3-228774122,S3-55433316,S3-539643381,S3-725127118,S3-97079545,S3-690026318,S3-793791664,S3-385270619,S2-334550068,S3-296767684,S3-37382531,S3-751712066,S3-31039120,S2-533741158,S2-694973521,S2-818836648,S3-570874148,S2-833106025
S1-332254958	S3-684410514,S3-843686319,S2-851498372,S2-783110346,S3-632494315
S1-563715989	
S1-484509356	S2-218583208,S2-299820792,S2-32510305,S2-105845989,S2-313435170,S2-713252665,S2-357158018,S2-202866819,S2-585132276,S2-889206958,S2-259754115,S2-136439253,S2-317389623,S2-648362230,S2-771095253,S2-772015153,S2-168670799,S2-908510616,S2-481493872,S2-316682952,S2-809820685,S2-228724796,S2-458831613,S2-487927714,S2-578945271,S2-812682809,S2-57057245,S2-307972559,S2-604594995,S2-183092653,S2-686979274,S2-853572898,S2-723514776,S2-610518303,S2-533433917,S2-690127271,S2-728389979,S2-819927478,S2-245146157,S2-486936539,S2-227994730,S2-150130644,S2-822764316,S2-43175471,S2-590537855,S2-705111203,S2-589522525,S2-728579117,S2-563101540,S2-673548287,S2-267907355,S2-562681799
S1-385036477	S2-803156010,S2-8891417,S2-250632157,S2-908424011,S2-9633590,S2-226778935,S2-911458577,S2-486938194,S2-266144148,S2-576179790,S2-61701160,S2-379917486,S2-758112627,S2-176076467,S2-295471848,S2-823529389,S2-272800175,S2-22164316,S2-506710495,S2-959204099,S2-782343040,S2-15045692,S2-253950301,S2-308189925,S2-777621662,S2-916410267,S2-462528803,S2-830207692,S2-329401703,S2-223805136,S2-549341028,S2-195006764,S2-816550570,S2-759917947,S2-938297699,S2-836747571,S2-525862775,S2-432341031
S1-559946790	S2-72945990,S2-671770763,S3-787809844
S1-367810996	
S1-152217425	
S1-724699278	S3-249041044,S2-891362,S2-615157500,S3-9234402,S3-606580559,S3-853087291,S2-234824184,S2-760779498,S2-149184993,S2-672993082,S3-567744919,S3-418254302,S3-174673311,S2-607574428,S3-970670252,S2-258667957,S3-189153787,S3-162510120,S2-892017143,S3-885979667,S3-308017896,S2-967308373,S3-409435933,S3-309264131,S3-306622975
S1-508492603	
S1-835982432	S3-336959479,S3-339360851
S1-379758065	
S1-636302886	S2-348892259,S3-536522870,S3-799633693
S1-748234427	
S1-863544866	
S1-866054791	
S1-630083865	S2-883165799,S3-53182691,S2-33211705,S2-314399871,S3-8071421,S3-740775657,S2-274028083,S2-49086092,S2-422058701
S1-310785151	S2-265489013,S2-829441185,S3-515941798,S3-221554836,S2-850453737,S2-953146928,S3-286238001,S3-258233103
S1-990053308	S3-69889650,S2-662893358,S3-564258306,S2-78458714,S2-493618692,S3-361166079,S2-699476037,S2-806240536,S2-856051923,S2-70073568,S2-768724593,S2-76675573,S3-481954813,S2-207551652,S3-782241793,S2-221578750,S3-777562661,S3-565513621,S2-775582647,S3-324628330,S3-156787797,S2-174408214,S3-388211055,S2-309036642,S3-838325124,S3-773543357,S3-41369159,S3-828565760,S3-346018248,S3-952448125,S3-768306829
S1-512725535	
S1-298748933	
S1-147000443	
S1-369909947	S3-219226424,S2-711394469,S2-347966607,S2-648977847,S3-930493968,S3-941516244,S2-738999755
S1-834057198	
S1-385814048	
S1-725482440	S2-116079882,S2-484802103,S2-789196436,S3-233662492,S2-440804053,S2-966644375,S2-262075279,S2-189551569,S3-175060006
S1-745155242	
S1-554560722	
S1-558031216	
S1-530376768	
S1-782812175	S3-272602044,S2-947119185
S1-49462470	S3-286283857,S2-318304856,S2-411792314,S2-577848713,S3-181774593,S2-676225640,S3-178190202,S2-96986880,S2-955277799,S3-201264804,S2-906586504,S2-111526286,S2-496320578,S2-845222944,S3-248617889,S2-768742348,S2-58477203,S2-825173866,S2-107275267,S2-852210456,S2-625045406,S2-368146434,S2-206045133,S2-331986400,S2-409461967,S2-527236354,S2-67613505,S3-119060072,S2-883906033,S2-813050616,S2-224833729,S2-709988524,S2-201027011,S2-90824034,S2-947208210,S2-929870483,S2-316847340,S2-971838383,S2-176001168,S2-137405715,S2-722907330,S2-715056911,S3-174263374,S2-449715538,S2-970368862,S3-245173496,S2-923419163,S2-277789704,S2-461546336,S2-804895558,S2-24771735,S2-97819000,S2-234761707,S2-244788597,S3-276585163,S2-203482318,S2-35983797,S2-292224471,S2-572549238,S2-881799150,S2-538456905,S2-922107799,S2-114051495,S2-302832642,S2-976837700,S2-394116370,S2-796589250,S3-264322475,S3-300518520,S2-59836501,S2-650126951,S2-115631556,S2-421382074,S2-922507175,S2-108903931,S2-745535514,S2-449362420,S2-652300840,S2-597692962,S3-103041532,S3-241459480,S2-12758701,S2-31408125,S3-282713581,S2-738464568,S2-865952472,S3-270061873,S2-41973808,S3-303430909,S3-298209968,S2-622743900,S3-252285627,S2-370589845,S2-834822493,S2-982205149,S2-617450402,S2-492245428,S2-484792231,S2-609208580,S2-973656680,S2-729098891,S2-860691241,S3-275675657,S2-594884237,S3-277132144,S2-557486065,S2-712420496,S2-287136759,S2-613774823,S2-955818133,S2-472815024,S2-199131123,S2-787520522,S2-37136574,S2-938591604,S2-58907874,S3-177091087,S2-413706716,S2-354998081,S3-15680583,S2-4915757,S2-574600665,S2-467424733,S2-970634212,S2-641083418,S2-980609185,S2-141063444
S1-874682146	S3-887491475,S3-684332256,S3-286875652,S3-344475758,S3-973323595
S1-385878893	S2-244100926
S1-940977934	S3-893515905,S3-108390911,S3-780413175,S2-533761278,S3-247929179,S3-88806363
S1-990288752	S2-502483070
S1-6504827	
S1-246031930	S2-520144318,S2-125875861,S2-620272066,S2-266153084,S2-817984485,S2-175108622,S2-10943865,S2-317570947
S1-175176906	
S1-506412705	S3-750888134,S2-849463287,S3-943289145,S3-19047287,S2-67709165,S3-424493319
S1-952985604	
S1-449472592	S2-286642554,S3-272305909,S2-780596906,S3-689432234,S2-337809749,S3-681837068,S3-558047527,S2-885596117,S3-545167932,S2-855391697,S3-566816498,S2-512480472,S2-347777136,S2-842661360,S3-207113343,S2-579829375,S3-386028900,S2-174942427,S3-993884551,S2-322396311,S3-391728848,S2-616794519
S1-522048870	
S1-138168939	
S1-896334961	S2-531300829,S2-615194846,S3-413237137,S3-834956894,S2-717109071,S2-115376641,S2-85974114,S3-354573906,S2-387686909,S2-600578301,S2-482634442,S2-163939989,S3-285239440,S3-405131759,S2-390504588,S3-141656158,S2-847021859,S3-887989347,S2-594783306,S3-215346542,S3-948910487,S3-498115308,S3-716440251,S2-959302976,S2-255783478
S1-791947968	
S1-64915886	S2-661785740,S3-889644961
S1-127549868	
S1-725341562	S2-494047565
S1-295377582	
S1-541280559	S2-290103530,S2-492680873,S2-732665656,S2-251353345,S2-89026430,S2-681266042,S2-12482940,S2-422671432,S2-203207883,S2-132066677,S2-738804968,S2-492621162,S2-125086919
S1-459359801	S3-830839609,S3-793963193,S3-764866077,S3-610081481,S2-937482160,S2-132308379,S3-257265889,S2-840992784,S3-262043332,S2-665872306,S3-866705489,S3-593744377,S3-788337497,S2-982949575,S3-2123184,S2-884488474,S2-686205611,S2-992254465,S2-442425237,S2-126191119,S3-759439848,S2-211116570,S2-837361066,S2-410205313,S3-568630097,S3-623421323,S2-200766179,S2-349089516
S1-800915873	
S1-562186345	S3-233815034,S3-144241652,S2-465307413,S2-827491070,S2-112895673
S1-525055772	S2-210618071,S2-904499170,S2-744158764,S2-249474337,S3-114880207,S3-242935744,S3-151054500,S2-282114200,S3-229144142
S1-432152596	S3-136577422
S1-590049156	
S1-592366780	S2-122812419,S3-3045422,S3-344602430
S1-997682025	
S1-536001869	S3-308548281,S2-844978925,S2-951109730,S2-743950075,S3-164772800,S2-36655219,S2-653655357,S2-720863132,S3-828449959,S2-73625666,S3-331995367,S3-442751688,S3-660999644,S3-700175622,S2-175550443,S3-614865869,S3-46029711,S2-179394018
S1-104955523	S2-452062920
S1-962002773	
S1-452994663	
S1-191024261	S2-872938081,S2-399309203,S2-217768166,S2-310507440,S2-328180726,S2-162844502,S2-205048213,S2-667856388,S2-60616924,S2-635559973,S2-712359177,S2-590738280,S2-606698875,S2-891888036,S2-138681643,S2-752010519,S2-575031053,S2-631842884,S2-280206767
S1-5218331	S2-732014350
S1-486816598	
S1-304785953	
S1-804663373	S3-476724994,S3-422031175,S2-622248325,S2-631305864,S3-581095226,S3-771795518,S2-727701442,S2-877523640,S2-131953404,S3-598141186,S3-156857342,S2-827455267,S3-769355954,S2-418473945
S1-995572998	
S1-873588428	S2-189283488,S2-826560412,S2-12997522,S2-383495104,S2-267690304,S2-236387212,S2-419659715,S2-36285484
S1-931374745	S2-742163407
S1-262658142	S2-997031827,S3-2303810
S1-261360486	S2-271532923
S1-259910169	S3-327771409,S3-485092436,S2-691503607,S3-335601989,S3-563614967,S2-296456430,S3-262540116,S3-469798068,S2-976015245,S2-275517185,S3-695744748,S3-864397669,S3-811359647
S1-729370907	S3-731990697,S3-323885110,S3-973323595
S1-17584702	S3-707342819
S1-149526155	S3-512028030,S3-818476107,S3-326836567,S2-873556187,S2-392145339,S2-17194923,S3-454049359,S3-534253649,S3-475044361
S1-741817106	S2-150349522,S2-700509266,S2-908028800,S2-593422000,S2-973797140,S2-357980753,S2-536784407,S3-817359659,S2-838667765,S2-837325073,S2-68014584,S2-95630421,S3-246659425,S2-972270791
S1-797139549	S2-461299423,S2-83687337,S3-734803586,S2-56718609,S2-600238415,S2-409650317,S2-297260264,S2-125933367,S3-494261725,S2-472773826,S2-968378535,S3-973793602,S3-155460481,S3-358064403,S2-793059576,S3-740556539,S3-171554429,S3-446646199,S3-555103400,S3-891128175,S2-973942358,S2-417636194,S3-858432195,S3-156988293,S2-819016749,S2-889590405,S2-544251006,S3-910739621,S3-924945688,S2-821303062,S3-363402564,S3-329189870,S3-60271360,S3-739291880,S2-39616499,S2-936362400,S2-421580601,S2-789230397,S2-642747574,S3-637074853,S3-239180711,S2-131514393,S2-93795972,S3-288296445,S3-901172189,S3-353843861,S3-432419568,S3-313816506,S3-630564992,S3-300971891,S3-225383131,S3-310070871,S3-205863428,S2-116779716,S3-857101800
S1-506892040	S3-170940285,S2-293953675,S2-516321970,S2-946668446,S2-859608757,S3-149059913,S2-71480360
S1-248032131	
S1-332406276	
S1-394832400	S3-448283785,S3-238707572,S2-982837782,S2-614188293,S3-517676150
S1-286061787	
S1-706514314	S2-851886754,S2-401404,S2-825154904,S2-171101526,S2-157137659,S2-688971025,S2-831174999,S2-735388909,S2-636892415
S1-901642602	S3-275726567
S1-379956956	
S1-796310218	
S1-979266640	S2-656124133,S3-177144197,S3-36015959,S2-713973162,S2-172277229,S3-769195596,S2-318060787,S3-374960734,S3-867109894,S3-295950006,S2-242228320,S2-4013678,S3-721106526,S3-451428258,S3-817486191
S1-727765247	S3-41930139,S3-876865834,S2-21521290,S3-101405370,S2-608926201,S3-209312707,S2-398527163,S3-313505492
S1-243140298	S3-395727440,S3-600206503,S3-921416879,S3-967445276,S2-480567192,S3-412881978,S2-399293215,S3-800606849,S2-838206104,S2-74956496,S2-237410296,S3-793618915,S2-223699005,S3-941747335,S3-729454735,S2-88095298,S2-428832721,S2-10770697,S2-837465355,S2-302145681,S3-765034062,S2-261362063,S3-165186762,S3-579448522,S3-584447901,S3-437881398,S2-934046353,S3-93165393,S2-7515137,S2-266027913
S1-384217569	
S1-232137366	
S1-884730424	S2-574080595,S3-84603217,S2-234346569,S3-794805480,S3-140295739,S2-648823122,S3-605831427,S3-623860787,S3-113445056
S1-145829425	S3-45739167,S2-959133388,S2-624958302
S1-203667972	S2-690123098,S3-224407375,S3-915229099,S2-726759558,S3-803600634,S3-213156902
S1-997382020	S3-405551565
S1-443337268	
S1-208946491	
S1-43286229	
S1-20323463	S2-846092655,S2-199568765,S3-919828432,S2-934261928,S3-442239510,S2-265990899,S2-634929055,S3-499596377,S3-2031084,S3-827716313,S3-443446337,S2-566116280,S3-741865575,S3-751271334,S3-83415792,S3-143130029,S3-751935762,S3-269778843,S2-440020160
S1-104226194	S2-678033722,S3-485526850,S2-378256658,S2-727945502,S3-158306078,S3-40679583,S2-412669011
S1-871383897	
S1-868970423	S2-665681191,S2-259166858,S2-952798016
S1-60298642	
S1-63638088	S3-826028769
S1-695642296	S2-262030786,S3-416862927,S2-768053815,S2-339560484,S3-233567843,S2-233559671,S2-406181091,S3-780493716,S3-979485735,S3-265800527,S2-757225857,S3-326826684,S3-540896613,S2-51807871,S3-836939554,S2-974742136,S3-202402802,S2-717967391,S2-681568197,S2-246217264,S2-553327159,S2-177702104,S3-243933344,S2-579289135,S2-726020020,S2-465450543,S2-6053611,S2-425580689,S2-19405330,S3-669845968,S2-323293917,S2-507648852,S2-855405761,S2-465023675,S2-934513223,S2-456776326,S3-210459670,S2-167215301,S3-299370075,S2-976648659,S3-628176242,S2-376112786,S2-932571789,S3-191877213,S2-556035065,S3-441188460,S2-875175107,S3-379167066,S2-228464184,S2-48835339,S2-528835085,S2-725275327,S2-481513262,S2-124623667,S3-541713539,S3-786488291,S2-940434362,S3-184036043,S3-167017639,S2-505062706,S2-860913710,S2-624018531,S2-234349705,S3-14684668,S3-881130471,S3-936817396,S2-938840493,S2-906596114,S2-390435992,S2-69751973,S3-269590180,S3-924645013,S2-58661799,S2-504095653,S2-775094093,S2-881565404,S3-145155011,S2-181719653,S2-156508257,S3-332758227,S2-626499823,S3-142342190,S3-635306015,S3-494199853,S3-180587523,S3-116266531,S3-358852345,S2-707156746,S3-440959913,S3-557741412,S2-914704962,S2-231202008,S2-73272087,S3-522983222,S3-220570914,S3-676829980,S2-58268070,S3-207509728,S3-116508654,S2-294837571,S3-999667491,S2-985421392,S3-723867253,S3-838794956,S2-747400550,S3-450681680,S3-216835525,S3-25317684,S2-339903422,S3-671352596,S2-784868587,S3-753197196,S2-64258742
S1-687452001	
S1-858342158	
S1-577184903	S3-765221351,S3-262262186,S2-180558699
S1-882316992	
S1-255155228	
S1-473606105	
S1-227546659	
S1-85670214	
S1-405795474	
S1-874660306	S2-751788773,S2-432951535,S2-510192086,S2-165316912,S2-872518576,S2-293609147,S2-125085360,S2-876318509,S2-256781534,S2-475245312,S2-675822376,S2-12781223,S2-377002896,S2-353457949,S2-160980423,S2-357528125,S2-80737444,S2-661128680,S2-387866357,S2-689101624,S2-830962638,S2-644857087,S2-731793189,S2-493820585,S2-595793323,S2-158628055,S2-390163518,S2-286609543,S2-241836868,S2-206901220,S2-530639029,S2-486912342,S2-363749565,S2-160991833,S2-263903751,S2-299665429,S2-764332840,S2-774512583,S2-339186553,S2-776722434,S2-220675675,S2-815912416,S2-157109150,S2-87690299,S2-735153377,S2-234874002,S2-139145704,S2-791711694,S2-105719821,S2-333783469
S1-207587850	S2-336099817,S2-899215861
S1-377933426	S2-343480120,S3-733865054,S3-828565760,S2-578297863,S2-586392578,S3-125065601,S3-838325124
S1-737991030	
S1-791276337	S3-915229099,S3-224407375,S3-803600634
S1-122492157	
S1-314207684	S3-536301569,S3-223770854,S3-89078913,S3-582320680,S2-331761378,S2-364698293,S3-885577812,S3-432783650,S3-649043455,S3-153795311,S3-901075756,S3-99847647,S2-850426830,S3-752852257
S1-835419677	
S1-998648124	S2-390264224,S2-86721176,S2-609747271,S3-569346307,S3-102923208,S2-770268651,S2-642891324,S2-93860076,S2-596956626,S2-453709897,S2-58905496,S2-506268760,S2-932161265,S3-144865856,S3-545009342,S2-257091214,S2-372420151,S2-27531612,S3-702283620,S2-804592135,S3-650735894
S1-766307478	S2-225565512,S2-841545719,S2-377002896,S2-172203240,S2-134898850,S2-339186553,S2-172946525,S2-124104578,S2-249116798,S2-229315248,S2-50675000,S2-817680963,S2-884173773,S2-158628055,S2-731793189,S2-256781534,S2-508541356,S2-12781223,S2-475245312,S2-357528125,S2-876318509,S2-12135431,S2-160980423,S2-675822376,S2-688422676,S2-486912342,S2-80737444,S2-661128680,S2-263903751,S2-771238859,S2-286609543,S2-804183832,S2-363749565,S2-162831178,S2-230024594,S2-211182661,S2-704415180,S2-125085360,S2-598598077,S2-567979105,S2-293641074,S2-390163518,S2-139145704,S2-774512583,S2-556316162,S2-87690299,S2-869085133,S2-791711694,S2-105719821,S2-735153377,S2-776722434,S2-333783469
S1-398084502	S2-119435466,S3-657736279,S3-215304648,S2-27758638,S2-405036560,S3-916379142,S2-685763419,S3-375419388,S3-22754126,S3-101060278,S3-918313533,S3-629043063,S3-544292849,S3-358683320,S2-704575859,S3-353234450,S2-643287650,S3-295764573,S2-811858369,S2-939541229,S3-224641924,S3-500338301,S3-154520937,S3-207329139,S3-265214561,S2-485800959,S2-986911741,S2-515440137,S3-552573103,S3-279112827,S3-954053276,S2-886102658,S2-334092250,S2-363580903,S3-347902844,S2-157363918,S3-629478980,S2-310107112
S1-356398938	S3-707154687,S3-285668268,S3-527248408,S2-839491696
S1-679790811	
S1-24621936	
S1-781210509	
S1-292830915	S2-292863418,S2-673904433,S3-135702761,S2-950140080,S2-870419140,S2-367399297,S2-430860627,S3-162584871,S2-593631248,S2-348437573,S2-342961007,S2-410838717,S2-929688754,S3-139121086,S2-988697157
S1-787572508	
S1-828538838	
S1-807555566	S2-115767582,S2-695770905,S2-997681197,S2-37279931,S2-667289877,S2-427952917,S2-373455256,S2-454250437,S2-809135614
S1-621270574	S2-418095757,S2-101914658,S3-344132648,S3-980653505,S2-422890870,S2-68476347
S1-52959380	S2-625299575,S3-951614437,S2-885923870,S3-850080811,S2-739279442,S3-108015039,S3-675134734,S2-938054065,S2-262143010,S2-337687689,S2-478631006,S2-571595892,S3-77959862,S3-992845476,S3-958234203,S3-102176785,S3-372915063,S2-559885151,S3-938371714,S3-832340743,S3-306750498,S2-974663701,S2-233178510
S1-315871762	S3-830475941,S3-390788612,S3-678510947,S3-581095226,S3-771795518,S2-376286004,S2-684799340,S2-352852285,S3-14161700,S3-45586223,S3-899954733,S2-131953404,S3-303320006,S3-137174211,S3-769355954,S2-827455267,S3-520134808
S1-777263507	S2-483231444,S2-242107029,S2-875930539,S2-114968985,S2-502667533,S2-465050991,S2-725866426,S2-610259986,S2-146245985,S2-182839119,S2-581645518,S2-600830548,S2-24597482,S2-861201345,S2-732475597,S2-725477472,S2-442902415,S2-731762629,S2-442722130,S2-582015598,S2-853483077,S2-790840546,S2-479285528,S2-23474383,S2-707364299,S2-477877010,S2-580455199,S2-217368413,S2-636489918,S2-561739221,S2-691718681,S2-262471583,S2-731599050,S2-891275277,S2-287836977,S2-832565548,S2-287660910,S2-307595290,S2-293972182,S2-893048055
S1-488979626	S3-269969406,S2-325795657,S2-644835858,S2-463332740
S1-275086932	
S1-516705356	S3-436863634
S1-619895264	
S1-813341836	
S1-683192018	S2-571786048,S2-153006055,S2-47590837,S2-831248110,S3-587102111,S2-257596720,S3-563935679,S2-215292791,S3-946349892,S2-857347612,S2-521641651,S2-864073655,S2-963953914,S2-755081639,S2-704014123,S2-913863077,S3-719698094,S3-489739258,S2-289542642,S2-901140315,S3-590601557,S3-603301433,S2-923906143,S2-345370463,S3-694505711,S2-297198574,S3-928905666,S2-880260739,S3-350306154,S3-277034614,S2-423797924,S3-866449594,S3-918915600
S1-51525259	
S1-681609211	S2-702261994
S1-881510394	
S1-69805499	S2-547513758
S1-416132042	S3-330379193,S3-321447663
S1-340817900	
S1-784413996	
S1-52507682	S3-919562426,S3-19354941,S3-281106844,S3-539250403,S3-410124747,S3-830852444
S1-309883814	
S1-154699800	S3-356436984,S3-32231515,S2-282480521,S2-676639587,S2-511546664,S3-4023268
S1-499956365	
S1-948624922	S3-238376777,S3-506979130,S3-171020899,S2-382678329,S2-821660673,S2-268561286,S2-652818494,S2-11107092,S3-461361668,S2-526370516,S2-272065708
S1-879483614	S2-784792490
S1-690703334	
S1-892463765	
S1-171471216	S2-431204037,S3-960412164,S3-612430024
S1-162593001	S2-227994730,S2-31615763,S2-577331856,S2-316682952,S2-366188766,S2-771095253,S2-705900701,S2-923054166,S2-79166589,S2-772947358,S2-648362230,S2-110811145,S2-481493872,S2-893479463,S2-526295217,S2-487927714,S2-723621095,S2-139963838,S2-57057245,S2-168670799,S2-908510616,S2-858990971,S2-527245953,S2-458831613,S2-853572898,S2-369791450,S2-324608552,S2-73254796,S2-717399330,S2-478298308,S2-714227580,S2-911660141,S2-818401135,S2-136439253,S2-590537855,S2-641597062,S2-399619492,S2-242524460,S2-404951487,S2-673548287,S2-267907355,S2-690127271,S2-728389979,S2-562681799
S1-325896621	S2-461769304,S3-400327267
S1-325616466	
S1-356563831	S2-25974977,S3-198042230,S3-289108375,S2-99948933,S2-803381478,S2-981905440,S3-7653346,S3-987252269,S3-819547438,S2-991235253
S1-448321407	
S1-347290816	
S1-925471453	S3-598612741,S2-822962854,S3-936302261
S1-865819910	S3-335165767,S3-804563758,S2-488199402,S2-667137111,S3-660879688
S1-677862240	S2-814452593,S3-3227413
S1-974849189	S2-694615848,S3-746034473,S2-741924787,S2-805176012,S2-80562351,S2-930189970,S2-645244647,S3-238117776,S3-886369860,S2-134813334,S2-772772676,S3-902571451,S3-897884281,S3-936502531,S3-872965156,S2-896198081,S3-504749716,S3-909559101,S2-162996357,S2-172628063,S3-88164515,S2-961746827,S3-332335965,S2-381817790
S1-908046696	S3-179283452,S3-599881355,S3-139012508
S1-572464827	S2-718584845,S2-492438054,S2-611287581,S2-732472111,S2-53465324,S2-303957323,S2-158419442,S2-104460387,S2-230023024,S2-359677779,S2-288430543,S2-558560478,S2-448988157,S2-642204316,S2-102318695,S2-317980211,S2-728018423,S2-358383866,S2-248957053,S2-387210104,S2-198486555,S2-605135842,S2-545460661,S2-15122882,S2-118524723,S2-245690421,S2-416681458,S2-52813086,S2-455323780,S2-256179784,S2-385099535,S2-405255576,S2-631468297,S2-65553137,S2-185922453,S2-449675768,S2-631117267,S2-171220932
S1-77451241	
S1-260311038	
S1-880674755	
S1-942449735	S3-903944614,S3-276975750,S2-213252955,S2-82098950,S2-72509278,S3-257484437
S1-850645535	S2-893761318,S3-596992111,S3-582981191
S1-63146391	
S1-193364530	S3-16308995,S3-164727489,S2-579839413,S2-466208646
S1-521143416	
S1-591365175	S3-565140172,S2-732762390,S3-504238755
S1-556942337	
S1-718427504	
S1-158115774	
S1-871434740	S2-656262353,S2-998014960,S2-728391391,S3-385920381,S2-366232069,S3-71819817,S3-469264223,S3-485477622,S3-909559101,S3-504749716,S2-162996357,S2-172628063
S1-776446727	
S1-760623232	
S1-979734176	S2-25103987,S2-232468894,S2-939234127,S2-812554081,S2-727004969,S3-180544584,S2-147652829
S1-846542666	S3-331075789,S3-348550473,S3-383057808,S3-185183560,S3-125440026,S2-707950106,S2-560538546,S2-32236720,S2-367013531
S1-218207268	S3-551343777,S3-765173491,S3-424663487
S1-67142427	
S1-383119338	S2-75866520
S1-94578048	S2-549443533
S1-204397870	S3-526808622,S2-780938071,S2-658925629,S2-20986355,S2-822052555,S3-386821909,S2-396836746,S3-539670955
S1-866587933	
S1-843427752	
S1-358609166	S3-886851399,S3-628858276,S3-199337237,S2-593130518,S2-7949741,S3-99633084,S3-540007557,S3-564690058,S2-751315288,S2-157143354,S2-418448114,S3-407728264,S2-704766324,S3-141114669,S3-339124027,S2-123998332
S1-240171889	S3-744621250,S3-314911686,S3-312496301,S3-143605286,S3-268844466
S1-114279394	
S1-33022604	S2-420647716,S3-279125295,S3-681495843,S2-400437689,S2-753973677,S3-418637575,S3-173469938,S3-388848
S1-182350424	S2-896995330,S2-10600681
S1-976027745	
S1-204783496	
S1-701741704	S2-390595351,S2-721982848,S2-309615148,S2-178364993,S2-418245849
S1-441157657	S2-142210034,S3-946189288
S1-22901106	
S1-656514099	
S1-7764007	S2-684925790,S3-605627938
S1-961783740	S3-784088897,S2-433081949,S3-417229697,S3-216696231,S3-142008218,S3-724250452,S2-248303687,S3-556932098,S3-838080735,S2-77701968,S2-711061519
S1-170225666	S3-247057175,S2-428704897,S3-305418293,S3-556967624,S3-11427376,S2-766212307,S2-443062303,S3-860126763,S3-853775896,S3-265762000,S3-876998380,S3-112228889,S2-574772160,S2-35456195,S2-430355611,S2-175422550,S3-742095241,S2-949239257,S2-624793890
S1-16118047	
S1-653948096	S2-414894390,S2-548111410,S3-576077877,S2-771612647,S3-862342551,S3-808134857,S3-987853850,S3-44029478,S3-424218841,S2-484399303,S2-401337971,S3-364570311,S3-141959189,S2-724031955,S3-145894699,S3-885679450,S3-387137458,S3-986008751,S3-388331940
S1-212051051	S2-885845997
S1-472197481	
S1-684636366	S2-111746970
S1-268199608	S3-397376608,S2-228942621,S3-636851143,S3-843358137
S1-977776542	S2-306177882,S3-501405225,S2-546714584,S2-270422330,S2-25010375,S2-2258105,S2-519242412,S2-132237443,S2-419539011,S3-508676920,S3-448487045,S2-540078807,S3-499970392,S2-868658722,S2-94766434,S3-435871633,S2-312379347,S2-269277729,S2-386218769,S3-49234936
S1-638411138	S3-372373743,S3-482789283,S3-955234150,S3-35945424,S3-935989990,S2-434381192,S2-338311569,S3-63269964,S2-503180277,S3-734145431,S2-31937330
S1-546838645	S2-275839039,S3-241307803,S3-4352894,S2-293621270,S2-927215066,S2-331599153,S2-534246515,S2-23431863,S3-154180328,S2-435384327,S3-650849669,S2-448433142,S3-942709740
S1-978573324	
S1-596276858	S2-425342418
S1-258326217	S3-314300529,S3-187328814,S3-111549540,S3-299959700,S2-861307579,S3-228236042,S2-410951562,S3-240084391,S2-325572153,S2-720208255,S2-817390149,S2-545928849,S3-323938885,S2-490198698,S3-13232799,S2-812554081,S2-727004969,S2-147652829,S2-921971634
S1-797931932	S2-776720587,S2-158961646
S1-286406115	S2-475982513
S1-709496398	
S1-920261331	S3-1657458,S2-90772741
S1-895793478	
S1-753180274	S3-864237410,S3-691606378,S3-701610307,S3-467871681,S3-602120352,S3-274764349,S2-406623806,S3-266016485,S3-525370109,S3-777275319,S2-404675805,S2-252741168,S3-334600540,S3-776636146,S2-497459144,S3-861903720,S2-132636623,S3-284489623,S3-674063328,S3-353277178,S2-69288324,S2-857796053,S2-568957679,S3-523509720,S3-676256633,S2-555636706,S2-685203548,S3-157488345,S3-419096825
S1-773765091	
S1-924093929	S2-496305450,S2-239774952,S2-89415894,S2-254102236,S2-485384405,S2-135894576,S2-271274153,S2-914810098,S2-349869698,S2-685454162,S2-347296492,S2-385921326,S2-132815959,S2-562467537,S3-276097436,S2-466117291,S2-247556193,S2-222655897,S3-18208188,S2-736767914,S2-312459882,S2-421583576,S3-275268839,S2-588536573,S2-261526984,S3-120682093,S2-216784937,S3-303645750,S2-127284995,S2-644216795,S2-116143022,S2-107354533,S2-645789542,S2-151698256,S3-232128141,S3-277967558
S1-171443606	S2-821456664,S2-511459176,S2-43100722,S2-463934196,S3-35384583,S3-367278060,S2-523392011,S2-393064356,S2-257571964,S3-163026597,S3-990766601,S3-158967372,S3-622867251,S3-613806254
S1-423558479	
S1-208942438	
S1-10935410	S3-489627725,S3-317120035,S3-862186078,S3-148936781,S3-887814001,S3-136072742,S3-556719577,S2-911492542,S2-732871349,S3-767000746,S3-413929819,S3-105371038,S3-746290232,S2-816565908
S1-668415146	
S1-746343683	
S1-506578606	
S1-691693575	S3-434863516
S1-631772217	S2-906421457,S3-754807750,S2-992515748,S2-825169471,S3-754366200,S3-36709046,S3-919828432,S2-440020160,S3-499596377,S3-751935762,S2-634929055
S1-166332747	S2-268717049,S2-731163714,S2-749546547,S2-887125210,S2-828997092,S2-724089150,S2-125086919,S2-868127388,S2-240529033,S2-898577463,S2-121457470
S1-353716831	S2-111719341,S2-954603630,S2-902211970,S2-857099539,S2-838571672,S2-749552510,S2-909211841,S2-735060857,S2-44385188,S2-511191697,S2-481869435
S1-730232581	S2-75841006,S3-696124088,S2-721954422,S3-161373454
S1-830300644	S2-735046060,S3-8839817,S3-721144099
S1-190639849	S2-260827247,S3-334810279
S1-192345497	S2-466082368,S3-16702027,S2-561389281,S2-360932424,S3-253175593,S3-466173362,S3-649785962,S2-175261528,S3-729336543,S2-39959,S3-18321694,S3-918276229,S2-593615656,S2-297468510,S2-758722576,S2-681124632,S2-924316732,S2-599145689,S2-917950531,S2-815713745,S3-16955570,S2-759517975
S1-783744856	S3-93724002
S1-790771894	
S1-777207105	S2-899215861,S2-294957630
S1-408829301	S3-820166768
S1-615802022	S3-934988184
S1-474398689	S2-78093822,S3-464015374,S2-823011586,S3-73534930,S3-11427376,S3-200381706,S2-842491639,S3-247057175,S3-117595477,S2-35456195,S2-430355611,S2-175422550
S1-675501791	
S1-739611320	S2-970733157,S3-291493633,S2-496900894,S3-898653623,S3-448283785,S3-238707572,S2-982837782,S2-614188293
S1-87139457	S2-206689911,S2-228916470,S2-393006321,S2-434122610,S2-756848974,S2-252524095,S2-548700789,S2-597653318,S2-642424396,S2-556812738,S2-529632109,S2-448718545,S2-39676027,S2-350793982,S2-594992634,S2-30372846,S2-529959614,S2-498618273,S2-77698963
S1-417706840	
S1-899444778	S3-405095941,S2-460136490
S1-357864385	S3-145008714,S3-786032055
S1-75161961	S2-698191946,S2-344062892,S3-126723626,S2-838921166
S1-507301117	
S1-385039059	
S1-522840559	
S1-901304720	S2-351381052
S1-967086139	S2-534597355,S2-825387176,S2-579272390,S3-541028055,S3-289968138,S3-687747937,S2-827861177,S2-221510261,S3-514581778
S1-254658412	S2-421068868
S1-777893958	S3-199855808
S1-924360225	S2-375787470
S1-262390745	
S1-593764809	S3-319050503,S2-757523381,S3-140295739,S3-605831427,S3-794805480
S1-582176190	
S1-459311345	
S1-805255952	S2-710677380,S3-859776712,S3-629907874,S3-799633693,S3-665168017,S3-536522870,S3-353447733,S2-330822030
S1-873113804	S3-392411120,S3-436696540,S2-915032465,S2-804592135,S3-702283620,S2-372420151,S2-27531612
S1-768653359	S3-264465394,S2-929086167,S3-435188247,S3-100897969,S2-527422748,S2-24342303,S2-824435589,S3-346327345
S1-943844017	S3-607109833,S2-995992033,S3-638228853
S1-266643966	S3-201304849
S1-542687059	S2-218356664,S2-727945502,S2-945362153,S3-158306078,S2-412669011,S2-403142935,S3-357550506,S3-648759812,S3-420920643,S3-281061117,S3-155235519,S2-776224371,S2-21522366,S3-242786245
S1-581013194	S3-39349847,S2-858910593,S2-821808456,S2-968139891,S2-174197335,S2-240124093,S3-451194140,S2-186510272,S3-536553533,S3-746537120,S2-634137662,S2-107014833,S2-504342221,S3-529689133,S2-709276816,S2-67936763,S3-713007321
S1-234728820	
S1-108346514	S2-374274364,S2-479863886,S2-98934896,S2-883781994,S2-803756397,S2-575670266,S2-54797206,S2-477076148,S3-112064429,S2-69184579,S2-448514413,S2-397927479,S2-232575239,S3-126939583,S2-337192874,S3-125843914,S2-841383785
S1-617255702	
S1-912858680	S2-907733203,S3-717625879,S3-563312993,S3-679473643,S3-138219688,S2-570896250
S1-858363138	
S1-41217356	S2-660839351,S2-532157362,S2-943501042,S2-627881801,S2-157137659
S1-213277014	S3-377934978,S2-499216552,S2-23523069
S1-358447941	S2-160670906
S1-665868904	S2-424183254
S1-732503665	S2-260827247
S1-834325810	
S1-506111872	
S1-910915756	
S1-767453878	S3-807343928
S1-131759266	
S1-524034894	
S1-465943107	S2-498534214,S2-721623614,S2-541527115,S3-313851272,S3-492559728,S3-800871230,S2-512548378,S3-149750359,S3-695354444,S2-164337155,S2-188156537
S1-710397969	S3-314911686,S3-268844466,S3-143605286,S3-732546166,S2-961711741,S3-972454326,S3-294106297,S3-94789080
S1-306095185	
S1-791155002	
S1-578190437	S3-237705000,S3-7179839,S3-766389959,S3-432783650,S3-153795311,S3-649043455,S3-155953708,S3-943155589,S3-170051519,S3-398017181,S3-11410380,S2-370166299,S2-356961212,S3-375158886,S3-437026330,S3-223770854,S3-935886167,S3-103791636,S3-189202196,S3-451804741,S3-119262899,S3-752852257
S1-378652653	S2-729924781,S2-55590283,S3-366793270
S1-315102620	
S1-890009542	S2-84178757
S1-534385322	S2-806240536,S3-347486564,S2-767832795,S3-838325124,S3-773543357
S1-161291426	
S1-6381641	S3-477480368,S3-889469004,S3-598173382,S3-860953324,S3-284686530,S3-574670219,S3-561949674
S1-159902174	S2-590497178,S2-195398814,S2-795523792,S2-207672655,S2-340964729,S2-183040590,S2-217604796,S2-391439288,S2-371997143,S2-388844632,S2-874512582,S2-52227541,S2-825161428,S2-558237848,S2-618465868,S2-319349176,S3-303645750,S2-127284995,S2-216784937,S2-644216795,S2-107354533,S2-588536573,S2-261526984,S3-120682093,S2-116143022
S1-209032763	S3-950788429,S3-852617603,S2-773524886,S3-931749255,S3-805610701,S2-266877403,S3-251558527,S3-419455171
S1-351641369	S3-111706626,S2-275825266,S2-877487910,S2-410838717,S2-929688754
S1-511111898	S2-537654483,S3-194433888,S3-755070149,S3-977989530
S1-434748542	S2-772154483
S1-945468839	
S1-964972529	S2-254879884,S3-69342495,S3-776797649
S1-748243940	
S1-317952287	S2-472964955,S3-928499134,S3-779860806,S3-252532454,S3-681926238,S3-583066213,S2-256032807,S3-914631812,S3-124284005
S1-989203377	S2-860569635,S3-516283957,S2-91828041,S3-12963571,S2-481781857,S3-49324970,S2-277648332,S3-712950363,S2-39600120,S3-578345236,S2-396831956
S1-481667818	S3-832178933,S2-786620996,S2-873434000,S2-193315890,S3-456478600,S3-550964951,S2-512935989,S3-82018873
S1-967596100	
S1-689977390	S3-326862847,S2-859572295,S2-354967872,S2-795481949,S3-842359875,S3-443692748,S2-257760502,S2-883107979,S2-814345740,S3-460683916,S3-284355610,S2-496029925,S2-667833849,S2-440684288,S3-456997885,S3-712470468,S2-382218387,S3-94492552,S3-497137040,S2-553499352,S2-233516466
S1-529891296	S3-237380557,S2-945311947,S2-47203536,S2-880969832,S2-140501584,S2-660919960
S1-964555236	
S1-761585587	S2-244527403,S3-388109275,S3-654164056
S1-945360572	S3-351617442,S3-233626252
S1-16803013	S2-369721362,S2-248326783
S1-895409233	
S1-282895910	
S1-864424907	S3-432571649,S3-959122295,S3-835925550,S3-990769794,S3-177071036,S2-923992093,S2-802187427
S1-626026274	
S1-183540234	
S1-625735391	S2-89273582
S1-727141313	
S1-212282653	S2-654226552,S3-156384710,S2-571611506,S2-406076562,S2-809430762
S1-36683808	S2-956516024
S1-740344228	
S1-718013009	
S1-688146797	
S1-494965033	
S1-202112057	S2-462965693,S2-474147762,S2-753744794,S3-43493176,S3-17712032
S1-464529384	
S1-756722968	
S1-620503559	S3-257768911
S1-369318414	S2-566626355,S2-146251247,S3-352806243,S2-761505735,S2-457908973,S2-866510554
S1-531436692	
S1-114991238	S3-20145244,S2-51370111,S2-435305662,S2-652252009,S2-45768307,S2-160163104,S3-311605874,S3-352525851,S2-528807948,S2-950500992,S2-304465196,S2-436018272,S3-767156889,S2-197155931,S2-326741277,S3-784107607,S3-795256334,S2-571157020,S2-562231400,S2-835642370,S2-871920618,S3-971852602,S2-412672541,S3-444982084,S2-871678115,S3-308239228,S2-482614373,S3-386638522,S3-654513043,S3-228328248,S2-979112583,S3-765352042,S3-340412608,S2-310644691,S3-580211298,S3-135657866
S1-724322402	S3-539354824,S3-489732004,S2-902026472,S2-541768385,S3-971640921,S2-677218888,S3-146067013,S3-363176495,S3-6971930
S1-826106109	S2-599426951,S2-802495761,S2-777621662,S2-308189925,S2-916410267,S2-478485264,S2-823529389,S2-712338489,S2-113504960,S2-272800175,S2-506710495,S2-266144148,S2-186631899,S2-379917486,S2-758112627,S2-388690993,S2-195006764,S2-614796318,S2-809090767,S2-709950621,S2-704516263,S2-282397555,S2-26500789,S2-912528411,S2-996819000,S2-908424011,S2-860073448,S2-471982668,S2-897299394,S2-974804313,S2-830207692,S2-157661838,S2-806645108,S2-938297699,S2-10763922,S2-30031359,S2-226778935,S2-782343040,S2-759917947,S2-525862775,S2-836747571,S2-432341031,S2-447009215
S1-161873477	
S1-353159081	
S1-534578459	S2-36200495,S2-683700380,S2-577785884,S2-698358405,S2-45775835,S2-782058062,S2-358504456,S2-256072418,S2-526738486,S2-588548717,S2-713093852,S2-514238372,S2-521735018,S2-819043456,S2-278510561,S2-385676064,S2-418643540,S2-662495675,S2-714421611,S2-804194449,S2-814214685,S2-815397235,S2-556812738,S2-528025382,S2-186656910,S2-498618273,S2-171964628,S2-77698963
S1-683946842	S3-935989990,S3-955234150,S3-35945424
S1-433852887	S3-601740692,S3-557296941,S2-355105041,S2-46248579,S3-740646670,S2-433282618
S1-204931911	
S1-258027295	S3-390348959
S1-173561857	S2-252868428,S3-30420239
S1-501651309	
S1-658178083	S2-590761669,S2-586035385,S2-440430990,S2-735723416,S2-43553563,S2-487061741,S2-954673307,S2-760385237,S2-702267609,S2-321681577,S2-179988180,S2-737243783,S2-305315061,S2-243902755,S2-961584157,S2-763669874,S2-887686294,S2-576131067,S2-136595945,S2-91112427,S2-661048792,S2-27100245,S2-85113215,S2-965458823,S2-266031212,S2-767739635,S2-845233642,S2-665994163,S2-702609757,S2-432248548,S2-648605426,S2-614647177,S2-785246908,S2-312033050,S2-960497500,S2-204923015,S2-924091320,S2-799021792,S2-799647940,S2-359579050,S2-633078778,S2-12169707,S2-671124898
S1-224729402	S3-611872961,S3-655910150,S3-454890513
S1-424056867	S2-694563290,S3-497151430,S3-542279277,S3-348459315
S1-843845945	S2-780690935
S1-96630214	
S1-443316541	
S1-873927210	S2-693679758
S1-568752914	
S1-616444043	S3-691687931,S2-741368687,S2-521234908,S3-67182875,S3-811937560,S2-934863559,S3-766805540,S3-988874301,S3-423599766,S3-855036394,S3-563699670,S3-358987321,S2-97092398,S3-248435969,S2-685120052,S3-464894882,S3-184376312,S2-413433404,S3-378696999,S3-887229199,S2-408643589,S2-375523562,S3-913339283,S3-601768742,S2-382036225,S2-282879183
S1-43308210	S2-860732835,S3-172411088
S1-654634473	S2-638375186,S2-723193655,S2-785255930,S2-91298500,S2-865924013,S3-554004775,S3-133188589,S3-457094694,S3-944940220,S2-327669113,S3-592637171,S2-763063986,S2-858606143,S2-84651473,S2-759795387,S3-175676184,S3-523165122,S2-249268536,S3-126849814,S2-639667208,S3-479106340,S3-654020794,S3-355715936,S3-533510148,S3-413743563
S1-346929118	
S1-451126889	S3-41572864,S3-14147324,S2-736670333,S3-508361756,S2-381310167,S2-484781149,S2-339225918,S2-401277963,S3-699173578,S3-284225312,S2-941032665,S2-240444994,S2-755802094,S2-973322301,S2-291941540,S2-59294725
S1-632812909	
S1-478051664	S3-258757251,S3-929242337,S2-416241806,S3-386942100,S3-663021977
S1-198235164	S3-709970989,S3-614161791,S2-739270138,S2-517192105,S2-21458643,S2-450503447,S3-649885708,S3-244877116,S2-142836837,S2-152072827,S3-295106054,S3-854984337
S1-13387750	
S1-42643591	S3-884577467,S3-357412741,S3-629605968,S2-160215318
S1-251789888	S2-520985670,S2-178367478,S2-316554535,S2-527535505,S2-95074262,S2-258514425,S2-220720134,S2-489634800,S2-206339454,S2-959448286,S2-844508613,S3-113480492,S2-132994014,S3-198503872,S2-656372744,S2-530717028,S3-151781408,S2-373455256,S2-427952917,S2-667289877,S2-454250437,S2-635069132,S2-502869154,S2-418127332
S1-878933360	
S1-834765297	S2-366383471
S1-557511339	
S1-362007759	S3-712630164,S2-666961777,S3-167377553,S2-341670345,S3-554209530,S3-386730730
S1-549398205	
S1-774934953	S3-164728923
S1-949793542	S2-466100541
S1-546324253	
S1-490473619	S3-830515523
S1-417526535	S3-206621972,S2-780349087,S2-500002268,S2-625882148,S2-181651904,S3-364662285,S3-251037520,S2-901065440,S2-420939417,S3-293863839,S2-905123184,S3-3239822,S3-316091460,S2-614314679,S2-373132972,S2-276262055,S3-165214064,S2-162602516,S2-245695849,S2-57092850,S2-662483573,S2-92671647,S2-404808019,S2-950057823
S1-280831515	
S1-533784843	S2-701322733,S3-457664258,S3-231289942,S2-318396520,S3-66832403,S3-425756529,S3-24332842,S3-377007881,S2-278503106
S1-678491742	
S1-812468795	S2-478456338,S3-851766303,S3-403974764,S3-533942546
S1-812076174	S3-51452626
S1-73518516	
S1-262405622	
S1-601763308	S2-992267088
S1-929123025	S2-868414988,S2-95171962,S2-266816952,S2-914514330,S2-651378765,S2-92792734,S3-505710447,S3-376897721,S2-332665792,S2-78217887,S2-953161388,S2-405833229,S2-317606121,S2-74996822,S3-593636584,S2-539790899,S3-290258977,S3-350383017,S3-119630860,S3-514662764,S3-701260708,S2-306091036
S1-222216823	
S1-158153205	S2-754539420,S3-218458290,S2-167525095,S2-877203687,S2-225597179,S3-820813749
S1-965828930	S2-150130644,S2-372446484,S2-822764316,S2-819927478,S2-486936539,S2-737105356,S2-209066643,S2-891724637,S2-255932588,S2-818401135,S2-267907355
S1-200383237	
S1-217231108	
S1-499382294	
S1-133155553	
S1-52394172	
S1-783637741	
S1-466106842	
S1-247390708	S2-383941339,S2-865476389,S3-493734669,S3-651462916,S3-767999583,S3-883003430,S3-820813749
S1-360488265	S3-320793304,S3-5900999,S2-166709829,S2-629588951,S3-605246371
S1-425201681	S2-803041670,S2-22851635,S2-265412072,S2-829184987,S2-47199782,S2-424247102,S2-694709351,S2-851009438,S2-718110993,S2-224112939,S2-77995970,S2-266329421,S2-716671411,S2-332016410,S2-656729775,S2-135384077,S2-381461578,S2-788631280,S2-70119944,S2-249288412,S2-598228240,S2-439172085,S2-383026734,S2-634903098,S2-753117007,S2-156170900,S2-596170464,S2-178544570,S2-838073916,S2-805636783,S2-591032606,S2-715162081,S2-727306054,S2-71670232,S2-405701199
S1-178961928	
S1-365310135	
S1-713886955	
S1-966460762	
S1-221644615	S3-914631812,S3-291439389,S3-252532454,S3-681926238,S3-124284005,S3-183713499,S3-928499134,S3-273017906,S2-937331744
S1-766234221	S2-847707397,S3-598278742,S3-392198257
S1-726860670	S2-8703194,S3-165705146
S1-606611343	S3-647978137
S1-446774483	S2-45436968,S2-16100717,S2-62092247,S2-291635456
S1-211513332	
S1-527408099	
S1-481435511	
S1-581574549	S2-870508187,S3-158005981,S2-501088729,S2-367311631,S2-112226003,S2-692242340,S2-414650666,S2-391744840
S1-83537942	S2-386143705,S2-256395714,S2-872551966,S2-193790512,S2-465828625,S2-457994502,S2-523809219,S2-535317779,S2-215785349,S2-422073668,S2-85906403,S2-331311222,S2-447469536,S2-436483556,S2-589441931,S2-749556331,S2-110661787,S2-328146445,S2-432319564,S2-524604419,S2-406213043,S2-148637471,S2-431839103,S2-107247001,S2-709431079,S2-190368052,S2-166253066,S2-727058836,S2-345079390,S2-335103314,S2-184487406,S2-177671929,S2-668410006,S2-377099365,S2-221481547,S2-550277548,S2-181063334,S2-542945420,S2-161245638,S2-360749777,S2-138477027,S2-313245951,S2-353131400,S2-287899361
S1-100575135	
S1-512288351	
S1-986430459	
S1-80185149	
S1-995010385	
S1-237670057	S3-768420660,S3-973323595,S2-815767880,S3-121477846,S3-716726482
S1-409859544	S3-383621598,S3-25569843,S2-568320821,S2-250307271,S3-176119263,S3-94467399,S3-516896055,S3-777791003,S3-909624619,S2-513530369,S3-474722841,S3-63081925,S2-310167070,S2-460326544,S2-122685618,S2-669191906,S3-348363472
S1-567476538	S3-15485958,S2-92243622,S3-4501364
S1-672809047	
S1-170195620	S3-974584752,S3-858779037,S3-825556795,S3-887861415
S1-186421225	S2-427675972,S2-802800935,S2-851592609,S2-263529378,S2-428696060,S2-812946530,S2-617761215,S2-499246395,S2-168346428,S2-262651627,S2-903338907
S1-71714945	S2-357898107
S1-536406038	S2-636955414,S3-305541678,S3-143086068,S2-881386306,S3-645238645,S3-416863818,S3-75900892,S2-1754957,S3-336956806,S2-432896593,S2-317701142,S2-230143580,S3-994210144,S3-597601120,S2-406292466,S2-389929464
S1-949044397	
S1-750700259	S2-349238387,S2-845368070,S2-313620116,S2-428220378,S2-504564891,S2-509521063,S2-730924879,S2-137714064
S1-459842090	
S1-170195978	S2-794272150,S2-371831793,S2-30615534,S3-296422022
S1-524463249	S3-927667862
S1-185163011	S3-57181585
S1-406900376	S2-827557278,S2-199838432,S2-346222185
S1-277300099	
S1-867508043	
S1-560342036	S2-883793322,S2-467877840,S2-314427240,S3-292651605,S2-986651251,S3-16126416
S1-751613997	
S1-974825292	
S1-975681038	S3-15485958,S2-361530437,S3-302722260,S2-392961774,S3-4501364
S1-879660244	
S1-273072051	S3-80271606
S1-846031257	
S1-568312304	
S1-813496958	
S1-235258587	S3-352410333,S2-441079895,S2-407399533,S2-515520487,S2-132712589
S1-13938633	S2-374296008,S2-203573701,S2-785164911,S2-945333185,S2-285744882,S2-696603250,S2-65661329,S2-691479746,S2-840637264,S2-567956464,S2-533890846,S2-867631177,S2-843844606,S2-347074419,S2-793467395,S2-594354067,S2-815717369,S2-804222189,S2-907603803,S2-618364872,S2-30002968,S2-470634803,S2-76571134,S2-389426977,S2-499343805,S2-151018398,S2-796169308,S2-891466887,S2-729398863,S2-506494442,S2-738720231,S2-713657075,S2-276242082,S2-92430590,S2-169934091
S1-967124912	S3-585458707
S1-637545915	
S1-826494629	S2-740286945
S1-502037516	
S1-956446110	
S1-369859179	S3-893515905,S3-885247434,S2-977763543,S3-515029317,S2-202862506,S3-88806363
S1-459642900	S2-254886519
S1-35850492	
S1-477149670	
S1-432979447	
S1-275435143	
S1-561269090	S2-713973162,S3-769195596,S3-721106526,S3-451428258,S3-177144197,S2-242228320,S3-36015959,S2-656124133,S3-374960734,S2-318060787,S2-172277229,S3-867109894,S3-295950006,S3-748825502,S2-776246617,S2-259690696,S2-448029694,S2-357224984,S2-946163004,S2-668251046,S3-628532275,S2-490860528,S3-237139499,S2-773481405,S2-451711220,S3-817486191,S3-415297930,S2-355375441,S3-124439387,S2-582659799,S2-328297081
S1-101407985	
S1-447656699	S3-217931395,S3-888881708,S3-296803348,S2-37894773,S2-508520216,S3-581211180,S3-350687866
S1-423126373	S3-348010933
S1-352005417	
S1-203924219	
S1-314633099	
S1-97005839	
S1-470699785	S3-356439616
S1-644197009	S2-664366871,S3-326367335,S3-468843907,S2-635564107,S3-673190296,S3-564769879,S2-547297611,S2-118915920,S2-293218487,S2-430060563,S2-271810365,S3-533504748,S3-269778843,S3-23280617
S1-893019657	S2-132745499,S2-201417524,S2-729443088
S1-42445807	S3-538103111
S1-927838010	S3-799633693,S3-536522870
S1-504790211	S2-71304880,S2-932475424,S3-205349490,S2-159342875,S3-256013728,S3-268104967
S1-427883711	
S1-987009703	S3-303857768
S1-253317437	
S1-194449837	
S1-908129336	
S1-515624637	
S1-847588655	
S1-39797197	
S1-902941397	S3-978269999,S2-801265892,S2-966008593,S2-236178281
S1-419483044	
S1-900416551	
S1-265287489	S2-923479628
S1-35560397	
S1-629636563	
S1-943489412	S2-131439785
S1-150033799	S3-271399148
S1-404137176	S2-667289877,S2-373455256,S2-454250437,S2-427952917,S2-418127332
S1-946901276	S2-650748633,S2-647412259,S3-25868056,S3-162084580,S2-115662070,S2-628520858,S3-688377666,S2-779488794,S3-850664312,S2-707509244,S2-373796119,S3-461777431,S2-644464753,S2-382407677,S2-455322436,S3-324774880,S2-535226186,S3-99452198,S2-372392529,S2-435490049,S2-637397383,S3-552521841,S2-186845303
S1-100405609	S2-298407784,S2-414321815,S2-475198331,S2-69769127,S3-14820683,S3-138614111,S3-358863629,S2-715433794,S3-149647877,S2-801335921
S1-767833583	S2-864021711,S3-628363336,S3-74336676
S1-64231661	S2-502268839,S2-810427397,S2-399373485,S2-411104628,S2-644432152,S2-770310003,S2-797243298,S2-259549417,S2-413044152,S2-706770439,S2-828407985,S2-80754123,S2-889754712
S1-224323971	
S1-907270132	S3-810288401
S1-891669118	S3-940555610,S3-913408915
S1-301752620	
S1-722050409	
S1-927509773	S2-576929411,S2-377299995,S2-891702808
S1-50354180	
S1-872704008	
S1-784514331	
S1-567694717	S3-553316175,S3-643070448,S3-479425308,S2-909948740,S2-261873404,S2-387111379,S2-324072363,S2-447076717,S3-126222827,S3-464868367,S3-3456420,S2-252067359,S2-398937057,S2-637616513,S2-989590454,S2-981263974,S3-430414708,S2-207692055,S3-691999590,S2-802468936,S2-838632011,S2-442830210,S3-172751061,S2-185619158,S3-73344476,S3-843723483
S1-907635568	S3-415432962,S2-595057704,S2-550290248,S2-803130729
S1-508380113	S3-878385453
S1-629251592	
S1-196317991	
S1-143466558	S2-377518640,S2-198848015,S2-403788862,S2-487493119,S3-151399530,S2-356377460,S2-943866147,S2-945905307,S2-186207001,S2-19138709,S2-264224340,S2-308426330,S2-486183238
S1-460146213	S3-357151335,S3-211610130,S3-678105862,S3-652936759,S2-26251496,S3-645178693,S3-419785626,S3-700719188,S3-257686238,S2-528298583,S3-43376721,S3-606818657,S3-468729387
S1-21981800	
S1-654506601	S2-500991462,S2-532017207
S1-704890288	S3-670945741,S3-615022165,S2-908151492
S1-409799510	S3-456637010,S3-930084201
S1-206610450	
S1-819659366	S2-48300658,S3-155122211,S2-46305214,S2-693416987,S2-254606551,S2-907836189,S3-403048607,S2-460136490
S1-951871591	
S1-351461361	S3-14142307
S1-829987371	S3-358987321,S3-988874301,S3-67182875,S2-741368687,S3-855036394,S3-811937560,S2-934863559,S3-423599766,S2-521234908,S3-563699670,S3-766805540,S3-691687931
S1-568179926	S2-844179350,S3-970127807,S3-264737168,S2-698530060,S3-767077508,S3-835418930,S2-127035638,S3-784490701,S3-292424120,S3-54109637,S3-801460038,S3-145622514,S2-399899038,S2-605871765,S3-292345918,S3-685932602,S3-445028466,S3-925214268,S3-990259974,S3-962939329,S3-580926290,S2-924533791,S3-249554040,S2-111837871,S2-711289368,S2-405738637,S3-550212705,S3-329350444
S1-852745202	
S1-809828392	S3-188128577,S3-36323787,S2-486202920,S2-139079993,S2-269063975,S2-151185607,S3-900754811,S2-717780639,S2-872556441,S2-857022443,S3-270233767,S3-38460021,S3-813727409,S3-716711477,S3-210638804,S2-464172920,S3-47111069,S2-627366471,S2-814968914,S3-727799794,S2-845072627
S1-431830647	S2-692288338,S2-923152283,S2-889343890,S2-958602058
S1-244730950	S2-396810360,S2-545053202,S3-264654787,S2-616421289,S3-749737521,S3-454049359,S3-724399618,S2-536912030,S3-534253649,S2-735552954
S1-433122383	
S1-617270478	
S1-175294249	S2-303178419,S2-348933583,S3-165100347,S3-283198005,S3-515010780,S3-73636580,S2-712097621
S1-449513787	S3-279827193,S3-965513436,S2-658686991,S3-94033643,S3-774589194,S2-351273919,S2-971370426,S2-780975437,S3-675874546,S3-103606400,S3-863205624,S2-74112961,S3-130038488,S3-862124024,S3-901939128,S2-806607177,S2-885240720,S2-512497628,S2-488253410,S2-630013368,S2-977841885,S3-425489245,S3-682211203,S3-132310925,S3-879876556,S3-998804228,S2-464343901,S2-601272845,S3-361994682
S1-113308274	S3-143989066,S3-273017906,S3-252532454,S3-681926238,S2-4587862,S3-124284005
S1-909601979	S3-843358137,S3-830970141,S3-773831896,S3-780130629,S3-873124833,S3-636851143,S3-935308831,S3-226805063,S2-975145010,S2-841661802,S3-991992721
S1-438459333	S2-271648720,S3-106757852,S2-200291283,S3-459291636,S2-600882335,S2-928872429,S2-141810104,S2-436311505,S2-663821801,S3-265548364,S2-556591477,S3-235372834,S2-32283955,S2-952465027,S2-898173433,S2-8750695,S3-32058393,S2-151801027,S2-519226277,S2-440284620,S2-151777396,S2-403903650,S3-10314807,S2-895081043,S3-325254367,S2-483890899,S2-873947164,S2-766333269,S2-179933918,S2-430923333,S3-300632977,S2-866028960
S1-120176877	
S1-67904101	
S1-697798266	
S1-38579651	
S1-366487131	S3-153180176,S3-969473434
S1-510939528	S2-488104924
S1-779225776	S3-718829720,S3-661962385,S3-296375987,S3-718206663,S3-474985958,S2-952398769,S3-614245758,S2-206317453,S3-42150415,S3-844054592
S1-852475309	S2-649259177,S3-556932098,S2-952793874,S3-112353707,S2-213722801,S3-302414540,S3-59615684,S3-159713052,S3-889609798,S3-566093797,S3-767689308,S3-46184093,S2-818561058,S3-187316937,S2-298286944,S3-142008218,S3-216696231,S3-724250452,S3-721529483,S2-394856539,S2-345005047,S3-838080735,S3-167728441
S1-287858887	
S1-206204330	
S1-523736451	
S1-153148820	
S1-752507575	S2-693950016,S2-82055109,S2-456882909,S2-859922157,S2-929104164,S2-927725332,S2-805210706,S2-637007830,S2-75235244,S2-415827584
S1-55363775	S2-2866163,S3-186280392,S3-232026017,S2-596439444,S2-324640879
S1-320732032	S2-138866296,S2-859608757,S2-516321970,S3-149059913,S2-946668446,S2-53769102,S2-563050182,S2-516395355,S2-687798576,S2-235348927,S3-177436285,S2-996787820,S2-69040924,S2-831993179,S2-269139164
S1-198509678	
S1-91665845	
S1-776777072	S3-419793502
S1-701406091	S2-456654178
S1-236066541	
S1-713272645	
S1-991313566	S2-719701517
S1-650704989	S3-426047142,S3-511423182,S3-395951421,S2-642612633,S3-650635240,S3-519722371,S2-671293655
S1-561258175	S3-612941882,S2-239609108,S3-790467322
S1-901320541	S2-606745939,S2-445745013,S3-382651857,S2-805980077,S2-150951010,S2-627635433,S2-749669684,S2-926235364,S2-575519759,S3-166829148,S2-870569367,S2-356765231,S2-146866866,S3-249882202,S2-346884535,S2-69765727,S2-721244863,S2-322804386,S2-664229357,S2-769390133,S2-348226150,S2-408527663,S2-996789998,S3-15957984,S2-451055833,S2-451349609,S2-421716177,S2-620957678,S2-181767769,S2-855535142,S2-264926550,S2-13394411,S2-263525146,S2-852561180,S2-760886890,S2-560883845,S3-241304152,S3-320081424,S2-731516101,S2-61873123,S3-143520926,S2-889361037,S2-333607679,S2-730649105,S3-36149327,S2-69336214,S2-260645654,S3-487046030,S3-311580311,S2-891023850,S3-160356845,S2-359215532,S3-414026743,S2-900230114,S2-325289354,S2-672366545,S2-564688607,S2-744806072,S2-670687228,S3-534962721,S2-312445250,S2-326643070,S2-827706879,S2-852250410,S2-389285236,S2-763311041,S2-774799831,S2-843548099,S2-339135081,S3-1906275,S3-496534080,S3-394471441,S2-187727442,S2-900728270,S3-360196659,S3-430600994,S3-472238516,S3-158883745,S3-518241260,S3-374216090,S3-450829929,S2-901544239,S2-133962980,S3-168554976,S2-345397650,S2-794349110,S2-540370049,S3-190396563
S1-990684521	
S1-547635446	S3-233662492,S2-908747268,S2-842201823,S2-106083268,S2-879091252,S2-201337860,S3-197095575,S3-227209431
S1-947183627	S3-39349847,S2-174197335,S2-634137662,S2-858910593,S2-968139891,S3-746537120,S2-107014833,S3-451194140,S2-821808456,S2-504342221,S3-536553533,S2-186510272,S2-240124093,S3-713007321
S1-830609519	S3-523508721,S2-385258009,S2-51307161,S2-26008499,S3-163191747,S2-962138837,S3-711765430,S2-77741894,S2-291294184,S3-923716446
S1-624838132	S2-155079579,S2-732407673,S2-803179249,S2-461239671,S2-606743841,S2-44304547,S2-412078161,S3-125185618,S2-978722949,S2-394382508,S3-422465932,S3-939562681,S3-733896145,S3-673088801,S2-925396549,S2-221510261,S3-514581778
S1-598398457	
S1-839731821	
S1-402902918	
S1-429137290	
S1-120352290	S3-143366416,S3-746108894,S2-728093495,S2-482032684
S1-966270825	
S1-703938019	
S1-63860735	S3-832261906,S2-433352435,S3-577906013,S3-973390471,S3-81426099,S3-866808745,S3-454218957,S3-53013010,S2-971408868,S3-5621742,S2-577569032,S3-721523058,S2-213677366,S3-439732123,S3-712654785,S3-802082874,S2-155568776,S2-200492834,S3-825770691,S2-196620491
S1-685117812	
S1-468927772	S3-813161055,S3-327623741,S2-784921023,S2-590276732
S1-112750665	
S1-705961596	
S1-231859208	S3-958438254,S3-418972455,S3-140180743,S2-951144909,S2-835128494,S3-780686070,S3-3966586,S3-587883437,S3-217720108,S2-775630574,S2-756050606,S2-529516858,S3-215102083,S2-87275632,S2-301718967,S2-319959493,S2-474347321,S3-814706702,S3-825749639,S2-471586982,S2-584532464,S2-629188703,S3-568677064,S2-669657603,S2-20501230,S2-811469771,S3-323224130,S3-195342037,S2-422633167,S2-951686383,S3-278697031,S3-233305147,S3-636148024,S3-476544451,S2-607671754,S3-651246765,S2-849442286
S1-402426509	S3-102947187,S2-520239223,S2-999306058,S2-695770905,S2-68511424,S2-253738937,S2-889805056,S2-258514425,S3-10190436,S2-663159169,S3-19386050,S2-805975349,S2-803435980,S2-136485766,S2-563086292,S2-50027423,S2-701390599,S2-895440093,S2-667289877,S2-373455256,S2-809135614,S2-427952917,S2-454250437,S2-635069132,S2-502869154,S2-418127332
S1-752808975	S2-233559671,S2-406181091,S3-416862927,S3-669845968,S2-757225857,S3-780493716,S3-979485735,S2-234349705,S2-681568197,S3-326826684,S2-934513223,S2-376112786,S3-628176242,S2-228464184,S3-540896613,S2-246217264,S2-262030786,S2-339560484,S2-579289135,S2-51807871,S2-465023675,S2-717967391,S2-507648852,S3-924645013,S2-456776326,S2-556035065,S3-412200993,S3-184036043,S3-299370075,S2-726020020,S2-6053611,S3-437206871,S2-875175107,S2-425580689,S2-412095994,S2-553327159,S3-836939554,S2-768053815,S2-465450543,S2-624018531,S2-938840493,S2-48835339,S2-974742136,S2-19405330,S3-881130471,S2-976648659,S2-366887997,S3-265800527,S2-725275327,S3-358852345,S3-191877213,S3-233567843,S3-210459670,S2-528835085,S2-860913710,S2-505062706,S3-544442854,S2-881565404,S3-243933344,S2-124623667,S2-985421392,S2-323293917,S3-220570914,S3-960911477,S3-635306015,S3-494199853,S3-180587523,S3-786488291,S2-940434362,S3-70625626,S3-523448992,S3-936817396,S2-626499823,S3-116266531,S2-177702104,S2-481513262,S3-676829980,S2-885709691,S3-441188460,S2-914704962,S3-269590180,S3-117489751,S3-159540785,S2-855405761,S3-145155011,S3-167017639,S3-202402802,S3-522983222,S3-413030946,S2-240008978,S2-281905157,S3-541713539,S3-848254264,S2-339903422,S2-775094093,S3-402964716,S3-688199643,S2-707156746,S2-932571789,S3-236379314,S3-233465018,S3-557391182,S3-440959913,S3-337444190,S3-269402240,S2-747400550,S3-946818490,S3-130668390,S2-73272087,S2-294837571,S3-290960350,S3-116508654,S2-58268070,S3-472366154,S3-403649450,S3-441831669,S3-838794956,S3-456080101,S3-764475448,S3-751595314,S2-615153587,S2-187896016,S2-58661799,S3-999667491,S2-726643279,S3-207509728,S3-671352596,S2-784868587,S3-753197196,S2-64258742
S1-952136084	
S1-900831254	S2-201951823,S2-184487406,S2-85950641,S2-553985935,S2-325356658,S2-473210890,S2-85906403,S2-851527743,S2-739771169,S2-637263812,S2-331311222,S2-709431079,S2-281076373,S2-328146445,S2-585924612,S2-436483556,S2-110661787,S2-406213043,S2-606734163,S2-589441931,S2-664099225,S2-636012187,S2-853252664,S2-160408804,S2-935367306,S2-335103314,S2-715817216,S2-369784092,S2-392167270,S2-181063334,S2-542945420,S2-360749777,S2-138477027,S2-313245951,S2-353131400
S1-97577130	S3-251376469
S1-240050566	S2-514458963,S2-561807489,S2-510799979,S2-630826529,S2-603803527,S2-10462315,S3-352806243,S3-19039717,S2-761505735,S2-457908973,S3-257338765,S2-307208042
S1-191708568	S2-516711902,S3-532807686
S1-540973423	S3-114880207,S2-904499170,S3-151054500,S3-125510505,S2-249474337,S2-256229261,S2-282114200,S3-340241613,S2-33343952,S3-229144142,S2-262901182
S1-866319841	S2-676567040,S3-90925015,S2-882570128,S3-642228704,S3-855244950,S3-884962256,S3-342385349,S3-743517929,S3-387409614,S2-474544097,S3-520592894,S3-887076835,S2-932322849,S3-963162107,S3-187517415,S2-82340467,S2-114703422,S3-543815490,S2-414498402,S2-228260110,S3-412212897,S3-654815193,S3-27940543,S2-184620797,S2-128707716,S3-651620728,S3-991575503,S2-53274973
S1-963040942	S2-80723320,S3-321273292,S2-472841194,S2-917149732,S3-110838051,S3-632099394,S2-673447281,S2-301485889,S2-237583171,S2-413879575,S2-546364231,S2-965170331,S2-435357661,S2-41040151,S2-925017350,S3-208810693,S3-318926958,S2-312916976,S3-415788717,S2-330917664,S3-104813287
S1-155428835	
S1-298079106	
S1-883734345	
S1-360728475	S2-429091782
S1-948336320	
S1-307052167	S2-835849031,S2-345909896,S2-954481151,S2-441057858,S2-516317754,S2-821272890
S1-122941589	
S1-871902965	S2-203581789,S2-437247883,S2-132745499,S2-289591236,S2-62229619,S2-575707861,S2-196601282,S2-820815336
S1-747926136	S3-103528225,S3-150873391
S1-875273141	S3-131983083
S1-289445281	S3-672546858,S3-527850482,S2-745852168,S2-489075170,S3-156109161,S2-663131664,S3-840582155
S1-948549202	S2-603619526
S1-887285254	S2-107248441,S2-761505735,S3-19039717,S2-866510554,S2-457908973,S3-352806243,S3-218693874,S3-103890912
S1-401836525	S2-561980335,S2-487105579,S2-673392824,S2-304832264,S2-870741525,S2-146090465,S3-130852582,S2-778499827,S2-718224552,S2-689520511,S2-98346850,S2-658599974,S2-460164452,S2-303852670,S2-562238828,S2-674969479,S2-449099083,S2-766176189,S2-713787303,S2-587227192,S2-770742526,S2-177777608,S2-534309499,S2-460464200,S2-110019645
S1-942654297	
S1-308950242	
S1-829841097	
S1-54417669	
S1-432558180	S2-685035359,S2-453486541,S2-510132598,S3-176337247,S3-966971924,S3-911129332,S3-592410141,S3-455624578,S2-170061693,S3-244461082,S3-40231164,S2-310934080,S3-404122213,S2-478231240,S2-594586460,S2-111028646,S3-34787589,S2-571490474,S2-490715823,S2-370198972,S2-484103249,S3-74786971,S2-448840577,S3-406883558,S2-563173025,S3-684054190,S2-431077642,S3-41558583,S2-140530881,S3-362205013,S2-59785624,S3-307914476,S2-167308160,S2-337014797,S2-948224847,S2-353144954,S2-852320423,S3-586884162,S2-169867655,S3-148052111,S3-732757296
S1-476385483	S2-12997522,S2-189283488,S2-826560412,S2-267690304,S2-383495104,S2-236387212,S2-14173711,S2-45394805,S2-346222185
S1-77585849	S3-397830582,S3-107882656,S2-703421945,S3-361173546,S2-375498626,S2-780695094
S1-443929888	S2-569360738,S2-631637478,S2-352953722,S3-220252440,S2-857004487,S2-503822879,S2-279065349,S2-194614415,S2-547092088,S2-111149374,S2-803596554,S2-29744694,S2-590300910,S2-72556550,S2-592282952,S3-177814027,S2-276355156
S1-250530040	S2-172545137,S2-757329991,S2-290853026,S2-855731462,S2-71213371,S2-335608003,S2-444539985,S2-166380357,S2-730616419,S2-774316189,S2-68683284,S2-260791980,S2-334858563,S2-467040429,S2-341466861,S2-715506235,S2-251485274,S2-903585413,S2-427709208,S2-522032723,S2-545729133,S2-542810245,S2-317736419,S2-863750296,S2-181812335,S2-74121857,S2-149262963,S2-721917107,S2-390913843
S1-751911575	S3-113263137,S2-818469684,S2-144605581,S2-62092247,S3-223861841
S1-532602797	
S1-264303836	S2-229623554,S2-971327684,S2-486548125,S3-203075051,S2-591072126,S2-434030717,S3-167377812,S2-515455468,S2-307853916,S2-365423335,S2-474701239,S2-443569378,S2-567794297,S2-432748864,S2-573329237,S2-897272176,S2-85163520,S2-564339943,S3-229462616,S2-52898861,S2-455456848,S2-33142941,S2-778256508,S3-134804715,S2-985670014,S2-975011984,S2-167279978,S2-640299814,S2-159274266,S3-144823758,S2-114427926,S3-144011415
S1-66101502	
S1-784242881	S3-611687650,S2-200066161,S3-805611591,S2-126826618,S3-71933381,S2-19747626,S2-234959811,S3-53820990,S3-424616464,S3-760436007
S1-743936349	
S1-442507767	S2-590497178,S2-127466452,S2-391439288,S2-117778034,S3-303645750,S2-216784937,S2-127284995,S2-644216795,S2-588536573,S2-261526984,S3-120682093,S2-116143022,S2-107354533
S1-746713383	S3-781288572
S1-934097826	S2-773267292,S2-110702296,S2-852144869,S3-249882202,S2-677247417,S2-298557404,S3-166829148,S2-146063669,S2-146866866,S2-61873123,S2-150951010,S2-264926550,S2-891023850,S2-451349609,S3-472238516,S2-346884535,S3-403784960,S2-827706879,S2-562221440,S2-870569367,S3-469779777,S2-575519759,S3-360196659,S2-215029777,S3-518241260,S2-525425556,S2-345397650,S2-540370049,S2-901544239
S1-90062091	S3-319323323
S1-845493376	S2-996861389,S2-179388103,S2-808510671,S3-371666263,S3-963243945,S2-133152524,S2-479364724,S3-67124572,S3-843696324,S3-327153985,S2-57017278,S3-159564460,S3-81645327,S2-200073581,S3-11180921,S2-371236075,S2-313820459,S2-856595076,S3-806999463,S3-837073873,S3-510346257,S3-637358909,S3-427610,S2-25928583,S2-506520317,S2-440227981,S2-305020288,S2-402756470,S3-604400082,S3-174409518,S2-948311852,S2-635592704
S1-791398800	S2-701322733,S3-457664258,S3-247530409,S3-24332842,S3-377007881,S2-278503106
S1-401761505	S2-422370961,S2-415623223,S3-108345521,S3-17464132
S1-327788855	S2-817569736
S1-851096323	S3-82912812,S2-30555359
S1-445131173	S3-100537967
S1-817555065	S3-760470198,S2-474130449,S2-357596646,S3-94750293,S2-596585710,S2-167154067,S2-967432417,S3-501246121,S3-817136656,S2-545238670
S1-815445222	
S1-979153386	S3-295106054,S3-116138674,S2-21458643,S3-352054659,S2-142836837,S2-450503447,S3-649885708,S2-638081952,S3-732796789,S2-152072827,S2-114527004,S3-384213460,S3-908361786,S3-24277781,S2-574103497,S2-997977601
S1-37213524	S2-429021780,S2-123685759,S2-141305476,S2-870555416,S2-493664497,S2-749791176,S2-381450262,S2-431055041,S2-575031053,S2-117717835,S2-60616924,S2-317349338,S2-183114979,S2-78385488,S2-677988513,S2-217768166,S2-591083111,S2-280206767,S2-320212810,S2-152342973,S2-641697413
S1-373405845	S2-560056039,S3-699608905,S2-120931806,S2-535500845
S1-680760019	S2-887110473,S3-895860215,S2-202187106,S3-955984835,S3-877792138,S2-373607493,S3-475044361,S3-534253649,S3-640103832
S1-725302508	S2-387111379,S3-479425308,S3-553316175,S3-643070448,S2-480677881,S3-172751061,S2-185619158,S3-73344476,S3-843723483
S1-313553604	S2-51198738,S2-98761475
S1-373080792	S2-223036295,S3-563320487,S3-607680435
S1-552849859	
S1-534228134	S2-349814036
S1-357200984	S2-44057800,S3-780696204,S3-344441552,S2-149765951,S3-54506026,S2-998716769,S2-247679251,S3-637311800,S3-100281171,S3-239724885,S2-607927808,S3-434120288,S3-432330722,S2-908443074,S3-139443570,S3-205708542,S3-628886198,S3-686929711,S3-691530908,S2-7842667,S2-10223294,S2-41724756
S1-902402587	S2-961070488
S1-481500039	
S1-979513513	S2-953146928,S3-286238001,S3-221554836,S2-850453737,S3-515941798,S2-948667755,S2-318943995
S1-263896204	
S1-232824478	S2-195561338,S3-430990586,S2-867573251,S2-651967616,S3-422475598
S1-514584605	S2-720208255,S2-812554081,S2-147652829,S2-766139933,S3-13232799,S2-727004969
S1-20723596	
S1-694107007	S2-109151780,S2-51655128,S2-444769081,S2-773950270,S2-637346118,S2-696403920,S2-303697309,S2-288188909,S2-24029726,S2-663356012,S2-564791065,S2-112757578,S2-102287123
S1-183683731	
S1-147588503	S2-921422535
S1-975700915	S3-614865869,S3-373646635,S2-743950075,S2-175550443,S3-164772800,S3-828449959,S2-73625666,S3-442751688,S3-331995367,S2-497049529,S3-51193580,S2-951109730,S3-590043872,S3-700175622,S3-308548281,S2-653655357,S2-720863132,S2-36655219,S2-304302860,S3-561192303,S2-258442966,S3-375781418,S2-548550320,S3-53251582,S3-891538117,S2-179394018,S3-826212487,S3-373777380,S2-380351572,S3-670673162
S1-48453378	S3-875024216
S1-931497424	
S1-919904305	S2-961884135
S1-170243264	S2-437974166,S3-740126170,S3-479003961,S3-908144349
S1-148758725	S3-578731539
S1-547971316	S3-953056378
S1-555006823	
S1-663284662	S2-279114810,S2-773524886,S3-211713759,S3-842397946,S2-72678801,S3-851882450,S2-630561742,S2-565469662,S3-676408918,S3-752283801,S2-581649412,S3-785365205,S3-580419903,S2-668318546,S3-861181653,S3-856091062,S3-532722750,S3-883883192,S3-12266680,S2-717061992,S3-503926405,S2-642398730,S3-980569372,S2-785267264,S2-572748604,S2-40047840,S3-735860306,S2-266132699,S3-931749255,S2-266877403,S3-251558527,S3-866119784,S2-510339752,S3-805610701,S2-571116600,S3-904485815,S3-419455171
S1-499242108	
S1-382534463	S2-917689601
S1-809836476	
S1-703544009	S2-261198690,S2-723720966,S2-344142885,S2-341394500,S2-347417379,S2-452457309,S2-306772016,S2-823445802,S2-12575492,S2-803041670,S2-591032606,S2-372363817,S2-405701199,S2-332016410,S2-71670232,S2-715162081
S1-211026051	S3-488476373,S3-647166796,S2-522346347,S3-863561343,S2-163654798,S3-617315114,S2-65117593,S2-353465393,S3-118793810,S2-584153477,S2-827685171
S1-677039333	S2-215785349,S2-891357710,S2-862727876,S2-589441931,S2-524604419,S2-331311222,S2-85906403,S2-872551966,S2-363770015,S2-328146445,S2-110661787,S2-14084129,S2-542945420,S2-727058836,S2-377099365,S2-177671929,S2-138477027,S2-113148849,S2-457994502,S2-422073668,S2-353131400,S2-181063334,S2-313245951
S1-995584103	
S1-374992197	S2-233737778,S3-173369035,S3-135742213,S2-864088754,S2-396541025,S3-127146543,S2-54797206,S2-477076148,S3-112064429,S2-69184579,S2-397927479,S2-448514413
S1-195381333	S2-573962843,S3-875943390,S2-84925259,S3-260176884,S2-745933144,S2-973205399,S2-708457005,S2-802444266,S2-870329083,S2-667932147,S3-920414119,S2-776784867,S2-59337990,S3-49319043,S2-275638110,S3-679662364,S2-593154361,S3-348571524
S1-963397569	
S1-662965311	S2-451676756,S3-277436848,S3-453612949,S2-613706526,S3-317343602,S3-439820707,S2-645826643,S3-356436984,S3-32231515
S1-921664491	
S1-8000604	
S1-71729073	S3-600318699,S3-157938736,S3-364433998
S1-73295122	
S1-849052876	
S1-372395061	S3-103836624,S3-26551225,S2-62092247,S2-717916680,S2-523244012,S2-152447451,S2-936667243,S2-345016058,S3-119712053,S2-741932920,S2-103013606,S2-644483863,S2-941763879,S2-408235089,S3-223861841,S2-291635456,S2-951843795,S2-896264951,S2-63004297,S2-394189263,S2-381719337,S2-480177776
S1-525456588	S2-837651273
S1-533049965	S3-910648354,S3-465908354,S3-37668346,S2-15286067,S2-240698755,S2-950823454,S2-648013668,S2-684312554,S3-500791765,S2-249651122,S2-980348449,S2-566213081,S3-316493212,S3-511385451
S1-545919287	
S1-311570925	S3-83551799
S1-160343942	S2-986683122
S1-618141630	S3-139109238,S2-949722129,S2-890700683,S2-308069149,S2-557065944,S2-438218609,S2-14455469,S2-790370274
S1-49636377	S2-806129456
S1-431012980	
S1-895337107	
S1-621246789	S2-184445115,S2-768817545,S2-798710756,S2-216768601,S2-267704559,S2-925837235,S3-7398858,S2-702784539,S2-822477902,S2-526120224
S1-615666191	
S1-353226437	
S1-557975484	
S1-545661875	
S1-443324922	S2-443594860,S3-702728385,S3-193622652,S3-788717527,S2-370643167,S3-558955637,S2-574618795
S1-613628259	S3-234621464,S3-573468067,S2-234053799,S2-904997122,S3-227891058,S3-160710413,S3-950496170,S2-796579511,S2-712748272,S3-441375024,S2-687223409,S3-698867281,S2-12727760,S2-258472471,S2-956449162,S2-853563303,S3-275306078,S2-595936663,S2-179192369,S3-821392298,S2-785204544,S3-139024728,S2-652409191,S2-238815330,S2-593281772,S2-630698480,S3-386969349,S3-406467254,S2-185370872,S2-427060894,S3-339301670,S2-598499244,S2-390813878,S2-359010929,S2-252631022,S3-59817546,S2-341685028,S2-344883620,S3-172516626,S3-16963268,S2-672365176,S3-584163261,S3-955309634,S3-544736730
S1-745450749	
S1-757082720	S2-207513016
S1-912631474	S2-886552753
S1-740254254	
S1-411129053	
S1-940900331	S3-371733657,S2-284026355
S1-328677340	S2-979139391
S1-242195439	S3-618123253,S2-396336338,S3-599658991,S3-477425289,S2-881417158,S3-659483108,S3-974584752,S3-643706686,S3-858779037,S3-887861415,S2-671550121,S2-662153622,S2-53800634,S2-608426330,S2-459114517,S3-914714358
S1-727394581	S2-755779273,S2-926444697,S2-571291773,S2-509521063,S2-730924879,S2-137714064
S1-648713273	
S1-513511007	S2-598866465
S1-649450166	S2-491666224,S2-375120310
S1-953712905	
S1-409256428	S2-971924723,S3-669813656,S2-843034402,S3-957833618,S2-23434812,S2-497300049,S3-475431644,S3-692939926
S1-41869420	S2-551825085,S2-579770882,S3-720495325,S2-811849183,S2-558371828,S3-557165114,S3-729878926,S2-979938935,S2-249741769,S2-203242335,S3-235066623,S3-253216106,S3-594533656,S2-465557422,S3-806565790,S3-523337893,S3-684166418,S3-286790298,S3-278295909,S2-316991018,S3-372678403,S2-234824440,S2-125330584,S2-564976896,S2-472065686,S2-623050,S3-467434034,S3-521207053,S2-708928154,S3-380374066,S2-324645909,S2-727874397,S3-435325611,S2-472452893
S1-574654167	S3-316993582
S1-947119891	S2-811057550,S2-107663346,S2-11682390,S2-830005987,S2-69040924,S2-831993179
S1-513400646	
S1-508360624	S3-605831427,S3-794805480,S3-140295739,S3-623860787,S2-907743625,S2-467695372
S1-369632481	
S1-164717857	S2-642673363
S1-729683449	S3-36426556,S3-140294084,S3-493973808
S1-273962469	S2-293456069,S2-213951057
S1-851769617	S2-845078558,S2-702267609,S2-763669874,S2-809912701,S2-590761669,S2-755388476,S2-243902755,S2-961584157,S2-702609757,S2-318918291,S2-376713096,S2-107562545,S2-520773188,S2-321681577,S2-266031212,S2-168213533,S2-14357592,S2-404768538,S2-847167076,S2-965458823,S2-305315061,S2-610719951,S2-528819808,S2-735723416,S2-863284280,S2-845233642,S2-96000429,S2-737311826,S2-962691847,S2-729709581,S2-211081757,S2-270331023,S2-729198204,S2-642922981,S2-460398545,S2-687954200,S2-635961697,S2-267789880,S2-863269535,S2-567353185,S2-202595061,S2-85113215,S2-553416696,S2-609467766,S2-566262808,S2-310207219,S2-312033050,S2-785246908,S2-204923015,S2-924091320,S2-960497500,S2-799647940,S2-799021792,S2-633078778,S2-12169707,S2-671124898,S2-359579050,S2-590885672,S2-762254064
S1-182558360	
S1-932911903	S3-596020919,S3-600634475,S2-423043821
S1-344437402	
S1-750073611	S3-159696247,S2-28637465
S1-269442618	S3-681254408,S3-539250403,S3-281106844,S3-19354941,S3-453394483,S3-830852444,S3-246682827
S1-410701476	
S1-184794725	S3-938005778,S2-80959983,S3-46087689,S3-54706939
S1-784891372	
S1-576403469	S3-195994094,S2-85415899,S2-907458450,S2-556986084
S1-726966059	
S1-261414159	
S1-193379835	
S1-898334562	
S1-803074201	S2-244100926,S2-138677807
S1-246225268	
S1-106170397	
S1-188376045	S3-885979667,S3-606580559,S3-853087291,S2-590932286,S2-234824184,S2-760779498,S2-251561384,S2-648060330,S3-977702680,S2-252165195,S2-615157500,S2-612983681,S2-891362,S3-409435933,S3-309264131
S1-550807948	
S1-798087364	S3-345302925,S3-911141430,S3-501965842,S3-35945424,S3-492212992,S3-935989990,S3-955234150,S2-483929410
S1-511561869	
S1-348373618	S2-271648720,S2-663821801,S2-151801027,S2-8750695,S2-483890899,S2-766333269,S2-873947164,S2-430923333,S2-866028960
S1-601924236	S2-79814708,S2-751202072,S2-959887302,S2-889805056,S2-207488334,S2-959448286,S2-477341436,S2-464831779,S2-455306622,S2-508519049,S2-952521534,S2-64780820,S2-667289877,S2-373455256,S2-427952917,S2-454250437,S2-418127332
S1-443945207	S3-125827886,S3-328149806,S3-183141715
S1-953470089	S3-76927825,S3-860953324,S2-341854825,S2-810869356,S2-326669797,S2-796802476,S2-183545903,S3-60167279,S2-24795043,S2-458256156,S2-282117873,S3-144415837,S2-923651016,S2-659135687,S2-959419015,S3-837872792,S2-186197005,S3-103617739,S3-701788223,S2-574829049,S3-782466169,S2-154839895,S3-216454169,S3-574670219,S3-561949674,S2-64546224,S2-166262684,S2-982162234
S1-498662924	
S1-864395077	
S1-550126681	
S1-796083671	
S1-930015613	S2-428758731,S3-816988928,S3-542279277,S3-497151430,S2-159699565,S2-730245974,S3-306959293,S3-217235266,S2-569668462,S2-745642053,S3-827406184,S2-751788639,S2-965704558,S2-419844886,S2-593553372,S3-557652558,S3-219432380
S1-711400025	
S1-583550662	
S1-641402178	
S1-972339690	
S1-315431680	
S1-524765559	S3-189441505,S3-113044668,S3-303086841,S2-417768434,S3-200941058,S2-827270466,S2-4985468,S3-989657550,S2-15803337,S3-981264090,S3-378423042,S3-543125089
S1-147327689	
S1-197934161	
S1-460386089	
S1-251550490	S2-596820976,S2-390882739,S2-663560080,S2-340261588,S2-849683160
S1-73403082	S2-778610488
S1-142155533	
S1-519806639	S2-549245286,S3-227099960,S2-380757521,S2-97190714,S2-929924597,S3-478740633,S2-155633699,S3-351079205,S3-264947730
S1-763988893	S3-437997074,S2-309951201,S3-364527326,S3-296676455,S3-304569563,S3-657195699,S3-689606062
S1-99709238	S2-456456046,S3-890028977
S1-128634060	S3-969168724
S1-412318813	
S1-294547159	
S1-583603602	
S1-399242844	S2-3436926,S2-827481764
S1-905962450	
S1-799245317	S3-290052110,S3-7297157,S2-644022947
S1-529137899	S3-632600724,S2-310376929,S2-347657505,S2-171558296,S2-177805694,S2-948096957,S3-611780667,S2-644926234,S3-63381468,S3-653911875,S3-326100275
S1-662516910	
S1-803069453	
S1-940413114	S2-357947351
S1-804211265	S2-803414407,S3-200939472
S1-283158663	S2-16483316,S2-914251407,S2-474634735,S2-872336519,S2-490344967,S2-553677996,S2-684199001,S2-327676635,S2-702500011,S2-196150694,S2-660775097,S2-760635829,S2-713657075
S1-581156957	
S1-289041579	S3-129886276,S2-349307089,S3-737081858,S3-378837014,S2-485389932,S3-575213590,S3-142699000,S3-953883684,S2-563483902
S1-157638083	
S1-444583451	S2-852342206,S3-286238001,S2-953146928,S3-221554836,S3-515941798,S2-850453737,S3-462595633,S2-358925340,S2-327325549
S1-972597918	S3-196854838,S2-878932366
S1-217702552	S2-80735954,S3-300306114,S3-854821541,S3-558073712,S2-632253386,S3-260857145,S2-306831505,S2-497875047,S2-792244409,S2-34084714,S3-620464346,S3-284106369,S2-360808756,S2-86621461,S2-856790262,S2-395044621,S3-786261533,S3-864868235,S3-828969039,S3-823709100,S2-942888561,S2-950895920,S3-680955378,S2-78796632
S1-686724410	S3-330916928,S3-702728385,S3-193622652,S3-788717527,S3-270407425,S3-606366341,S2-337859895,S3-558955637
S1-528228019	
S1-504605451	S3-946387362,S3-669813656,S2-472853801,S2-59269884,S2-23434812,S3-692939926,S3-645889950,S3-475431644,S3-23777275,S2-497300049,S3-395185704
S1-900322587	S3-627742285
S1-334802756	S2-616462026,S2-585481350,S3-383020099,S2-945506016,S2-959030666,S2-645201232,S3-138873450,S2-398533695,S3-394383822,S2-233273827,S2-654135426,S2-179307747,S2-317570947,S2-10943865,S2-147880245
S1-171489382	
S1-779272412	S2-310304762
S1-570676783	S3-445544579,S3-546086368,S3-458357878
S1-158658754	S3-286283857,S3-178190202,S3-181774593,S3-201264804,S3-248617889,S2-955277799,S2-409461967,S2-318304856,S2-845222944,S2-368146434,S2-676225640,S2-825173866,S2-625045406,S2-527236354,S2-577848713,S2-768742348,S2-96986880,S2-496320578,S2-947208210,S2-411792314,S2-929870483,S2-331986400,S2-201027011,S2-852210456,S2-107275267,S2-883906033,S2-111526286,S2-906586504,S2-709988524,S2-316847340,S2-137405715,S2-224833729,S2-206045133,S2-715056911,S2-813050616,S2-722907330,S2-58477203,S2-923419163,S3-119060072,S2-90824034,S3-276585163,S2-572549238,S3-245173496,S2-804895558,S2-971838383,S2-97819000,S3-282713581,S2-277789704,S2-970368862,S2-108903931,S2-738464568,S2-24771735,S2-12758701,S2-234761707,S2-796589250,S2-176001168,S3-300518520,S2-881799150,S2-35983797,S2-59836501,S2-834822493,S2-381605370,S2-922107799,S2-613774823,S2-461546336,S3-174263374,S2-976837700,S2-922507175,S2-745535514,S2-203482318,S2-41973808,S2-394116370,S2-617450402,S2-287136759,S2-943168589,S3-177091087,S3-252285627,S2-58907874,S2-31408125,S2-538456905,S2-594884237,S2-449715538,S3-269199310,S2-492245428,S2-655231133,S3-241459480,S2-622743900,S3-303430909,S2-652300840,S2-115631556,S2-597692962,S2-413706716,S2-557486065,S2-712420496,S3-270061873,S2-470774050,S3-103041532,S3-169186161,S2-865952472,S2-548552463,S2-787520522,S2-472815024,S2-76614026,S2-955818133,S2-95401115,S2-37136574,S2-973656680,S3-264322475,S2-588588038,S2-244788597,S2-127085037,S2-4915757,S2-574600665,S2-141063444,S2-970634212,S2-641083418,S2-980609185,S2-532296086
S1-9848988	
S1-170295653	
S1-764123824	
S1-342712677	
S1-418678020	S2-387628624,S2-790714706,S3-268844466,S3-314911686,S3-143605286,S2-429544035,S3-145635953,S3-972454326,S3-785460031,S3-294106297,S3-94789080
S1-487281101	
S1-907382073	
S1-326704888	S2-863269535,S2-575613452,S2-270331023,S2-390913332,S2-243902755,S2-763669874,S2-961584157,S2-487061741,S2-954673307,S2-760385237,S2-305315061,S2-590761669,S2-545367345,S2-851391522,S2-847167076,S2-321681577,S2-43320510,S2-352403187,S2-460398545,S2-799647940,S2-489795031,S2-125428906,S2-580000242,S2-145326325,S2-85113215,S2-349099978,S2-204923015,S2-960497500,S2-729198204,S2-803603754,S2-785246908,S2-312033050,S2-924091320,S2-799021792,S2-671124898
S1-405521342	S2-890356499,S2-963030850,S2-523803737,S2-991474836,S2-204884431,S2-866939007,S2-457361509,S2-714886944,S2-59119022,S2-312955702,S3-976655573,S2-58643919,S3-72434223,S2-694527415,S3-39030571,S2-425426000,S3-63642948,S3-923398544,S3-312793116,S3-323586841,S3-693312308,S3-534756117
S1-742618422	S3-133475797,S2-715843535,S2-512458311,S2-495505741,S2-612398979
S1-300632746	S3-331782867
S1-164515267	S2-999070717,S2-958820720,S3-773879615,S3-534253649,S2-735552954,S2-49771764,S3-91436172
S1-305343094	S2-970752398,S2-799572708
S1-5130146	
S1-984312810	S2-221327973,S2-852239317,S3-112954419,S3-502304968
S1-364157150	
S1-646120217	
S1-153055996	S3-174502951,S2-161229410,S2-44133041,S2-256229261,S2-904499170,S3-151054500,S2-194530173,S3-125510505,S3-114880207,S2-249474337,S3-242935744,S2-282114200,S2-50052974,S2-403128883,S3-229144142
S1-668663040	S3-291419604,S2-463798526
S1-844266118	
S1-245441123	
S1-461834175	
S1-577702391	S3-762395830
S1-41329400	
S1-356342667	S3-61613605,S3-767745915,S3-552490815,S3-792744027
S1-102390154	S3-707342819
S1-499972846	S3-250671768,S3-267280018,S2-610395862,S3-36555050,S3-279776024,S2-70694178,S2-738301476,S2-202072565,S2-505865265,S2-12005106,S2-318838986,S2-124741880,S2-476731080,S3-268671830,S2-957881246,S3-174580748,S2-126897901
S1-367490841	S2-774948616
S1-689821473	
S1-978619316	
S1-214440814	
S1-74338892	S3-352054659,S2-21458643,S3-203911406,S3-126704759,S3-269293400,S2-482380575,S3-404562197,S3-524659433,S3-87145949,S2-574103497,S3-261433142,S3-908361786,S3-24277781,S2-997977601
S1-81006101	S2-329662361,S3-303171501
S1-421452337	S3-412695950
S1-731229909	
S1-114864723	
S1-790095129	
S1-768675538	S3-316037521,S2-373075734
S1-751479574	
S1-515251309	
S1-158683439	S2-17966329,S3-746108894,S3-143366416,S2-179311467
S1-430014506	S2-308826742,S2-792339560,S2-311909811
S1-478284179	S2-513249146,S3-963869226,S2-54179922,S2-411773283,S2-368809568,S2-591010591,S2-133668836,S2-852066946,S2-531199615,S2-424539747,S3-7311672,S3-254840769,S3-333855510,S3-479478615,S3-794897946,S2-985661415,S3-925512994,S2-717823377,S3-43980577,S3-57807653,S3-917536794,S3-829780712,S3-701770001,S3-644026903
S1-576428958	S2-851498372,S3-28735712,S3-54877098,S3-752380867,S3-147508201,S3-857876827,S3-181757197,S3-504863665,S3-594236336,S3-632494315,S2-359183690
S1-446059976	S3-153180176
